geo,nace_r2,time,value
AT,A,2023,853.04418
AT,A,2024,806.18153
BE,A,2023,2745.78794
BE,A,2024,2796.24871
BG,A,2023,637.81666
BG,A,2024,647.54714
CH,A,2023,865.79575
CY,A,2023,74.14472
CY,A,2024,74.19767
CZ,A,2023,1571.19152
CZ,A,2024,1646.97051
DE,A,2023,11418.31312
DE,A,2024,11096.9664
DK,A,2023,1822.85043
DK,A,2024,1789.90087
EE,A,2023,158.62602
EE,A,2024,182.4092
EL,A,2023,908.20639
EL,A,2024,909.08728
ES,A,2023,13662.89211
ES,A,2024,14059.37468
EU27_2020,A,2023,97475.15824
EU27_2020,A,2024,98170.82196
FI,A,2023,1563.11323
FI,A,2024,1434.02948
FR,A,2023,13104.06494
FR,A,2024,13380.21155
HR,A,2023,821.82367
HR,A,2024,865.72503
HU,A,2023,2014.45172
HU,A,2024,2034.38974
IE,A,2023,1541.50171
IE,A,2024,1527.64202
IS,A,2023,647.89138
IS,A,2024,553.27638
IT,A,2023,8853.49995
IT,A,2024,9228.12353
LT,A,2023,434.46548
LT,A,2024,550.39735
LU,A,2023,66.0
LU,A,2024,66.58659
LV,A,2023,701.69028
LV,A,2024,723.0623
MT,A,2023,56.97234
MT,A,2024,55.67124
NL,A,2023,7788.48848
NL,A,2024,7971.38181
NO,A,2023,1596.85564
NO,A,2024,1538.67812
PL,A,2023,20864.92715
PL,A,2024,19598.82678
PT,A,2023,1681.7
PT,A,2024,1651.4023
RO,A,2023,1958.79193
RO,A,2024,2486.41051
RS,A,2023,501.37437
SE,A,2023,1656.01551
SE,A,2024,2070.69033
SI,A,2023,280.93098
SI,A,2024,288.97228
SK,A,2023,233.84778
SK,A,2024,228.41515
TR,A,2023,11661.162
AT,A01,2023,746.80572
AT,A01,2024,704.54536
BE,A01,2023,2354.30251
BE,A01,2024,2400.1268
BG,A01,2023,608.19316
BG,A01,2024,617.06128
CH,A01,2023,793.69185
CY,A01,2023,67.33179
CY,A01,2024,67.37966
CZ,A01,2023,1513.68766
CZ,A01,2024,1587.24418
DE,A01,2023,10719.57213
DE,A01,2024,10409.89685
DK,A01,2023,1360.65579
DK,A01,2024,1336.06079
EE,A01,2023,73.21941
EE,A01,2024,84.50979
EL,A01,2023,815.28641
EL,A01,2024,817.04925
ES,A01,2023,12037.16821
ES,A01,2024,12395.47416
EU27_2020,A01,2023,87581.67923
EU27_2020,A01,2024,88177.90848
FI,A01,2023,1078.63477
FI,A01,2024,980.72721
FR,A01,2023,11538.5157
FR,A01,2024,11869.90911
HR,A01,2023,684.62489
HR,A01,2024,721.4186
HU,A01,2023,1896.86441
HU,A01,2024,1917.55581
IE,A01,2023,1400.0185
IE,A01,2024,1387.43088
IS,A01,2023,52.57959
IS,A01,2024,35.14664
IT,A01,2023,8312.52557
IT,A01,2024,8678.77998
LT,A01,2023,323.94077
LT,A01,2024,428.2738
LU,A01,2023,63.2
LU,A01,2024,63.84996
LV,A01,2023,406.86698
LV,A01,2024,426.68467
MT,A01,2023,35.21082
MT,A01,2024,34.19096
NL,A01,2023,7402.65479
NL,A01,2024,7588.69881
NO,A01,2023,523.86608
NO,A01,2024,491.79551
PL,A01,2023,19606.63049
PL,A01,2024,18415.50863
PT,A01,2023,1301.2
PT,A01,2024,1277.11128
RO,A01,2023,1853.50486
RO,A01,2024,2350.61181
RS,A01,2023,425.82587
SE,A01,2023,933.65208
SE,A01,2024,1167.4428
SI,A01,2023,250.1209
SI,A01,2024,256.75582
SK,A01,2023,197.29091
SK,A01,2024,193.61022
TR,A01,2023,11246.584
AT,A02,2023,104.03353
AT,A02,2024,99.52684
BE,A02,2023,165.29714
BE,A02,2024,167.25942
BG,A02,2023,28.84304
BG,A02,2024,29.6827
CH,A02,2023,63.89356
CY,A02,2023,1.7945
CY,A02,2024,1.79584
CZ,A02,2023,49.64991
CZ,A02,2024,51.56966
DE,A02,2023,650.31187
DE,A02,2024,639.44964
DK,A02,2023,72.54586
DK,A02,2024,71.23453
EE,A02,2023,27.86123
EE,A02,2024,31.93277
EL,A02,2023,1.67136
EL,A02,2024,1.65545
ES,A02,2023,230.02766
ES,A02,2024,235.79858
EU27_2020,A02,2023,4857.14987
EU27_2020,A02,2024,4974.50406
FI,A02,2023,383.83518
FI,A02,2024,359.14652
FR,A02,2023,565.94081
FR,A02,2024,565.53799
HR,A02,2023,119.10196
HR,A02,2024,125.27191
HU,A02,2023,112.63271
HU,A02,2024,111.91107
IE,A02,2023,67.51732
IE,A02,2024,66.91027
IS,A02,2023,0.22377
IS,A02,2024,0.22729
IT,A02,2023,95.76017
IT,A02,2024,101.31167
LT,A02,2023,69.9107
LT,A02,2024,77.23734
LU,A02,2023,2.8
LU,A02,2024,2.73663
LV,A02,2023,272.2227
LV,A02,2024,273.65573
MT,A02,2023,0.0
MT,A02,2024,0.0
NL,A02,2023,73.47012
NL,A02,2024,73.87409
NO,A02,2023,41.30147
NO,A02,2024,40.29981
PL,A02,2023,935.60473
PL,A02,2024,879.86113
PT,A02,2023,43.9
PT,A02,2024,43.18368
RO,A02,2023,54.0998
RO,A02,2024,69.77764
RS,A02,2023,74.76758
SE,A02,2023,664.1723
SE,A02,2024,830.48499
SI,A02,2023,28.07112
SI,A02,2024,29.35257
SK,A02,2023,36.07415
SK,A02,2024,34.34539
TR,A02,2023,26.923
AT,A03,2023,2.20493
AT,A03,2024,2.10933
BE,A03,2023,226.1883
BE,A03,2024,228.8625
BG,A03,2023,0.78046
BG,A03,2024,0.80315
CH,A03,2023,8.21034
CY,A03,2023,5.01842
CY,A03,2024,5.02217
CZ,A03,2023,7.85396
CZ,A03,2024,8.15666
DE,A03,2023,48.42913
DE,A03,2024,47.61992
DK,A03,2023,389.64878
DK,A03,2024,382.60555
EE,A03,2023,57.54539
EE,A03,2024,65.96664
EL,A03,2023,91.24863
EL,A03,2024,90.38258
ES,A03,2023,1395.69625
ES,A03,2024,1428.10194
EU27_2020,A03,2023,5036.32914
EU27_2020,A03,2024,5018.40941
FI,A03,2023,100.64328
FI,A03,2024,94.15575
FR,A03,2023,999.60843
FR,A03,2024,944.76445
HR,A03,2023,18.09682
HR,A03,2024,19.03451
HU,A03,2023,4.95461
HU,A03,2024,4.92285
IE,A03,2023,73.96589
IE,A03,2024,73.30086
IS,A03,2023,595.08802
IS,A03,2024,517.90245
IT,A03,2023,445.21422
IT,A03,2024,448.03188
LT,A03,2023,40.614
LT,A03,2024,44.88621
LU,A03,2023,0.0
LU,A03,2024,0.0
LV,A03,2023,22.6006
LV,A03,2024,22.7219
MT,A03,2023,21.76152
MT,A03,2024,21.48028
NL,A03,2023,312.36357
NL,A03,2024,308.80891
NO,A03,2023,1031.68809
NO,A03,2024,1006.5828
PL,A03,2023,322.69193
PL,A03,2024,303.45702
PT,A03,2023,336.6
PT,A03,2024,331.10734
RO,A03,2023,51.18727
RO,A03,2024,66.02106
RS,A03,2023,0.78091
SE,A03,2023,58.19112
SE,A03,2024,72.76253
SI,A03,2023,2.73895
SI,A03,2024,2.86389
SK,A03,2023,0.48271
SK,A03,2024,0.45954
TR,A03,2023,387.655
AT,B,2023,507.23497
AT,B,2024,497.33042
BE,B,2023,335.60748
BE,B,2024,343.4119
BG,B,2023,157.16718
BG,B,2024,165.3269
CH,B,2023,63.91113
CY,B,2023,54.65767
CY,B,2024,54.69905
CZ,B,2023,1631.20037
CZ,B,2024,1679.76181
DE,B,2023,3631.50606
DE,B,2024,3627.43242
DK,B,2023,1037.04174
DK,B,2024,1020.84631
EE,B,2023,15.63227
EE,B,2024,17.96025
EL,B,2023,64.93825
EL,B,2024,63.7208
ES,B,2023,1510.8502
ES,B,2024,1567.81611
EU27_2020,B,2023,19590.56327
EU27_2020,B,2024,20002.82234
FI,B,2023,433.79517
FI,B,2024,418.88359
FR,B,2023,260.17698
FR,B,2024,249.412
HR,B,2023,624.67018
HR,B,2024,579.99983
HU,B,2023,363.32821
HU,B,2024,366.61623
IE,B,2023,23.50134
IE,B,2024,23.29003
IS,B,2023,3.40423
IS,B,2024,3.57561
IT,B,2023,2734.90738
IT,B,2024,2915.63894
LT,B,2023,19.51304
LT,B,2024,19.36198
LU,B,2023,9.5
LU,B,2024,9.37481
LV,B,2023,35.69121
LV,B,2024,33.88456
MT,B,2023,4.4082
MT,B,2024,4.45713
NL,B,2023,1156.52854
NL,B,2024,1143.2892
NO,B,2023,12477.60335
NO,B,2024,11886.43704
PL,B,2023,2855.76018
PL,B,2024,2776.42325
PT,B,2023,257.5
PT,B,2024,261.74969
RO,B,2023,931.37773
RO,B,2024,1172.3869
RS,B,2023,264.22332
SE,B,2023,795.6091
SE,B,2024,850.2022
SI,B,2023,72.83605
SI,B,2024,76.85285
SK,B,2023,65.62377
SK,B,2024,62.6932
TR,B,2023,1246.028
AT,C,2023,24280.98087
AT,C,2024,23685.44866
BE,C,2023,29530.67184
BE,C,2024,30503.37033
BG,C,2023,8097.58253
BG,C,2024,8268.13795
CH,C,2023,5920.65577
CY,C,2023,1529.72956
CY,C,2024,1530.89014
CZ,C,2023,14251.07076
CZ,C,2024,14657.16273
DE,C,2023,167639.51015
DE,C,2024,169617.59206
DK,C,2023,4648.94932
DK,C,2024,4415.87411
EE,C,2023,1381.25609
EE,C,2024,1336.70924
EL,C,2023,15344.17863
EL,C,2024,14114.39748
ES,C,2023,62259.43404
ES,C,2024,62840.36962
EU27_2020,C,2023,659579.43761
EU27_2020,C,2024,660287.12955
FI,C,2023,8990.56138
FI,C,2024,8293.33657
FR,C,2023,67982.03732
FR,C,2024,66628.12478
HR,C,2023,4383.42597
HR,C,2024,3693.30332
HU,C,2023,9356.68166
HU,C,2024,9337.88192
IE,C,2023,6622.00731
IE,C,2024,6562.4686
IS,C,2023,1975.02019
IS,C,2024,1903.85436
IT,C,2023,78941.35955
IT,C,2024,78190.90373
LT,C,2023,4612.09736
LT,C,2024,4950.3659
LU,C,2023,946.419
LU,C,2024,883.60294
LV,C,2023,1195.43763
LV,C,2024,1064.34231
MT,C,2023,65.87957
MT,C,2024,67.04656
NL,C,2023,38276.69905
NL,C,2024,39693.51824
NO,C,2023,10646.85579
NO,C,2024,10388.67213
PL,C,2023,54672.24725
PL,C,2024,54127.28273
PT,C,2023,10329.4
PT,C,2024,9604.32181
RO,C,2023,16625.93309
RO,C,2024,19560.72622
RS,C,2023,8885.1859
SE,C,2023,13091.7178
SE,C,2024,13162.12731
SI,C,2023,2315.73578
SI,C,2024,2374.33502
SK,C,2023,12208.43408
SK,C,2024,11123.48926
TR,C,2023,138760.465
AT,C10-C12,2023,880.31923
AT,C10-C12,2024,865.81911
BE,C10-C12,2023,2533.33759
BE,C10-C12,2024,2623.52391
BG,C10-C12,2023,429.32015
BG,C10-C12,2024,460.38751
CH,C10-C12,2023,885.60911
CY,C10-C12,2023,79.0847
CY,C10-C12,2024,79.14484
CZ,C10-C12,2023,1074.79378
CZ,C10-C12,2024,1074.77806
DE,C10-C12,2023,9512.97647
DE,C10-C12,2024,9400.72563
DK,C10-C12,2023,765.6206
DK,C10-C12,2024,727.23619
EE,C10-C12,2023,150.49309
EE,C10-C12,2024,185.96695
EL,C10-C12,2023,810.63965
EL,C10-C12,2024,733.84079
ES,C10-C12,2023,4059.10328
ES,C10-C12,2024,4103.28845
EU27_2020,C10-C12,2023,46261.90591
EU27_2020,C10-C12,2024,46225.81668
FI,C10-C12,2023,98.49695
FI,C10-C12,2024,96.89276
FR,C10-C12,2023,7079.15255
FR,C10-C12,2024,6780.9962
HR,C10-C12,2023,294.01033
HR,C10-C12,2024,243.09509
HU,C10-C12,2023,883.65284
HU,C10-C12,2024,894.93224
IE,C10-C12,2023,1222.58489
IE,C10-C12,2024,1211.59259
IS,C10-C12,2023,43.24324
IS,C10-C12,2024,15.94773
IT,C10-C12,2023,4306.59231
IT,C10-C12,2024,4598.87201
LT,C10-C12,2023,294.12235
LT,C10-C12,2024,302.32235
LU,C10-C12,2023,31.7
LU,C10-C12,2024,31.16541
LV,C10-C12,2023,132.04744
LV,C10-C12,2024,126.95621
MT,C10-C12,2023,15.13464
MT,C10-C12,2024,15.32597
NL,C10-C12,2023,3742.07793
NL,C10-C12,2024,3582.64533
NO,C10-C12,2023,511.60174
NO,C10-C12,2024,490.98588
PL,C10-C12,2023,5076.99299
PL,C10-C12,2024,4943.36298
PT,C10-C12,2023,928.8
PT,C10-C12,2024,900.76328
RO,C10-C12,2023,1196.59641
RO,C10-C12,2024,1543.35127
RS,C10-C12,2023,368.10508
SE,C10-C12,2023,254.85558
SE,C10-C12,2024,294.52115
SI,C10-C12,2023,142.02882
SI,C10-C12,2024,149.75646
SK,C10-C12,2023,267.37132
SK,C10-C12,2024,254.55395
TR,C10-C12,2023,6748.682
AT,C13-C15,2023,65.47146
AT,C13-C15,2024,64.44383
BE,C13-C15,2023,185.98593
BE,C13-C15,2024,191.30745
BG,C13-C15,2023,51.74092
BG,C13-C15,2024,55.6368
CH,C13-C15,2023,48.14916
CY,C13-C15,2023,1.21027
CY,C13-C15,2024,1.21118
CZ,C13-C15,2023,65.63271
CZ,C13-C15,2024,65.52313
DE,C13-C15,2023,1099.4917
DE,C13-C15,2024,1100.35144
DK,C13-C15,2023,13.9529
DK,C13-C15,2024,13.25337
EE,C13-C15,2023,6.39212
EE,C13-C15,2024,7.80554
EL,C13-C15,2023,4.37433
EL,C13-C15,2024,4.293
ES,C13-C15,2023,400.77568
ES,C13-C15,2024,405.28763
EU27_2020,C13-C15,2023,6235.67128
EU27_2020,C13-C15,2024,6086.80244
FI,C13-C15,2023,8.26433
FI,C13-C15,2024,7.85149
FR,C13-C15,2023,459.46607
FR,C13-C15,2024,454.94688
HR,C13-C15,2023,16.69806
HR,C13-C15,2024,14.19633
HU,C13-C15,2023,32.75892
HU,C13-C15,2024,33.16228
IE,C13-C15,2023,11.51056
IE,C13-C15,2024,11.40707
IS,C13-C15,2023,0.23724
IS,C13-C15,2024,0.19243
IT,C13-C15,2023,2767.40433
IT,C13-C15,2024,2621.11367
LT,C13-C15,2023,21.37374
LT,C13-C15,2024,21.34777
LU,C13-C15,2023,2.8
LU,C13-C15,2024,2.77687
LV,C13-C15,2023,10.19128
LV,C13-C15,2024,9.80148
MT,C13-C15,2023,2.83809
MT,C13-C15,2024,2.87568
NL,C13-C15,2023,145.13126
NL,C13-C15,2024,111.56802
NO,C13-C15,2023,5.53182
NO,C13-C15,2024,5.4949
PL,C13-C15,2023,154.55241
PL,C13-C15,2024,150.17502
PT,C13-C15,2023,460.1
PT,C13-C15,2024,447.26245
RO,C13-C15,2023,137.50669
RO,C13-C15,2024,177.35299
RS,C13-C15,2023,82.49754
SE,C13-C15,2023,19.45034
SE,C13-C15,2024,23.6237
SI,C13-C15,2023,27.94659
SI,C13-C15,2024,29.44809
SK,C13-C15,2023,62.65059
SK,C13-C15,2024,58.7793
TR,C13-C15,2023,6682.256
AT,C16,2023,245.23381
AT,C16,2024,241.68069
BE,C16,2023,59.26218
BE,C16,2024,61.20368
BG,C16,2023,27.95466
BG,C16,2024,30.08829
CH,C16,2023,68.51691
CY,C16,2023,6.88619
CY,C16,2024,6.89139
CZ,C16,2023,160.42688
CZ,C16,2024,159.64402
DE,C16,2023,338.76602
DE,C16,2024,339.20015
DK,C16,2023,24.93075
DK,C16,2024,23.68084
EE,C16,2023,34.4261
EE,C16,2024,42.9192
EL,C16,2023,7.20838
EL,C16,2024,7.19363
ES,C16,2023,522.82966
ES,C16,2024,529.17187
EU27_2020,C16,2023,3616.06953
EU27_2020,C16,2024,3654.17609
FI,C16,2023,52.93507
FI,C16,2024,50.25099
FR,C16,2023,339.71321
FR,C16,2024,335.65671
HR,C16,2023,16.86453
HR,C16,2024,14.16897
HU,C16,2023,58.00349
HU,C16,2024,58.7004
IE,C16,2023,22.6784
IE,C16,2024,22.47449
IS,C16,2023,0.57274
IS,C16,2024,0.37805
IT,C16,2023,458.75048
IT,C16,2024,472.01001
LT,C16,2023,92.46382
LT,C16,2024,92.4808
LU,C16,2023,6.2
LU,C16,2024,6.14324
LV,C16,2023,122.56131
LV,C16,2024,116.26939
MT,C16,2023,0.19211
MT,C16,2024,0.19674
NL,C16,2023,67.47576
NL,C16,2024,55.25318
NO,C16,2023,39.07913
NO,C16,2024,37.13296
PL,C16,2023,328.99851
PL,C16,2024,320.6537
PT,C16,2023,122.6
PT,C16,2024,119.30162
RO,C16,2023,139.86632
RO,C16,2024,179.62319
RS,C16,2023,9.21243
SE,C16,2023,239.01744
SE,C16,2024,255.4508
SI,C16,2023,31.40043
SI,C16,2024,33.0478
SK,C16,2023,88.42403
SK,C16,2024,80.82029
TR,C16,2023,694.373
AT,C17,2023,1223.03615
AT,C17,2024,1206.43823
BE,C17,2023,393.90096
BE,C17,2024,408.97458
BG,C17,2023,59.46961
BG,C17,2024,64.14277
CH,C17,2023,102.8235
CY,C17,2023,1.47895
CY,C17,2024,1.48007
CZ,C17,2023,373.69051
CZ,C17,2024,368.52442
DE,C17,2023,6315.69077
DE,C17,2024,6283.40993
DK,C17,2023,59.03293
DK,C17,2024,56.07331
EE,C17,2023,26.8288
EE,C17,2024,34.70912
EL,C17,2023,90.12061
EL,C17,2024,80.81776
ES,C17,2023,2981.47031
ES,C17,2024,3010.88529
EU27_2020,C17,2023,23714.35259
EU27_2020,C17,2024,23826.69815
FI,C17,2023,1367.67588
FI,C17,2024,1285.10607
FR,C17,2023,1874.17792
FR,C17,2024,1805.19932
HR,C17,2023,53.52596
HR,C17,2024,42.31337
HU,C17,2023,246.08309
HU,C17,2024,249.76549
IE,C17,2023,7.70632
IE,C17,2024,7.63703
IS,C17,2023,4.08767
IS,C17,2024,2.03285
IT,C17,2023,4300.44308
IT,C17,2024,4424.74129
LT,C17,2023,33.35678
LT,C17,2024,34.2139
LU,C17,2023,4.1
LU,C17,2024,4.05663
LV,C17,2023,4.83668
LV,C17,2024,4.56884
MT,C17,2023,1.29525
MT,C17,2024,1.32521
NL,C17,2023,354.54557
NL,C17,2024,437.35183
NO,C17,2023,90.63297
NO,C17,2024,86.25561
PL,C17,2023,1581.05338
PL,C17,2024,1542.07576
PT,C17,2023,887.9
PT,C17,2024,858.19207
RO,C17,2023,256.39677
RO,C17,2024,329.42082
RS,C17,2023,152.30833
SE,C17,2023,923.09261
SE,C17,2024,986.55875
SI,C17,2023,201.05376
SI,C17,2024,211.69778
SK,C17,2023,92.38995
SK,C17,2024,87.0185
TR,C17,2023,1330.094
AT,C18,2023,3.85035
AT,C18,2024,3.78784
BE,C18,2023,183.15593
BE,C18,2024,187.12172
BG,C18,2023,9.57419
BG,C18,2024,10.14946
CH,C18,2023,54.62217
CY,C18,2023,1.56521
CY,C18,2024,1.56642
CZ,C18,2023,23.48982
CZ,C18,2024,24.11638
DE,C18,2023,429.52285
DE,C18,2024,429.85491
DK,C18,2023,5.35495
DK,C18,2024,5.08648
EE,C18,2023,3.71828
EE,C18,2024,4.45454
EL,C18,2023,25.99896
EL,C18,2024,26.07088
ES,C18,2023,159.20574
ES,C18,2024,161.16846
EU27_2020,C18,2023,2394.69039
EU27_2020,C18,2024,2450.1149
FI,C18,2023,1.55394
FI,C18,2024,1.5187
FR,C18,2023,123.8258
FR,C18,2024,121.0623
HR,C18,2023,17.81805
HR,C18,2024,16.84892
HU,C18,2023,205.70702
HU,C18,2024,206.06082
IE,C18,2023,13.79139
IE,C18,2024,13.66739
IS,C18,2023,0.20901
IS,C18,2024,0.20177
IT,C18,2023,863.78555
IT,C18,2024,888.75205
LT,C18,2023,1.06951
LT,C18,2024,1.03775
LU,C18,2023,1.7
LU,C18,2024,1.66503
LV,C18,2023,3.08804
LV,C18,2024,2.79214
MT,C18,2023,1.60215
MT,C18,2024,1.67666
NL,C18,2023,49.12836
NL,C18,2024,32.32133
NO,C18,2023,1.5145
NO,C18,2024,1.23405
PL,C18,2023,33.34204
PL,C18,2024,32.46893
PT,C18,2023,17.7
PT,C18,2024,17.39492
RO,C18,2023,176.43907
RO,C18,2024,222.08821
RS,C18,2023,14.00206
SE,C18,2023,8.27588
SE,C18,2024,8.84488
SI,C18,2023,14.69436
SI,C18,2024,15.4223
SK,C18,2023,15.73298
SK,C18,2024,13.11548
TR,C18,2023,36.006
AT,C19,2023,2580.15747
AT,C19,2024,2545.8389
BE,C19,2023,5525.93125
BE,C19,2024,5271.72219
BG,C19,2023,1686.51451
BG,C19,2024,1539.31383
CY,C19,2023,0.17538
CY,C19,2024,0.17552
CZ,C19,2023,27.84041
CZ,C19,2024,23.39015
DE,C19,2023,26812.57351
DE,C19,2024,24495.82952
DK,C19,2023,873.74132
DK,C19,2024,829.93628
EE,C19,2023,986.25829
EE,C19,2024,857.15224
EL,C19,2023,6239.2363
EL,C19,2024,5608.23301
ES,C19,2023,13514.7617
ES,C19,2024,13883.46991
EU27_2020,C19,2023,122793.13358
EU27_2020,C19,2024,116854.38453
FI,C19,2023,2074.52843
FI,C19,2024,1760.74113
FR,C19,2023,9608.50718
FR,C19,2024,9515.53819
HR,C19,2023,749.42829
HR,C19,2024,687.30932
HU,C19,2023,1663.60996
HU,C19,2024,1561.02716
IE,C19,2023,317.1403
IE,C19,2024,314.28888
IS,C19,2023,0.0023
IS,C19,2024,0.00187
IT,C19,2023,16641.57619
IT,C19,2024,15700.01952
LT,C19,2023,1668.51146
LT,C19,2024,1655.32223
LU,C19,2023,0.0
LU,C19,2024,0.0
LV,C19,2023,0.6556
LV,C19,2024,0.70412
MT,C19,2023,0.0
MT,C19,2024,0.0
NL,C19,2023,10277.18794
NL,C19,2024,9936.06122
NO,C19,2023,4412.07679
NO,C19,2024,4276.91875
PL,C19,2023,13023.02102
PL,C19,2024,12338.06646
PT,C19,2023,2360.0
PT,C19,2024,1717.64763
RO,C19,2023,2359.04055
RO,C19,2024,2977.92293
RS,C19,2023,487.52384
SE,C19,2023,2729.6785
SE,C19,2024,2729.546
SI,C19,2023,0.0
SI,C19,2024,0.0
SK,C19,2023,1073.05801
SK,C19,2024,905.12821
TR,C19,2023,10935.084
AT,C20,2023,1911.04195
AT,C20,2024,1795.79565
BE,C20,2023,8582.10066
BE,C20,2024,8733.05798
BG,C20,2023,2196.01783
BG,C20,2024,2352.57497
CY,C20,2023,9.29341
CY,C20,2024,9.3005
CZ,C20,2023,3909.0682
CZ,C20,2024,4191.20735
DE,C20,2023,26328.6348
DE,C20,2024,31396.30739
DK,C20,2023,219.95578
DK,C20,2024,208.92829
EE,C20,2023,10.3578
EE,C20,2024,12.52211
EL,C20,2023,944.68647
EL,C20,2024,826.34371
ES,C20,2023,9524.67957
ES,C20,2024,9355.26909
EU27_2020,C20,2023,112718.2668
EU27_2020,C20,2024,120412.31399
FI,C20,2023,1050.0671
FI,C20,2024,1001.32686
FR,C20,2023,13685.97326
FR,C20,2024,13859.03283
HR,C20,2023,250.18392
HR,C20,2024,171.336
HU,C20,2023,2895.00626
HU,C20,2024,3173.26166
IE,C20,2023,112.9146
IE,C20,2024,111.89938
IS,C20,2023,145.62337
IS,C20,2024,144.29138
IT,C20,2023,9589.36507
IT,C20,2024,9508.93097
LT,C20,2023,1517.58403
LT,C20,2024,1762.68801
LU,C20,2023,5.6
LU,C20,2024,5.56308
LV,C20,2023,19.55776
LV,C20,2024,18.27224
MT,C20,2023,1.11355
MT,C20,2024,1.13585
NL,C20,2023,15747.69344
NL,C20,2024,16542.53862
NO,C20,2023,0.0
NO,C20,2024,0.0
PL,C20,2023,9639.27298
PL,C20,2024,10162.68497
PT,C20,2023,624.8
PT,C20,2024,617.36265
RO,C20,2023,1935.5481
RO,C20,2024,2489.65073
RS,C20,2023,792.15561
SE,C20,2023,1112.57045
SE,C20,2024,1112.51644
SI,C20,2023,126.68245
SI,C20,2024,98.90449
SK,C20,2023,768.49736
SK,C20,2024,893.90217
TR,C20,2023,2727.821
AT,C21,2023,4.02328
AT,C21,2024,3.95604
BE,C21,2023,214.13515
BE,C21,2024,226.79207
BG,C21,2023,58.37062
BG,C21,2024,60.42018
CH,C21,2023,123.51245
CY,C21,2023,8.07699
CY,C21,2024,8.08304
CZ,C21,2023,34.8134
CZ,C21,2024,35.14584
DE,C21,2023,742.00608
DE,C21,2024,741.98701
DK,C21,2023,57.84506
DK,C21,2024,54.94499
EE,C21,2023,0.37886
EE,C21,2024,0.4468
EL,C21,2023,69.69781
EL,C21,2024,68.39083
ES,C21,2023,384.7679
ES,C21,2024,388.55091
EU27_2020,C21,2023,3801.81781
EU27_2020,C21,2024,3912.31059
FI,C21,2023,0.46357
FI,C21,2024,0.43671
FR,C21,2023,549.2183
FR,C21,2024,538.15972
HR,C21,2023,9.61922
HR,C21,2024,8.63229
HU,C21,2023,285.80544
HU,C21,2024,291.1439
IE,C21,2023,276.7721
IE,C21,2024,274.28363
IS,C21,2023,3.47176
IS,C21,2024,3.03736
IT,C21,2023,579.78474
IT,C21,2024,660.49778
LT,C21,2023,1.78407
LT,C21,2024,1.79546
LU,C21,2023,0.019
LU,C21,2024,0.0188
LV,C21,2023,9.37184
LV,C21,2024,8.95843
MT,C21,2023,5.5521
MT,C21,2024,5.61842
NL,C21,2023,103.23973
NL,C21,2024,92.87289
NO,C21,2023,0.0
NO,C21,2024,0.0
PL,C21,2023,89.16695
PL,C21,2024,88.1867
PT,C21,2023,24.4
PT,C21,2024,26.29041
RO,C21,2023,178.39089
RO,C21,2024,211.29987
RS,C21,2023,2.99955
SE,C21,2023,9.74964
SE,C21,2024,9.74917
SI,C21,2023,66.83101
SI,C21,2024,70.45363
SK,C21,2023,37.53407
SK,C21,2024,35.19507
TR,C21,2023,32.311
AT,C22,2023,82.63781
AT,C22,2024,81.43747
BE,C22,2023,69.93926
BE,C22,2024,72.23951
BG,C22,2023,64.79472
BG,C22,2024,69.81571
CH,C22,2023,53.85924
CY,C22,2023,3.89909
CY,C22,2024,3.90207
CZ,C22,2023,210.4285
CZ,C22,2024,209.85875
DE,C22,2023,1626.98212
DE,C22,2024,1629.02818
DK,C22,2023,33.11946
DK,C22,2024,31.45901
EE,C22,2023,8.31824
EE,C22,2024,10.37934
EL,C22,2023,10.68435
EL,C22,2024,10.59621
ES,C22,2023,300.78023
ES,C22,2024,304.21434
EU27_2020,C22,2023,6053.573
EU27_2020,C22,2024,6096.25382
FI,C22,2023,11.6868
FI,C22,2024,11.08026
FR,C22,2023,739.94458
FR,C22,2024,734.64429
HR,C22,2023,13.11933
HR,C22,2024,10.97306
HU,C22,2023,200.07147
HU,C22,2024,202.5472
IE,C22,2023,32.76468
IE,C22,2024,32.47009
IS,C22,2023,0.53577
IS,C22,2024,0.4398
IT,C22,2023,621.0918
IT,C22,2024,643.03398
LT,C22,2023,15.45722
LT,C22,2024,15.63876
LU,C22,2023,80.1
LU,C22,2024,79.40493
LV,C22,2023,5.7657
LV,C22,2024,5.48389
MT,C22,2023,0.46339
MT,C22,2024,0.47368
NL,C22,2023,241.64067
NL,C22,2024,221.2945
NO,C22,2023,41.67431
NO,C22,2024,38.70822
PL,C22,2023,687.31158
PL,C22,2024,669.31132
PT,C22,2023,59.8
PT,C22,2024,58.08978
RO,C22,2023,310.69977
RO,C22,2024,399.36202
RS,C22,2023,24.5637
SE,C22,2023,48.59277
SE,C22,2024,47.52326
SI,C22,2023,75.63471
SI,C22,2024,79.61861
SK,C22,2023,497.84476
SK,C22,2024,462.37359
TR,C22,2023,268.45
AT,C23,2023,4463.8736
AT,C23,2024,4296.59264
BE,C23,2023,6237.60243
BE,C23,2024,6198.46147
BG,C23,2023,2750.37282
BG,C23,2024,2800.42475
CH,C23,2023,2558.05761
CY,C23,2023,1391.77265
CY,C23,2024,1392.82827
CZ,C23,2023,2867.85013
CZ,C23,2024,3437.92655
DE,C23,2023,29136.34672
DE,C23,2024,27982.00402
DK,C23,2023,2141.46137
DK,C23,2024,2034.09914
EE,C23,2023,81.38631
EE,C23,2024,95.48437
EL,C23,2023,5908.68942
EL,C23,2024,5416.91722
ES,C23,2023,20027.7286
ES,C23,2024,19904.79696
EU27_2020,C23,2023,155216.19776
EU27_2020,C23,2024,152307.65947
FI,C23,2023,991.36709
FI,C23,2024,823.64007
FR,C23,2023,16482.28154
FR,C23,2024,15229.72459
HR,C23,2023,2694.94206
HR,C23,2024,2251.5843
HU,C23,2023,1397.48371
HU,C23,2024,1373.55031
IE,C23,2023,3166.08027
IE,C23,2024,3137.61392
IS,C23,2023,14.31984
IS,C23,2024,15.57932
IT,C23,2023,20299.83106
IT,C23,2024,20324.03615
LT,C23,2023,897.02985
LT,C23,2024,995.50639
LU,C23,2023,418.4
LU,C23,2024,359.84739
LV,C23,2023,826.76663
LV,C23,2024,713.56731
MT,C23,2023,25.31455
MT,C23,2024,25.71132
NL,C23,2023,1241.51919
NL,C23,2024,1113.63194
NO,C23,2023,1563.23253
NO,C23,2024,1524.17055
PL,C23,2023,16249.3106
PL,C23,2024,15992.66466
PT,C23,2023,3983.6
PT,C23,2024,4019.61631
RO,C23,2023,6539.97318
RO,C23,2024,7485.64429
RS,C23,2023,3697.39595
SE,C23,2023,2563.75969
SE,C23,2024,2507.33225
SI,C23,2023,955.74963
SI,C23,2024,979.97507
SK,C23,2023,1475.70466
SK,C23,2024,1414.47783
TR,C23,2023,80824.697
AT,C24,2023,12288.40491
AT,C24,2024,12055.82422
BE,C24,2023,5006.5065
BE,C24,2024,5977.66075
BG,C24,2023,515.64915
BG,C24,2024,560.44865
CH,C24,2023,321.79369
CY,C24,2023,2.29152
CY,C24,2024,2.29327
CZ,C24,2023,4484.85937
CZ,C24,2024,4029.71859
DE,C24,2023,52679.0131
DE,C24,2024,53206.46134
DK,C24,2023,92.35294
DK,C24,2024,87.72282
EE,C24,2023,3.37466
EE,C24,2024,2.9614
EL,C24,2023,819.67007
EL,C24,2024,920.61667
ES,C24,2023,7862.26245
ES,C24,2024,8241.08275
EU27_2020,C24,2023,139045.36392
EU27_2020,C24,2024,140633.59192
FI,C24,2023,3280.73145
FI,C24,2024,3203.55412
FR,C24,2023,13458.1845
FR,C24,2024,13719.42823
HR,C24,2023,122.2879
HR,C24,2024,98.76054
HU,C24,2023,390.84811
HU,C24,2024,188.87764
IE,C24,2023,1190.63682
IE,C24,2024,1179.93176
IS,C24,2023,1748.39499
IS,C24,2024,1709.12268
IT,C24,2023,12620.44347
IT,C24,2024,12450.16234
LT,C24,2023,0.60169
LT,C24,2024,0.58155
LU,C24,2023,367.8
LU,C24,2024,365.33178
LV,C24,2023,5.60519
LV,C24,2024,5.57966
MT,C24,2023,0.06107
MT,C24,2024,0.06362
NL,C24,2023,4749.53388
NL,C24,2024,6080.36635
NO,C24,2023,3866.52329
NO,C24,2024,3824.30498
PL,C24,2023,6194.21521
PL,C24,2024,6321.55756
PT,C24,2023,210.1
PT,C24,2024,188.0821
RO,C24,2023,2128.30182
RO,C24,2024,1925.14778
RS,C24,2023,3072.17879
SE,C24,2023,4681.41191
SE,C24,2024,4630.65056
SI,C24,2023,342.54728
SI,C24,2024,357.38782
SK,C24,2023,5547.66895
SK,C24,2024,4833.33805
TR,C24,2023,26068.068
AT,C25,2023,198.93423
AT,C25,2024,195.89657
BE,C25,2023,138.69946
BE,C25,2024,142.58393
BG,C25,2023,85.84576
BG,C25,2024,92.08355
CH,C25,2023,201.90437
CY,C25,2023,13.96531
CY,C25,2024,13.97609
CZ,C25,2023,258.65737
CZ,C25,2024,261.99549
DE,C25,2023,2773.16434
DE,C25,2024,2776.0709
DK,C25,2023,124.78998
DK,C25,2024,118.53363
EE,C25,2023,18.24834
EE,C25,2024,22.2557
EL,C25,2023,394.19857
EL,C25,2024,392.34223
ES,C25,2023,617.62021
ES,C25,2024,626.56206
EU27_2020,C25,2023,10797.31128
EU27_2020,C25,2024,10839.50558
FI,C25,2023,12.33455
FI,C25,2024,11.81935
FR,C25,2023,1090.56449
FR,C25,2024,1076.94452
HR,C25,2023,42.58048
HR,C25,2024,37.65449
HU,C25,2023,189.21537
HU,C25,2024,190.83088
IE,C25,2023,42.64904
IE,C25,2024,42.26558
IS,C25,2023,4.51969
IS,C25,2024,3.93096
IT,C25,2023,901.65727
IT,C25,2024,937.9771
LT,C25,2023,11.97636
LT,C25,2024,11.96916
LU,C25,2023,11.6
LU,C25,2024,11.44752
LV,C25,2023,17.86074
LV,C25,2024,16.60778
MT,C25,2023,4.29632
MT,C25,2024,4.43353
NL,C25,2023,480.98071
NL,C25,2024,465.20213
NO,C25,2023,29.29374
NO,C25,2024,25.06988
PL,C25,2023,499.57737
PL,C25,2024,486.06751
PT,C25,2023,268.3
PT,C25,2024,261.73472
RO,C25,2023,685.67214
RO,C25,2024,875.78991
RS,C25,2023,10.21637
SE,C25,2023,127.03817
SE,C25,2024,125.66083
SI,C25,2023,149.59539
SI,C25,2024,157.33105
SK,C25,2023,1637.28931
SK,C25,2024,1483.46938
TR,C25,2023,688.397
AT,C26,2023,25.6065
AT,C26,2024,25.11101
BE,C26,2023,36.8577
BE,C26,2024,37.40131
BG,C26,2023,2.40456
BG,C26,2024,2.54996
CH,C26,2023,141.73202
CY,C26,2023,0.00662
CY,C26,2024,0.00662
CZ,C26,2023,33.86419
CZ,C26,2024,35.15691
DE,C26,2023,543.51419
DE,C26,2024,542.99275
DK,C26,2023,8.06652
DK,C26,2024,7.6621
EE,C26,2023,21.3747
EE,C26,2024,24.83519
EL,C26,2023,1.86688
EL,C26,2024,1.84504
ES,C26,2023,17.39269
ES,C26,2024,17.64127
EU27_2020,C26,2023,1649.9916
EU27_2020,C26,2024,1702.30225
FI,C26,2023,0.04727
FI,C26,2024,0.04636
FR,C26,2023,106.68562
FR,C26,2024,105.32111
HR,C26,2023,37.51305
HR,C26,2024,36.01277
HU,C26,2023,175.99287
HU,C26,2024,176.44712
IE,C26,2023,50.93478
IE,C26,2024,50.47682
IS,C26,2023,0.01369
IS,C26,2024,0.00763
IT,C26,2023,269.47728
IT,C26,2024,270.75481
LT,C26,2023,1.14346
LT,C26,2024,1.11695
LU,C26,2023,1.0
LU,C26,2024,0.98208
LV,C26,2023,0.64865
LV,C26,2024,0.5981
MT,C26,2023,4.44025
MT,C26,2024,4.56201
NL,C26,2023,45.58091
NL,C26,2024,45.18667
NO,C26,2023,0.09714
NO,C26,2024,0.0838
PL,C26,2023,34.18589
PL,C26,2024,33.09749
PT,C26,2023,9.5
PT,C26,2024,9.31676
RO,C26,2023,188.55451
RO,C26,2024,240.11184
RS,C26,2023,3.96716
SE,C26,2023,6.0792
SE,C26,2024,7.7594
SI,C26,2023,4.80124
SI,C26,2024,5.05622
SK,C26,2023,22.45208
SK,C26,2024,20.25356
TR,C26,2023,27.913
AT,C27,2023,60.12468
AT,C27,2024,59.13119
BE,C27,2023,34.50438
BE,C27,2024,35.37354
BG,C27,2023,41.50761
BG,C27,2024,44.53197
CH,C27,2023,55.59053
CY,C27,2023,0.98683
CY,C27,2024,0.98757
CZ,C27,2023,97.41466
CZ,C27,2024,97.72817
DE,C27,2023,753.07869
DE,C27,2024,753.41567
DK,C27,2023,13.74826
DK,C27,2024,13.05899
EE,C27,2023,2.32375
EE,C27,2024,2.7907
EL,C27,2023,4.75977
EL,C27,2024,4.67146
ES,C27,2023,106.87856
ES,C27,2024,108.07233
EU27_2020,C27,2023,2661.60931
EU27_2020,C27,2024,2710.76439
FI,C27,2023,2.42001
FI,C27,2024,2.30907
FR,C27,2023,299.35298
FR,C27,2024,296.24878
HR,C27,2023,13.44733
HR,C27,2024,11.71577
HU,C27,2023,175.99238
HU,C27,2024,177.94969
IE,C27,2023,8.20183
IE,C27,2024,8.12809
IS,C27,2023,0.09652
IS,C27,2024,0.07686
IT,C27,2023,543.54311
IT,C27,2024,572.40023
LT,C27,2023,2.60195
LT,C27,2024,2.57777
LU,C27,2023,1.0
LU,C27,2024,0.99061
LV,C27,2023,4.14786
LV,C27,2024,3.97825
MT,C27,2023,0.20627
MT,C27,2024,0.20887
NL,C27,2023,110.10131
NL,C27,2024,107.66273
NO,C27,2023,3.9034
NO,C27,2024,3.89329
PL,C27,2023,195.15618
PL,C27,2024,189.41223
PT,C27,2023,10.3
PT,C27,2024,10.02941
RO,C27,2023,57.16863
RO,C27,2024,73.73408
RS,C27,2023,5.29009
SE,C27,2023,15.96574
SE,C27,2024,28.90788
SI,C27,2023,41.4515
SI,C27,2024,43.68647
SK,C27,2023,65.22504
SK,C27,2024,61.06287
TR,C27,2023,253.955
AT,C28,2023,110.07357
AT,C28,2024,108.38217
BE,C28,2023,88.20257
BE,C28,2024,90.65789
BG,C28,2023,43.0609
BG,C28,2024,46.19074
CH,C28,2023,141.7586
CY,C28,2023,0.82728
CY,C28,2024,0.82792
CZ,C28,2023,171.84891
CZ,C28,2024,173.93189
DE,C28,2023,2087.51062
DE,C28,2024,2089.60052
DK,C28,2023,110.24654
DK,C28,2024,104.71933
EE,C28,2023,5.12555
EE,C28,2024,6.24503
EL,C28,2023,4.85354
EL,C28,2024,4.82578
ES,C28,2023,857.92906
ES,C28,2024,867.02576
EU27_2020,C28,2023,7102.75656
EU27_2020,C28,2024,7094.91307
FI,C28,2023,12.8321
FI,C28,2024,12.2921
FR,C28,2023,423.8696
FR,C28,2024,418.43638
HR,C28,2023,4.26443
HR,C28,2024,3.76693
HU,C28,2023,160.61577
HU,C28,2024,162.01931
IE,C28,2023,36.04164
IE,C28,2024,35.71759
IS,C28,2023,0.87403
IS,C28,2024,0.79089
IT,C28,2023,1855.77932
IT,C28,2024,1833.83595
LT,C28,2023,5.49819
LT,C28,2024,5.49111
LU,C28,2023,11.0
LU,C28,2024,10.85861
LV,C28,2023,2.6597
LV,C28,2024,2.47834
MT,C28,2023,0.25683
MT,C28,2024,0.26468
NL,C28,2023,274.93126
NL,C28,2024,253.94516
NO,C28,2023,16.99347
NO,C28,2024,14.71668
PL,C28,2023,204.59065
PL,C28,2024,199.01924
PT,C28,2023,219.4
PT,C28,2024,214.00313
RO,C28,2023,131.29949
RO,C28,2024,167.83037
RS,C28,2023,132.85031
SE,C28,2023,99.52508
SE,C28,2024,111.55081
SI,C28,2023,48.89538
SI,C28,2024,51.43366
SK,C28,2023,131.61857
SK,C28,2024,119.56269
TR,C28,2023,345.295
AT,C29,2023,60.3497
AT,C29,2024,59.19807
BE,C29,2023,47.37491
BE,C29,2024,48.17656
BG,C29,2023,20.69906
BG,C29,2024,22.03546
CH,C29,2023,10.65607
CY,C29,2023,0.32264
CY,C29,2024,0.32288
CZ,C29,2023,248.77533
CZ,C29,2024,254.63012
DE,C29,2023,5010.56922
DE,C29,2024,5006.74707
DK,C29,2023,10.81295
DK,C29,2024,10.27084
EE,C29,2023,4.07843
EE,C29,2024,4.72016
EL,C29,2023,1.11859
EL,C29,2024,1.1028
ES,C29,2023,459.28423
ES,C29,2024,464.69874
EU27_2020,C29,2023,8898.80296
EU27_2020,C29,2024,8734.65597
FI,C29,2023,5.27918
FI,C29,2024,5.10392
FR,C29,2023,660.30683
FR,C29,2024,650.04371
HR,C29,2023,6.53682
HR,C29,2024,6.04046
HU,C29,2023,229.88654
HU,C29,2024,231.63736
IE,C29,2023,6.16835
IE,C29,2024,6.11289
IS,C29,2023,0.48195
IS,C29,2024,0.10898
IT,C29,2023,1146.23055
IT,C29,2024,1019.96304
LT,C29,2023,1.87731
LT,C29,2024,1.84859
LU,C29,2023,1.0
LU,C29,2024,0.98754
LV,C29,2023,3.24288
LV,C29,2024,3.08492
MT,C29,2023,0.01146
MT,C29,2024,0.01159
NL,C29,2023,139.59959
NL,C29,2024,117.83793
NO,C29,2023,2.01042
NO,C29,2024,1.95786
PL,C29,2023,358.94035
PL,C29,2024,347.05823
PT,C29,2023,28.9
PT,C29,2024,28.21297
RO,C29,2023,35.31183
RO,C29,2024,45.54405
RS,C29,2023,18.28035
SE,C29,2023,142.67755
SE,C29,2024,140.80111
SI,C29,2023,25.21447
SI,C29,2024,26.59677
SK,C29,2023,244.23418
SK,C29,2024,231.86819
TR,C29,2023,526.93
AT,C30,2023,12.48754
AT,C30,2024,12.25619
BE,C30,2023,20.50007
BE,C30,2024,20.86331
BG,C30,2023,6.05765
BG,C30,2024,6.4419
CH,C30,2023,30.40328
CY,C30,2023,0.11419
CY,C30,2024,0.11428
CZ,C30,2023,39.99794
CZ,C30,2024,40.95963
DE,C30,2023,435.96986
DE,C30,2024,435.76231
DK,C30,2023,4.67275
DK,C30,2024,4.43848
EE,C30,2023,0.84546
EE,C30,2024,0.98825
EL,C30,2023,0.80232
EL,C30,2024,0.79397
ES,C30,2023,52.10747
ES,C30,2024,52.67951
EU27_2020,C30,2023,1470.19066
EU27_2020,C30,2024,1512.49652
FI,C30,2023,18.8347
FI,C30,2024,18.30474
FR,C30,2023,271.22568
FR,C30,2024,269.37082
HR,C30,2023,7.06395
HR,C30,2024,6.61242
HU,C30,2023,12.43169
HU,C30,2024,12.49901
IE,C30,2023,1.08639
IE,C30,2024,1.07662
IS,C30,2023,0.05518
IS,C30,2024,0.04047
IT,C30,2023,252.96902
IT,C30,2024,280.27163
LT,C30,2023,3.32035
LT,C30,2024,3.24116
LU,C30,2023,0.0
LU,C30,2024,0.0
LV,C30,2023,2.13945
LV,C30,2024,1.99705
MT,C30,2023,0.03999
MT,C30,2024,0.0409
NL,C30,2023,77.46254
NL,C30,2024,80.97467
NO,C30,2023,27.25234
NO,C30,2024,25.41527
PL,C30,2023,101.27848
PL,C30,2024,98.14137
PT,C30,2023,4.2
PT,C30,2024,4.1132
RO,C30,2023,70.19945
RO,C30,2024,89.85938
RS,C30,2023,0.45664
SE,C30,2023,9.3017
SE,C30,2024,11.33915
SI,C30,2023,1.70608
SI,C30,2024,1.79753
SK,C30,2023,63.37595
SK,C30,2024,57.55903
TR,C30,2023,88.378
AT,C31_C32,2023,39.43117
AT,C31_C32,2024,38.32439
BE,C31_C32,2023,46.80212
BE,C31_C32,2024,46.71881
BG,C31_C32,2023,30.84133
BG,C31_C32,2024,32.23689
CH,C31_C32,2023,45.3534
CY,C31_C32,2023,3.58912
CY,C31_C32,2024,3.59184
CZ,C31_C32,2023,60.37666
CZ,C31_C32,2024,65.11439
DE,C31_C32,2023,646.52768
DE,C31_C32,2024,640.24936
DK,C31_C32,2023,26.47689
DK,C31_C32,2024,25.14947
EE,C31_C32,2023,8.74605
EE,C31_C32,2024,9.55999
EL,C31_C32,2023,3.44003
EL,C31_C32,2024,3.37751
ES,C31_C32,2023,145.89736
ES,C31_C32,2024,148.56979
EU27_2020,C31_C32,2023,2603.64708
EU27_2020,C31_C32,2024,2637.94192
FI,C31_C32,2023,0.98135
FI,C31_C32,2024,1.00293
FR,C31_C32,2023,232.48448
FR,C31_C32,2024,230.63896
HR,C31_C32,2023,18.5375
HR,C31_C32,2024,19.12478
HU,C31_C32,2023,112.14656
HU,C31_C32,2024,111.72962
IE,C31_C32,2023,92.0799
IE,C31_C32,2024,91.252
IS,C31_C32,2023,5.28783
IS,C31_C32,2024,4.78883
IT,C31_C32,2023,409.0773
IT,C31_C32,2024,436.07746
LT,C31_C32,2023,34.02928
LT,C31_C32,2024,32.98585
LU,C31_C32,2023,0.8
LU,C31_C32,2024,0.78388
LV,C31_C32,2023,12.02944
LV,C31_C32,2024,11.22063
MT,C31_C32,2023,1.74178
MT,C31_C32,2024,1.75938
NL,C31_C32,2023,237.19908
NL,C31_C32,2024,230.80887
NO,C31_C32,2023,10.4436
NO,C31_C32,2024,9.81556
PL,C31_C32,2023,172.57856
PL,C31_C32,2024,165.82815
PT,C31_C32,2023,68.0
PT,C31_C32,2024,66.8657
RO,C31_C32,2023,54.76512
RO,C31_C32,2024,70.52522
RS,C31_C32,2023,5.98451
SE,C31_C32,2023,35.42874
SE,C31_C32,2024,45.67452
SI,C31_C32,2023,27.84256
SI,C31_C32,2024,29.42743
SK,C31_C32,2023,81.79701
SK,C31_C32,2024,79.3441
TR,C31_C32,2023,272.24
AT,C33,2023,25.92346
AT,C33,2024,25.53444
BE,C33,2023,125.8728
BE,C33,2024,129.52967
BG,C33,2023,17.38649
BG,C33,2024,18.66455
CH,C33,2023,31.986
CY,C33,2023,4.1832
CY,C33,2024,4.18638
CZ,C33,2023,107.24202
CZ,C33,2024,107.81291
DE,C33,2023,367.1714
DE,C33,2024,367.59395
DK,C33,2023,62.76738
DK,C33,2024,59.62054
EE,C33,2023,8.58126
EE,C33,2024,10.51261
EL,C33,2023,2.13258
EL,C33,2024,2.12498
ES,C33,2023,263.95934
ES,C33,2024,267.93451
EU27_2020,C33,2023,2544.08558
EU27_2020,C33,2024,2594.42725
FI,C33,2023,0.06159
FI,C33,2024,0.05897
FR,C33,2023,497.10272
FR,C33,2024,486.73123
HR,C33,2023,14.98475
HR,C33,2024,13.15751
HU,C33,2023,41.37017
HU,C33,2024,41.73984
IE,C33,2023,10.26507
IE,C33,2024,10.17278
IS,C33,2023,2.99338
IS,C33,2024,2.88451
IT,C33,2023,513.55762
IT,C33,2024,547.45375
LT,C33,2023,8.29593
LT,C33,2024,8.20035
LU,C33,2023,1.6
LU,C33,2024,1.57954
LV,C33,2023,12.26144
LV,C33,2024,11.42353
MT,C33,2023,1.31976
MT,C33,2024,1.36246
NL,C33,2023,191.66993
NL,C33,2024,185.99488
NO,C33,2023,24.9946
NO,C33,2024,22.51389
PL,C33,2023,48.70212
PL,C33,2024,47.45044
PT,C33,2023,41.0
PT,C33,2024,40.04268
RO,C33,2023,44.20235
RO,C33,2024,56.46726
RS,C33,2023,5.1976
SE,C33,2023,65.24681
SE,C33,2024,84.11668
SI,C33,2023,31.66011
SI,C33,2024,33.29381
SK,C33,2023,35.56526
SK,C33,2024,31.66701
TR,C33,2023,209.515
AT,D,2023,4689.89914
AT,D,2024,4628.17091
BE,D,2023,10975.30444
BE,D,2024,10444.96212
BG,D,2023,15256.206
BG,D,2024,13566.17912
CH,D,2023,448.24037
CY,D,2023,3052.39077
CY,D,2024,3054.7028
CZ,D,2023,34836.59607
CZ,D,2024,29041.79931
DE,D,2023,166241.54942
DE,D,2024,151425.40049
DK,D,2023,3521.36951
DK,D,2024,2705.61018
EE,D,2023,4507.71459
EE,D,2024,3914.92788
EL,D,2023,15597.58063
EL,D,2024,14013.73811
ES,D,2023,28617.99636
ES,D,2024,23845.31839
EU27_2020,D,2023,567311.04659
EU27_2020,D,2024,513298.9738
FI,D,2023,8050.46335
FI,D,2024,6835.93116
FR,D,2023,19664.65335
FR,D,2024,16065.84809
HR,D,2023,3503.46292
HR,D,2024,3211.64913
HU,D,2023,7430.92731
HU,D,2024,6959.3778
IE,D,2023,7391.63499
IE,D,2024,6503.96616
IS,D,2023,186.27624
IS,D,2024,172.59357
IT,D,2023,60757.08294
IT,D,2024,50292.3739
LT,D,2023,1009.11829
LT,D,2024,1000.7723
LU,D,2023,159.3
LU,D,2024,142.16637
LV,D,2023,976.38743
LV,D,2024,1065.0484
MT,D,2023,799.50817
MT,D,2024,742.10841
NL,D,2023,23517.59979
NL,D,2024,23022.20252
NO,D,2023,582.97317
NO,D,2024,564.98314
PL,D,2023,113825.97719
PL,D,2024,105680.69282
PT,D,2023,4088.8
PT,D,2024,2659.78022
RO,D,2023,15220.69042
RO,D,2024,19581.35475
RS,D,2023,30683.98462
SE,D,2023,5026.12442
SE,D,2024,4798.76503
SI,D,2023,3354.76157
SI,D,2024,3627.00197
SK,D,2023,5237.94752
SK,D,2024,4469.12547
TR,D,2023,134355.517
AT,E,2023,154.77388
AT,E,2024,152.15541
BE,E,2023,801.39118
BE,E,2024,774.25098
BG,E,2023,111.9499
BG,E,2024,119.62798
CH,E,2023,2537.19418
CY,E,2023,23.54667
CY,E,2024,23.56448
CZ,E,2023,776.65158
CZ,E,2024,781.60351
DE,E,2023,4767.09395
DE,E,2024,4768.96799
DK,E,2023,1601.08353
DK,E,2024,1514.74414
EE,E,2023,29.08326
EE,E,2024,34.40718
EL,E,2023,79.56368
EL,E,2024,79.37737
ES,E,2023,3133.37417
ES,E,2024,3165.02581
EU27_2020,E,2023,36327.4969
EU27_2020,E,2024,36343.7494
FI,E,2023,372.1187
FI,E,2024,355.02848
FR,E,2023,10795.58791
FR,E,2024,10774.55859
HR,E,2023,1.53076
HR,E,2024,1.37157
HU,E,2023,99.12665
HU,E,2024,99.90641
IE,E,2023,150.5204
IE,E,2024,149.16707
IS,E,2023,15.6367
IS,E,2024,7.73136
IT,E,2023,7106.5625
IT,E,2024,7166.05741
LT,E,2023,33.04552
LT,E,2024,32.82614
LU,E,2023,17.1
LU,E,2024,16.93513
LV,E,2023,41.71911
LV,E,2024,39.94465
MT,E,2023,11.31376
MT,E,2024,11.30219
NL,E,2023,2674.72317
NL,E,2024,2674.25514
NO,E,2023,791.92956
NO,E,2024,271.70249
PL,E,2023,1206.17398
PL,E,2024,1169.52089
PT,E,2023,1346.6
PT,E,2024,1303.51235
RO,E,2023,548.5828
RO,E,2024,705.88301
RS,E,2023,18.9188
SE,E,2023,248.51081
SE,E,2024,237.46243
SI,E,2023,59.43494
SI,E,2024,61.56004
SK,E,2023,136.33407
SK,E,2024,130.73306
TR,E,2023,278.953
AT,E36,2023,24.57656
AT,E36,2024,24.10404
BE,E36,2023,53.71052
BE,E36,2024,54.632
BG,E36,2023,16.29018
BG,E36,2024,17.35752
CH,E36,2023,15.37304
CY,E36,2023,0.43456
CY,E36,2024,0.43488
CZ,E36,2023,84.00888
CZ,E36,2024,85.46106
DE,E36,2023,107.24145
DE,E36,2024,107.15143
DK,E36,2023,6.09263
DK,E36,2024,5.76408
EE,E36,2023,10.90519
EE,E36,2024,12.60091
EL,E36,2023,9.82613
EL,E36,2024,9.64181
ES,E36,2023,197.02833
ES,E36,2024,201.27431
EU27_2020,E36,2023,975.025
EU27_2020,E36,2024,974.83248
FI,E36,2023,0.0
FI,E36,2024,0.0
FR,E36,2023,89.34214
FR,E36,2024,87.75194
HR,E36,2023,0.66188
HR,E36,2024,0.61327
HU,E36,2023,20.034
HU,E36,2024,20.18326
IE,E36,2023,7.95577
IE,E36,2024,7.88423
IS,E36,2023,0.01473
IS,E36,2024,0.01071
IT,E36,2023,115.35952
IT,E36,2024,116.50105
LT,E36,2023,4.33583
LT,E36,2024,4.22354
LU,E36,2023,0.9
LU,E36,2024,0.88865
LV,E36,2023,5.51119
LV,E36,2024,5.24643
MT,E36,2023,2.85237
MT,E36,2024,2.88481
NL,E36,2023,18.87857
NL,E36,2024,16.68947
NO,E36,2023,2.53263
NO,E36,2024,2.64212
PL,E36,2023,103.83828
PL,E36,2024,100.49439
PT,E36,2023,35.8
PT,E36,2024,35.01473
RO,E36,2023,2.21602
RO,E36,2024,2.85821
RS,E36,2023,8.20981
SE,E36,2023,15.36817
SE,E36,2024,14.67293
SI,E36,2023,12.42382
SI,E36,2024,13.10839
SK,E36,2023,29.43302
SK,E36,2024,27.39515
TR,E36,2023,71.692
AT,E37-E39,2023,130.19732
AT,E37-E39,2024,128.05136
BE,E37-E39,2023,747.68066
BE,E37-E39,2024,719.61898
BG,E37-E39,2023,95.65972
BG,E37-E39,2024,102.27046
CH,E37-E39,2023,2521.82114
CY,E37-E39,2023,23.11211
CY,E37-E39,2024,23.1296
CZ,E37-E39,2023,692.6427
CZ,E37-E39,2024,696.14245
DE,E37-E39,2023,4659.8525
DE,E37-E39,2024,4661.81656
DK,E37-E39,2023,1594.9909
DK,E37-E39,2024,1508.98006
EE,E37-E39,2023,18.17807
EE,E37-E39,2024,21.80627
EL,E37-E39,2023,69.73754
EL,E37-E39,2024,69.73556
ES,E37-E39,2023,2936.34584
ES,E37-E39,2024,2963.7515
EU27_2020,E37-E39,2023,35352.4719
EU27_2020,E37-E39,2024,35368.91692
FI,E37-E39,2023,372.1187
FI,E37-E39,2024,355.02848
FR,E37-E39,2023,10706.24577
FR,E37-E39,2024,10686.80665
HR,E37-E39,2023,0.86889
HR,E37-E39,2024,0.75829
HU,E37-E39,2023,79.09265
HU,E37-E39,2024,79.72316
IE,E37-E39,2023,142.56464
IE,E37-E39,2024,141.28284
IS,E37-E39,2023,15.62197
IS,E37-E39,2024,7.72065
IT,E37-E39,2023,6991.20298
IT,E37-E39,2024,7049.55636
LT,E37-E39,2023,28.70969
LT,E37-E39,2024,28.6026
LU,E37-E39,2023,16.2
LU,E37-E39,2024,16.04648
LV,E37-E39,2023,36.20791
LV,E37-E39,2024,34.69822
MT,E37-E39,2023,8.4614
MT,E37-E39,2024,8.41738
NL,E37-E39,2023,2655.84461
NL,E37-E39,2024,2657.56568
NO,E37-E39,2023,789.39693
NO,E37-E39,2024,269.06037
PL,E37-E39,2023,1102.3357
PL,E37-E39,2024,1069.02649
PT,E37-E39,2023,1310.8
PT,E37-E39,2024,1268.49762
RO,E37-E39,2023,546.36678
RO,E37-E39,2024,703.0248
RS,E37-E39,2023,10.70898
SE,E37-E39,2023,233.14264
SE,E37-E39,2024,222.78951
SI,E37-E39,2023,47.01112
SI,E37-E39,2024,48.45165
SK,E37-E39,2023,106.90105
SK,E37-E39,2024,103.33791
TR,E37-E39,2023,207.261
AT,F,2023,1303.28578
AT,F,2024,1283.31888
BE,F,2023,2823.08884
BE,F,2024,2907.55341
BG,F,2023,439.16179
BG,F,2024,471.99011
CH,F,2023,1110.81382
CY,F,2023,147.93687
CY,F,2024,148.05046
CZ,F,2023,1663.47095
CZ,F,2024,1675.39064
DE,F,2023,7391.2325
DE,F,2024,7398.39871
DK,F,2023,1636.79262
DK,F,2024,1599.14399
EE,F,2023,224.91364
EE,F,2024,275.46691
EL,F,2023,186.89983
EL,F,2024,184.90196
ES,F,2023,3500.73812
ES,F,2024,3563.88756
EU27_2020,F,2023,51888.97754
EU27_2020,F,2024,53484.59694
FI,F,2023,1307.61952
FI,F,2024,1245.43073
FR,F,2023,8202.65736
FR,F,2024,8156.95819
HR,F,2023,465.20201
HR,F,2024,400.82881
HU,F,2023,990.81493
HU,F,2024,1001.61663
IE,F,2023,1106.63832
IE,F,2024,1096.68849
IS,F,2023,141.9295
IS,F,2024,117.45633
IT,F,2023,7215.03661
IT,F,2024,7692.88104
LT,F,2023,98.30998
LT,F,2024,99.29298
LU,F,2023,115.7
LU,F,2024,114.51694
LV,F,2023,244.72922
LV,F,2024,231.44807
MT,F,2023,80.47201
MT,F,2024,82.29019
NL,F,2023,3349.21204
NL,F,2024,3225.30521
NO,F,2023,1877.873
NO,F,2024,1697.05391
PL,F,2023,1051.86551
PL,F,2024,1022.34182
PT,F,2023,1183.2
PT,F,2024,1150.47458
RO,F,2023,3138.85067
RO,F,2024,4031.1907
RS,F,2023,192.95374
SE,F,2023,1580.55503
SE,F,2024,2083.84935
SI,F,2023,516.53115
SI,F,2024,543.90636
SK,F,2023,1924.06221
SK,F,2024,1797.47424
TR,F,2023,3911.09
AT,G,2023,1040.08154
AT,G,2024,984.97126
BE,G,2023,1271.06427
BE,G,2024,1296.75986
BG,G,2023,818.299
BG,G,2024,836.72103
CH,G,2023,1258.35476
CY,G,2023,148.83455
CY,G,2024,148.94558
CZ,G,2023,1125.92175
CZ,G,2024,1151.25394
DE,G,2023,12240.8413
DE,G,2024,12014.40856
DK,G,2023,854.28015
DK,G,2024,794.0407
EE,G,2023,175.91052
EE,G,2024,211.6084
EL,G,2023,873.21419
EL,G,2024,873.67938
ES,G,2023,6203.00279
ES,G,2024,6343.81908
EU27_2020,G,2023,62040.21117
EU27_2020,G,2024,62345.6501
FI,G,2023,68.60168
FI,G,2024,63.54691
FR,G,2023,9083.88574
FR,G,2024,8954.8002
HR,G,2023,527.58062
HR,G,2024,548.8684
HU,G,2023,1539.68589
HU,G,2024,1532.55842
IE,G,2023,949.15849
IE,G,2024,940.62457
IS,G,2023,29.63159
IS,G,2024,28.14326
IT,G,2023,9437.47877
IT,G,2024,9799.97772
LT,G,2023,156.48764
LT,G,2024,195.77495
LU,G,2023,161.3
LU,G,2024,155.33451
LV,G,2023,369.55299
LV,G,2024,376.5273
MT,G,2023,53.39257
MT,G,2024,52.11848
NL,G,2023,3211.56408
NL,G,2024,3044.27992
NO,G,2023,937.9773
NO,G,2024,879.8666
PL,G,2023,6421.45952
PL,G,2024,6032.89563
PT,G,2023,1453.1
PT,G,2024,1433.70138
RO,G,2023,1752.1296
RO,G,2024,2206.66508
RS,G,2023,378.76075
SE,G,2023,1132.40575
SE,G,2024,1377.33728
SI,G,2023,389.71464
SI,G,2024,404.03382
SK,G,2023,581.26315
SK,G,2024,570.39772
TR,G,2023,12034.14
AT,G-U_X_H,2023,3155.02733
AT,G-U_X_H,2024,3004.08181
BE,G-U_X_H,2023,10746.03714
BE,G-U_X_H,2024,10936.76709
BG,G-U_X_H,2023,1426.69618
BG,G-U_X_H,2024,1460.68517
CH,G-U_X_H,2023,5001.48179
CY,G-U_X_H,2023,384.44767
CY,G-U_X_H,2024,384.72925
CZ,G-U_X_H,2023,2597.29567
CZ,G-U_X_H,2024,2660.4357
DE,G-U_X_H,2023,49896.71304
DE,G-U_X_H,2024,49036.90048
DK,G-U_X_H,2023,2398.27855
DK,G-U_X_H,2024,2309.75212
EE,G-U_X_H,2023,408.75054
EE,G-U_X_H,2024,489.17292
EL,G-U_X_H,2023,1882.45458
EL,G-U_X_H,2024,1940.07457
ES,G-U_X_H,2023,16079.19077
ES,G-U_X_H,2024,16452.7572
EU27_2020,G-U_X_H,2023,203806.66809
EU27_2020,G-U_X_H,2024,204670.11518
FI,G-U_X_H,2023,1464.65112
FI,G-U_X_H,2024,1346.47273
FR,G-U_X_H,2023,38102.68607
FR,G-U_X_H,2024,37724.32514
HR,G-U_X_H,2023,1474.12084
HR,G-U_X_H,2024,1543.84015
HU,G-U_X_H,2023,4605.49408
HU,G-U_X_H,2024,4578.87381
IE,G-U_X_H,2023,2861.22186
IE,G-U_X_H,2024,2835.49651
IS,G-U_X_H,2023,86.12101
IS,G-U_X_H,2024,87.87701
IT,G-U_X_H,2023,22120.64051
IT,G-U_X_H,2024,23216.57816
LT,G-U_X_H,2023,596.38467
LT,G-U_X_H,2024,703.45571
LU,G-U_X_H,2023,594.04
LU,G-U_X_H,2024,572.79607
LV,G-U_X_H,2023,771.07196
LV,G-U_X_H,2024,782.30218
MT,G-U_X_H,2023,212.22346
MT,G-U_X_H,2024,203.62058
NL,G-U_X_H,2023,11075.02236
NL,G-U_X_H,2024,10350.89983
NO,G-U_X_H,2023,1842.97369
NO,G-U_X_H,2024,1800.97287
PL,G-U_X_H,2023,15365.46447
PL,G-U_X_H,2024,14459.54877
PT,G-U_X_H,2023,3320.40703
PT,G-U_X_H,2024,3271.37316
RO,G-U_X_H,2023,5749.50885
RO,G-U_X_H,2024,7362.35387
RS,G-U_X_H,2023,1383.14059
SE,G-U_X_H,2023,2780.49652
SE,G-U_X_H,2024,3322.71064
SI,G-U_X_H,2023,1145.82354
SI,G-U_X_H,2024,1188.6527
SK,G-U_X_H,2023,2592.5193
SK,G-U_X_H,2024,2531.45886
TR,G-U_X_H,2023,22576.812
AT,G45,2023,123.49243
AT,G45,2024,119.58068
BE,G45,2023,207.24567
BE,G45,2024,210.82218
BG,G45,2023,184.13998
BG,G45,2024,189.17266
CH,G45,2023,258.33544
CY,G45,2023,15.07438
CY,G45,2024,15.08582
CZ,G45,2023,129.32918
CZ,G45,2024,138.33484
DE,G45,2023,964.33193
DE,G45,2024,951.40964
DK,G45,2023,262.61422
DK,G45,2024,244.09601
EE,G45,2023,72.95422
EE,G45,2024,82.28694
EL,G45,2023,29.73088
EL,G45,2024,29.34731
ES,G45,2023,2014.99138
ES,G45,2024,2059.49616
EU27_2020,G45,2023,14310.22354
EU27_2020,G45,2024,14651.49682
FI,G45,2023,19.11641
FI,G45,2024,18.761
FR,G45,2023,3343.28186
FR,G45,2024,3302.42848
HR,G45,2023,145.95584
HR,G45,2024,146.64161
HU,G45,2023,617.69916
HU,G45,2024,616.83835
IE,G45,2023,113.7293
IE,G45,2024,112.70676
IS,G45,2023,10.78912
IS,G45,2024,11.69988
IT,G45,2023,3208.67183
IT,G45,2024,3341.58775
LT,G45,2023,19.92666
LT,G45,2024,20.27836
LU,G45,2023,27.0
LU,G45,2024,26.27457
LV,G45,2023,39.5578
LV,G45,2024,37.5851
MT,G45,2023,3.45105
MT,G45,2024,3.47775
NL,G45,2023,374.6404
NL,G45,2024,360.25405
NO,G45,2023,139.55308
NO,G45,2024,127.73389
PL,G45,2023,819.64219
PL,G45,2024,792.37519
PT,G45,2023,121.1
PT,G45,2024,125.83243
RO,G45,2023,583.59996
RO,G45,2024,699.50186
RS,G45,2023,34.42455
SE,G45,2023,646.71796
SE,G45,2024,786.56356
SI,G45,2023,80.13639
SI,G45,2024,84.30527
SK,G45,2023,142.09245
SK,G45,2024,136.45247
TR,G45,2023,2056.023
AT,G46,2023,671.19832
AT,G46,2024,634.02599
BE,G46,2023,573.61503
BE,G46,2024,585.39467
BG,G46,2023,471.44014
BG,G46,2024,481.63822
CH,G46,2023,545.29973
CY,G46,2023,87.84322
CY,G46,2024,87.90871
CZ,G46,2023,784.45187
CZ,G46,2024,797.95342
DE,G46,2023,4643.07548
DE,G46,2024,4555.49476
DK,G46,2023,444.71749
DK,G46,2024,413.35829
EE,G46,2023,79.74841
EE,G46,2024,100.001
EL,G46,2023,706.7626
EL,G46,2024,707.29294
ES,G46,2023,2867.58569
ES,G46,2024,2933.75868
EU27_2020,G46,2023,28602.64749
EU27_2020,G46,2024,28629.64844
FI,G46,2023,32.22345
FI,G46,2024,29.20352
FR,G46,2023,3242.75438
FR,G46,2024,3182.35866
HR,G46,2023,322.27439
HR,G46,2024,339.64959
HU,G46,2023,648.48979
HU,G46,2024,644.08825
IE,G46,2023,493.85028
IE,G46,2024,489.41006
IS,G46,2023,13.68123
IS,G46,2024,12.20232
IT,G46,2023,3669.26561
IT,G46,2024,3790.16795
LT,G46,2023,78.97713
LT,G46,2024,100.90329
LU,G46,2023,86.9
LU,G46,2024,83.52898
LV,G46,2023,235.82626
LV,G46,2024,242.03484
MT,G46,2023,34.6467
MT,G46,2024,33.76141
NL,G46,2023,1819.86626
NL,G46,2024,1710.75293
NO,G46,2023,667.20232
NO,G46,2024,627.56577
PL,G46,2023,3994.71372
PL,G46,2024,3738.06982
PT,G46,2023,875.6
PT,G46,2024,859.6862
RO,G46,2023,941.93762
RO,G46,2024,1214.90606
RS,G46,2023,177.11978
SE,G46,2023,346.54796
SE,G46,2024,421.49314
SI,G46,2023,212.09309
SI,G46,2024,219.14314
SK,G46,2023,236.24258
SK,G46,2024,233.66393
TR,G46,2023,5571.857
AT,G47,2023,245.39079
AT,G47,2024,231.3646
BE,G47,2023,490.20357
BE,G47,2024,500.54301
BG,G47,2023,162.71888
BG,G47,2024,165.91016
CH,G47,2023,454.71959
CY,G47,2023,45.91694
CY,G47,2024,45.95105
CZ,G47,2023,212.1407
CZ,G47,2024,214.96568
DE,G47,2023,6633.43389
DE,G47,2024,6507.50415
DK,G47,2023,146.94844
DK,G47,2024,136.58639
EE,G47,2023,23.20789
EE,G47,2024,29.32045
EL,G47,2023,136.72071
EL,G47,2024,137.03913
ES,G47,2023,1320.42572
ES,G47,2024,1350.56424
EU27_2020,G47,2023,19127.34014
EU27_2020,G47,2024,19064.50484
FI,G47,2023,17.26182
FI,G47,2024,15.58239
FR,G47,2023,2497.8495
FR,G47,2024,2470.01306
HR,G47,2023,59.35039
HR,G47,2024,62.5772
HU,G47,2023,273.49694
HU,G47,2024,271.63183
IE,G47,2023,341.57891
IE,G47,2024,338.50776
IS,G47,2023,5.16123
IS,G47,2024,4.24106
IT,G47,2023,2559.54132
IT,G47,2024,2668.22203
LT,G47,2023,57.58385
LT,G47,2024,74.5933
LU,G47,2023,47.4
LU,G47,2024,45.53096
LV,G47,2023,94.16894
LV,G47,2024,96.90736
MT,G47,2023,15.29482
MT,G47,2024,14.87933
NL,G47,2023,1017.05742
NL,G47,2024,973.27294
NO,G47,2023,131.2219
NO,G47,2024,124.56694
PL,G47,2023,1607.1036
PL,G47,2024,1502.45062
PT,G47,2023,456.4
PT,G47,2024,448.18276
RO,G47,2023,226.59202
RO,G47,2024,292.25717
RS,G47,2023,167.21642
SE,G47,2023,139.13982
SE,G47,2024,169.28058
SI,G47,2023,97.48516
SI,G47,2024,100.58542
SK,G47,2023,202.92811
SK,G47,2024,200.28131
TR,G47,2023,4406.26
AT,H,2023,8188.90713
AT,H,2024,8608.97668
BE,H,2023,9181.95958
BE,H,2024,9193.15151
BG,H,2023,4721.64423
BG,H,2024,4894.15439
CH,H,2023,7426.26858
CY,H,2023,410.76702
CY,H,2024,411.07785
CZ,H,2023,9431.0902
CZ,H,2024,10379.69049
DE,H,2023,60237.85774
DE,H,2024,58470.74221
DK,H,2023,45011.1126
DK,H,2024,51688.86871
EE,H,2023,1160.67897
EE,H,2024,1248.43758
EL,H,2023,16557.90051
EL,H,2024,16352.17069
ES,H,2023,36262.32642
ES,H,2024,37971.38446
EU27_2020,H,2023,449728.07186
EU27_2020,H,2024,464627.19517
FI,H,2023,8282.4979
FI,H,2024,8372.93687
FR,H,2023,59711.96772
FR,H,2024,62887.75634
HR,H,2023,1674.27224
HR,H,2024,1759.11927
HU,H,2023,6866.05259
HU,H,2024,7910.68737
IE,H,2023,21086.68132
IE,H,2024,21403.80197
IS,H,2023,2442.42266
IS,H,2024,1861.07738
IT,H,2023,40888.2082
IT,H,2024,40284.69188
LT,H,2023,8686.62093
LT,H,2024,8432.81584
LU,H,2023,4996.8
LU,H,2024,5192.50256
LV,H,2023,2685.52391
LV,H,2024,2549.11045
MT,H,2023,3326.47447
MT,H,2024,4927.57809
NL,H,2023,26846.68612
NL,H,2024,27139.74961
NO,H,2023,24287.84876
NO,H,2024,22783.57499
PL,H,2023,47675.51883
PL,H,2024,45951.309
PT,H,2023,9364.07959
PT,H,2024,9596.9818
RO,H,2023,6110.1157
RO,H,2024,7764.08455
RS,H,2023,819.32753
SE,H,2023,7679.55128
SE,H,2024,8557.85099
SI,H,2023,723.42371
SI,H,2024,762.77508
SK,H,2023,1959.35294
SK,H,2024,1914.78892
TR,H,2023,40200.65876
AT,H49,2023,2762.18609
AT,H49,2024,2679.0128
BE,H49,2023,3635.40326
BE,H49,2024,3622.57506
BG,H49,2023,4248.71614
BG,H49,2024,4419.99244
CH,H49,2023,1188.51708
CY,H49,2023,184.50364
CY,H49,2024,184.64359
CZ,H49,2023,8095.4362
CZ,H49,2024,8810.69228
DE,H49,2023,10935.7724
DE,H49,2024,10780.27775
DK,H49,2023,1852.38019
DK,H49,2024,2127.19551
EE,H49,2023,588.77252
EE,H49,2024,638.0167
EL,H49,2023,3215.85301
EL,H49,2024,3155.5222
ES,H49,2023,19341.63098
ES,H49,2024,19761.05493
EU27_2020,H49,2023,165072.72245
EU27_2020,H49,2024,165963.81714
FI,H49,2023,2755.52208
FI,H49,2024,2847.68918
FR,H49,2023,14929.45605
FR,H49,2024,14441.12545
HR,H49,2023,1077.12676
HR,H49,2024,1121.3568
HU,H49,2023,2669.59338
HU,H49,2024,2655.99942
IE,H49,2023,2170.54064
IE,H49,2024,2151.02523
IS,H49,2023,59.59279
IS,H49,2024,55.33777
IT,H49,2023,16466.66083
IT,H49,2024,16912.3862
LT,H49,2023,8536.93704
LT,H49,2024,8274.52734
LU,H49,2023,105.7
LU,H49,2024,103.47782
LV,H49,2023,1721.38969
LV,H49,2024,1604.80187
MT,H49,2023,71.92365
MT,H49,2024,72.54665
NL,H49,2023,5466.46721
NL,H49,2024,5247.81085
NO,H49,2023,1958.35372
NO,H49,2024,1848.3645
PL,H49,2023,41068.13114
PL,H49,2024,39464.59573
PT,H49,2023,3984.7
PT,H49,2024,3950.69515
RO,H49,2023,5604.47932
RO,H49,2024,7171.63789
RS,H49,2023,176.57593
SE,H49,2023,1534.35901
SE,H49,2024,1709.83447
SI,H49,2023,614.18382
SI,H49,2024,649.44203
SK,H49,2023,1434.8974
SK,H49,2024,1405.88181
TR,H49,2023,14325.887
AT,H50,2023,125.03279
AT,H50,2024,94.82457
BE,H50,2023,2238.40849
BE,H50,2024,2240.2931
BG,H50,2023,79.27098
BG,H50,2024,79.27098
CY,H50,2023,80.09643
CY,H50,2024,80.15688
CZ,H50,2023,45.09592
CZ,H50,2024,47.53312
DE,H50,2023,9139.287
DE,H50,2024,9056.24822
DK,H50,2023,39848.74275
DK,H50,2024,45760.62029
EE,H50,2023,284.25759
EE,H50,2024,279.80924
EL,H50,2023,11076.41797
EL,H50,2024,10928.66416
ES,H50,2023,2647.59746
ES,H50,2024,2733.72511
EU27_2020,H50,2023,128933.36755
EU27_2020,H50,2024,136464.18276
FI,H50,2023,2058.42885
FI,H50,2024,1902.40241
FR,H50,2023,26124.12412
FR,H50,2024,29264.38323
HR,H50,2023,389.70952
HR,H50,2024,422.02499
HU,H50,2023,9.54624
HU,H50,2024,9.49234
IE,H50,2023,2705.54989
IE,H50,2024,2681.22419
IS,H50,2023,403.04076
IS,H50,2024,236.35998
IT,H50,2023,17725.6122
IT,H50,2024,15935.83556
LT,H50,2023,62.01968
LT,H50,2024,62.01968
LU,H50,2023,0.9
LU,H50,2024,0.88117
LV,H50,2023,6.98654
LV,H50,2024,3.85685
MT,H50,2023,119.39033
MT,H50,2024,111.85737
NL,H50,2023,10449.91535
NL,H50,2024,10656.69087
NO,H50,2023,17683.87148
NO,H50,2024,16254.70316
PL,H50,2023,30.90518
PL,H50,2024,30.79682
PT,H50,2023,561.4
PT,H50,2024,589.70081
RO,H50,2023,100.99656
RO,H50,2024,123.4946
RS,H50,2023,15.21816
SE,H50,2023,3016.35462
SE,H50,2024,3361.36307
SI,H50,2023,0.44635
SI,H50,2024,0.47197
SK,H50,2023,6.87473
SK,H50,2024,6.54115
TR,H50,2023,3927.431
AT,H51,2023,5077.67825
AT,H51,2024,5622.3714
BE,H51,2023,2631.51976
BE,H51,2024,2634.01714
BG,H51,2023,305.75951
BG,H51,2024,305.75951
CY,H51,2023,112.31791
CY,H51,2024,112.40351
CZ,H51,2023,738.42272
CZ,H51,2024,962.13702
DE,H51,2023,26386.19589
DE,H51,2024,25106.39697
DK,H51,2023,2623.37437
DK,H51,2024,3012.5728
EE,H51,2023,242.56915
EE,H51,2024,274.34281
EL,H51,2023,1778.17467
EL,H51,2024,1780.44478
ES,H51,2023,13006.3413
ES,H51,2024,14180.14347
EU27_2020,H51,2023,129465.79052
EU27_2020,H51,2024,136059.35065
FI,H51,2023,3272.07259
FI,H51,2024,3445.84012
FR,H51,2023,17560.06092
FR,H51,2024,18109.90552
HR,H51,2023,152.72054
HR,H51,2024,160.5363
HU,H51,2023,3845.75074
HU,H51,2024,4904.33176
IE,H51,2023,15839.17976
IE,H51,2024,16203.48089
IS,H51,2023,1970.83717
IS,H51,2024,1561.31878
IT,H51,2023,5002.28348
IT,H51,2024,5672.5038
LT,H51,2023,58.181
LT,H51,2024,61.13249
LU,H51,2023,4873.1
LU,H51,2024,5071.72553
LV,H51,2023,847.63186
LV,H51,2024,828.25529
MT,H51,2023,3086.45808
MT,H51,2024,4695.67
NL,H51,2023,10193.58989
NL,H51,2024,10544.67549
NO,H51,2023,4104.91942
NO,H51,2024,4166.39725
PL,H51,2023,4320.66088
PL,H51,2024,4307.91055
PT,H51,2023,4712.57959
PT,H51,2024,4946.43109
RO,H51,2023,227.4774
RO,H51,2024,252.85097
RS,H51,2023,583.3642
SE,H51,2023,2539.06273
SE,H51,2024,2829.47886
SI,H51,2023,12.68483
SI,H51,2024,13.79102
SK,H51,2023,19.94269
SK,H51,2024,20.24154
TR,H51,2023,20627.11876
AT,H52,2023,214.01157
AT,H52,2024,203.40375
BE,H52,2023,477.69188
BE,H52,2024,492.70348
BG,H52,2023,57.07866
BG,H52,2024,57.95908
CH,H52,2023,254.66355
CY,H52,2023,24.36973
CY,H52,2024,24.38787
CZ,H52,2023,446.10788
CZ,H52,2024,454.02923
DE,H52,2023,9720.43864
DE,H52,2024,9548.93616
DK,H52,2023,583.90989
DK,H52,2024,670.53756
EE,H52,2023,41.26382
EE,H52,2024,51.32857
EL,H52,2023,424.78902
EL,H52,2024,424.36228
ES,H52,2023,1089.96852
ES,H52,2024,1115.75778
EU27_2020,H52,2023,19664.47627
EU27_2020,H52,2024,19638.3681
FI,H52,2023,156.16815
FI,H52,2024,140.93059
FR,H52,2023,854.27164
FR,H52,2024,831.91798
HR,H52,2023,36.93457
HR,H52,2024,36.42667
HU,H52,2023,309.49787
HU,H52,2024,309.41785
IE,H52,2023,290.8022
IE,H52,2024,288.18758
IS,H52,2023,7.06993
IS,H52,2024,6.91752
IT,H52,2023,1631.0796
IT,H52,2024,1697.87713
LT,H52,2023,21.43383
LT,H52,2024,24.67901
LU,H52,2023,7.8
LU,H52,2024,7.50299
LV,H52,2023,98.26365
LV,H52,2024,100.53353
MT,H52,2023,44.14799
MT,H52,2024,43.09695
NL,H52,2023,590.07302
NL,H52,2024,552.86003
NO,H52,2023,496.03105
NO,H52,2024,466.84153
PL,H52,2023,1576.35506
PL,H52,2024,1512.17169
PT,H52,2023,78.8
PT,H52,2024,83.93593
RO,H52,2023,107.77391
RO,H52,2024,126.60417
RS,H52,2023,14.25262
SE,H52,2023,518.11966
SE,H52,2024,577.32345
SI,H52,2023,47.72935
SI,H52,2024,49.38687
SK,H52,2023,215.59618
SK,H52,2024,212.1099
TR,H52,2023,1161.26
AT,H53,2023,9.99843
AT,H53,2024,9.36416
BE,H53,2023,198.93619
BE,H53,2024,203.56274
BG,H53,2023,30.81894
BG,H53,2024,31.17238
CH,H53,2023,70.72085
CY,H53,2023,9.4793
CY,H53,2024,9.486
CZ,H53,2023,106.02749
CZ,H53,2024,105.29884
DE,H53,2023,4056.16381
DE,H53,2024,3978.88311
DK,H53,2023,102.70539
DK,H53,2024,117.94255
EE,H53,2023,3.81589
EE,H53,2024,4.94026
EL,H53,2023,62.66584
EL,H53,2024,63.17728
ES,H53,2023,176.78816
ES,H53,2024,180.70317
EU27_2020,H53,2023,6591.71507
EU27_2020,H53,2024,6501.47652
FI,H53,2023,40.30624
FI,H53,2024,36.07457
FR,H53,2023,244.05498
FR,H53,2024,240.42415
HR,H53,2023,17.78085
HR,H53,2024,18.77451
HU,H53,2023,31.66436
HU,H53,2024,31.44599
IE,H53,2023,80.60883
IE,H53,2024,79.88408
IS,H53,2023,1.88201
IS,H53,2024,1.14332
IT,H53,2023,62.57209
IT,H53,2024,66.08919
LT,H53,2023,8.04938
LT,H53,2024,10.45732
LU,H53,2023,9.3
LU,H53,2024,8.91504
LV,H53,2023,11.25217
LV,H53,2024,11.66291
MT,H53,2023,4.55442
MT,H53,2024,4.40711
NL,H53,2023,146.64064
NL,H53,2024,137.71237
NO,H53,2023,44.67309
NO,H53,2024,47.26855
PL,H53,2023,679.46657
PL,H53,2024,635.8342
PT,H53,2023,26.6
PT,H53,2024,26.21883
RO,H53,2023,69.38851
RO,H53,2024,89.49693
RS,H53,2023,29.91662
SE,H53,2023,71.65526
SE,H53,2024,79.85114
SI,H53,2023,48.37936
SI,H53,2024,49.68319
SK,H53,2023,282.04195
SK,H53,2024,270.01451
TR,H53,2023,158.962
AT,HH,2023,13946.8167
AT,HH,2024,13346.82054
BE,HH,2023,20643.72806
BE,HH,2024,20903.51827
BG,HH,2023,5204.70555
BG,HH,2024,5413.58644
CH,HH,2023,14767.31374
CY,HH,2023,1583.67409
CY,HH,2024,1584.87207
CZ,HH,2023,9363.11366
CZ,HH,2024,9719.24356
DE,HH,2023,160625.21282
DE,HH,2024,157896.36397
DK,HH,2023,5998.02747
DK,HH,2024,5511.66425
EE,HH,2023,1789.30362
EE,HH,2024,1978.14184
EL,HH,2023,11137.77816
EL,HH,2024,11033.54509
ES,HH,2023,61503.67629
ES,HH,2024,61866.65221
EU27_2020,HH,2023,640609.47996
EU27_2020,HH,2024,644239.90853
FI,HH,2023,4793.36751
FI,HH,2024,4906.92423
FR,HH,2023,93469.36521
FR,HH,2024,93084.52488
HR,HH,2023,5883.44451
HR,HH,2024,6167.22715
HU,HH,2023,13893.52597
HU,HH,2024,13806.3036
IE,HH,2023,10648.21196
IE,HH,2024,10866.97208
IS,HH,2023,554.27727
IS,HH,2024,413.37685
IT,HH,2023,96761.55408
IT,HH,2024,99018.89262
LT,HH,2023,4230.29179
LT,HH,2024,4437.40826
LU,HH,2023,1592.6
LU,HH,2024,1540.14712
LV,HH,2023,1527.33725
LV,HH,2024,1467.39751
MT,HH,2023,325.47654
MT,HH,2024,326.9981
NL,HH,2023,25429.77994
NL,HH,2024,25251.52571
NO,HH,2023,3803.40435
NO,HH,2024,3574.27656
PL,HH,2023,47995.90837
PL,HH,2024,45214.94399
PT,HH,2023,5568.0
PT,HH,2024,5475.43242
RO,HH,2023,19999.84129
RO,HH,2024,25793.07461
RS,HH,2023,8843.31822
SE,HH,2023,6975.20505
SE,HH,2024,7839.10046
SI,HH,2023,3251.99843
SI,HH,2024,3419.99866
SK,HH,2023,6467.53563
SK,HH,2024,6368.6289
TR,HH,2023,107061.294
AT,HH_HEAT,2023,4923.84511
AT,HH_HEAT,2024,4611.49404
BE,HH_HEAT,2023,12275.82926
BE,HH_HEAT,2024,12551.97421
BG,HH_HEAT,2023,252.1041
BG,HH_HEAT,2024,254.99534
CH,HH_HEAT,2023,6069.00386
CY,HH_HEAT,2023,267.2878
CY,HH_HEAT,2024,267.48743
CZ,HH_HEAT,2023,5602.71332
CZ,HH_HEAT,2024,5640.22608
DE,HH_HEAT,2023,75518.4183
DE,HH_HEAT,2024,74048.51059
DK,HH_HEAT,2023,1038.81103
DK,HH_HEAT,2024,954.57675
EE,HH_HEAT,2023,152.25848
EE,HH_HEAT,2024,197.1221
EL,HH_HEAT,2023,3594.67036
EL,HH_HEAT,2024,3624.00753
ES,HH_HEAT,2023,13272.46133
ES,HH_HEAT,2024,12589.56382
EU27_2020,HH_HEAT,2023,245779.02687
EU27_2020,HH_HEAT,2024,243646.23807
FI,HH_HEAT,2023,233.44531
FI,HH_HEAT,2024,207.90507
FR,HH_HEAT,2023,29266.32597
FR,HH_HEAT,2024,28902.98285
HR,HH_HEAT,2023,974.44252
HR,HH_HEAT,2024,1028.89763
HU,HH_HEAT,2023,6189.05403
HU,HH_HEAT,2024,6146.20607
IE,HH_HEAT,2023,5228.10954
IE,HH_HEAT,2024,5495.602
IS,HH_HEAT,2023,1.85473
IS,HH_HEAT,2024,0.55559
IT,HH_HEAT,2023,36505.80399
IT,HH_HEAT,2024,36563.2304
LT,HH_HEAT,2023,747.43201
LT,HH_HEAT,2024,1034.7699
LU,HH_HEAT,2023,904.5
LU,HH_HEAT,2024,867.05989
LV,HH_HEAT,2023,370.33943
LV,HH_HEAT,2024,384.25672
MT,HH_HEAT,2023,29.52306
MT,HH_HEAT,2024,28.56818
NL,HH_HEAT,2023,11489.30177
NL,HH_HEAT,2024,11832.12253
NO,HH_HEAT,2023,43.93466
NO,HH_HEAT,2024,41.45725
PL,HH_HEAT,2023,27578.45723
PL,HH_HEAT,2024,25658.67825
PT,HH_HEAT,2023,1287.6
PT,HH_HEAT,2024,1263.25408
RO,HH_HEAT,2023,4831.89183
RO,HH_HEAT,2024,6232.148
RS,HH_HEAT,2023,1728.18113
SE,HH_HEAT,2023,184.45881
SE,HH_HEAT,2024,207.30446
SI,HH_HEAT,2023,564.20858
SI,HH_HEAT,2024,579.41402
SK,HH_HEAT,2023,2495.73372
SK,HH_HEAT,2024,2473.88016
TR,HH_HEAT,2023,40539.779
AT,HH_OTH,2023,88.23137
AT,HH_OTH,2024,82.6794
BE,HH_OTH,2023,195.38232
BE,HH_OTH,2024,199.79697
BG,HH_OTH,2023,14.81354
BG,HH_OTH,2024,14.98343
CH,HH_OTH,2023,53.4709
CY,HH_OTH,2023,2.19412
CY,HH_OTH,2024,2.19576
CZ,HH_OTH,2023,0.0
CZ,HH_OTH,2024,0.0
DE,HH_OTH,2023,842.53548
DE,HH_OTH,2024,826.29666
DK,HH_OTH,2023,64.44823
DK,HH_OTH,2024,59.22231
EE,HH_OTH,2023,16.21566
EE,HH_OTH,2024,20.95915
EL,HH_OTH,2023,0.0
EL,HH_OTH,2024,0.0
ES,HH_OTH,2023,0.0
ES,HH_OTH,2024,0.0
EU27_2020,HH_OTH,2023,5181.1628
EU27_2020,HH_OTH,2024,5591.62969
FI,HH_OTH,2023,151.29069
FI,HH_OTH,2024,136.23861
FR,HH_OTH,2023,1011.63282
FR,HH_OTH,2024,1039.59978
HR,HH_OTH,2023,283.427
HR,HH_OTH,2024,299.10939
HU,HH_OTH,2023,57.56965
HU,HH_OTH,2024,57.16661
IE,HH_OTH,2023,59.60668
IE,HH_OTH,2024,59.07075
IS,HH_OTH,2023,3.33897
IS,HH_OTH,2024,3.47555
IT,HH_OTH,2023,355.4203
IT,HH_OTH,2024,353.99448
LT,HH_OTH,2023,4.0909
LT,HH_OTH,2024,5.64713
LU,HH_OTH,2023,1.9
LU,HH_OTH,2024,1.82112
LV,HH_OTH,2023,20.68274
LV,HH_OTH,2024,21.30768
MT,HH_OTH,2023,0.0
MT,HH_OTH,2024,0.0
NL,HH_OTH,2023,368.24126
NL,HH_OTH,2024,372.79297
NO,HH_OTH,2023,287.76258
NO,HH_OTH,2024,252.5688
PL,HH_OTH,2023,139.47226
PL,HH_OTH,2024,129.79902
PT,HH_OTH,2023,72.5
PT,HH_OTH,2024,71.17357
RO,HH_OTH,2023,1397.66717
RO,HH_OTH,2024,1800.09084
RS,HH_OTH,2023,0.0
SE,HH_OTH,2023,30.57488
SE,HH_OTH,2024,34.36165
SI,HH_OTH,2023,2.48932
SI,HH_OTH,2024,2.55596
SK,HH_OTH,2023,0.77643
SK,HH_OTH,2024,0.76645
TR,HH_OTH,2023,4430.151
AT,HH_TRA,2023,8934.74023
AT,HH_TRA,2024,8652.6471
BE,HH_TRA,2023,8172.51648
BE,HH_TRA,2024,8151.74709
BG,HH_TRA,2023,4937.78791
BG,HH_TRA,2024,5143.60767
CH,HH_TRA,2023,8644.83898
CY,HH_TRA,2023,1314.19216
CY,HH_TRA,2024,1315.18887
CZ,HH_TRA,2023,3760.40034
CZ,HH_TRA,2024,4079.01749
DE,HH_TRA,2023,84264.25904
DE,HH_TRA,2024,83021.55672
DK,HH_TRA,2023,4894.76821
DK,HH_TRA,2024,4497.86519
EE,HH_TRA,2023,1620.82949
EE,HH_TRA,2024,1760.0606
EL,HH_TRA,2023,7543.1078
EL,HH_TRA,2024,7409.53756
ES,HH_TRA,2023,48231.21496
ES,HH_TRA,2024,49277.08839
EU27_2020,HH_TRA,2023,389649.29029
EU27_2020,HH_TRA,2024,395002.04078
FI,HH_TRA,2023,4408.63151
FI,HH_TRA,2024,4562.78055
FR,HH_TRA,2023,63191.40642
FR,HH_TRA,2024,63141.94225
HR,HH_TRA,2023,4625.575
HR,HH_TRA,2024,4839.22013
HU,HH_TRA,2023,7646.90229
HU,HH_TRA,2024,7602.93092
IE,HH_TRA,2023,5360.49574
IE,HH_TRA,2024,5312.29933
IS,HH_TRA,2023,549.08357
IS,HH_TRA,2024,409.34571
IT,HH_TRA,2023,59900.3298
IT,HH_TRA,2024,62101.66774
LT,HH_TRA,2023,3478.76889
LT,HH_TRA,2024,3396.99124
LU,HH_TRA,2023,686.2
LU,HH_TRA,2024,671.26611
LV,HH_TRA,2023,1136.31508
LV,HH_TRA,2024,1061.83311
MT,HH_TRA,2023,295.95348
MT,HH_TRA,2024,298.42993
NL,HH_TRA,2023,13572.23691
NL,HH_TRA,2024,13046.61021
NO,HH_TRA,2023,3471.70711
NO,HH_TRA,2024,3280.25051
PL,HH_TRA,2023,20277.97888
PL,HH_TRA,2024,19426.46672
PT,HH_TRA,2023,4207.9
PT,HH_TRA,2024,4141.00477
RO,HH_TRA,2023,13770.2823
RO,HH_TRA,2024,17760.83577
RS,HH_TRA,2023,7115.13709
SE,HH_TRA,2023,6760.17137
SE,HH_TRA,2024,7597.43436
SI,HH_TRA,2023,2685.30052
SI,HH_TRA,2024,2838.02868
SK,HH_TRA,2023,3971.02548
SK,HH_TRA,2024,3893.98229
TR,HH_TRA,2023,62091.364
AT,I,2023,162.96736
AT,I,2024,154.08666
BE,I,2023,519.91652
BE,I,2024,530.67759
BG,I,2023,59.17693
BG,I,2024,60.50351
CH,I,2023,464.23312
CY,I,2023,62.17337
CY,I,2024,62.21908
CZ,I,2023,61.21899
CZ,I,2024,62.15467
DE,I,2023,3717.76628
DE,I,2024,3648.7638
DK,I,2023,95.81051
DK,I,2024,94.35751
EE,I,2023,10.01685
EE,I,2024,12.51246
EL,I,2023,125.60611
EL,I,2024,125.60264
ES,I,2023,2305.41744
ES,I,2024,2364.83076
EU27_2020,I,2023,12719.22865
EU27_2020,I,2024,12780.57852
FI,I,2023,7.12909
FI,I,2024,6.46717
FR,I,2023,1825.70305
FR,I,2024,1813.06326
HR,I,2023,45.35988
HR,I,2024,47.79491
HU,I,2023,95.35941
HU,I,2024,94.71522
IE,I,2023,173.1761
IE,I,2024,171.61907
IS,I,2023,5.39242
IS,I,2024,5.04416
IT,I,2023,1435.30961
IT,I,2024,1531.74017
LT,I,2023,16.01028
LT,I,2024,20.0812
LU,I,2023,27.0
LU,I,2024,25.96168
LV,I,2023,11.24453
LV,I,2024,11.52233
MT,I,2023,40.85891
MT,I,2024,39.84896
NL,I,2023,838.49962
NL,I,2024,773.47842
NO,I,2023,43.65177
NO,I,2024,42.24912
PL,I,2023,276.03281
PL,I,2024,258.71983
PT,I,2023,328.3
PT,I,2024,322.62908
RO,I,2023,195.83014
RO,I,2024,252.58065
RS,I,2023,69.45403
SE,I,2023,59.12135
SE,I,2024,69.92766
SI,I,2023,86.45546
SI,I,2024,89.39241
SK,I,2023,137.76804
SK,I,2024,135.32782
TR,I,2023,2680.382
AT,J,2023,57.99048
AT,J,2024,54.933
BE,J,2023,400.78978
BE,J,2024,408.49253
BG,J,2023,24.53894
BG,J,2024,25.09171
CH,J,2023,133.79995
CY,J,2023,10.29358
CY,J,2024,10.30107
CZ,J,2023,99.10167
CZ,J,2024,100.00115
DE,J,2023,1651.05902
DE,J,2024,1620.40494
DK,J,2023,62.77042
DK,J,2024,59.49106
EE,J,2023,8.821
EE,J,2024,10.92356
EL,J,2023,40.76025
EL,J,2024,40.94725
ES,J,2023,197.11801
ES,J,2024,201.82458
EU27_2020,J,2023,5838.29026
EU27_2020,J,2024,5888.10503
FI,J,2023,7.72786
FI,J,2024,7.0849
FR,J,2023,843.22235
FR,J,2024,849.34319
HR,J,2023,84.45469
HR,J,2024,88.87236
HU,J,2023,202.15733
HU,J,2024,200.79467
IE,J,2023,62.17716
IE,J,2024,61.61812
IS,J,2023,3.02654
IS,J,2024,2.96755
IT,J,2023,225.88706
IT,J,2024,239.25236
LT,J,2023,39.02469
LT,J,2024,47.58693
LU,J,2023,30.8
LU,J,2024,29.58066
LV,J,2023,13.00076
LV,J,2024,13.31592
MT,J,2023,17.06905
MT,J,2024,16.67427
NL,J,2023,144.3128
NL,J,2024,139.07871
NO,J,2023,12.69254
NO,J,2024,13.10864
PL,J,2023,1049.51837
PL,J,2024,987.53651
PT,J,2023,59.5
PT,J,2024,58.58614
RO,J,2023,344.44804
RO,J,2024,444.26723
RS,J,2023,89.68011
SE,J,2023,66.91171
SE,J,2024,77.5626
SI,J,2023,42.65128
SI,J,2024,44.09736
SK,J,2023,52.18395
SK,J,2024,50.44226
TR,J,2023,212.866
AT,J58,2023,5.62006
AT,J58,2024,5.37249
BE,J58,2023,43.31848
BE,J58,2024,44.00759
BG,J58,2023,1.60026
BG,J58,2024,1.65146
CH,J58,2023,12.02611
CY,J58,2023,0.83887
CY,J58,2024,0.83947
CZ,J58,2023,6.61652
CZ,J58,2024,6.72561
DE,J58,2023,147.1153
DE,J58,2024,144.55408
DK,J58,2023,5.59943
DK,J58,2024,5.30689
EE,J58,2023,0.4501
EE,J58,2024,0.53417
EL,J58,2023,1.21989
EL,J58,2024,1.20934
ES,J58,2023,18.81143
ES,J58,2024,19.27274
EU27_2020,J58,2023,526.74455
EU27_2020,J58,2024,536.76017
FI,J58,2023,3.01893
FI,J58,2024,2.8237
FR,J58,2023,102.13042
FR,J58,2024,102.56823
HR,J58,2023,12.80724
HR,J58,2024,13.45664
HU,J58,2023,16.84519
HU,J58,2024,16.73605
IE,J58,2023,6.71816
IE,J58,2024,6.65775
IS,J58,2023,0.17321
IS,J58,2024,0.14992
IT,J58,2023,14.93368
IT,J58,2024,15.68539
LT,J58,2023,1.69851
LT,J58,2024,1.85535
LU,J58,2023,2.9
LU,J58,2024,2.80302
LV,J58,2023,0.5506
LV,J58,2024,0.55144
MT,J58,2023,1.14781
MT,J58,2024,1.13257
NL,J58,2023,13.56513
NL,J58,2024,11.53782
NO,J58,2023,2.66078
NO,J58,2024,2.92452
PL,J58,2023,49.66859
PL,J58,2024,47.14286
PT,J58,2023,8.1
PT,J58,2024,7.99507
RO,J58,2023,48.20817
RO,J58,2024,62.17863
RS,J58,2023,6.00001
SE,J58,2023,5.86939
SE,J58,2024,6.92675
SI,J58,2023,2.79086
SI,J58,2024,2.91134
SK,J58,2023,4.60155
SK,J58,2024,4.32372
TR,J58,2023,27.028
AT,J59_J60,2023,4.56029
AT,J59_J60,2024,4.35613
BE,J59_J60,2023,70.99625
BE,J59_J60,2024,72.22283
BG,J59_J60,2023,3.55294
BG,J59_J60,2024,3.6631
CH,J59_J60,2023,19.11231
CY,J59_J60,2023,1.13385
CY,J59_J60,2024,1.13467
CZ,J59_J60,2023,7.54999
CZ,J59_J60,2024,7.72278
DE,J59_J60,2023,105.57059
DE,J59_J60,2024,103.76857
DK,J59_J60,2023,20.86297
DK,J59_J60,2024,19.77301
EE,J59_J60,2023,1.92835
EE,J59_J60,2024,2.29756
EL,J59_J60,2023,0.22474
EL,J59_J60,2024,0.22292
ES,J59_J60,2023,29.11603
ES,J59_J60,2024,29.81583
EU27_2020,J59_J60,2023,1001.20607
EU27_2020,J59_J60,2024,1039.86524
FI,J59_J60,2023,1.24242
FI,J59_J60,2024,1.1496
FR,J59_J60,2023,97.96229
FR,J59_J60,2024,97.38743
HR,J59_J60,2023,41.05937
HR,J59_J60,2024,43.1504
HU,J59_J60,2023,14.60101
HU,J59_J60,2024,14.50642
IE,J59_J60,2023,8.111
IE,J59_J60,2024,8.03807
IS,J59_J60,2023,1.56052
IS,J59_J60,2024,1.52672
IT,J59_J60,2023,24.82622
IT,J59_J60,2024,26.07588
LT,J59_J60,2023,5.69599
LT,J59_J60,2024,6.35674
LU,J59_J60,2023,0.8
LU,J59_J60,2024,0.77291
LV,J59_J60,2023,1.26888
LV,J59_J60,2024,1.27332
MT,J59_J60,2023,2.51683
MT,J59_J60,2024,2.48114
NL,J59_J60,2023,16.11797
NL,J59_J60,2024,15.59224
NO,J59_J60,2023,2.11179
NO,J59_J60,2024,2.20088
PL,J59_J60,2023,328.61955
PL,J59_J60,2024,311.17341
PT,J59_J60,2023,9.5
PT,J59_J60,2024,9.36182
RO,J59_J60,2023,178.6432
RO,J59_J60,2024,230.41303
RS,J59_J60,2023,11.85918
SE,J59_J60,2023,13.20737
SE,J59_J60,2024,15.56569
SI,J59_J60,2023,6.28867
SI,J59_J60,2024,6.55591
SK,J59_J60,2023,5.2493
SK,J59_J60,2024,5.03382
TR,J59_J60,2023,28.703
AT,J61,2023,5.54416
AT,J61,2024,5.19246
BE,J61,2023,24.5437
BE,J61,2024,25.10629
BG,J61,2023,5.64993
BG,J61,2024,5.71472
CH,J61,2023,20.10084
CY,J61,2023,2.87844
CY,J61,2024,2.88052
CZ,J61,2023,27.90654
CZ,J61,2024,27.85982
DE,J61,2023,371.29169
DE,J61,2024,364.15159
DK,J61,2023,15.51119
DK,J61,2024,14.70083
EE,J61,2023,1.64674
EE,J61,2024,2.13195
EL,J61,2023,26.10445
EL,J61,2024,26.31749
ES,J61,2023,79.98005
ES,J61,2024,81.9213
EU27_2020,J61,2023,1357.47319
EU27_2020,J61,2024,1362.45363
FI,J61,2023,2.68047
FI,J61,2024,2.39441
FR,J61,2023,252.38524
FR,J61,2024,257.07958
HR,J61,2023,17.78085
HR,J61,2024,18.77451
HU,J61,2023,47.5199
HU,J61,2024,47.19164
IE,J61,2023,26.26327
IE,J61,2024,26.02713
IS,J61,2023,0.4891
IS,J61,2024,0.4931
IT,J61,2023,24.10883
IT,J61,2024,24.07165
LT,J61,2023,6.54332
LT,J61,2024,8.7251
LU,J61,2023,19.3
LU,J61,2024,18.50111
LV,J61,2023,4.04268
LV,J61,2024,4.19214
MT,J61,2023,3.14905
MT,J61,2024,3.0472
NL,J61,2023,39.55853
NL,J61,2024,36.86895
NO,J61,2023,0.0
NO,J61,2024,0.0
PL,J61,2023,238.14214
PL,J61,2024,222.31591
PT,J61,2023,16.5
PT,J61,2024,16.23246
RO,J61,2023,69.38851
RO,J61,2024,89.49693
RS,J61,2023,18.96631
SE,J61,2023,10.36679
SE,J61,2024,12.60725
SI,J61,2023,14.34563
SI,J61,2024,14.73225
SK,J61,2023,4.34109
SK,J61,2024,4.21843
TR,J61,2023,70.699
AT,J62_J63,2023,42.26597
AT,J62_J63,2024,40.01192
BE,J62_J63,2023,261.93136
BE,J62_J63,2024,267.15583
BG,J62_J63,2023,13.7358
BG,J62_J63,2024,14.06243
CH,J62_J63,2023,82.56069
CY,J62_J63,2023,5.44242
CY,J62_J63,2024,5.44641
CZ,J62_J63,2023,57.02862
CZ,J62_J63,2024,57.69293
DE,J62_J63,2023,1027.08144
DE,J62_J63,2024,1007.9307
DK,J62_J63,2023,20.79683
DK,J62_J63,2024,19.71033
EE,J62_J63,2023,4.79581
EE,J62_J63,2024,5.95987
EL,J62_J63,2023,13.21117
EL,J62_J63,2024,13.19749
ES,J62_J63,2023,69.2105
ES,J62_J63,2024,70.81472
EU27_2020,J62_J63,2023,2952.86645
EU27_2020,J62_J63,2024,2949.02599
FI,J62_J63,2023,0.78605
FI,J62_J63,2024,0.71719
FR,J62_J63,2023,390.7444
FR,J62_J63,2024,392.30795
HR,J62_J63,2023,12.80724
HR,J62_J63,2024,13.49081
HU,J62_J63,2023,123.19122
HU,J62_J63,2024,122.36056
IE,J62_J63,2023,21.08474
IE,J62_J63,2024,20.89517
IS,J62_J63,2023,0.80371
IS,J62_J63,2024,0.79781
IT,J62_J63,2023,162.01833
IT,J62_J63,2024,173.41945
LT,J62_J63,2023,25.08688
LT,J62_J63,2024,30.64973
LU,J62_J63,2023,7.8
LU,J62_J63,2024,7.50361
LV,J62_J63,2023,7.13861
LV,J62_J63,2024,7.29902
MT,J62_J63,2023,10.25535
MT,J62_J63,2024,10.01336
NL,J62_J63,2023,75.07116
NL,J62_J63,2024,75.0797
NO,J62_J63,2023,7.91997
NO,J62_J63,2024,7.98324
PL,J62_J63,2023,433.08808
PL,J62_J63,2024,406.90433
PT,J62_J63,2023,25.4
PT,J62_J63,2024,24.99679
RO,J62_J63,2023,48.20817
RO,J62_J63,2024,62.17863
RS,J62_J63,2023,52.85461
SE,J62_J63,2023,37.46816
SE,J62_J63,2024,42.4629
SI,J62_J63,2023,19.22612
SI,J62_J63,2024,19.89786
SK,J62_J63,2023,37.99201
SK,J62_J63,2024,36.86629
TR,J62_J63,2023,86.436
AT,K,2023,67.84938
AT,K,2024,64.80488
BE,K,2023,346.50216
BE,K,2024,352.39845
BG,K,2023,30.54855
BG,K,2024,31.4629
CH,K,2023,196.72077
CY,K,2023,10.10712
CY,K,2024,10.11445
CZ,K,2023,40.38715
CZ,K,2024,41.28725
DE,K,2023,1102.90304
DE,K,2024,1083.91191
DK,K,2023,45.13852
DK,K,2024,43.53124
EE,K,2023,4.60178
EE,K,2024,5.53252
EL,K,2023,12.32434
EL,K,2024,12.23087
ES,K,2023,243.98192
ES,K,2024,249.98434
EU27_2020,K,2023,5315.73353
EU27_2020,K,2024,5353.56796
FI,K,2023,174.62815
FI,K,2024,161.16336
FR,K,2023,925.74027
FR,K,2024,921.87227
HR,K,2023,54.96023
HR,K,2024,57.76696
HU,K,2023,146.84678
HU,K,2024,145.89037
IE,K,2023,47.9691
IE,K,2024,47.53781
IS,K,2023,3.66233
IS,K,2024,3.26882
IT,K,2023,453.45669
IT,K,2024,480.99332
LT,K,2023,22.23017
LT,K,2024,24.8516
LU,K,2023,183.3
LU,K,2024,176.93166
LV,K,2023,4.59768
LV,K,2024,4.61683
MT,K,2023,0.91253
MT,K,2024,0.89763
NL,K,2023,305.31885
NL,K,2024,290.22468
NO,K,2023,0.27337
NO,K,2024,0.28788
PL,K,2023,607.06602
PL,K,2024,573.74706
PT,K,2023,51.2
PT,K,2024,50.44731
RO,K,2023,254.17598
RO,K,2024,327.8348
RS,K,2023,125.52334
SE,K,2023,90.1535
SE,K,2024,103.84198
SI,K,2023,50.486
SI,K,2024,52.56622
SK,K,2023,38.34764
SK,K,2024,37.12529
TR,K,2023,410.758
AT,K64,2023,45.72509
AT,K64,2024,43.59044
BE,K64,2023,62.01888
BE,K64,2024,63.17007
BG,K64,2023,23.24144
BG,K64,2024,23.923
CY,K64,2023,6.00463
CY,K64,2024,6.00898
CZ,K64,2023,21.63376
CZ,K64,2024,22.16673
DE,K64,2023,647.27489
DE,K64,2024,636.12799
DK,K64,2023,36.44175
DK,K64,2024,35.14414
EE,K64,2023,3.88705
EE,K64,2024,4.67842
EL,K64,2023,1.87234
EL,K64,2024,1.86005
ES,K64,2023,115.8877
ES,K64,2024,118.80554
EU27_2020,K64,2023,3143.98874
EU27_2020,K64,2024,3161.48804
FI,K64,2023,133.59611
FI,K64,2024,122.77913
FR,K64,2023,609.43388
FR,K64,2024,605.67141
HR,K64,2023,35.59921
HR,K64,2024,37.43269
HU,K64,2023,110.6866
HU,K64,2024,109.96362
IE,K64,2023,27.76988
IE,K64,2024,27.5202
IS,K64,2023,2.95917
IS,K64,2024,2.72243
IT,K64,2023,226.48782
IT,K64,2024,244.13125
LT,K64,2023,8.78477
LT,K64,2024,10.09561
LU,K64,2023,74.1
LU,K64,2024,71.51191
LV,K64,2023,2.3154
LV,K64,2024,2.33516
MT,K64,2023,0.8227
MT,K64,2024,0.80914
NL,K64,2023,172.75682
NL,K64,2024,159.27883
NO,K64,2023,0.08322
NO,K64,2024,0.08363
PL,K64,2023,430.11582
PL,K64,2024,406.11643
PT,K64,2023,24.8
PT,K64,2024,24.40949
RO,K64,2023,165.75101
RO,K64,2024,213.78476
RS,K64,2023,105.39549
SE,K64,2023,81.64194
SE,K64,2024,94.03828
SI,K64,2023,42.53299
SI,K64,2024,44.26562
SK,K64,2023,32.80625
SK,K64,2024,31.86915
TR,K64,2023,248.254
AT,K65,2023,17.47896
AT,K65,2024,16.78331
BE,K65,2023,35.65316
BE,K65,2024,36.10601
BG,K65,2023,2.38006
BG,K65,2024,2.46377
CY,K65,2023,2.73822
CY,K65,2024,2.74022
CZ,K65,2023,4.89628
CZ,K65,2024,5.04626
DE,K65,2023,195.05397
DE,K65,2024,191.80578
DK,K65,2023,6.6382
DK,K65,2024,6.40183
EE,K65,2023,0.08476
EE,K65,2024,0.09815
EL,K65,2023,1.60075
EL,K65,2024,1.58171
ES,K65,2023,48.86097
ES,K65,2024,50.14194
EU27_2020,K65,2023,656.87744
EU27_2020,K65,2024,667.4005
FI,K65,2023,15.2349
FI,K65,2024,14.44071
FR,K65,2023,119.81441
FR,K65,2024,119.41106
HR,K65,2023,10.35981
HR,K65,2024,10.871
HU,K65,2023,13.48067
HU,K65,2024,13.39565
IE,K65,2023,6.11147
IE,K65,2024,6.05652
IS,K65,2023,0.58757
IS,K65,2024,0.38898
IT,K65,2023,3.37594
IT,K65,2024,3.7004
LT,K65,2023,4.84227
LT,K65,2024,5.11906
LU,K65,2023,0.0
LU,K65,2024,0.0
LV,K65,2023,0.85827
LV,K65,2024,0.84769
MT,K65,2023,0.00892
MT,K65,2024,0.00885
NL,K65,2023,77.39302
NL,K65,2024,77.08331
NO,K65,2023,0.0
NO,K65,2024,0.0
PL,K65,2023,17.28017
PL,K65,2024,16.44746
PT,K65,2023,17.7
PT,K65,2024,17.45667
RO,K65,2023,47.08089
RO,K65,2024,60.72468
RS,K65,2023,15.26204
SE,K65,2023,3.97159
SE,K65,2024,4.57452
SI,K65,2023,3.23893
SI,K65,2024,3.39203
SK,K65,2023,0.74084
SK,K65,2024,0.7019
TR,K65,2023,25.467
AT,K66,2023,4.64533
AT,K66,2024,4.43113
BE,K66,2023,248.83011
BE,K66,2024,253.12237
BG,K66,2023,4.92705
BG,K66,2024,5.07613
CH,K66,2023,0.0
CY,K66,2023,1.36427
CY,K66,2024,1.36525
CZ,K66,2023,13.85711
CZ,K66,2024,14.07426
DE,K66,2023,260.57418
DE,K66,2024,255.97814
DK,K66,2023,2.05857
DK,K66,2024,1.98527
EE,K66,2023,0.62997
EE,K66,2024,0.75596
EL,K66,2023,8.85125
EL,K66,2024,8.78911
ES,K66,2023,79.23325
ES,K66,2024,81.03686
EU27_2020,K66,2023,1514.86735
EU27_2020,K66,2024,1524.67942
FI,K66,2023,25.79715
FI,K66,2024,23.94351
FR,K66,2023,196.49197
FR,K66,2024,196.78981
HR,K66,2023,9.00121
HR,K66,2024,9.46326
HU,K66,2023,22.67951
HU,K66,2024,22.53111
IE,K66,2023,14.08776
IE,K66,2024,13.96109
IS,K66,2023,0.11559
IS,K66,2024,0.15741
IT,K66,2023,223.59293
IT,K66,2024,233.16166
LT,K66,2023,8.60313
LT,K66,2024,9.63693
LU,K66,2023,109.2
LU,K66,2024,105.41974
LV,K66,2023,1.424
LV,K66,2024,1.43397
MT,K66,2023,0.08092
MT,K66,2024,0.07964
NL,K66,2023,55.16901
NL,K66,2024,53.86254
NO,K66,2023,0.19015
NO,K66,2024,0.20425
PL,K66,2023,159.67002
PL,K66,2024,151.18318
PT,K66,2023,8.7
PT,K66,2024,8.58115
RO,K66,2023,41.34407
RO,K66,2024,53.32536
RS,K66,2023,4.86581
SE,K66,2023,4.53997
SE,K66,2024,5.22918
SI,K66,2023,4.71407
SI,K66,2024,4.90857
SK,K66,2023,4.80055
SK,K66,2024,4.55424
TR,K66,2023,137.037
AT,L,2023,55.0097
AT,L,2024,52.49427
BE,L,2023,179.5937
BE,L,2024,183.28835
BG,L,2023,63.61465
BG,L,2024,65.46446
CH,L,2023,134.38369
CY,L,2023,5.83067
CY,L,2024,5.8348
CZ,L,2023,133.55366
CZ,L,2024,137.5315
DE,L,2023,689.3619
DE,L,2024,678.40257
DK,L,2023,109.54486
DK,L,2024,107.60848
EE,L,2023,39.21532
EE,L,2024,46.96338
EL,L,2023,1.14361
EL,L,2024,1.13524
ES,L,2023,519.42045
ES,L,2024,532.05792
EU27_2020,L,2023,4913.6038
EU27_2020,L,2024,5084.03697
FI,L,2023,53.47099
FI,L,2024,48.76062
FR,L,2023,401.83733
FR,L,2024,404.35651
HR,L,2023,119.55382
HR,L,2024,125.67706
HU,L,2023,390.58268
HU,L,2024,388.07051
IE,L,2023,34.81501
IE,L,2024,34.50199
IS,L,2023,6.33828
IS,L,2024,6.92496
IT,L,2023,331.39167
IT,L,2024,355.65073
LT,L,2023,21.1792
LT,L,2024,24.22077
LU,L,2023,24.8
LU,L,2024,23.9467
LV,L,2023,112.14819
LV,L,2024,112.83198
MT,L,2023,7.97574
MT,L,2024,7.85332
NL,L,2023,206.72675
NL,L,2024,192.36897
NO,L,2023,76.94203
NO,L,2024,76.43258
PL,L,2023,469.51845
PL,L,2024,443.44689
PT,L,2023,13.0
PT,L,2024,12.78966
RO,L,2023,543.95664
RO,L,2024,701.59234
RS,L,2023,8.50852
SE,L,2023,144.11326
SE,L,2024,158.44433
SI,L,2023,30.95717
SI,L,2024,32.24532
SK,L,2023,211.28837
SK,L,2024,206.49832
TR,L,2023,522.756
BE,L68A,2023,0.0
BE,L68A,2024,0.0
BG,L68A,2023,63.61465
CY,L68A,2023,0.0
CY,L68A,2024,0.0
CZ,L68A,2023,0.0
CZ,L68A,2024,0.0
DE,L68A,2023,0.0
DE,L68A,2024,0.0
DK,L68A,2023,8.28722
EE,L68A,2023,0.0
EE,L68A,2024,0.0
EL,L68A,2023,0.00384
FI,L68A,2023,0.0
FI,L68A,2024,0.0
FR,L68A,2023,0.0
FR,L68A,2024,0.0
HU,L68A,2023,0.0
HU,L68A,2024,0.0
IE,L68A,2023,0.0
IE,L68A,2024,0.0
IS,L68A,2023,6.33828
IS,L68A,2024,6.92496
IT,L68A,2023,11.86519
IT,L68A,2024,0.0
LU,L68A,2023,0.0
LU,L68A,2024,0.0
LV,L68A,2023,0.0
LV,L68A,2024,0.0
MT,L68A,2023,0.0
MT,L68A,2024,0.0
NO,L68A,2023,76.94203
PL,L68A,2023,2.41157
PT,L68A,2023,0.0
PT,L68A,2024,0.0
RO,L68A,2023,0.0
RO,L68A,2024,0.0
SE,L68A,2023,0.0
SE,L68A,2024,0.0
SI,L68A,2023,0.0
SI,L68A,2024,0.0
SK,L68A,2023,211.28837
TR,L68A,2023,0.0
AT,M,2023,247.49345
AT,M,2024,236.35782
BE,M,2023,1413.01324
BE,M,2024,1439.46204
BG,M,2023,67.91787
BG,M,2024,69.75432
CH,M,2023,452.55234
CY,M,2023,19.88419
CY,M,2024,19.89871
CZ,M,2023,136.33135
CZ,M,2024,138.89524
DE,M,2023,7674.82581
DE,M,2024,7535.21982
DK,M,2023,146.55133
DK,M,2024,135.46049
EE,M,2023,31.81412
EE,M,2024,38.68098
EL,M,2023,175.84462
EL,M,2024,175.3392
ES,M,2023,684.57429
ES,M,2024,700.60775
EU27_2020,M,2023,17892.9983
EU27_2020,M,2024,17979.53345
FI,M,2023,11.66816
FI,M,2024,10.8422
FR,M,2023,2001.4721
FR,M,2024,1994.14792
HR,M,2023,149.27123
HR,M,2024,156.94008
HU,M,2023,265.99002
HU,M,2024,264.23762
IE,M,2023,170.58085
IE,M,2024,169.04715
IS,M,2023,5.04289
IS,M,2024,5.12263
IT,M,2023,1192.64794
IT,M,2024,1262.12472
LT,M,2023,44.03399
LT,M,2024,51.49138
LU,M,2023,26.8
LU,M,2024,25.8421
LV,M,2023,24.9346
LV,M,2024,25.19705
MT,M,2023,27.18514
MT,M,2024,26.61757
NL,M,2023,677.58784
NL,M,2024,639.8795
NO,M,2023,88.78837
NO,M,2024,90.46013
PL,M,2023,1043.95436
PL,M,2024,984.94538
PT,M,2023,140.8
PT,M,2024,138.57951
RO,M,2023,619.57596
RO,M,2024,799.09213
RS,M,2023,126.4454
SE,M,2023,251.6437
SE,M,2024,300.1844
SI,M,2023,164.64525
SI,M,2024,170.89989
SK,M,2023,481.95689
SK,M,2024,469.7885
TR,M,2023,715.659
AT,M69_M70,2023,59.70501
AT,M69_M70,2024,56.61381
BE,M69_M70,2023,886.60461
BE,M69_M70,2024,904.02546
BG,M69_M70,2023,21.39766
BG,M69_M70,2024,21.9374
CH,M69_M70,2023,222.30489
CY,M69_M70,2023,8.52538
CY,M69_M70,2024,8.53165
CZ,M69_M70,2023,34.79771
CZ,M69_M70,2024,35.42838
DE,M69_M70,2023,4310.44585
DE,M69_M70,2024,4231.28353
DK,M69_M70,2023,64.10672
DK,M69_M70,2024,59.25519
EE,M69_M70,2023,12.05904
EE,M69_M70,2024,14.88029
EL,M69_M70,2023,97.93655
EL,M69_M70,2024,97.70505
ES,M69_M70,2023,305.80183
ES,M69_M70,2024,313.05474
EU27_2020,M69_M70,2023,8627.20397
EU27_2020,M69_M70,2024,8617.72788
FI,M69_M70,2023,0.17986
FI,M69_M70,2024,0.16431
FR,M69_M70,2023,781.49932
FR,M69_M70,2024,778.9523
HR,M69_M70,2023,44.29179
HR,M69_M70,2024,46.6372
HU,M69_M70,2023,109.77013
HU,M69_M70,2024,109.03467
IE,M69_M70,2023,114.38751
IE,M69_M70,2024,113.35904
IS,M69_M70,2023,1.77998
IS,M69_M70,2024,1.61366
IT,M69_M70,2023,265.02011
IT,M69_M70,2024,284.75568
LT,M69_M70,2023,16.26246
LT,M69_M70,2024,19.78426
LU,M69_M70,2023,11.1
LU,M69_M70,2024,10.68538
LV,M69_M70,2023,5.16085
LV,M69_M70,2024,5.26268
MT,M69_M70,2023,17.23786
MT,M69_M70,2024,16.85789
NL,M69_M70,2023,311.34329
NL,M69_M70,2024,293.82686
NO,M69_M70,2023,8.84758
NO,M69_M70,2024,8.66826
PL,M69_M70,2023,358.93599
PL,M69_M70,2024,337.25762
PT,M69_M70,2023,58.2
PT,M69_M70,2024,57.22648
RO,M69_M70,2023,187.66125
RO,M69_M70,2024,242.04447
RS,M69_M70,2023,55.38379
SE,M69_M70,2023,105.36788
SE,M69_M70,2024,125.87581
SI,M69_M70,2023,57.53263
SI,M69_M70,2024,59.61846
SK,M69_M70,2023,381.87267
SK,M69_M70,2024,373.66925
TR,M69_M70,2023,282.77
AT,M71,2023,33.27174
AT,M71,2024,31.52581
BE,M71,2023,322.86052
BE,M71,2024,329.27046
BG,M71,2023,22.3891
BG,M71,2024,22.93889
CH,M71,2023,123.52853
CY,M71,2023,5.60814
CY,M71,2024,5.61224
CZ,M71,2023,63.2365
CZ,M71,2024,64.04632
DE,M71,2023,2295.92216
DE,M71,2024,2253.54036
DK,M71,2023,49.96211
DK,M71,2024,46.18103
EE,M71,2023,7.6002
EE,M71,2024,9.40852
EL,M71,2023,53.2972
EL,M71,2024,53.20295
ES,M71,2023,212.79627
ES,M71,2024,217.7425
EU27_2020,M71,2023,4862.05938
EU27_2020,M71,2024,4866.31693
FI,M71,2023,5.78019
FI,M71,2024,5.2784
FR,M71,2023,789.00544
FR,M71,2024,787.4548
HR,M71,2023,22.81795
HR,M71,2024,24.03059
HU,M71,2023,59.75667
HU,M71,2024,59.35525
IE,M71,2023,31.24893
IE,M71,2024,30.96797
IS,M71,2023,1.45173
IS,M71,2024,1.37522
IT,M71,2023,157.42545
IT,M71,2024,169.14864
LT,M71,2023,9.9441
LT,M71,2024,12.04582
LU,M71,2023,7.8
LU,M71,2024,7.50634
LV,M71,2023,9.67532
LV,M71,2024,9.87767
MT,M71,2023,5.59025
MT,M71,2024,5.46307
NL,M71,2023,102.51822
NL,M71,2024,100.30416
NO,M71,2023,40.27002
NO,M71,2024,40.68113
PL,M71,2023,261.91176
PL,M71,2024,246.24652
PT,M71,2023,41.4
PT,M71,2024,40.74683
RO,M71,2023,86.74119
RO,M71,2024,111.87832
RS,M71,2023,38.27564
SE,M71,2023,91.28321
SE,M71,2024,109.0486
SI,M71,2023,70.87177
SI,M71,2024,73.39901
SK,M71,2023,41.34499
SK,M71,2024,40.09587
TR,M71,2023,267.108
AT,M72,2023,4.4365
AT,M72,2024,4.25928
BE,M72,2023,103.98914
BE,M72,2024,105.28183
BG,M72,2023,1.98049
BG,M72,2024,2.05026
CH,M72,2023,56.34374
CY,M72,2023,0.10601
CY,M72,2024,0.10608
CZ,M72,2023,18.51375
CZ,M72,2024,19.11578
DE,M72,2023,318.93921
DE,M72,2024,313.55887
DK,M72,2023,4.81913
DK,M72,2024,4.45442
EE,M72,2023,1.05526
EE,M72,2024,1.22304
EL,M72,2023,2.34158
EL,M72,2024,2.31397
ES,M72,2023,30.44559
ES,M72,2024,31.22153
EU27_2020,M72,2023,1545.46671
EU27_2020,M72,2024,1570.9155
FI,M72,2023,3.9359
FI,M72,2024,3.74694
FR,M72,2023,160.59872
FR,M72,2024,158.97649
HR,M72,2023,9.47989
HR,M72,2024,9.94812
HU,M72,2023,36.70456
HU,M72,2024,36.47245
IE,M72,2023,12.79947
IE,M72,2024,12.68439
IS,M72,2023,0.20377
IS,M72,2024,0.20008
IT,M72,2023,563.26078
IT,M72,2024,593.84757
LT,M72,2023,1.84238
LT,M72,2024,1.95676
LU,M72,2023,1.6
LU,M72,2024,1.55086
LV,M72,2023,2.59085
LV,M72,2024,2.56016
MT,M72,2023,0.0092
MT,M72,2024,0.00913
NL,M72,2023,52.65581
NL,M72,2024,45.02191
NO,M72,2023,24.19572
NO,M72,2024,25.53226
PL,M72,2023,136.12278
PL,M72,2024,129.49204
PT,M72,2023,10.1
PT,M72,2024,9.95716
RO,M72,2023,40.84687
RO,M72,2024,52.68407
RS,M72,2023,12.48933
SE,M72,2023,8.25276
SE,M72,2024,9.82023
SI,M72,2023,15.00688
SI,M72,2024,15.71404
SK,M72,2023,3.0332
SK,M72,2024,2.8881
TR,M72,2023,7.552
AT,M73,2023,8.5617
AT,M73,2024,8.16772
BE,M73,2023,20.97965
BE,M73,2024,21.34377
BG,M73,2023,4.68217
BG,M73,2024,4.82387
CH,M73,2023,21.86905
CY,M73,2023,1.95326
CY,M73,2024,1.95467
CZ,M73,2023,7.86463
CZ,M73,2024,7.99579
DE,M73,2023,425.85322
DE,M73,2024,418.38005
DK,M73,2023,9.59087
DK,M73,2024,8.86505
EE,M73,2023,7.16592
EE,M73,2024,8.59485
EL,M73,2023,20.65628
EL,M73,2024,20.50973
ES,M73,2023,60.52648
ES,M73,2024,61.89673
EU27_2020,M73,2023,1279.64964
EU27_2020,M73,2024,1283.72973
FI,M73,2023,0.01947
FI,M73,2024,0.01805
FR,M73,2023,126.53701
FR,M73,2024,126.03814
HR,M73,2023,22.81795
HR,M73,2024,23.98861
HU,M73,2023,18.17238
HU,M73,2024,18.0536
IE,M73,2023,1.49658
IE,M73,2024,1.48313
IS,M73,2023,0.30528
IS,M73,2024,0.32011
IT,M73,2023,44.59059
IT,M73,2024,46.19183
LT,M73,2023,11.73169
LT,M73,2024,13.15267
LU,M73,2023,1.3
LU,M73,2024,1.25506
LV,M73,2023,3.79196
LV,M73,2024,3.81765
MT,M73,2023,3.16702
MT,M73,2024,3.11731
NL,M73,2023,110.46419
NL,M73,2024,102.11021
NO,M73,2023,3.98118
NO,M73,2024,4.25133
PL,M73,2023,220.22035
PL,M73,2024,208.4891
PT,M73,2023,8.2
PT,M73,2024,8.08656
RO,M73,2023,86.74119
RO,M73,2024,111.87832
RS,M73,2023,7.42244
SE,M73,2023,12.16807
SE,M73,2024,14.43244
SI,M73,2023,7.47854
SI,M73,2024,7.78774
SK,M73,2023,32.91847
SK,M73,2024,31.29709
TR,M73,2023,68.097
AT,M74_M75,2023,141.51851
AT,M74_M75,2024,135.7912
BE,M74_M75,2023,78.57932
BE,M74_M75,2024,79.54053
BG,M74_M75,2023,17.46846
BG,M74_M75,2024,18.00389
CH,M74_M75,2023,28.50614
CY,M74_M75,2023,3.6914
CY,M74_M75,2024,3.69407
CZ,M74_M75,2023,11.91875
CZ,M74_M75,2024,12.30897
DE,M74_M75,2023,323.66537
DE,M74_M75,2024,318.45701
DK,M74_M75,2023,18.0725
DK,M74_M75,2024,16.70479
EE,M74_M75,2023,3.9337
EE,M74_M75,2024,4.57428
EL,M74_M75,2023,1.61301
EL,M74_M75,2024,1.6075
ES,M74_M75,2023,75.00413
ES,M74_M75,2024,76.69226
EU27_2020,M74_M75,2023,1578.6186
EU27_2020,M74_M75,2024,1640.84341
FI,M74_M75,2023,1.75273
FI,M74_M75,2024,1.6345
FR,M74_M75,2023,143.83161
FR,M74_M75,2024,142.72619
HR,M74_M75,2023,49.86364
HR,M74_M75,2024,52.33556
HU,M74_M75,2023,41.58627
HU,M74_M75,2024,41.32164
IE,M74_M75,2023,10.64836
IE,M74_M75,2024,10.55262
IS,M74_M75,2023,1.30213
IS,M74_M75,2024,1.61355
IT,M74_M75,2023,162.35102
IT,M74_M75,2024,168.18101
LT,M74_M75,2023,4.25337
LT,M74_M75,2024,4.55186
LU,M74_M75,2023,5.0
LU,M74_M75,2024,4.84445
LV,M74_M75,2023,3.71561
LV,M74_M75,2024,3.67888
MT,M74_M75,2023,1.1808
MT,M74_M75,2024,1.17017
NL,M74_M75,2023,100.60632
NL,M74_M75,2024,98.61635
NO,M74_M75,2023,11.49388
NO,M74_M75,2024,11.32714
PL,M74_M75,2023,66.76349
PL,M74_M75,2024,63.46009
PT,M74_M75,2023,22.9
PT,M74_M75,2024,22.56247
RO,M74_M75,2023,217.58546
RO,M74_M75,2024,280.60696
RS,M74_M75,2023,12.87421
SE,M74_M75,2023,34.57178
SE,M74_M75,2024,41.00732
SI,M74_M75,2023,13.75543
SI,M74_M75,2024,14.38066
SK,M74_M75,2023,22.78756
SK,M74_M75,2024,21.83819
TR,M74_M75,2023,90.132
AT,N,2023,521.64655
AT,N,2024,501.52008
BE,N,2023,1465.79247
BE,N,2024,1479.32388
BG,N,2023,94.68908
BG,N,2024,97.87613
CH,N,2023,289.13888
CY,N,2023,33.16478
CY,N,2024,33.1895
CZ,N,2023,382.45616
CZ,N,2024,400.59004
DE,N,2023,5325.05161
DE,N,2024,5230.48085
DK,N,2023,252.98138
DK,N,2024,250.00958
EE,N,2023,89.30097
EE,N,2024,102.93706
EL,N,2023,49.33434
EL,N,2024,48.79936
ES,N,2023,821.20459
ES,N,2024,840.05831
EU27_2020,N,2023,24858.21181
EU27_2020,N,2024,24756.86
FI,N,2023,209.98552
FI,N,2024,195.62433
FR,N,2023,7834.72144
FR,N,2024,7663.70108
HR,N,2023,118.4794
HR,N,2024,124.41492
HU,N,2023,806.82377
HU,N,2024,801.99904
IE,N,2023,109.87921
IE,N,2024,108.89128
IS,N,2023,13.27015
IS,N,2024,18.28871
IT,N,2023,1137.08226
IT,N,2024,1209.11167
LT,N,2023,72.70956
LT,N,2024,82.3593
LU,N,2023,33.2
LU,N,2024,32.26816
LV,N,2023,48.68417
LV,N,2024,48.22948
MT,N,2023,23.16962
MT,N,2024,23.14314
NL,N,2023,2455.89372
NL,N,2024,2355.44938
NO,N,2023,200.80444
NO,N,2024,197.24281
PL,N,2023,1340.12125
PL,N,2024,1269.6561
PT,N,2023,265.6
PT,N,2024,261.3628
RO,N,2023,441.74462
RO,N,2024,569.75982
RS,N,2023,128.27535
SE,N,2023,429.47069
SE,N,2024,535.82309
SI,N,2023,95.28942
SI,N,2024,99.40494
SK,N,2023,399.73521
SK,N,2024,390.87667
TR,N,2023,673.519
AT,N77,2023,309.35605
AT,N77,2024,299.45545
BE,N77,2023,739.38553
BE,N77,2024,739.43194
BG,N77,2023,42.83385
BG,N77,2024,44.57857
CH,N77,2023,20.33943
CY,N77,2023,16.13436
CY,N77,2024,16.14657
CZ,N77,2023,181.27787
CZ,N77,2024,195.48226
DE,N77,2023,230.14461
DE,N77,2024,226.67791
DK,N77,2023,28.60438
DK,N77,2024,28.26836
EE,N77,2023,50.69864
EE,N77,2024,55.70373
EL,N77,2023,8.54059
EL,N77,2024,8.391
ES,N77,2023,135.26024
ES,N77,2024,138.37058
EU27_2020,N77,2023,10284.16583
EU27_2020,N77,2024,10180.29618
FI,N77,2023,15.00888
FI,N77,2024,15.24215
FR,N77,2023,6044.91009
FR,N77,2024,5897.02019
HR,N77,2023,14.43508
HR,N77,2024,15.10737
HU,N77,2023,653.5885
HU,N77,2024,649.77383
IE,N77,2023,56.84786
IE,N77,2024,56.33674
IS,N77,2023,0.51949
IS,N77,2024,1.12797
IT,N77,2023,133.18712
IT,N77,2024,141.62397
LT,N77,2023,19.92186
LT,N77,2024,19.69847
LU,N77,2023,20.8
LU,N77,2024,20.31541
LV,N77,2023,17.77459
LV,N77,2024,16.82235
MT,N77,2023,16.05054
MT,N77,2024,16.13374
NL,N77,2023,459.38505
NL,N77,2024,437.72618
NO,N77,2023,60.91731
NO,N77,2024,57.98376
PL,N77,2023,427.03576
PL,N77,2024,408.96064
PT,N77,2023,83.5
PT,N77,2024,82.17008
RO,N77,2023,60.48888
RO,N77,2024,78.01824
RS,N77,2023,30.39686
SE,N77,2023,232.57551
SE,N77,2024,290.23502
SI,N77,2023,27.70999
SI,N77,2024,29.24506
SK,N77,2023,258.70999
SK,N77,2024,253.36038
TR,N77,2023,84.774
AT,N78,2023,14.83753
AT,N78,2024,14.18227
BE,N78,2023,155.95951
BE,N78,2024,158.51962
BG,N78,2023,2.49743
BG,N78,2024,2.57661
CH,N78,2023,54.70028
CY,N78,2023,0.88051
CY,N78,2024,0.88114
CZ,N78,2023,30.0077
CZ,N78,2024,30.54301
DE,N78,2023,1519.16897
DE,N78,2024,1493.01522
DK,N78,2023,10.9344
DK,N78,2024,10.80596
EE,N78,2023,2.45351
EE,N78,2024,2.9136
EL,N78,2023,0.51316
EL,N78,2024,0.50877
ES,N78,2023,10.09211
ES,N78,2024,10.32664
EU27_2020,N78,2023,3387.673
EU27_2020,N78,2024,3322.6322
FI,N78,2023,2.49253
FI,N78,2024,2.32074
FR,N78,2023,319.13855
FR,N78,2024,315.47163
HR,N78,2023,22.81795
HR,N78,2024,23.97574
HU,N78,2023,34.76179
HU,N78,2024,34.53685
IE,N78,2023,9.4942
IE,N78,2024,9.40884
IS,N78,2023,0.15511
IS,N78,2024,0.15987
IT,N78,2023,23.90133
IT,N78,2024,25.41538
LT,N78,2023,5.17185
LT,N78,2024,5.6718
LU,N78,2023,0.9
LU,N78,2024,0.86984
LV,N78,2023,0.93262
LV,N78,2024,0.93432
MT,N78,2023,0.8273
MT,N78,2024,0.81619
NL,N78,2023,912.50765
NL,N78,2024,850.23825
NO,N78,2023,10.51565
NO,N78,2024,11.42461
PL,N78,2023,181.94468
PL,N78,2024,172.61561
PT,N78,2023,7.5
PT,N78,2024,7.40047
RO,N78,2023,86.74119
RO,N78,2024,111.87832
RS,N78,2023,13.17342
SE,N78,2023,23.11789
SE,N78,2024,28.84755
SI,N78,2023,3.34951
SI,N78,2024,3.49375
SK,N78,2023,4.72913
SK,N78,2024,4.46407
TR,N78,2023,45.066
AT,N79,2023,30.99124
AT,N79,2024,29.88217
BE,N79,2023,8.78546
BE,N79,2024,8.85172
BG,N79,2023,6.18235
BG,N79,2024,6.41817
CH,N79,2023,14.16928
CY,N79,2023,2.05233
CY,N79,2024,2.05385
CZ,N79,2023,4.03453
CZ,N79,2024,4.22488
DE,N79,2023,130.37272
DE,N79,2024,128.28746
DK,N79,2023,2.58031
DK,N79,2024,2.54999
EE,N79,2023,0.90097
EE,N79,2024,1.01682
EL,N79,2023,21.72067
EL,N79,2024,21.39827
ES,N79,2023,22.32188
ES,N79,2024,22.81736
EU27_2020,N79,2023,1030.8768
EU27_2020,N79,2024,1057.93105
FI,N79,2023,31.61135
FI,N79,2024,30.78113
FR,N79,2023,33.93593
FR,N79,2024,33.6025
HR,N79,2023,36.93457
HR,N79,2024,38.70613
HU,N79,2023,10.21091
HU,N79,2024,10.14858
IE,N79,2023,1.72685
IE,N79,2024,1.71132
IS,N79,2023,6.47664
IS,N79,2024,10.38193
IT,N79,2023,35.19428
IT,N79,2024,37.42369
LT,N79,2023,1.77462
LT,N79,2024,1.81024
LU,N79,2023,0.8
LU,N79,2024,0.77819
LV,N79,2023,0.82726
LV,N79,2024,0.80253
MT,N79,2023,1.72886
MT,N79,2024,1.72642
NL,N79,2023,451.65596
NL,N79,2024,447.52348
NO,N79,2023,8.28676
NO,N79,2024,8.63891
PL,N79,2023,33.53208
PL,N79,2024,32.02245
PT,N79,2023,36.4
PT,N79,2024,35.87729
RO,N79,2023,106.99779
RO,N79,2024,138.00518
RS,N79,2023,4.17211
SE,N79,2023,8.3311
SE,N79,2024,10.28713
SI,N79,2023,3.89339
SI,N79,2024,4.0933
SK,N79,2023,5.37937
SK,N79,2024,5.13082
TR,N79,2023,207.056
AT,N80-N82,2023,166.46173
AT,N80-N82,2024,158.00019
BE,N80-N82,2023,561.66196
BE,N80-N82,2024,572.5206
BG,N80-N82,2023,43.17545
BG,N80-N82,2024,44.30278
CH,N80-N82,2023,199.92989
CY,N80-N82,2023,14.09758
CY,N80-N82,2024,14.10794
CZ,N80-N82,2023,167.13606
CZ,N80-N82,2024,170.33989
DE,N80-N82,2023,3445.36532
DE,N80-N82,2024,3382.50026
DK,N80-N82,2023,210.86229
DK,N80-N82,2024,208.38527
EE,N80-N82,2023,35.24785
EE,N80-N82,2024,43.30291
EL,N80-N82,2023,18.55992
EL,N80-N82,2024,18.50131
ES,N80-N82,2023,653.53036
ES,N80-N82,2024,668.54373
EU27_2020,N80-N82,2023,10155.49617
EU27_2020,N80-N82,2024,10196.00056
FI,N80-N82,2023,160.87276
FI,N80-N82,2024,147.28031
FR,N80-N82,2023,1436.73688
FR,N80-N82,2024,1417.60675
HR,N80-N82,2023,44.29179
HR,N80-N82,2024,46.62568
HU,N80-N82,2023,108.26256
HU,N80-N82,2024,107.53977
IE,N80-N82,2023,41.8103
IE,N80-N82,2024,41.43438
IS,N80-N82,2023,6.1189
IS,N80-N82,2024,6.61893
IT,N80-N82,2023,944.79953
IT,N80-N82,2024,1004.64863
LT,N80-N82,2023,45.84123
LT,N80-N82,2024,55.1788
LU,N80-N82,2023,10.7
LU,N80-N82,2024,10.30472
LV,N80-N82,2023,29.1497
LV,N80-N82,2024,29.67028
MT,N80-N82,2023,4.56292
MT,N80-N82,2024,4.46678
NL,N80-N82,2023,632.34506
NL,N80-N82,2024,619.96147
NO,N80-N82,2023,121.08473
NO,N80-N82,2024,119.19552
PL,N80-N82,2023,697.60874
PL,N80-N82,2024,656.0574
PT,N80-N82,2023,138.2
PT,N80-N82,2024,135.91496
RO,N80-N82,2023,187.51675
RO,N80-N82,2024,241.8581
RS,N80-N82,2023,80.53295
SE,N80-N82,2023,165.44618
SE,N80-N82,2024,206.4534
SI,N80-N82,2023,60.33653
SI,N80-N82,2024,62.57283
SK,N80-N82,2023,130.91672
SK,N80-N82,2024,127.92141
TR,N80-N82,2023,336.623
AT,O,2023,488.84209
AT,O,2024,466.81965
BE,O,2023,1753.00578
BE,O,2024,1783.27792
BG,O,2023,131.59156
BG,O,2024,133.89194
CH,O,2023,975.69903
CY,O,2023,47.89468
CY,O,2024,47.92848
CZ,O,2023,189.21866
CZ,O,2024,192.33606
DE,O,2023,4442.53223
DE,O,2024,4401.35473
DK,O,2023,421.04039
DK,O,2024,429.24198
EE,O,2023,16.32028
EE,O,2024,20.43311
EL,O,2023,495.78331
EL,O,2024,554.46916
ES,O,2023,2146.43112
ES,O,2024,2187.70725
EU27_2020,O,2023,22213.38276
EU27_2020,O,2024,22344.44883
FI,O,2023,371.1541
FI,O,2024,335.98703
FR,O,2023,4636.2
FR,O,2024,4671.63344
HR,O,2023,76.0742
HR,O,2024,80.16855
HU,O,2023,663.05926
HU,O,2024,658.88672
IE,O,2023,455.57005
IE,O,2024,451.474
IS,O,2023,12.54315
IS,O,2024,11.45984
IT,O,2023,1887.28952
IT,O,2024,2030.62125
LT,O,2023,105.93976
LT,O,2024,118.76215
LU,O,2023,38.2
LU,O,2024,36.72644
LV,O,2023,94.76885
LV,O,2024,96.41131
MT,O,2023,11.77285
MT,O,2024,7.08451
NL,O,2023,892.39967
NL,O,2024,748.46755
NO,O,2023,301.53699
NO,O,2024,318.29218
PL,O,2023,1577.42098
PL,O,2024,1477.16732
PT,O,2023,396.20703
PT,O,2024,390.14268
RO,O,2023,485.62505
RO,O,2024,626.35657
RS,O,2023,129.92684
SE,O,2023,90.70481
SE,O,2024,100.57197
SI,O,2023,58.35953
SI,O,2024,59.81483
SK,O,2023,239.97703
SK,O,2024,236.71224
TR,O,2023,2128.157
AT,P,2023,93.68531
AT,P,2024,89.45574
BE,P,2023,715.99499
BE,P,2024,728.76772
BG,P,2023,39.21806
BG,P,2024,40.41616
CH,P,2023,45.21745
CY,P,2023,6.39834
CY,P,2024,6.40299
CZ,P,2023,92.12932
CZ,P,2024,94.88145
DE,P,2023,3986.04278
DE,P,2024,3918.4441
DK,P,2023,115.69419
DK,P,2024,113.03195
EE,P,2023,7.19581
EE,P,2024,8.59094
EL,P,2023,21.21452
EL,P,2024,21.04937
ES,P,2023,528.13503
ES,P,2024,541.18839
EU27_2020,P,2023,12407.36844
EU27_2020,P,2024,12358.95883
FI,P,2023,130.75896
FI,P,2024,120.50043
FR,P,2023,3433.9306
FR,P,2024,3391.66735
HR,P,2023,72.05458
HR,P,2024,75.73238
HU,P,2023,144.52033
HU,P,2024,143.58375
IE,P,2023,246.40899
IE,P,2024,244.19352
IS,P,2023,1.34826
IS,P,2024,1.5473
IT,P,2023,895.65356
IT,P,2024,926.37926
LT,P,2023,43.44736
LT,P,2024,49.34144
LU,P,2023,11.6
LU,P,2024,11.20466
LV,P,2023,14.09275
LV,P,2024,14.15674
MT,P,2023,2.74021
MT,P,2024,2.70008
NL,P,2023,488.10204
NL,P,2024,451.07151
NO,P,2023,44.65237
NO,P,2024,44.3637
PL,P,2023,763.99965
PL,P,2024,722.0361
PT,P,2023,55.4
PT,P,2024,54.51191
RO,P,2023,274.371
RO,P,2024,353.88224
RS,P,2023,121.48188
SE,P,2023,71.37594
SE,P,2024,81.73343
SI,P,2023,69.69595
SI,P,2024,72.63335
SK,P,2023,83.50818
SK,P,2024,81.40188
TR,P,2023,1238.305
AT,Q,2023,152.39143
AT,Q,2024,144.06797
BE,Q,2023,1660.76848
BE,Q,2024,1691.78809
BG,Q,2023,38.42201
BG,Q,2024,39.20433
CH,Q,2023,591.4377
CY,Q,2023,9.64285
CY,Q,2024,9.6499
CZ,Q,2023,253.22445
CZ,Q,2024,256.67716
DE,Q,2023,7307.66477
DE,Q,2024,7176.44437
DK,Q,2023,158.67828
DK,Q,2024,153.22745
EE,Q,2023,5.856
EE,Q,2024,7.25548
EL,Q,2023,19.38118
EL,Q,2024,19.41522
ES,Q,2023,1182.24432
ES,Q,2024,1212.12945
EU27_2020,Q,2023,24105.38513
EU27_2020,Q,2024,24148.57361
FI,Q,2023,199.73541
FI,Q,2024,182.89808
FR,Q,2023,4919.92544
FR,Q,2024,4886.73262
HR,Q,2023,83.82528
HR,Q,2024,88.18103
HU,Q,2023,189.46388
HU,Q,2024,188.18467
IE,Q,2023,333.23537
IE,Q,2024,330.23924
IS,Q,2023,2.07381
IS,Q,2024,1.41896
IT,Q,2023,3956.18738
IT,Q,2024,4152.67694
LT,Q,2023,41.27529
LT,Q,2024,50.63295
LU,Q,2023,40.7
LU,Q,2024,39.24528
LV,Q,2023,42.73888
LV,Q,2024,43.77122
MT,Q,2023,12.92814
MT,Q,2024,12.64195
NL,Q,2023,1116.60544
NL,Q,2024,1030.79112
NO,Q,2023,39.38499
NO,Q,2024,37.38554
PL,Q,2023,1157.09518
PL,Q,2024,1084.94399
PT,Q,2023,413.2
PT,Q,2024,406.47602
RO,Q,2023,366.67768
RO,Q,2024,472.87163
RS,Q,2023,132.01775
SE,Q,2023,236.10256
SE,Q,2024,261.71886
SI,Q,2023,64.69923
SI,Q,2024,66.93499
SK,Q,2023,142.71618
SK,Q,2024,139.77361
TR,Q,2023,984.639
AT,Q86,2023,131.65016
AT,Q86,2024,124.24909
BE,Q86,2023,1257.03781
BE,Q86,2024,1282.41285
BG,Q86,2023,33.73136
BG,Q86,2024,34.38895
CH,Q86,2023,322.7232
CY,Q86,2023,7.07211
CY,Q86,2024,7.0773
CZ,Q86,2023,214.48174
CZ,Q86,2024,216.86911
DE,Q86,2023,4276.93569
DE,Q86,2024,4196.75682
DK,Q86,2023,83.87809
DK,Q86,2024,80.99675
EE,Q86,2023,4.18938
EE,Q86,2024,5.27249
EL,Q86,2023,4.03335
EL,Q86,2024,4.05045
ES,Q86,2023,556.31661
ES,Q86,2024,569.79487
EU27_2020,Q86,2023,14472.49348
EU27_2020,Q86,2024,14518.00733
FI,Q86,2023,78.69944
FI,Q86,2024,71.1752
FR,Q86,2023,2123.51698
FR,Q86,2024,2114.43455
HR,Q86,2023,28.3898
HR,Q86,2024,29.92668
HU,Q86,2023,144.38523
HU,Q86,2024,143.40112
IE,Q86,2023,154.75409
IE,Q86,2024,153.36269
IS,Q86,2023,1.80888
IS,Q86,2024,1.04899
IT,Q86,2023,3298.61236
IT,Q86,2024,3463.97441
LT,Q86,2023,29.34156
LT,Q86,2024,37.24779
LU,Q86,2023,15.3
LU,Q86,2024,14.70168
LV,Q86,2023,36.96189
LV,Q86,2024,37.97806
MT,Q86,2023,8.18771
MT,Q86,2024,7.97041
NL,Q86,2023,474.21547
NL,Q86,2024,438.1695
NO,Q86,2023,29.32508
NO,Q86,2024,27.96672
PL,Q86,2023,1022.28142
PL,Q86,2024,957.37832
PT,Q86,2023,132.8
PT,Q86,2024,130.5199
RO,Q86,2023,118.92034
RO,Q86,2024,153.37226
RS,Q86,2023,105.67418
SE,Q86,2023,52.39913
SE,Q86,2024,59.41182
SI,Q86,2023,46.75014
SI,Q86,2024,48.24836
SK,Q86,2023,137.65165
SK,Q86,2024,134.86591
TR,Q86,2023,859.292
AT,Q87_Q88,2023,20.74127
AT,Q87_Q88,2024,19.81888
BE,Q87_Q88,2023,403.73067
BE,Q87_Q88,2024,409.37524
BG,Q87_Q88,2023,4.69066
BG,Q87_Q88,2024,4.81538
CH,Q87_Q88,2023,268.7145
CY,Q87_Q88,2023,2.57074
CY,Q87_Q88,2024,2.5726
CZ,Q87_Q88,2023,38.74271
CZ,Q87_Q88,2024,39.80805
DE,Q87_Q88,2023,3030.72908
DE,Q87_Q88,2024,2979.68755
DK,Q87_Q88,2023,74.8002
DK,Q87_Q88,2024,72.2307
EE,Q87_Q88,2023,1.66662
EE,Q87_Q88,2024,1.98299
EL,Q87_Q88,2023,15.34783
EL,Q87_Q88,2024,15.36477
ES,Q87_Q88,2023,625.92771
ES,Q87_Q88,2024,642.33458
EU27_2020,Q87_Q88,2023,9632.89165
EU27_2020,Q87_Q88,2024,9630.56628
FI,Q87_Q88,2023,121.03597
FI,Q87_Q88,2024,111.72288
FR,Q87_Q88,2023,2796.40847
FR,Q87_Q88,2024,2772.29807
HR,Q87_Q88,2023,55.43548
HR,Q87_Q88,2024,58.25435
HU,Q87_Q88,2023,45.07865
HU,Q87_Q88,2024,44.78355
IE,Q87_Q88,2023,178.48128
IE,Q87_Q88,2024,176.87655
IS,Q87_Q88,2023,0.26493
IS,Q87_Q88,2024,0.36997
IT,Q87_Q88,2023,657.57503
IT,Q87_Q88,2024,688.70253
LT,Q87_Q88,2023,11.93373
LT,Q87_Q88,2024,13.38516
LU,Q87_Q88,2023,25.4
LU,Q87_Q88,2024,24.5436
LV,Q87_Q88,2023,5.777
LV,Q87_Q88,2024,5.79316
MT,Q87_Q88,2023,4.74043
MT,Q87_Q88,2024,4.67154
NL,Q87_Q88,2023,642.38998
NL,Q87_Q88,2024,592.62162
NO,Q87_Q88,2023,10.05991
NO,Q87_Q88,2024,9.41883
PL,Q87_Q88,2023,134.81375
PL,Q87_Q88,2024,127.56567
PT,Q87_Q88,2023,280.4
PT,Q87_Q88,2024,275.95611
RO,Q87_Q88,2023,247.75734
RO,Q87_Q88,2024,319.49937
RS,Q87_Q88,2023,26.34357
SE,Q87_Q88,2023,183.70343
SE,Q87_Q88,2024,202.30704
SI,Q87_Q88,2023,17.94909
SI,Q87_Q88,2024,18.68663
SK,Q87_Q88,2023,5.06453
SK,Q87_Q88,2024,4.90771
TR,Q87_Q88,2023,125.347
AT,R,2023,134.07254
AT,R,2024,127.31209
BE,R,2023,294.69223
BE,R,2024,300.47086
BG,R,2023,11.94987
BG,R,2024,12.25174
CH,R,2023,195.76427
CY,R,2023,8.72363
CY,R,2024,8.72985
CZ,R,2023,49.98218
CZ,R,2024,50.23281
DE,R,2023,485.5862
DE,R,2024,476.68337
DK,R,2023,75.0502
DK,R,2024,72.30537
EE,R,2023,7.99839
EE,R,2024,9.87794
EL,R,2023,33.92495
EL,R,2024,33.86445
ES,R,2023,503.59406
ES,R,2024,516.09169
EU27_2020,R,2023,4990.42471
EU27_2020,R,2024,5024.24963
FI,R,2023,105.36995
FI,R,2024,96.44898
FR,R,2023,1259.41765
FR,R,2024,1245.01864
HR,R,2023,26.31899
HR,R,2024,27.70173
HU,R,2023,57.99029
HU,R,2024,57.60294
IE,R,2023,138.49409
IE,R,2024,137.24889
IS,R,2023,1.94631
IS,R,2024,1.83625
IT,R,2023,617.99697
IT,R,2024,654.61089
LT,R,2023,15.80046
LT,R,2024,18.38859
LU,R,2023,10.6
LU,R,2024,10.20448
LV,R,2023,19.16985
LV,R,2024,19.57576
MT,R,2023,0.36223
MT,R,2024,0.35509
NL,R,2023,386.22686
NL,R,2024,358.0055
NO,R,2023,35.41583
NO,R,2024,38.79316
PL,R,2023,266.24124
PL,R,2024,251.24641
PT,R,2023,87.5
PT,R,2024,86.35829
RO,R,2023,110.38038
RO,R,2024,142.36802
RS,R,2023,34.12316
SE,R,2023,133.44001
SE,R,2024,165.45027
SI,R,2023,40.82653
SI,R,2024,42.30476
SK,R,2023,108.71495
SK,R,2024,103.54023
TR,R,2023,138.906
AT,R90-R92,2023,94.47727
AT,R90-R92,2024,89.86315
BE,R90-R92,2023,136.02095
BE,R90-R92,2024,138.56642
BG,R90-R92,2023,5.81407
BG,R90-R92,2024,5.97598
CH,R90-R92,2023,33.563
CY,R90-R92,2023,1.83859
CY,R90-R92,2024,1.83991
CZ,R90-R92,2023,22.5578
CZ,R90-R92,2024,22.83417
DE,R90-R92,2023,210.70609
DE,R90-R92,2024,206.93063
DK,R90-R92,2023,37.01044
DK,R90-R92,2024,35.65685
EE,R90-R92,2023,3.26572
EE,R90-R92,2024,3.97361
EL,R90-R92,2023,11.2687
EL,R90-R92,2024,11.21448
ES,R90-R92,2023,123.66805
ES,R90-R92,2024,126.54539
EU27_2020,R90-R92,2023,1994.86278
EU27_2020,R90-R92,2024,2018.43205
FI,R90-R92,2023,33.12779
FI,R90-R92,2024,30.49682
FR,R90-R92,2023,237.22396
FR,R90-R92,2024,234.44924
HR,R90-R92,2023,19.06719
HR,R90-R92,2024,20.06118
HU,R90-R92,2023,32.45276
HU,R90-R92,2024,32.23796
IE,R90-R92,2023,36.62972
IE,R90-R92,2024,36.30038
IS,R90-R92,2023,0.64278
IS,R90-R92,2024,0.7958
IT,R90-R92,2023,362.46093
IT,R90-R92,2024,383.93533
LT,R90-R92,2023,10.34496
LT,R90-R92,2024,11.91595
LU,R90-R92,2023,4.7
LU,R90-R92,2024,4.53071
LV,R90-R92,2023,4.31839
LV,R90-R92,2024,4.37633
MT,R90-R92,2023,0.31153
MT,R90-R92,2024,0.30563
NL,R90-R92,2023,189.38495
NL,R90-R92,2024,176.02954
NO,R90-R92,2023,7.87385
NO,R90-R92,2024,8.36107
PL,R90-R92,2023,151.06797
PL,R90-R92,2024,142.68326
PT,R90-R92,2023,21.4
PT,R90-R92,2024,21.09938
RO,R90-R92,2023,79.64125
RO,R90-R92,2024,102.72085
RS,R90-R92,2023,25.05069
SE,R90-R92,2023,49.14738
SE,R90-R92,2024,60.85765
SI,R90-R92,2023,17.75412
SI,R90-R92,2024,18.44308
SK,R90-R92,2023,99.20221
SK,R90-R92,2024,94.58815
TR,R90-R92,2023,37.54
AT,R93,2023,39.59527
AT,R93,2024,37.44894
BE,R93,2023,158.67128
BE,R93,2024,161.90445
BG,R93,2023,6.13579
BG,R93,2024,6.27576
CH,R93,2023,162.20127
CY,R93,2023,6.88504
CY,R93,2024,6.88993
CZ,R93,2023,27.42438
CZ,R93,2024,27.39864
DE,R93,2023,274.88011
DE,R93,2024,269.75274
DK,R93,2023,38.03976
DK,R93,2024,36.64852
EE,R93,2023,4.73267
EE,R93,2024,5.90433
EL,R93,2023,22.65625
EL,R93,2024,22.64997
ES,R93,2023,379.92602
ES,R93,2024,389.5463
EU27_2020,R93,2023,2995.56193
EU27_2020,R93,2024,3005.81758
FI,R93,2023,72.24216
FI,R93,2024,65.95216
FR,R93,2023,1022.19369
FR,R93,2024,1010.5694
HR,R93,2023,7.2518
HR,R93,2024,7.64055
HU,R93,2023,25.53753
HU,R93,2024,25.36498
IE,R93,2023,101.86437
IE,R93,2024,100.94851
IS,R93,2023,1.30353
IS,R93,2024,1.04046
IT,R93,2023,255.53604
IT,R93,2024,270.67556
LT,R93,2023,5.4555
LT,R93,2024,6.47265
LU,R93,2023,5.9
LU,R93,2024,5.67376
LV,R93,2023,14.85146
LV,R93,2024,15.19943
MT,R93,2023,0.0507
MT,R93,2024,0.04946
NL,R93,2023,196.84191
NL,R93,2024,181.97597
NO,R93,2023,27.54198
NO,R93,2024,30.43208
PL,R93,2023,115.17327
PL,R93,2024,108.56315
PT,R93,2023,66.1
PT,R93,2024,65.2589
RO,R93,2023,30.73913
RO,R93,2024,39.64717
RS,R93,2023,9.07247
SE,R93,2023,84.29263
SE,R93,2024,104.59262
SI,R93,2023,23.07241
SI,R93,2024,23.86168
SK,R93,2023,9.51274
SK,R93,2024,8.95208
TR,R93,2023,101.366
AT,S,2023,132.99748
AT,S,2024,127.25838
BE,S,2023,642.39754
BE,S,2024,651.5304
BG,S,2023,39.80505
BG,S,2024,41.12232
CH,S,2023,264.17984
CY,S,2023,18.80003
CY,S,2024,18.81374
CZ,S,2023,33.77034
CZ,S,2024,34.59442
DE,S,2023,1224.72921
DE,S,2024,1203.47567
DK,S,2023,60.73831
DK,S,2024,57.44632
EE,S,2023,11.69951
EE,S,2024,13.85709
EL,S,2023,33.92315
EL,S,2024,33.54241
ES,S,2023,687.24672
ES,S,2024,704.40534
EU27_2020,S,2023,6285.03545
EU27_2020,S,2024,6367.95893
FI,S,2023,124.37391
FI,S,2024,117.10521
FR,S,2023,936.63009
FR,S,2024,927.98865
HR,S,2023,87.63682
HR,S,2024,91.86094
HU,S,2023,103.01444
HU,S,2024,102.34989
IE,S,2023,139.75744
IE,S,2024,138.50087
IS,S,2023,1.66814
IS,S,2024,1.74581
IT,S,2023,550.25908
IT,S,2024,573.43914
LT,S,2023,18.02267
LT,S,2024,19.79321
LU,S,2023,5.74
LU,S,2024,5.54976
LV,S,2023,16.13869
LV,S,2024,16.14628
MT,S,2023,13.81473
MT,S,2024,13.64348
NL,S,2023,351.78469
NL,S,2024,327.80455
NO,S,2023,60.41129
NO,S,2024,61.66729
PL,S,2023,393.03666
PL,S,2024,373.20755
PT,S,2023,56.6
PT,S,2024,55.78837
RO,S,2023,360.59378
RO,S,2024,465.08337
RS,S,2023,38.94143
SE,S,2023,74.75011
SE,S,2024,89.75242
SI,S,2023,52.04309
SI,S,2024,54.32481
SK,S,2023,114.73191
SK,S,2024,109.57432
TR,S,2023,790.689
AT,S94,2023,73.04672
AT,S94,2024,69.99543
BE,S94,2023,149.03122
BE,S94,2024,151.08991
BG,S94,2023,20.79749
BG,S94,2024,21.50382
CH,S94,2023,138.87561
CY,S94,2023,2.60017
CY,S94,2024,2.60208
CZ,S94,2023,7.42964
CZ,S94,2024,7.64535
DE,S94,2023,615.86232
DE,S94,2024,605.22129
DK,S94,2023,16.8026
DK,S94,2024,15.8919
EE,S94,2023,2.08992
EE,S94,2024,2.44859
EL,S94,2023,25.76655
EL,S94,2024,25.49841
ES,S94,2023,97.97038
ES,S94,2024,100.40411
EU27_2020,S94,2023,1983.67658
EU27_2020,S94,2024,1965.17826
FI,S94,2023,81.64732
FI,S94,2024,77.32102
FR,S94,2023,235.90383
FR,S94,2024,234.02026
HR,S94,2023,9.54666
HR,S94,2024,10.02387
HU,S94,2023,34.71922
HU,S94,2024,34.49679
IE,S94,2023,21.93305
IE,S94,2024,21.73585
IS,S94,2023,0.73097
IS,S94,2024,0.70525
IT,S94,2023,78.44621
IT,S94,2024,81.75081
LT,S94,2023,4.81798
LT,S94,2024,5.2195
LU,S94,2023,2.1
LU,S94,2024,2.03281
LV,S94,2023,4.01386
LV,S94,2024,3.99178
MT,S94,2023,4.95535
MT,S94,2024,4.90427
NL,S94,2023,207.28765
NL,S94,2024,196.3869
NO,S94,2023,2.39808
NO,S94,2024,2.51118
PL,S94,2023,102.34645
PL,S94,2024,97.1752
PT,S94,2023,31.5
PT,S94,2024,31.04667
RO,S94,2023,39.63784
RO,S94,2024,51.12467
RS,S94,2023,14.77528
SE,S94,2023,9.38767
SE,S94,2024,11.61827
SI,S94,2023,6.91479
SI,S94,2024,7.22829
SK,S94,2023,97.12171
SK,S94,2024,92.8004
TR,S94,2023,158.829
AT,S95,2023,2.28711
AT,S95,2024,2.21132
BE,S95,2023,46.8323
BE,S95,2024,47.08519
BG,S95,2023,2.75991
BG,S95,2024,2.86793
CH,S95,2023,10.82351
CY,S95,2023,0.82894
CY,S95,2024,0.82954
CZ,S95,2023,2.163
CZ,S95,2024,2.27426
DE,S95,2023,33.29848
DE,S95,2024,32.82383
DK,S95,2023,15.54678
DK,S95,2024,14.70415
EE,S95,2023,0.85328
EE,S95,2024,0.94535
EL,S95,2023,5.57435
EL,S95,2024,5.48112
ES,S95,2023,73.64015
ES,S95,2024,75.26679
EU27_2020,S95,2023,860.27577
EU27_2020,S95,2024,935.66408
FI,S95,2023,0.02313
FI,S95,2024,0.02222
FR,S95,2023,141.02348
FR,S95,2024,140.33048
HR,S95,2023,59.35039
HR,S95,2024,62.13986
HU,S95,2023,8.30424
HU,S95,2024,8.25547
IE,S95,2023,5.10771
IE,S95,2024,5.06179
IS,S95,2023,0.24083
IS,S95,2024,0.14581
IT,S95,2023,96.78791
IT,S95,2024,100.86517
LT,S95,2023,1.59295
LT,S95,2024,1.57197
LU,S95,2023,0.14
LU,S95,2024,0.13656
LV,S95,2023,0.61731
LV,S95,2024,0.58995
MT,S95,2023,0.7461
MT,S95,2024,0.74843
NL,S95,2023,16.62492
NL,S95,2024,15.60102
NO,S95,2023,3.82384
NO,S95,2024,4.09662
PL,S95,2023,71.74932
PL,S95,2024,68.76744
PT,S95,2023,7.4
PT,S95,2024,7.29947
RO,S95,2023,243.68349
RO,S95,2024,314.30166
RS,S95,2023,6.31262
SE,S95,2023,10.27308
SE,S95,2024,12.27995
SI,S95,2023,7.94351
SI,S95,2024,8.37374
SK,S95,2023,5.12391
SK,S95,2024,4.82943
TR,S95,2023,183.111
AT,S96,2023,57.66365
AT,S96,2024,55.05163
BE,S96,2023,446.53402
BE,S96,2024,453.35531
BG,S96,2023,16.24765
BG,S96,2024,16.75056
CH,S96,2023,114.48072
CY,S96,2023,15.37092
CY,S96,2024,15.38211
CZ,S96,2023,24.1777
CZ,S96,2024,24.67481
DE,S96,2023,575.56841
DE,S96,2024,565.43055
DK,S96,2023,28.38893
DK,S96,2024,26.85027
EE,S96,2023,8.75631
EE,S96,2024,10.46315
EL,S96,2023,2.58224
EL,S96,2024,2.56288
ES,S96,2023,515.63618
ES,S96,2024,528.73444
EU27_2020,S96,2023,3441.0831
EU27_2020,S96,2024,3467.11659
FI,S96,2023,42.70345
FI,S96,2024,39.76197
FR,S96,2023,559.70279
FR,S96,2024,553.63792
HR,S96,2023,18.73977
HR,S96,2024,19.69721
HU,S96,2023,59.99098
HU,S96,2024,59.59764
IE,S96,2023,112.71668
IE,S96,2024,111.70324
IS,S96,2023,0.69634
IS,S96,2024,0.89475
IT,S96,2023,375.02497
IT,S96,2024,390.82317
LT,S96,2023,11.61174
LT,S96,2024,13.00174
LU,S96,2023,3.5
LU,S96,2024,3.38039
LV,S96,2023,11.50752
LV,S96,2024,11.56455
MT,S96,2023,8.11328
MT,S96,2024,7.99079
NL,S96,2023,127.87212
NL,S96,2024,115.81663
NO,S96,2023,54.18937
NO,S96,2024,55.05949
PL,S96,2023,218.94089
PL,S96,2024,207.26491
PT,S96,2023,17.7
PT,S96,2024,17.44222
RO,S96,2023,77.27245
RO,S96,2024,99.65704
RS,S96,2023,17.85353
SE,S96,2023,55.08935
SE,S96,2024,65.8542
SI,S96,2023,37.18479
SI,S96,2024,38.72278
SK,S96,2023,12.4863
SK,S96,2024,11.94449
TR,S96,2023,448.749
AT,T,2023,0.0
AT,T,2024,0.0
BE,T,2023,82.50598
BE,T,2024,90.52939
BG,T,2023,0.0
BG,T,2024,0.0
CH,T,2023,0.0
CY,T,2023,2.69988
CY,T,2024,2.70112
CZ,T,2023,0.0
CZ,T,2024,0.0
DE,T,2023,48.34888
DE,T,2024,48.90581
DK,T,2023,0.0
DK,T,2024,0.0
EE,T,2023,0.0
EE,T,2024,0.0
EL,T,2023,0.0
EL,T,2024,0.0
ES,T,2023,56.82002
ES,T,2024,58.05234
EU27_2020,T,2023,219.25754
EU27_2020,T,2024,230.32908
FI,T,2023,0.04733
FI,T,2024,0.04351
FR,T,2023,0.0
FR,T,2024,0.0
HR,T,2023,28.5511
HR,T,2024,29.86084
HU,T,2023,0.0
HU,T,2024,0.0
IE,T,2023,0.0
IE,T,2024,0.0
IS,T,2023,0.0
IS,T,2024,0.0
IT,T,2023,0.0
IT,T,2024,0.0
LT,T,2023,0.22362
LT,T,2024,0.17124
LU,T,2023,0.0
LU,T,2024,0.0
LV,T,2023,0.0
LV,T,2024,0.0
MT,T,2023,0.04173
MT,T,2024,0.04209
NL,T,2023,0.0
NL,T,2024,0.0
NO,T,2023,0.44239
NO,T,2024,0.82325
PL,T,2023,0.0
PL,T,2024,0.0
PT,T,2023,0.0
PT,T,2024,0.0
RO,T,2023,0.0
RO,T,2024,0.0
RS,T,2023,0.0
SE,T,2023,0.01901
SE,T,2024,0.02272
SI,T,2023,0.0
SI,T,2024,0.0
SK,T,2023,0.0
SK,T,2024,0.0
TR,T,2023,32.194
AT,TOTAL,2023,43133.15327
AT,TOTAL,2024,42665.6643
BE,TOTAL,2023,67139.84845
BE,TOTAL,2024,67899.71605
BG,TOTAL,2023,30848.22449
BG,TOTAL,2024,29593.64875
CH,TOTAL,2023,23374.36141
CY,TOTAL,2023,5677.62095
CY,TOTAL,2024,5681.91171
CZ,TOTAL,2023,66758.56712
CZ,TOTAL,2024,62522.81469
DE,TOTAL,2023,471223.77599
DE,TOTAL,2024,455442.40076
DK,TOTAL,2023,61677.47828
DK,TOTAL,2024,67044.74042
EE,TOTAL,2023,7886.65538
EE,TOTAL,2024,7499.49115
EL,TOTAL,2023,50621.72249
EL,TOTAL,2024,47657.46826
ES,TOTAL,2023,165026.8022
ES,TOTAL,2024,163465.93384
EU27_2020,TOTAL,2023,2085707.42009
EU27_2020,TOTAL,2024,2050885.40433
FI,TOTAL,2023,30464.82038
FI,TOTAL,2024,28302.04961
FR,TOTAL,2023,217823.83164
FR,TOTAL,2024,215867.19468
HR,TOTAL,2023,12948.5086
HR,TOTAL,2024,12055.8371
HU,TOTAL,2023,31726.87715
HU,TOTAL,2024,32289.34991
IE,TOTAL,2023,40783.70725
IE,TOTAL,2024,40102.52084
IS,TOTAL,2023,5498.70189
IS,TOTAL,2024,4707.44201
IT,TOTAL,2023,228617.29764
IT,TOTAL,2024,218987.24859
LT,TOTAL,2023,15489.55528
LT,TOTAL,2024,15789.28819
LU,TOTAL,2023,6904.859
LU,TOTAL,2024,6998.48141
LV,TOTAL,2023,6652.25075
LV,TOTAL,2024,6489.14291
MT,TOTAL,2023,4557.25199
MT,TOTAL,2024,6094.07437
NL,TOTAL,2023,114684.95955
NL,TOTAL,2024,115220.60157
NO,TOTAL,2023,54104.91296
NO,TOTAL,2024,50932.0747
PL,TOTAL,2023,257517.93457
PL,TOTAL,2024,244785.94605
PT,TOTAL,2023,31571.68663
PT,TOTAL,2024,29499.59591
RO,TOTAL,2023,50283.8512
RO,TOTAL,2024,62664.39052
RS,TOTAL,2023,42749.10886
SE,TOTAL,2023,32858.58047
SE,TOTAL,2024,35083.65827
SI,TOTAL,2023,8469.47771
SI,TOTAL,2024,8924.05629
SK,TOTAL,2023,24358.12167
SK,TOTAL,2024,22258.17816
TR,TOTAL,2023,352990.68576
AT,TOTAL_HH,2023,57079.96997
AT,TOTAL_HH,2024,56012.48484
BE,TOTAL_HH,2023,87783.57651
BE,TOTAL_HH,2024,88803.23432
BG,TOTAL_HH,2023,36052.93004
BG,TOTAL_HH,2024,35007.23519
CH,TOTAL_HH,2023,38141.67515
CY,TOTAL_HH,2023,7261.29504
CY,TOTAL_HH,2024,7266.78377
CZ,TOTAL_HH,2023,76121.68078
CZ,TOTAL_HH,2024,72242.05826
DE,TOTAL_HH,2023,631848.98881
DE,TOTAL_HH,2024,613338.76473
DK,TOTAL_HH,2023,67675.50575
DK,TOTAL_HH,2024,72556.40467
EE,TOTAL_HH,2023,9675.95901
EE,TOTAL_HH,2024,9477.633
EL,TOTAL_HH,2023,61759.50065
EL,TOTAL_HH,2024,58691.01335
ES,TOTAL_HH,2023,226530.47848
ES,TOTAL_HH,2024,225332.58605
EU27_2020,TOTAL_HH,2023,2726316.90005
EU27_2020,TOTAL_HH,2024,2695125.31286
FI,TOTAL_HH,2023,35258.18789
FI,TOTAL_HH,2024,33208.97385
FR,TOTAL_HH,2023,311293.19685
FR,TOTAL_HH,2024,308951.71956
HR,TOTAL_HH,2023,18831.95311
HR,TOTAL_HH,2024,18223.06424
HU,TOTAL_HH,2023,45620.40312
HU,TOTAL_HH,2024,46095.65351
IE,TOTAL_HH,2023,51431.91921
IE,TOTAL_HH,2024,50969.49292
IS,TOTAL_HH,2023,6052.97916
IS,TOTAL_HH,2024,5120.81886
IT,TOTAL_HH,2023,325378.85172
IT,TOTAL_HH,2024,318006.14121
LT,TOTAL_HH,2023,19719.84707
LT,TOTAL_HH,2024,20226.69645
LU,TOTAL_HH,2023,8497.459
LU,TOTAL_HH,2024,8538.62853
LV,TOTAL_HH,2023,8179.58801
LV,TOTAL_HH,2024,7956.54042
MT,TOTAL_HH,2023,4882.72853
MT,TOTAL_HH,2024,6421.07247
NL,TOTAL_HH,2023,140114.73949
NL,TOTAL_HH,2024,140472.12727
NO,TOTAL_HH,2023,57908.3173
NO,TOTAL_HH,2024,54506.35126
PL,TOTAL_HH,2023,305513.84294
PL,TOTAL_HH,2024,290000.89003
PT,TOTAL_HH,2023,37139.68663
PT,TOTAL_HH,2024,34975.02833
RO,TOTAL_HH,2023,70283.69249
RO,TOTAL_HH,2024,88457.46512
RS,TOTAL_HH,2023,51592.42708
SE,TOTAL_HH,2023,39833.78552
SE,TOTAL_HH,2024,42922.75874
SI,TOTAL_HH,2023,11721.47614
SI,TOTAL_HH,2024,12344.05495
SK,TOTAL_HH,2023,30825.65731
SK,TOTAL_HH,2024,28626.80706
TR,TOTAL_HH,2023,460051.97976
AT,U,2023,0.0
AT,U,2024,0.0
BE,U,2023,0.0
BE,U,2024,0.0
BG,U,2023,6.92461
BG,U,2024,6.92461
CH,U,2023,0.0
CY,U,2023,0.0
CY,U,2024,0.0
CZ,U,2023,0.0
CZ,U,2024,0.0
DE,U,2023,0.0
DE,U,2024,0.0
DK,U,2023,0.0
DK,U,2024,0.0
EE,U,2023,0.0
EE,U,2024,0.0
EL,U,2023,0.0
EL,U,2024,0.0
ES,U,2023,0.0
ES,U,2024,0.0
EU27_2020,U,2023,7.53653
EU27_2020,U,2024,7.26425
FI,U,2023,0.0
FI,U,2024,0.0
FR,U,2023,0.0
FR,U,2024,0.0
HR,U,2023,0.0
HR,U,2024,0.0
HU,U,2023,0.0
HU,U,2024,0.0
IE,U,2023,0.0
IE,U,2024,0.0
IS,U,2023,0.17714
IS,U,2024,0.10875
IT,U,2023,0.0
IT,U,2024,0.0
LT,U,2023,0.0
LT,U,2024,0.0
LU,U,2023,0.0
LU,U,2024,0.0
LV,U,2023,0.0
LV,U,2024,0.0
MT,U,2023,0.0
MT,U,2024,0.0
NL,U,2023,0.0
NL,U,2024,0.0
NO,U,2023,0.0
NO,U,2024,0.0
PL,U,2023,0.0
PL,U,2024,0.0
PT,U,2023,0.0
PT,U,2024,0.0
RO,U,2023,0.0
RO,U,2024,0.0
RS,U,2023,0.00203
SE,U,2023,0.28413
SE,U,2024,0.33963
SI,U,2023,0.0
SI,U,2024,0.0
SK,U,2023,0.32779
SK,U,2024,0.0
TR,U,2023,13.842
