geo,nace_r2,time,value
AT,A,2020,8394.07196
AT,A,2021,8461.38173
AT,A,2022,8411.20523
AT,A,2023,8270.81375
AT,A,2024,8542.95317
BE,A,2020,12679.52776
BE,A,2021,11967.16396
BE,A,2022,11252.87414
BE,A,2023,11477.22602
BE,A,2024,11910.75393
BG,A,2020,6343.27841
BG,A,2021,6578.6748
BG,A,2022,6321.10651
BG,A,2023,6374.74619
BG,A,2024,6229.41088
CH,A,2020,6960.23404
CH,A,2021,6972.55447
CH,A,2022,6828.00378
CH,A,2023,6839.27323
CY,A,2020,626.04529
CY,A,2021,637.34366
CY,A,2022,616.83761
CY,A,2023,610.12126
CY,A,2024,646.94447
CZ,A,2020,8951.26047
CZ,A,2021,9085.29499
CZ,A,2022,8714.33149
CZ,A,2023,8413.60989
CZ,A,2024,8481.26171
DE,A,2020,67625.8059
DE,A,2021,66170.54741
DE,A,2022,65152.88082
DE,A,2023,64204.2507
DE,A,2024,64901.61731
DK,A,2020,14492.83959
DK,A,2021,14290.87083
DK,A,2022,14036.01081
DK,A,2023,12881.66342
DK,A,2024,12845.03583
EE,A,2020,1737.04737
EE,A,2021,1723.53388
EE,A,2022,1738.38453
EE,A,2023,1668.08583
EE,A,2024,1711.12284
EL,A,2020,9754.75586
EL,A,2021,9444.9861
EL,A,2022,9072.87121
EL,A,2023,8929.10596
EL,A,2024,9075.35459
ES,A,2020,48117.04993
ES,A,2021,47930.20496
ES,A,2022,46491.07404
ES,A,2023,46065.4974
ES,A,2024,46431.02224
EU27_2020,A,2020,483234.34775
EU27_2020,A,2021,479507.25602
EU27_2020,A,2022,460191.64439
EU27_2020,A,2023,459062.57231
EU27_2020,A,2024,458633.53104
EU27_2020,A,2025,456116.598
FI,A,2020,7981.95017
FI,A,2021,7776.58349
FI,A,2022,7526.23346
FI,A,2023,7602.30551
FI,A,2024,7362.74678
FR,A,2020,83417.80401
FR,A,2021,82668.14137
FR,A,2022,79226.49077
FR,A,2023,78347.32979
FR,A,2024,77861.77256
HR,A,2020,3605.37833
HR,A,2021,3614.5883
HR,A,2022,3398.7175
HR,A,2023,3309.63351
HR,A,2024,3221.76785
HU,A,2020,9615.44064
HU,A,2021,9613.42467
HU,A,2022,8480.69497
HU,A,2023,8123.78314
HU,A,2024,8365.66888
IE,A,2020,21691.71762
IE,A,2021,22096.6021
IE,A,2022,21953.37167
IE,A,2023,20911.43427
IE,A,2024,20570.63507
IS,A,2020,1351.83857
IS,A,2021,1357.63349
IS,A,2022,1291.49938
IS,A,2023,1423.27252
IS,A,2024,1304.64896
IT,A,2020,42851.41923
IT,A,2021,42777.31204
IT,A,2022,40510.07218
IT,A,2023,41506.94864
IT,A,2024,41303.0631
LT,A,2020,4628.88357
LT,A,2021,4536.61764
LT,A,2022,4169.20738
LT,A,2023,4096.86411
LT,A,2024,4164.31972
LU,A,2020,791.45357
LU,A,2021,793.88054
LU,A,2022,741.6804
LU,A,2023,743.42703
LU,A,2024,806.12193
LV,A,2020,2920.5733
LV,A,2021,2908.53928
LV,A,2022,2952.55152
LV,A,2023,2811.19209
LV,A,2024,2833.6323
MT,A,2020,132.37871
MT,A,2021,135.03004
MT,A,2022,150.5078
MT,A,2023,144.52225
MT,A,2024,132.04253
NL,A,2020,29222.22855
NL,A,2021,29009.74919
NL,A,2022,26373.80648
NL,A,2023,26851.82772
NL,A,2024,26678.87918
NO,A,2020,6123.30538
NO,A,2021,6215.75067
NO,A,2022,6056.07575
NO,A,2023,6021.17326
NO,A,2024,6125.74649
PL,A,2020,55768.87085
PL,A,2021,55040.43941
PL,A,2022,52235.20478
PL,A,2023,55156.7674
PL,A,2024,53057.71024
PT,A,2020,9148.3629
PT,A,2021,9210.6694
PT,A,2022,8796.4667
PT,A,2023,8819.3646
PT,A,2024,9010.45261
RO,A,2020,20567.50777
RO,A,2021,21080.14693
RO,A,2022,20128.30425
RO,A,2023,19986.95525
RO,A,2024,20353.43202
RS,A,2020,6501.70747
RS,A,2021,5549.03724
RS,A,2022,5699.22765
RS,A,2023,5262.09354
SE,A,2020,8143.85527
SE,A,2021,8024.13874
SE,A,2022,7941.19958
SE,A,2023,7862.89494
SE,A,2024,8252.7912
SI,A,2020,1983.53063
SI,A,2021,1986.32976
SI,A,2022,1922.9543
SI,A,2023,1894.03929
SI,A,2024,2002.01117
SK,A,2020,2041.31011
SK,A,2021,1945.06078
SK,A,2022,1876.60426
SK,A,2023,1998.16236
SK,A,2024,1881.00694
TR,A,2020,87817.97494
TR,A,2021,86622.59199
TR,A,2022,82646.79871
TR,A,2023,82899.64482
AT,A01,2020,8274.76135
AT,A01,2021,8339.60951
AT,A01,2022,8290.49261
AT,A01,2023,8148.37605
AT,A01,2024,8425.13779
BE,A01,2020,12333.25573
BE,A01,2021,11571.23057
BE,A01,2022,10859.18513
BE,A01,2023,11079.69734
BE,A01,2024,11508.73198
BG,A01,2020,6286.29335
BG,A01,2021,6517.16271
BG,A01,2022,6284.55813
BG,A01,2023,6342.95691
BG,A01,2024,6196.79696
CH,A01,2020,6876.20828
CH,A01,2021,6884.64915
CH,A01,2022,6745.48503
CH,A01,2023,6764.29929
CY,A01,2020,618.94151
CY,A01,2021,630.13095
CY,A01,2022,609.41486
CY,A01,2023,602.35726
CY,A01,2024,639.165
CZ,A01,2020,8823.70472
CZ,A01,2021,8960.5079
CZ,A01,2022,8589.65285
CZ,A01,2023,8292.55664
CZ,A01,2024,8373.14589
DE,A01,2020,66808.33156
DE,A01,2021,65361.07852
DE,A01,2022,64379.03959
DE,A01,2023,63477.95849
DE,A01,2024,64185.02544
DK,A01,2020,14099.62982
DK,A01,2021,13834.10696
DK,A01,2022,13572.61548
DK,A01,2023,12415.77772
DK,A01,2024,12387.49845
EE,A01,2020,1632.56974
EE,A01,2021,1617.09732
EE,A01,2022,1633.00162
EE,A01,2023,1577.78871
EE,A01,2024,1608.36835
EL,A01,2020,9630.31463
EL,A01,2021,9349.37336
EL,A01,2022,8973.51942
EL,A01,2023,8830.62748
EL,A01,2024,8977.87992
ES,A01,2020,46288.28305
ES,A01,2021,46299.15105
ES,A01,2022,44949.80777
ES,A01,2023,44417.0452
ES,A01,2024,44743.3235
EU27_2020,A01,2020,472254.54163
EU27_2020,A01,2021,468643.05436
EU27_2020,A01,2022,449544.86587
EU27_2020,A01,2023,448568.80849
EU27_2020,A01,2024,448096.0275
FI,A01,2020,7403.03783
FI,A01,2021,7305.4727
FI,A01,2022,7045.23715
FI,A01,2023,7112.19176
FI,A01,2024,6904.29244
FR,A01,2020,81718.42745
FR,A01,2021,80901.47804
FR,A01,2022,77310.38619
FR,A01,2023,76720.51806
FR,A01,2024,76290.71197
HR,A01,2020,3416.35684
HR,A01,2021,3421.51609
HR,A01,2022,3197.9841
HR,A01,2023,3104.36325
HR,A01,2024,3013.79018
HU,A01,2020,9500.84633
HU,A01,2021,9493.35979
HU,A01,2022,8345.45717
HU,A01,2023,8002.77294
HU,A01,2024,8245.5928
IE,A01,2020,21555.11142
IE,A01,2021,21960.4973
IE,A01,2022,21819.84325
IE,A01,2023,20763.7472
IE,A01,2024,20424.6339
IS,A01,2020,760.09926
IS,A01,2021,759.16083
IS,A01,2022,744.04448
IS,A01,2023,741.1926
IS,A01,2024,704.61381
IT,A01,2020,42253.25494
IT,A01,2021,42190.48863
IT,A01,2022,39933.92001
IT,A01,2023,40943.97848
IT,A01,2024,40734.63264
LT,A01,2020,4459.31667
LT,A01,2021,4371.63784
LT,A01,2022,4069.70826
LT,A01,2023,3982.49226
LT,A01,2024,4034.95574
LU,A01,2020,786.9813
LU,A01,2021,790.7292
LU,A01,2022,741.6724
LU,A01,2023,740.5775
LU,A01,2024,803.34213
LV,A01,2020,2621.49896
LV,A01,2021,2648.01886
LV,A01,2022,2631.20077
LV,A01,2023,2493.39912
LV,A01,2024,2514.89349
MT,A01,2020,115.37932
MT,A01,2021,117.56715
MT,A01,2022,129.17679
MT,A01,2023,121.07452
MT,A01,2024,108.90058
NL,A01,2020,28629.85773
NL,A01,2021,28445.7818
NL,A01,2022,25908.51781
NL,A01,2023,26442.99208
NL,A01,2024,26273.22258
NO,A01,2020,5189.52141
NO,A01,2021,5249.71754
NO,A01,2022,5116.83688
NO,A01,2023,4928.46938
NO,A01,2024,5059.92133
PL,A01,2020,54654.89679
PL,A01,2021,53837.71864
PL,A01,2022,51035.66946
PL,A01,2023,53836.12821
PL,A01,2024,51844.75274
PT,A01,2020,8733.4176
PT,A01,2021,8786.8738
PT,A01,2022,8424.1481
PT,A01,2023,8432.0914
PT,A01,2024,8629.65773
RO,A01,2020,20412.19159
RO,A01,2021,20914.26158
RO,A01,2022,19957.35316
RO,A01,2023,19817.04804
RO,A01,2024,20158.64528
RS,A01,2020,6417.55176
RS,A01,2021,5475.83036
RS,A01,2022,5614.60295
RS,A01,2023,5180.17683
SE,A01,2020,7312.18245
SE,A01,2021,7193.56583
SE,A01,2022,7215.78636
SE,A01,2023,7127.30695
SE,A01,2024,7336.34284
SI,A01,2020,1956.72923
SI,A01,2021,1956.3289
SI,A01,2022,1888.88279
SI,A01,2023,1861.45022
SI,A01,2024,1968.16241
SK,A01,2020,1928.96971
SK,A01,2021,1828.30936
SK,A01,2022,1748.63464
SK,A01,2023,1881.5347
SK,A01,2024,1764.42476
TR,A01,2020,87370.51577
TR,A01,2021,86168.95308
TR,A01,2022,82198.88428
TR,A01,2023,82450.74701
AT,A02,2020,117.38498
AT,A02,2021,119.29367
AT,A02,2022,118.20351
AT,A02,2023,119.96446
AT,A02,2024,115.43154
BE,A02,2020,115.90345
BE,A02,2021,166.67778
BE,A02,2022,166.53505
BE,A02,2023,169.0229
BE,A02,2024,170.94119
BG,A02,2020,53.51872
BG,A02,2021,58.21833
BG,A02,2022,35.18581
BG,A02,2023,30.9136
BG,A02,2024,31.71527
CH,A02,2020,75.1777
CH,A02,2021,79.1233
CH,A02,2022,74.00395
CH,A02,2023,66.53543
CY,A02,2020,1.68604
CY,A02,2021,1.25596
CY,A02,2022,1.26176
CY,A02,2023,1.88021
CY,A02,2024,1.88152
CZ,A02,2020,40.97749
CZ,A02,2021,45.47617
CZ,A02,2022,49.838
CZ,A02,2023,50.48804
CZ,A02,2024,52.36916
DE,A02,2020,753.66234
DE,A02,2021,753.03418
DE,A02,2022,722.74792
DE,A02,2023,676.96095
DE,A02,2024,668.07142
DK,A02,2020,60.12424
DK,A02,2021,64.21808
DK,A02,2022,56.982
DK,A02,2023,73.46934
DK,A02,2024,72.16226
EE,A02,2020,24.92529
EE,A02,2021,31.92955
EE,A02,2022,26.3522
EE,A02,2023,28.68343
EE,A02,2024,32.74218
EL,A02,2020,1.5336
EL,A02,2021,0.31847
EL,A02,2022,7.00872
EL,A02,2023,1.70302
EL,A02,2024,1.68697
ES,A02,2020,224.21219
ES,A02,2021,235.57481
ES,A02,2022,236.37823
ES,A02,2023,236.65345
ES,A02,2024,242.89837
EU27_2020,A02,2020,4975.88934
EU27_2020,A02,2021,5141.43821
EU27_2020,A02,2022,5082.49097
EU27_2020,A02,2023,5187.10928
EU27_2020,A02,2024,5269.78735
FI,A02,2020,389.86281
FI,A02,2021,370.60552
FI,A02,2022,380.76323
FI,A02,2023,388.61121
FI,A02,2024,363.56686
FR,A02,2020,649.64504
FR,A02,2021,644.79786
FR,A02,2022,624.02979
FR,A02,2023,615.24108
FR,A02,2024,614.95689
HR,A02,2020,129.47822
HR,A02,2021,129.51692
HR,A02,2022,133.55449
HR,A02,2023,134.49202
HR,A02,2024,133.94365
HU,A02,2020,105.16537
HU,A02,2021,110.76593
HU,A02,2022,125.74059
HU,A02,2023,114.85195
HU,A02,2024,113.98125
IE,A02,2020,61.01264
IE,A02,2021,65.59787
IE,A02,2022,64.9454
IE,A02,2023,70.41899
IE,A02,2024,69.85595
IS,A02,2020,0.12696
IS,A02,2021,0.08415
IS,A02,2022,0.10949
IS,A02,2023,0.22522
IS,A02,2024,0.22864
IT,A02,2020,71.4101
IT,A02,2021,91.45085
IT,A02,2022,102.04979
IT,A02,2023,105.47367
IT,A02,2024,110.07383
LT,A02,2020,72.17182
LT,A02,2021,66.94457
LT,A02,2022,61.3235
LT,A02,2023,73.36402
LT,A02,2024,83.70143
LU,A02,2020,4.47227
LU,A02,2021,3.15134
LU,A02,2022,0.008
LU,A02,2023,2.84953
LU,A02,2024,2.77979
LV,A02,2020,275.17092
LV,A02,2021,239.17039
LV,A02,2022,287.0866
LV,A02,2023,294.00861
LV,A02,2024,294.87311
MT,A02,2020,0.0
MT,A02,2021,0.0
MT,A02,2022,0.0
MT,A02,2023,0.0
MT,A02,2024,0.0
NL,A02,2020,78.30204
NL,A02,2021,77.74734
NL,A02,2022,76.10997
NL,A02,2023,74.34019
NL,A02,2024,74.74833
NO,A02,2020,48.5008
NO,A02,2021,65.79698
NO,A02,2022,55.73571
NO,A02,2023,45.24272
NO,A02,2024,44.16531
PL,A02,2020,737.61413
PL,A02,2021,840.71332
PL,A02,2022,877.14166
PL,A02,2023,994.86446
PL,A02,2024,908.01674
PT,A02,2020,46.3622
PT,A02,2021,54.4641
PT,A02,2022,45.737
PT,A02,2023,45.7652
PT,A02,2024,44.97417
RO,A02,2020,56.35544
RO,A02,2021,60.84963
RO,A02,2022,62.46283
RO,A02,2023,61.74116
RO,A02,2024,75.58314
RS,A02,2020,83.49478
RS,A02,2021,72.45283
RS,A02,2022,83.81861
RS,A02,2023,81.1218
SE,A02,2020,770.84425
SE,A02,2021,768.16598
SE,A02,2022,663.5544
SE,A02,2023,676.62449
SE,A02,2024,842.90258
SI,A02,2020,24.11
SI,A02,2021,27.21559
SI,A02,2022,31.2135
SI,A02,2023,29.75015
SI,A02,2024,30.89453
SK,A02,2020,109.98376
SK,A02,2021,114.28402
SK,A02,2022,126.27701
SK,A02,2023,114.97316
SK,A02,2024,115.0352
TR,A02,2020,27.10595
TR,A02,2021,28.02759
TR,A02,2022,27.85242
TR,A02,2023,28.76609
AT,A03,2020,1.92563
AT,A03,2021,2.47855
AT,A03,2022,2.50911
AT,A03,2023,2.47323
AT,A03,2024,2.38384
BE,A03,2020,230.36858
BE,A03,2021,229.25562
BE,A03,2022,227.15395
BE,A03,2023,228.50578
BE,A03,2024,231.08076
BG,A03,2020,3.46635
BG,A03,2021,3.29376
BG,A03,2022,1.36257
BG,A03,2023,0.87567
BG,A03,2024,0.89865
CH,A03,2020,8.84806
CH,A03,2021,8.78202
CH,A03,2022,8.51479
CH,A03,2023,8.43851
CY,A03,2020,5.41774
CY,A03,2021,5.95675
CY,A03,2022,6.161
CY,A03,2023,5.88379
CY,A03,2024,5.89796
CZ,A03,2020,86.57827
CZ,A03,2021,79.31092
CZ,A03,2022,74.84064
CZ,A03,2023,70.5652
CZ,A03,2024,55.74666
DE,A03,2020,63.812
DE,A03,2021,56.43471
DE,A03,2022,51.09331
DE,A03,2023,49.33125
DE,A03,2024,48.52045
DK,A03,2020,333.08553
DK,A03,2021,392.54578
DK,A03,2022,406.41333
DK,A03,2023,392.41636
DK,A03,2024,385.37512
EE,A03,2020,79.55234
EE,A03,2021,74.50701
EE,A03,2022,79.03071
EE,A03,2023,61.61369
EE,A03,2024,70.01231
EL,A03,2020,122.90763
EL,A03,2021,95.29426
EL,A03,2022,92.34307
EL,A03,2023,96.77546
EL,A03,2024,95.7877
ES,A03,2020,1604.55469
ES,A03,2021,1395.4791
ES,A03,2022,1304.88805
ES,A03,2023,1411.79875
ES,A03,2024,1444.80037
EU27_2020,A03,2020,6003.91678
EU27_2020,A03,2021,5722.76344
EU27_2020,A03,2022,5564.28755
EU27_2020,A03,2023,5306.65455
EU27_2020,A03,2024,5267.71618
FI,A03,2020,189.04953
FI,A03,2021,100.50528
FI,A03,2022,100.23308
FI,A03,2023,101.50255
FI,A03,2024,94.88748
FR,A03,2020,1049.73152
FR,A03,2021,1121.86546
FR,A03,2022,1292.07479
FR,A03,2023,1011.57065
FR,A03,2024,956.1037
HR,A03,2020,59.54327
HR,A03,2021,63.55529
HR,A03,2022,67.17891
HR,A03,2023,70.77824
HR,A03,2024,74.03402
HU,A03,2020,9.42894
HU,A03,2021,9.29896
HU,A03,2022,9.49721
HU,A03,2023,6.15825
HU,A03,2024,6.09483
IE,A03,2020,75.59356
IE,A03,2021,70.50694
IE,A03,2022,68.58302
IE,A03,2023,77.26809
IE,A03,2024,76.14521
IS,A03,2020,591.61236
IS,A03,2021,598.38851
IS,A03,2022,547.34541
IS,A03,2023,681.8547
IS,A03,2024,599.80651
IT,A03,2020,526.75419
IT,A03,2021,495.37256
IT,A03,2022,474.10237
IT,A03,2023,457.49648
IT,A03,2024,458.35663
LT,A03,2020,97.39508
LT,A03,2021,98.03523
LT,A03,2022,38.17562
LT,A03,2023,41.00784
LT,A03,2024,45.66254
LU,A03,2020,0.0
LU,A03,2021,0.0
LU,A03,2022,0.0
LU,A03,2023,0.0
LU,A03,2024,0.0
LV,A03,2020,23.90341
LV,A03,2021,21.35004
LV,A03,2022,34.26415
LV,A03,2023,23.78437
LV,A03,2024,23.8657
MT,A03,2020,16.99938
MT,A03,2021,17.46289
MT,A03,2022,21.33101
MT,A03,2023,23.44773
MT,A03,2024,23.14195
NL,A03,2020,514.06878
NL,A03,2021,486.22006
NL,A03,2022,389.17871
NL,A03,2023,334.49545
NL,A03,2024,330.90827
NO,A03,2020,885.28317
NO,A03,2021,900.23614
NO,A03,2022,883.50316
NO,A03,2023,1047.46116
NO,A03,2024,1021.65985
PL,A03,2020,376.35994
PL,A03,2021,362.00746
PL,A03,2022,322.39366
PL,A03,2023,325.77473
PL,A03,2024,304.94076
PT,A03,2020,368.5831
PT,A03,2021,369.3315
PT,A03,2022,326.5816
PT,A03,2023,341.508
PT,A03,2024,335.8207
RO,A03,2020,98.96074
RO,A03,2021,105.03572
RO,A03,2022,108.48826
RO,A03,2023,108.16606
RO,A03,2024,119.2036
RS,A03,2020,0.66093
RS,A03,2021,0.75405
RS,A03,2022,0.8061
RS,A03,2023,0.79491
SE,A03,2020,60.82856
SE,A03,2021,62.40693
SE,A03,2022,61.85882
SE,A03,2023,58.9635
SE,A03,2024,73.54578
SI,A03,2020,2.69139
SI,A03,2021,2.78527
SI,A03,2022,2.85801
SI,A03,2023,2.83892
SI,A03,2024,2.95423
SK,A03,2020,2.35664
SK,A03,2021,2.4674
SK,A03,2022,1.69261
SK,A03,2023,1.65449
SK,A03,2024,1.54698
TR,A03,2020,420.35322
TR,A03,2021,425.61132
TR,A03,2022,420.06201
TR,A03,2023,420.13172
AT,B,2020,629.23433
AT,B,2021,704.39196
AT,B,2022,655.63563
AT,B,2023,576.61983
AT,B,2024,574.701
BE,B,2020,478.30288
BE,B,2021,495.18536
BE,B,2022,395.99894
BE,B,2023,377.62509
BE,B,2024,389.55724
BG,B,2020,1298.39918
BG,B,2021,1481.06339
BG,B,2022,1531.85126
BG,B,2023,1148.82286
BG,B,2024,1275.388
CH,B,2020,80.10383
CH,B,2021,78.60136
CH,B,2022,68.26812
CH,B,2023,64.84239
CY,B,2020,42.10621
CY,B,2021,35.78893
CY,B,2022,58.16098
CY,B,2023,55.1726
CY,B,2024,55.20992
CZ,B,2020,4012.26325
CZ,B,2021,3455.98737
CZ,B,2022,2964.81278
CZ,B,2023,2241.90606
CZ,B,2024,2313.64343
DE,B,2020,4937.91581
DE,B,2021,4839.12273
DE,B,2022,4421.28519
DE,B,2023,3832.51967
DE,B,2024,3827.54768
DK,B,2020,1126.08867
DK,B,2021,1132.13367
DK,B,2022,1192.52109
DK,B,2023,1098.97387
DK,B,2024,1082.89635
EE,B,2020,50.11421
EE,B,2021,51.91642
EE,B,2022,20.13928
EE,B,2023,15.88687
EE,B,2024,18.20969
EL,B,2020,417.07522
EL,B,2021,379.09885
EL,B,2022,393.83072
EL,B,2023,335.2132
EL,B,2024,353.416
ES,B,2020,1526.3917
ES,B,2021,1682.88149
ES,B,2022,1397.70263
ES,B,2023,1612.50397
ES,B,2024,1673.02787
EU27_2020,B,2020,51560.53752
EU27_2020,B,2021,51389.16137
EU27_2020,B,2022,48292.69273
EU27_2020,B,2023,45164.87933
EU27_2020,B,2024,43647.6001
EU27_2020,B,2025,44096.504
FI,B,2020,440.45316
FI,B,2021,450.49597
FI,B,2022,428.08603
FI,B,2023,436.48053
FI,B,2024,421.24189
FR,B,2020,392.94543
FR,B,2021,423.7283
FR,B,2022,272.4668
FR,B,2023,328.06645
FR,B,2024,317.00916
HR,B,2020,602.02008
HR,B,2021,625.39698
HR,B,2022,766.00252
HR,B,2023,717.64227
HR,B,2024,673.74476
HU,B,2020,770.60901
HU,B,2021,692.7508
HU,B,2022,641.58501
HU,B,2023,658.08897
HU,B,2024,700.43196
IE,B,2020,54.31267
IE,B,2021,41.60329
IE,B,2022,41.26594
IE,B,2023,43.03353
IE,B,2024,42.29019
IS,B,2020,2.48684
IS,B,2021,3.08749
IS,B,2022,3.36348
IS,B,2023,3.51493
IS,B,2024,3.7001
IT,B,2020,3096.45839
IT,B,2021,3905.82038
IT,B,2022,3382.54436
IT,B,2023,2962.90173
IT,B,2024,3109.24675
LT,B,2020,19.80912
LT,B,2021,16.82299
LT,B,2022,21.52553
LT,B,2023,20.74888
LT,B,2024,20.63144
LU,B,2020,6.18819
LU,B,2021,8.38667
LU,B,2022,6.68954
LU,B,2023,9.6213
LU,B,2024,9.48195
LV,B,2020,59.26587
LV,B,2021,48.26992
LV,B,2022,41.9819
LV,B,2023,36.94028
LV,B,2024,35.02425
MT,B,2020,4.8325
MT,B,2021,4.97361
MT,B,2022,5.55499
MT,B,2023,4.93085
MT,B,2024,4.97775
NL,B,2020,2237.71
NL,B,2021,2078.93785
NL,B,2022,1794.18442
NL,B,2023,1635.61253
NL,B,2024,1590.69756
NO,B,2020,14925.64036
NO,B,2021,13790.56622
NO,B,2022,13828.89863
NO,B,2023,12915.72056
NO,B,2024,12366.2697
PL,B,2020,21570.92809
PL,B,2021,21222.62981
PL,B,2022,20394.96927
PL,B,2023,19764.73365
PL,B,2024,20663.13171
PT,B,2020,290.968
PT,B,2021,310.7312
PT,B,2022,287.0148
PT,B,2023,280.041
PT,B,2024,283.82212
RO,B,2020,6025.2413
RO,B,2021,5877.5112
RO,B,2022,5833.995
RO,B,2023,5643.37903
RO,B,2024,2844.60809
RS,B,2020,2266.67477
RS,B,2021,2155.14819
RS,B,2022,2156.41204
RS,B,2023,2127.49224
SE,B,2020,898.74508
SE,B,2021,888.81679
SE,B,2022,827.72815
SE,B,2023,802.79221
SE,B,2024,857.02638
SI,B,2020,329.47472
SI,B,2021,271.19112
SI,B,2022,247.28005
SI,B,2023,270.29617
SI,B,2024,266.47673
SK,B,2020,242.68444
SK,B,2021,263.52434
SK,B,2022,267.87993
SK,B,2023,254.32591
SK,B,2024,244.16025
TR,B,2020,7831.5848
TR,B,2021,9098.24904
TR,B,2022,9375.72993
TR,B,2023,5218.02081
AT,C,2020,25867.14827
AT,C,2021,27822.90578
AT,C,2022,26011.84059
AT,C,2023,24665.60319
AT,C,2024,24055.53678
BE,C,2020,34426.25596
BE,C,2021,35444.44403
BE,C,2022,32762.31013
BE,C,2023,30543.91081
BE,C,2024,31453.5004
BG,C,2020,9174.87201
BG,C,2021,9555.2957
BG,C,2022,9619.94669
BG,C,2023,8644.78485
BG,C,2024,8855.08253
CH,C,2020,7436.32519
CH,C,2021,7416.01
CH,C,2022,6665.89107
CH,C,2023,6127.24034
CY,C,2020,1579.85351
CY,C,2021,1534.98252
CY,C,2022,1529.40782
CY,C,2023,1596.00956
CY,C,2024,1601.46362
CZ,C,2020,17461.48932
CZ,C,2021,18724.50192
CZ,C,2022,17465.93663
CZ,C,2023,14881.11949
CZ,C,2024,15212.79205
DE,C,2020,189294.74906
DE,C,2021,197672.30348
DE,C,2022,184710.24546
DE,C,2023,171274.32243
DE,C,2024,173147.05132
DK,C,2020,5678.99688
DK,C,2021,5862.64789
DK,C,2022,5431.2181
DK,C,2023,4787.16298
DK,C,2024,4554.41223
EE,C,2020,1588.62386
EE,C,2021,1404.59573
EE,C,2022,1318.63021
EE,C,2023,1463.97555
EE,C,2024,1415.14104
EL,C,2020,17406.73555
EL,C,2021,18553.03311
EL,C,2022,17729.09273
EL,C,2023,17507.56303
EL,C,2024,16281.9956
ES,C,2020,74259.05871
ES,C,2021,78735.29716
ES,C,2022,70805.80523
ES,C,2023,65833.11624
ES,C,2024,66681.46897
EU27_2020,C,2020,760661.23882
EU27_2020,C,2021,801614.88124
EU27_2020,C,2022,745040.86322
EU27_2020,C,2023,690023.92399
EU27_2020,C,2024,688442.03362
EU27_2020,C,2025,696867.195
FI,C,2020,10713.10881
FI,C,2021,10850.12591
FI,C,2022,10252.75314
FI,C,2023,9310.38441
FI,C,2024,8593.25582
FR,C,2020,77702.72505
FR,C,2021,83603.1394
FR,C,2022,77393.26467
FR,C,2023,70655.52315
FR,C,2024,68998.7516
HR,C,2020,4923.08456
HR,C,2021,4820.30303
HR,C,2022,4386.69768
HR,C,2023,4672.50111
HR,C,2024,3986.74564
HU,C,2020,12319.12701
HU,C,2021,12197.52185
HU,C,2022,10493.67947
HU,C,2023,9714.9695
HU,C,2024,9697.80092
IE,C,2020,7207.86859
IE,C,2021,7599.47677
IE,C,2022,7224.13979
IE,C,2023,6781.20883
IE,C,2024,6723.94378
IS,C,2020,2018.70466
IS,C,2021,2091.37811
IS,C,2022,2183.29113
IS,C,2023,2083.5479
IS,C,2024,2017.41117
IT,C,2020,81685.5306
IT,C,2021,93126.59603
IT,C,2022,91331.07255
IT,C,2023,86141.81691
IT,C,2024,84239.1185
LT,C,2020,5524.42671
LT,C,2021,5371.35253
LT,C,2022,4883.57987
LT,C,2023,4837.7619
LT,C,2024,5196.69514
LU,C,2020,1391.10821
LU,C,2021,1398.04029
LU,C,2022,1180.40326
LU,C,2023,952.59546
LU,C,2024,889.27355
LV,C,2020,1318.62514
LV,C,2021,1299.14007
LV,C,2022,1252.56085
LV,C,2023,1285.56625
LV,C,2024,1152.41113
MT,C,2020,84.16161
MT,C,2021,84.84373
MT,C,2022,88.46319
MT,C,2023,80.4946
MT,C,2024,81.66648
NL,C,2020,45671.58362
NL,C,2021,46154.8268
NL,C,2022,42459.53959
NL,C,2023,39500.15891
NL,C,2024,40942.32105
NO,C,2020,12145.89685
NO,C,2021,12458.62837
NO,C,2022,12153.57784
NO,C,2023,11194.62667
NO,C,2024,10923.08587
PL,C,2020,64971.91739
PL,C,2021,65992.47947
PL,C,2022,61361.80935
PL,C,2023,56275.46825
PL,C,2024,55707.16999
PT,C,2020,14731.1871
PT,C,2021,14236.4295
PT,C,2022,13554.5621
PT,C,2023,10968.3953
PT,C,2024,10239.60681
RO,C,2020,26433.61702
RO,C,2021,26695.04518
RO,C,2022,22168.02076
RO,C,2023,18641.10437
RO,C,2024,20750.6207
RS,C,2020,8358.51406
RS,C,2021,8886.74131
RS,C,2022,8823.83595
RS,C,2023,8972.30193
SE,C,2020,13045.66795
SE,C,2021,14223.03787
SE,C,2022,13905.37671
SE,C,2023,13648.51817
SE,C,2024,13685.73946
SI,C,2020,2693.3651
SI,C,2021,2757.69427
SI,C,2022,2604.50003
SI,C,2023,2385.87389
SI,C,2024,2441.16282
SK,C,2020,13506.35121
SK,C,2021,15894.82121
SK,C,2022,13116.00665
SK,C,2023,12974.01486
SK,C,2024,11857.3057
TR,C,2020,147656.44039
TR,C,2021,163007.26342
TR,C,2022,156060.08561
TR,C,2023,150826.35608
AT,C10-C12,2020,883.35761
AT,C10-C12,2021,895.1257
AT,C10-C12,2022,1001.65423
AT,C10-C12,2023,891.3251
AT,C10-C12,2024,876.53708
BE,C10-C12,2020,2436.44586
BE,C10-C12,2021,2597.89195
BE,C10-C12,2022,2767.8686
BE,C10-C12,2023,2561.09349
BE,C10-C12,2024,2652.24603
BG,C10-C12,2020,522.16452
BG,C10-C12,2021,634.629
BG,C10-C12,2022,600.43278
BG,C10-C12,2023,571.30988
BG,C10-C12,2024,616.96887
CH,C10-C12,2020,1087.77521
CH,C10-C12,2021,1103.47453
CH,C10-C12,2022,966.2332
CH,C10-C12,2023,945.98419
CY,C10-C12,2020,149.68304
CY,C10-C12,2021,140.2009
CY,C10-C12,2022,134.41603
CY,C10-C12,2023,126.99341
CY,C10-C12,2024,131.34569
CZ,C10-C12,2020,1433.53117
CZ,C10-C12,2021,1402.12395
CZ,C10-C12,2022,1202.82467
CZ,C10-C12,2023,1366.77195
CZ,C10-C12,2024,1319.19493
DE,C10-C12,2020,10968.42664
DE,C10-C12,2021,11145.72127
DE,C10-C12,2022,10940.31186
DE,C10-C12,2023,10555.60783
DE,C10-C12,2024,10414.55825
DK,C10-C12,2020,905.24348
DK,C10-C12,2021,989.95255
DK,C10-C12,2022,910.39366
DK,C10-C12,2023,806.58498
DK,C10-C12,2024,769.13348
EE,C10-C12,2020,144.63037
EE,C10-C12,2021,132.57071
EE,C10-C12,2022,140.66249
EE,C10-C12,2023,229.21166
EE,C10-C12,2024,260.53435
EL,C10-C12,2020,2612.3334
EL,C10-C12,2021,2503.65313
EL,C10-C12,2022,2202.55331
EL,C10-C12,2023,2410.89668
EL,C10-C12,2024,2334.42387
ES,C10-C12,2020,5861.85291
ES,C10-C12,2021,6473.08248
ES,C10-C12,2022,5478.0423
ES,C10-C12,2023,4940.80835
ES,C10-C12,2024,5034.84667
EU27_2020,C10-C12,2020,59119.85969
EU27_2020,C10-C12,2021,60490.90103
EU27_2020,C10-C12,2022,58215.56473
EU27_2020,C10-C12,2023,55676.86427
EU27_2020,C10-C12,2024,55002.48973
FI,C10-C12,2020,179.79317
FI,C10-C12,2021,163.85725
FI,C10-C12,2022,151.05936
FI,C10-C12,2023,146.17953
FI,C10-C12,2024,139.49773
FR,C10-C12,2020,8723.34464
FR,C10-C12,2021,8835.36599
FR,C10-C12,2022,8617.57851
FR,C10-C12,2023,7673.08658
FR,C10-C12,2024,7219.17138
HR,C10-C12,2020,300.20301
HR,C10-C12,2021,286.66586
HR,C10-C12,2022,335.10686
HR,C10-C12,2023,349.61986
HR,C10-C12,2024,301.63642
HU,C10-C12,2020,1023.32329
HU,C10-C12,2021,1063.40405
HU,C10-C12,2022,983.79506
HU,C10-C12,2023,975.60124
HU,C10-C12,2024,984.69978
IE,C10-C12,2020,1281.97116
IE,C10-C12,2021,1286.41963
IE,C10-C12,2022,1302.41095
IE,C10-C12,2023,1243.23255
IE,C10-C12,2024,1229.13206
IS,C10-C12,2020,62.48758
IS,C10-C12,2021,61.75042
IS,C10-C12,2022,109.26959
IS,C10-C12,2023,69.0056
IS,C10-C12,2024,43.91134
IT,C10-C12,2020,7252.16733
IT,C10-C12,2021,7564.9008
IT,C10-C12,2022,7280.43962
IT,C10-C12,2023,7020.16681
IT,C10-C12,2024,6856.47166
LT,C10-C12,2020,361.2458
LT,C10-C12,2021,354.06349
LT,C10-C12,2022,311.08154
LT,C10-C12,2023,363.84817
LT,C10-C12,2024,370.61282
LU,C10-C12,2020,22.42295
LU,C10-C12,2021,37.84558
LU,C10-C12,2022,32.83839
LU,C10-C12,2023,31.8474
LU,C10-C12,2024,31.30334
LV,C10-C12,2020,149.43715
LV,C10-C12,2021,146.41053
LV,C10-C12,2022,132.13029
LV,C10-C12,2023,152.56612
LV,C10-C12,2024,146.95686
MT,C10-C12,2020,19.6106
MT,C10-C12,2021,19.68622
MT,C10-C12,2022,19.19549
MT,C10-C12,2023,17.72284
MT,C10-C12,2024,17.9136
NL,C10-C12,2020,4311.37986
NL,C10-C12,2021,4304.9276
NL,C10-C12,2022,4089.69633
NL,C10-C12,2023,3872.23759
NL,C10-C12,2024,3711.96468
NO,C10-C12,2020,548.16614
NO,C10-C12,2021,546.32946
NO,C10-C12,2022,522.23494
NO,C10-C12,2023,544.3262
NO,C10-C12,2024,524.1715
PL,C10-C12,2020,5735.3702
PL,C10-C12,2021,5672.88383
PL,C10-C12,2022,5748.85381
PL,C10-C12,2023,5751.47923
PL,C10-C12,2024,5598.96865
PT,C10-C12,2020,1064.9294
PT,C10-C12,2021,1072.8769
PT,C10-C12,2022,975.5236
PT,C10-C12,2023,983.2065
PT,C10-C12,2024,953.42658
RO,C10-C12,2020,1276.10949
RO,C10-C12,2021,1294.41981
RO,C10-C12,2022,1452.87974
RO,C10-C12,2023,1258.46978
RO,C10-C12,2024,1628.13024
RS,C10-C12,2020,345.35059
RS,C10-C12,2021,372.5081
RS,C10-C12,2022,377.90737
RS,C10-C12,2023,387.25497
SE,C10-C12,2020,627.27584
SE,C10-C12,2021,570.08691
SE,C10-C12,2022,550.68402
SE,C10-C12,2023,510.53573
SE,C10-C12,2024,534.5175
SI,C10-C12,2020,184.98646
SI,C10-C12,2021,192.6312
SI,C10-C12,2022,208.32514
SI,C10-C12,2023,190.89241
SI,C10-C12,2024,199.52558
SK,C10-C12,2020,688.62035
SK,C10-C12,2021,709.50374
SK,C10-C12,2022,644.80607
SK,C10-C12,2023,675.56861
SK,C10-C12,2024,668.77162
TR,C10-C12,2020,6775.46816
TR,C10-C12,2021,7360.05229
TR,C10-C12,2022,7501.65069
TR,C10-C12,2023,6824.80119
AT,C13-C15,2020,67.56185
AT,C13-C15,2021,75.30753
AT,C13-C15,2022,67.99637
AT,C13-C15,2023,66.50525
AT,C13-C15,2024,65.42606
BE,C13-C15,2020,194.93632
BE,C13-C15,2021,234.82025
BE,C13-C15,2022,182.72473
BE,C13-C15,2023,186.79864
BE,C13-C15,2024,192.12109
BG,C13-C15,2020,78.24673
BG,C13-C15,2021,83.86168
BG,C13-C15,2022,82.48048
BG,C13-C15,2023,74.20307
BG,C13-C15,2024,82.32544
CH,C13-C15,2020,55.75205
CH,C13-C15,2021,61.42219
CH,C13-C15,2022,57.19961
CH,C13-C15,2023,49.10925
CY,C13-C15,2020,1.78987
CY,C13-C15,2021,1.44437
CY,C13-C15,2022,1.36515
CY,C13-C15,2023,1.49162
CY,C13-C15,2024,1.49501
CZ,C13-C15,2020,82.63809
CZ,C13-C15,2021,80.07689
CZ,C13-C15,2022,81.30873
CZ,C13-C15,2023,65.96448
CZ,C13-C15,2024,65.86607
DE,C13-C15,2020,1271.67326
DE,C13-C15,2021,1232.8013
DE,C13-C15,2022,1212.32294
DE,C13-C15,2023,1112.42923
DE,C13-C15,2024,1113.82422
DK,C13-C15,2020,15.34809
DK,C13-C15,2021,16.60027
DK,C13-C15,2022,14.91443
DK,C13-C15,2023,14.10398
DK,C13-C15,2024,13.40446
EE,C13-C15,2020,14.20384
EE,C13-C15,2021,8.02794
EE,C13-C15,2022,7.49201
EE,C13-C15,2023,6.55041
EE,C13-C15,2024,7.9584
EL,C13-C15,2020,9.61051
EL,C13-C15,2021,12.25762
EL,C13-C15,2022,9.74739
EL,C13-C15,2023,11.88502
EL,C13-C15,2024,11.81319
ES,C13-C15,2020,596.11322
ES,C13-C15,2021,588.67641
ES,C13-C15,2022,477.68085
ES,C13-C15,2023,433.96087
ES,C13-C15,2024,443.68783
EU27_2020,C13-C15,2020,6825.0148
EU27_2020,C13-C15,2021,7676.40361
EU27_2020,C13-C15,2022,7268.23941
EU27_2020,C13-C15,2023,6541.98906
EU27_2020,C13-C15,2024,6381.58396
FI,C13-C15,2020,8.92809
FI,C13-C15,2021,9.60739
FI,C13-C15,2022,8.08351
FI,C13-C15,2023,8.32208
FI,C13-C15,2024,7.9022
FR,C13-C15,2020,410.61294
FR,C13-C15,2021,652.12505
FR,C13-C15,2022,485.34721
FR,C13-C15,2023,467.90908
FR,C13-C15,2024,464.23813
HR,C13-C15,2020,40.21418
HR,C13-C15,2021,42.89258
HR,C13-C15,2022,44.50651
HR,C13-C15,2023,47.84474
HR,C13-C15,2024,46.34102
HU,C13-C15,2020,50.81697
HU,C13-C15,2021,57.16962
HU,C13-C15,2022,48.09566
HU,C13-C15,2023,33.65916
HU,C13-C15,2024,34.03308
IE,C13-C15,2020,16.5447
IE,C13-C15,2021,12.49869
IE,C13-C15,2022,12.50906
IE,C13-C15,2023,11.67748
IE,C13-C15,2024,11.56898
IS,C13-C15,2020,0.24867
IS,C13-C15,2021,0.26342
IS,C13-C15,2022,0.27282
IS,C13-C15,2023,0.23882
IS,C13-C15,2024,0.19364
IT,C13-C15,2020,2518.95287
IT,C13-C15,2021,3063.85281
IT,C13-C15,2022,3338.11982
IT,C13-C15,2023,2898.25796
IT,C13-C15,2024,2728.05365
LT,C13-C15,2020,22.03776
LT,C13-C15,2021,21.15665
LT,C13-C15,2022,27.63992
LT,C13-C15,2023,22.31192
LT,C13-C15,2024,22.36408
LU,C13-C15,2020,66.44108
LU,C13-C15,2021,3.60546
LU,C13-C15,2022,0.29746
LU,C13-C15,2023,2.8039
LU,C13-C15,2024,2.7806
LV,C13-C15,2020,10.1394
LV,C13-C15,2021,11.75724
LV,C13-C15,2022,10.93978
LV,C13-C15,2023,10.25402
LV,C13-C15,2024,9.86161
MT,C13-C15,2020,3.40425
MT,C13-C15,2021,3.43824
MT,C13-C15,2022,3.80684
MT,C13-C15,2023,3.81595
MT,C13-C15,2024,3.85706
NL,C13-C15,2020,151.48169
NL,C13-C15,2021,164.14903
NL,C13-C15,2022,144.7468
NL,C13-C15,2023,146.12834
NL,C13-C15,2024,112.44718
NO,C13-C15,2020,4.79869
NO,C13-C15,2021,5.08913
NO,C13-C15,2022,5.48705
NO,C13-C15,2023,5.56433
NO,C13-C15,2024,5.52574
PL,C13-C15,2020,181.14342
PL,C13-C15,2021,211.83008
PL,C13-C15,2022,180.32393
PL,C13-C15,2023,160.18194
PL,C13-C15,2024,155.6357
PT,C13-C15,2020,749.2139
PT,C13-C15,2021,815.1752
PT,C13-C15,2022,543.4898
PT,C13-C15,2023,475.1274
PT,C13-C15,2024,461.28285
RO,C13-C15,2020,152.35181
RO,C13-C15,2021,152.7138
RO,C13-C15,2022,168.75526
RO,C13-C15,2023,168.81025
RO,C13-C15,2024,210.57418
RS,C13-C15,2020,85.51361
RS,C13-C15,2021,97.62038
RS,C13-C15,2022,61.31581
RS,C13-C15,2023,86.45093
SE,C13-C15,2020,18.25558
SE,C13-C15,2021,17.6782
SE,C13-C15,2022,19.32678
SE,C13-C15,2023,19.65751
SE,C13-C15,2024,23.83314
SI,C13-C15,2020,25.2021
SI,C13-C15,2021,27.85033
SI,C13-C15,2022,28.91588
SI,C13-C15,2023,28.16945
SI,C13-C15,2024,29.65276
SK,C13-C15,2020,67.15232
SK,C13-C15,2021,75.02896
SK,C13-C15,2022,65.30213
SK,C13-C15,2023,63.16532
SK,C13-C15,2024,59.23595
TR,C13-C15,2020,7164.68324
TR,C13-C15,2021,7680.79531
TR,C13-C15,2022,7155.65116
TR,C13-C15,2023,6753.35116
AT,C16,2020,247.59476
AT,C16,2021,266.87803
AT,C16,2022,259.16606
AT,C16,2023,272.68304
AT,C16,2024,267.49289
BE,C16,2020,51.33178
BE,C16,2021,63.49815
BE,C16,2022,66.40559
BE,C16,2023,61.26755
BE,C16,2024,63.03416
BG,C16,2020,66.15739
BG,C16,2021,70.31023
BG,C16,2022,38.35198
BG,C16,2023,32.53607
BG,C16,2024,34.83134
CH,C16,2020,91.78169
CH,C16,2021,98.14823
CH,C16,2022,88.56347
CH,C16,2023,74.35959
CY,C16,2020,7.33975
CY,C16,2021,6.61839
CY,C16,2022,6.60635
CY,C16,2023,7.79738
CY,C16,2024,7.80958
CZ,C16,2020,185.82674
CZ,C16,2021,187.20171
CZ,C16,2022,175.80371
CZ,C16,2023,171.92923
CZ,C16,2024,171.2446
DE,C16,2020,533.42133
DE,C16,2021,568.66274
DE,C16,2022,456.98943
DE,C16,2023,448.7856
DE,C16,2024,446.32198
DK,C16,2020,24.9636
DK,C16,2021,26.17071
DK,C16,2022,29.82126
DK,C16,2023,27.71559
DK,C16,2024,26.45206
EE,C16,2020,77.97973
EE,C16,2021,47.81868
EE,C16,2022,41.68684
EE,C16,2023,35.3898
EE,C16,2024,43.83952
EL,C16,2020,9.53009
EL,C16,2021,4.97429
EL,C16,2022,8.44768
EL,C16,2023,8.59834
EL,C16,2024,8.58426
ES,C16,2020,722.01265
ES,C16,2021,753.5818
ES,C16,2022,642.21599
ES,C16,2023,593.15968
ES,C16,2024,606.05304
EU27_2020,C16,2020,4501.13795
EU27_2020,C16,2021,4961.13824
EU27_2020,C16,2022,4372.68857
EU27_2020,C16,2023,4169.90971
EU27_2020,C16,2024,4210.84676
FI,C16,2020,39.42692
FI,C16,2021,59.30346
FI,C16,2022,48.12163
FI,C16,2023,60.1625
FI,C16,2024,57.43564
FR,C16,2020,544.87715
FR,C16,2021,594.75419
FR,C16,2022,396.7051
FR,C16,2023,385.36
FR,C16,2024,389.12443
HR,C16,2020,22.81811
HR,C16,2021,23.24238
HR,C16,2022,22.24359
HR,C16,2023,23.59467
HR,C16,2024,20.75825
HU,C16,2020,63.34739
HU,C16,2021,77.58501
HU,C16,2022,76.45432
HU,C16,2023,65.78662
HU,C16,2024,66.40689
IE,C16,2020,34.34812
IE,C16,2021,34.33839
IE,C16,2022,37.56756
IE,C16,2023,29.13696
IE,C16,2024,28.90908
IS,C16,2020,0.42367
IS,C16,2021,0.52764
IS,C16,2022,0.57317
IS,C16,2023,0.57613
IS,C16,2024,0.38027
IT,C16,2020,331.55478
IT,C16,2021,521.14438
IT,C16,2022,498.82112
IT,C16,2023,494.85821
IT,C16,2024,502.72893
LT,C16,2020,95.29332
LT,C16,2021,94.57371
LT,C16,2022,99.89556
LT,C16,2023,97.05578
LT,C16,2024,97.39168
LU,C16,2020,22.6171
LU,C16,2021,12.0482
LU,C16,2022,6.6532
LU,C16,2023,6.34966
LU,C16,2024,6.28678
LV,C16,2020,159.06434
LV,C16,2021,172.35171
LV,C16,2022,152.89066
LV,C16,2023,172.19657
LV,C16,2024,164.98988
MT,C16,2020,0.20346
MT,C16,2021,0.20841
MT,C16,2022,0.22949
MT,C16,2023,0.23374
MT,C16,2024,0.23819
NL,C16,2020,78.66051
NL,C16,2021,102.93967
NL,C16,2022,86.93811
NL,C16,2023,75.48839
NL,C16,2024,65.08631
NO,C16,2020,136.13082
NO,C16,2021,139.43383
NO,C16,2022,146.56462
NO,C16,2023,131.86672
NO,C16,2024,138.77807
PL,C16,2020,461.49948
PL,C16,2021,506.63409
PL,C16,2022,452.93423
PL,C16,2023,394.47855
PL,C16,2024,383.31538
PT,C16,2020,164.881
PT,C16,2021,186.0447
PT,C16,2022,198.2137
PT,C16,2023,166.0866
PT,C16,2024,163.61661
RO,C16,2020,135.69121
RO,C16,2021,137.79513
RO,C16,2022,145.64385
RO,C16,2023,144.41994
RO,C16,2024,185.83599
RS,C16,2020,10.51659
RS,C16,2021,11.18438
RS,C16,2022,14.54191
RS,C16,2023,9.80404
SE,C16,2020,298.38138
SE,C16,2021,302.35041
SE,C16,2022,291.06212
SE,C16,2023,266.26129
SE,C16,2024,282.0641
SI,C16,2020,34.36973
SI,C16,2021,37.52952
SI,C16,2022,36.06678
SI,C16,2023,35.74863
SI,C16,2024,35.83009
SK,C16,2020,87.94615
SK,C16,2021,102.58012
SK,C16,2022,96.75268
SK,C16,2023,92.82935
SK,C16,2024,85.16512
TR,C16,2020,715.94083
TR,C16,2021,776.84675
TR,C16,2022,733.32097
TR,C16,2023,707.33368
AT,C17,2020,1845.32663
AT,C17,2021,1875.52602
AT,C17,2022,1587.04678
AT,C17,2023,1258.70844
AT,C17,2024,1239.73229
BE,C17,2020,419.6946
BE,C17,2021,420.49686
BE,C17,2022,425.18292
BE,C17,2023,405.52623
BE,C17,2024,419.94681
BG,C17,2020,173.85144
BG,C17,2021,197.86498
BG,C17,2022,180.82195
BG,C17,2023,142.112
BG,C17,2024,162.16386
CH,C17,2020,129.47065
CH,C17,2021,142.41403
CH,C17,2022,125.1932
CH,C17,2023,106.41144
CY,C17,2020,4.42123
CY,C17,2021,2.19015
CY,C17,2022,1.67246
CY,C17,2023,1.63511
CY,C17,2024,1.63746
CZ,C17,2020,459.04651
CZ,C17,2021,481.49301
CZ,C17,2022,464.61299
CZ,C17,2023,379.44159
CZ,C17,2024,374.54312
DE,C17,2020,8092.12939
DE,C17,2021,8151.93174
DE,C17,2022,7275.49654
DE,C17,2023,6437.83316
DE,C17,2024,6405.48596
DK,C17,2020,45.74916
DK,C17,2021,57.9835
DK,C17,2022,62.1778
DK,C17,2023,59.62669
DK,C17,2024,56.66352
EE,C17,2020,42.10075
EE,C17,2021,58.44872
EE,C17,2022,39.93386
EE,C17,2023,26.88087
EE,C17,2024,34.75865
EL,C17,2020,89.67677
EL,C17,2021,83.02649
EL,C17,2022,73.49289
EL,C17,2023,95.67404
EL,C17,2024,86.35016
ES,C17,2020,4124.96902
ES,C17,2021,4361.12954
ES,C17,2022,3601.10509
ES,C17,2023,3259.62353
ES,C17,2024,3309.50453
EU27_2020,C17,2020,31229.10428
EU27_2020,C17,2021,32329.15879
EU27_2020,C17,2022,28684.58516
EU27_2020,C17,2023,25111.99433
EU27_2020,C17,2024,25234.46381
FI,C17,2020,2431.9573
FI,C17,2021,2439.25153
FI,C17,2022,2038.29672
FI,C17,2023,1459.90367
FI,C17,2024,1365.90588
FR,C17,2020,2396.67548
FR,C17,2021,2466.12426
FR,C17,2022,2301.27959
FR,C17,2023,2201.18047
FR,C17,2024,2136.97836
HR,C17,2020,47.45145
HR,C17,2021,51.81569
HR,C17,2022,53.77702
HR,C17,2023,57.38339
HR,C17,2024,46.36155
HU,C17,2020,292.67153
HU,C17,2021,245.42286
HU,C17,2022,277.44798
HU,C17,2023,252.72367
HU,C17,2024,256.3917
IE,C17,2020,21.45697
IE,C17,2021,12.75208
IE,C17,2022,10.69501
IE,C17,2023,7.76322
IE,C17,2024,7.68806
IS,C17,2020,2.10267
IS,C17,2021,2.09417
IS,C17,2022,2.20519
IS,C17,2023,4.08796
IS,C17,2024,2.03304
IT,C17,2020,4902.84904
IT,C17,2021,5471.00658
IT,C17,2022,4945.63537
IT,C17,2023,4344.61346
IT,C17,2024,4461.40018
LT,C17,2020,42.63185
LT,C17,2021,41.80802
LT,C17,2022,36.21816
LT,C17,2023,35.15911
LT,C17,2024,36.26215
LU,C17,2020,0.03303
LU,C17,2021,11.11084
LU,C17,2022,5.60542
LU,C17,2023,4.1039
LU,C17,2024,4.06046
LV,C17,2020,3.99103
LV,C17,2021,4.72955
LV,C17,2022,3.68801
LV,C17,2023,4.85445
LV,C17,2024,4.58494
MT,C17,2020,0.94325
MT,C17,2021,0.96124
MT,C17,2022,1.37529
MT,C17,2023,1.39579
MT,C17,2024,1.42582
NL,C17,2020,581.39593
NL,C17,2021,594.94692
NL,C17,2022,498.74259
NL,C17,2023,358.28019
NL,C17,2024,441.34793
NO,C17,2020,186.64664
NO,C17,2021,220.87872
NO,C17,2022,230.4672
NO,C17,2023,177.31133
NO,C17,2024,184.16585
PL,C17,2020,2087.62808
PL,C17,2021,2154.78779
PL,C17,2022,1944.18701
PL,C17,2023,1654.75836
PL,C17,2024,1611.01137
PT,C17,2020,1456.9543
PT,C17,2021,1323.9324
PT,C17,2022,1173.6224
PT,C17,2023,994.4127
PT,C17,2024,961.5686
RO,C17,2020,277.63588
RO,C17,2021,422.19778
RO,C17,2022,383.56392
RO,C17,2023,261.06285
RO,C17,2024,337.40535
RS,C17,2020,151.32915
RS,C17,2021,87.82494
RS,C17,2022,125.82364
RS,C17,2023,158.78686
SE,C17,2020,989.39204
SE,C17,2021,1023.19922
SE,C17,2022,936.9164
SE,C17,2023,1096.73664
SE,C17,2024,1156.20746
SI,C17,2020,281.96611
SI,C17,2021,241.25087
SI,C17,2022,245.99289
SI,C17,2023,202.31351
SI,C17,2024,212.91106
SK,C17,2020,116.50552
SK,C17,2021,133.77016
SK,C17,2022,115.99809
SK,C17,2023,108.28729
SK,C17,2024,102.16656
TR,C17,2020,1560.56791
TR,C17,2021,1610.03765
TR,C17,2022,1676.88836
TR,C17,2023,1344.91505
AT,C18,2020,4.7058
AT,C18,2021,3.68501
AT,C18,2022,3.90744
AT,C18,2023,4.33095
AT,C18,2024,4.24282
BE,C18,2020,186.31575
BE,C18,2021,207.40821
BE,C18,2022,201.93153
BE,C18,2023,185.7163
BE,C18,2024,189.65673
BG,C18,2020,7.9059
BG,C18,2021,9.21892
BG,C18,2022,10.23724
BG,C18,2023,9.78861
BG,C18,2024,10.36405
CH,C18,2020,63.38484
CH,C18,2021,61.65206
CH,C18,2022,58.12117
CH,C18,2023,55.24054
CY,C18,2020,2.49863
CY,C18,2021,1.83441
CY,C18,2022,1.67382
CY,C18,2023,1.81985
CY,C18,2024,1.8233
CZ,C18,2020,22.31638
CZ,C18,2021,25.89958
CZ,C18,2022,23.41151
CZ,C18,2023,23.65668
CZ,C18,2024,24.27467
DE,C18,2020,620.9538
DE,C18,2021,542.65304
DE,C18,2022,481.71721
DE,C18,2023,433.98015
DE,C18,2024,434.14044
DK,C18,2020,7.20128
DK,C18,2021,6.95487
DK,C18,2022,6.13407
DK,C18,2023,5.4136
DK,C18,2024,5.1454
EE,C18,2020,5.86794
EE,C18,2021,6.12811
EE,C18,2022,4.57697
EE,C18,2023,3.79451
EE,C18,2024,4.52933
EL,C18,2020,21.63642
EL,C18,2021,30.38604
EL,C18,2022,21.97835
EL,C18,2023,27.81917
EL,C18,2024,27.89346
ES,C18,2020,248.25443
ES,C18,2021,225.67459
ES,C18,2022,149.91163
ES,C18,2023,174.33682
ES,C18,2024,178.81443
EU27_2020,C18,2020,2388.85987
EU27_2020,C18,2021,2836.97038
EU27_2020,C18,2022,2565.13482
EU27_2020,C18,2023,2467.60194
EU27_2020,C18,2024,2524.43308
FI,C18,2020,0.53824
FI,C18,2021,2.54708
FI,C18,2022,1.90073
FI,C18,2023,1.56465
FI,C18,2024,1.52832
FR,C18,2020,184.9207
FR,C18,2021,177.08494
FR,C18,2022,188.83337
FR,C18,2023,126.95854
FR,C18,2024,124.4934
HR,C18,2020,16.05214
HR,C18,2021,17.80939
HR,C18,2022,19.25494
HR,C18,2023,21.64495
HR,C18,2024,20.87566
HU,C18,2020,233.95509
HU,C18,2021,213.71725
HU,C18,2022,222.07455
HU,C18,2023,209.74331
HU,C18,2024,210.0279
IE,C18,2020,13.35008
IE,C18,2021,12.8699
IE,C18,2022,12.50163
IE,C18,2023,13.89949
IE,C18,2024,13.76979
IS,C18,2020,0.26198
IS,C18,2021,0.24676
IS,C18,2022,0.23658
IS,C18,2023,0.211
IS,C18,2024,0.20368
IT,C18,2020,456.34816
IT,C18,2021,966.06375
IT,C18,2022,844.27354
IT,C18,2023,871.46319
IT,C18,2024,894.6297
LT,C18,2020,1.58325
LT,C18,2021,1.62107
LT,C18,2022,1.33709
LT,C18,2023,1.11191
LT,C18,2024,1.08273
LU,C18,2020,1.00406
LU,C18,2021,2.40471
LU,C18,2022,2.20512
LU,C18,2023,1.70466
LU,C18,2024,1.66944
LV,C18,2020,2.48551
LV,C18,2021,3.05922
LV,C18,2022,3.23823
LV,C18,2023,3.1335
LV,C18,2024,2.83605
MT,C18,2020,1.95463
MT,C18,2021,1.97775
MT,C18,2022,2.12714
MT,C18,2023,2.15035
MT,C18,2024,2.22398
NL,C18,2020,48.87691
NL,C18,2021,57.09422
NL,C18,2022,63.10124
NL,C18,2023,49.73825
NL,C18,2024,32.86041
NO,C18,2020,2.80333
NO,C18,2021,2.60145
NO,C18,2022,5.62167
NO,C18,2023,1.55914
NO,C18,2024,1.27661
PL,C18,2020,46.81535
PL,C18,2021,46.69682
PL,C18,2022,35.36485
PL,C18,2023,35.42148
PL,C18,2024,34.49424
PT,C18,2020,37.3398
PT,C18,2021,39.8758
PT,C18,2022,38.8982
PT,C18,2023,37.5753
PT,C18,2024,36.82627
RO,C18,2020,173.0645
RO,C18,2021,181.14193
RO,C18,2022,181.60681
RO,C18,2023,181.07129
RO,C18,2024,227.93247
RS,C18,2020,20.3062
RS,C18,2021,11.49052
RS,C18,2022,6.94189
RS,C18,2023,14.12885
SE,C18,2020,11.61041
SE,C18,2021,11.07762
SE,C18,2022,9.58144
SE,C18,2023,8.4249
SE,C18,2024,8.98972
SI,C18,2020,14.61814
SI,C18,2021,23.10805
SI,C18,2022,16.21235
SI,C18,2023,14.8298
SI,C18,2024,15.46125
SK,C18,2020,16.6866
SK,C18,2021,18.9781
SK,C18,2022,17.14384
SK,C18,2023,16.50973
SK,C18,2024,13.8471
TR,C18,2020,45.51613
TR,C18,2021,49.89063
TR,C18,2022,50.38375
TR,C18,2023,53.66684
AT,C19,2020,2764.37481
AT,C19,2021,2779.20893
AT,C19,2022,2282.17234
AT,C19,2023,2608.5103
AT,C19,2024,2574.11146
BE,C19,2020,6593.5332
BE,C19,2021,6591.00994
BE,C19,2022,6047.7282
BE,C19,2023,5552.73431
BE,C19,2024,5297.71096
BG,C19,2020,1680.36729
BG,C19,2021,1362.25743
BG,C19,2022,1871.05385
BG,C19,2023,1716.9554
BG,C19,2024,1572.93252
CH,C19,2020,352.18073
CH,C19,2021,303.09118
CH,C19,2022,382.21208
CH,C19,2023,361.11077
CY,C19,2020,0.22035
CY,C19,2021,0.12978
CY,C19,2022,0.16246
CY,C19,2023,0.19054
CY,C19,2024,0.19074
CZ,C19,2020,79.37685
CZ,C19,2021,77.43835
CZ,C19,2022,240.06012
CZ,C19,2023,57.18689
CZ,C19,2024,53.91954
DE,C19,2020,27651.35522
DE,C19,2021,27798.84876
DE,C19,2022,29674.41864
DE,C19,2023,26913.86539
DE,C19,2024,24588.64494
DK,C19,2020,864.72849
DK,C19,2021,925.53541
DK,C19,2022,921.17818
DK,C19,2023,881.51503
DK,C19,2024,837.64205
EE,C19,2020,980.48215
EE,C19,2021,984.35562
EE,C19,2022,818.96348
EE,C19,2023,986.31809
EE,C19,2024,857.2113
EL,C19,2020,5140.9328
EL,C19,2021,6013.27596
EL,C19,2022,6674.84111
EL,C19,2023,6309.24581
EL,C19,2024,5686.13745
ES,C19,2020,13180.46748
ES,C19,2021,12993.34531
ES,C19,2022,14030.02201
ES,C19,2023,13611.91559
ES,C19,2024,13999.86076
EU27_2020,C19,2020,124896.29394
EU27_2020,C19,2021,125929.42934
EU27_2020,C19,2022,129650.57234
EU27_2020,C19,2023,125504.08412
EU27_2020,C19,2024,118599.5529
FI,C19,2020,2205.60521
FI,C19,2021,1803.90345
FI,C19,2022,2085.41635
FI,C19,2023,2098.8585
FI,C19,2024,1782.07236
FR,C19,2020,9926.43807
FR,C19,2021,9326.52605
FR,C19,2022,9514.59592
FR,C19,2023,9643.30863
FR,C19,2024,9549.97798
HR,C19,2020,882.29958
HR,C19,2021,796.58828
HR,C19,2022,750.15921
HR,C19,2023,777.24638
HR,C19,2024,716.39546
HU,C19,2020,1840.01896
HU,C19,2021,1712.13128
HU,C19,2022,1631.03276
HU,C19,2023,1710.30872
HU,C19,2024,1607.93495
IE,C19,2020,371.36158
IE,C19,2021,371.0511
IE,C19,2022,371.35213
IE,C19,2023,317.93089
IE,C19,2024,315.06843
IS,C19,2020,0.00079
IS,C19,2021,0.00183
IS,C19,2022,0.00099
IS,C19,2023,0.00231
IS,C19,2024,0.00188
IT,C19,2020,14084.94813
IT,C19,2021,15543.94626
IT,C19,2022,17017.39881
IT,C19,2023,16946.63558
IT,C19,2024,15996.82311
LT,C19,2020,1504.65461
LT,C19,2021,1494.89224
LT,C19,2022,1572.71323
LT,C19,2023,1672.208
LT,C19,2024,1658.98212
LU,C19,2020,0.0
LU,C19,2021,0.0
LU,C19,2022,0.0
LU,C19,2023,0.0
LU,C19,2024,0.0
LV,C19,2020,0.0082
LV,C19,2021,0.00832
LV,C19,2022,0.66576
LV,C19,2023,0.65789
LV,C19,2024,0.70625
MT,C19,2020,0.0
MT,C19,2021,0.0
MT,C19,2022,0.0
MT,C19,2023,0.0
MT,C19,2024,0.0
NL,C19,2020,10062.1557
NL,C19,2021,10519.2477
NL,C19,2022,10519.74632
NL,C19,2023,10309.20341
NL,C19,2024,9970.5375
NO,C19,2020,5133.65866
NO,C19,2021,5077.09111
NO,C19,2022,4798.27812
NO,C19,2023,4633.14331
NO,C19,2024,4477.34124
PL,C19,2020,14216.18627
PL,C19,2021,13922.39345
PL,C19,2022,12815.26186
PL,C19,2023,13039.525
PL,C19,2024,12353.26827
PT,C19,2020,3093.1472
PT,C19,2021,2705.1964
PT,C19,2022,2709.7467
PT,C19,2023,2400.5684
PT,C19,2024,1756.95488
RO,C19,2020,4174.71252
RO,C19,2021,4068.65951
RO,C19,2022,4163.5301
RO,C19,2023,4038.97749
RO,C19,2024,3695.70494
RS,C19,2020,583.94023
RS,C19,2021,598.70345
RS,C19,2022,580.80673
RS,C19,2023,491.53252
SE,C19,2020,2393.81397
SE,C19,2021,2834.9542
SE,C19,2022,2782.25278
SE,C19,2023,2757.9466
SE,C19,2024,2759.05378
SI,C19,2020,0.0
SI,C19,2021,0.0
SI,C19,2022,0.0
SI,C19,2023,0.0
SI,C19,2024,0.0
SK,C19,2020,1205.1053
SK,C19,2021,1304.52559
SK,C19,2022,1156.10001
SK,C19,2023,1152.27127
SK,C19,2024,967.71116
TR,C19,2020,11071.33915
TR,C19,2021,11031.09238
TR,C19,2022,11807.5174
TR,C19,2023,11193.23602
AT,C20,2020,2378.14419
AT,C20,2021,2418.9504
AT,C20,2022,2196.21608
AT,C20,2023,2049.1078
AT,C20,2024,1932.23685
BE,C20,2020,11274.20551
BE,C20,2021,10994.76468
BE,C20,2022,9524.1705
BE,C20,2023,9071.14118
BE,C20,2024,9173.82308
BG,C20,2020,2501.10545
BG,C20,2021,2993.97463
BG,C20,2022,2654.83731
BG,C20,2023,2299.10382
BG,C20,2024,2457.4808
CH,C20,2020,1362.30185
CH,C20,2021,1247.31202
CH,C20,2022,816.02524
CH,C20,2023,737.93436
CY,C20,2020,5.72592
CY,C20,2021,7.34486
CY,C20,2022,12.02783
CY,C20,2023,9.62668
CY,C20,2024,9.63406
CZ,C20,2020,4231.51285
CZ,C20,2021,4733.3819
CZ,C20,2022,4568.58456
CZ,C20,2023,4079.4736
CZ,C20,2024,4365.49172
DE,C20,2020,33405.67833
DE,C20,2021,34127.0384
DE,C20,2022,29199.62342
DE,C20,2023,27200.69763
DE,C20,2024,32247.52348
DK,C20,2020,247.37254
DK,C20,2021,286.82177
DK,C20,2022,279.73478
DK,C20,2023,265.17124
DK,C20,2024,253.85329
EE,C20,2020,16.81968
EE,C20,2021,19.52027
EE,C20,2022,17.73397
EE,C20,2023,10.54543
EE,C20,2024,12.70619
EL,C20,2020,1577.11224
EL,C20,2021,1456.4306
EL,C20,2022,671.41773
EL,C20,2023,958.55861
EL,C20,2024,837.13483
ES,C20,2020,13014.6556
ES,C20,2021,13360.29861
ES,C20,2022,11517.62819
ES,C20,2023,10579.69088
ES,C20,2024,10422.64735
EU27_2020,C20,2020,150293.35176
EU27_2020,C20,2021,152159.81723
EU27_2020,C20,2022,130898.10718
EU27_2020,C20,2023,120611.95258
EU27_2020,C20,2024,128018.91135
FI,C20,2020,1400.54777
FI,C20,2021,1348.61747
FI,C20,2022,1214.118
FI,C20,2023,1178.01246
FI,C20,2024,1130.56669
FR,C20,2020,16759.19925
FR,C20,2021,17315.69124
FR,C20,2022,15501.65356
FR,C20,2023,14615.88572
FR,C20,2024,14647.65414
HR,C20,2020,693.4878
HR,C20,2021,501.24198
HR,C20,2022,188.53899
HR,C20,2023,322.01231
HR,C20,2024,240.00666
HU,C20,2020,3378.77625
HU,C20,2021,3470.32234
HU,C20,2022,2587.16329
HU,C20,2023,2992.10014
HU,C20,2024,3277.61215
IE,C20,2020,172.64179
IE,C20,2021,191.96496
IE,C20,2022,139.90947
IE,C20,2023,114.75026
IE,C20,2024,113.47803
IS,C20,2020,145.44155
IS,C20,2021,145.40118
IS,C20,2022,145.08882
IS,C20,2023,145.6441
IS,C20,2024,144.30347
IT,C20,2020,13339.67923
IT,C20,2021,13968.07252
IT,C20,2022,13824.58
IT,C20,2023,11640.41777
IT,C20,2024,11405.37247
LT,C20,2020,2380.78402
LT,C20,2021,2099.81053
LT,C20,2022,1514.49751
LT,C20,2023,1632.89698
LT,C20,2024,1900.67489
LU,C20,2020,7.53582
LU,C20,2021,14.50211
LU,C20,2022,9.66307
LU,C20,2023,8.57661
LU,C20,2024,8.15034
LV,C20,2020,22.95811
LV,C20,2021,27.97888
LV,C20,2022,22.67983
LV,C20,2023,21.68803
LV,C20,2024,20.33249
MT,C20,2020,2.31302
MT,C20,2021,2.13427
MT,C20,2022,1.92097
MT,C20,2023,1.61951
MT,C20,2024,1.64283
NL,C20,2020,20432.05916
NL,C20,2021,19909.81001
NL,C20,2022,17133.9053
NL,C20,2023,16608.20962
NL,C20,2024,17399.54697
NO,C20,2020,0.0
NO,C20,2021,0.0
NO,C20,2022,0.0
NO,C20,2023,0.0
NO,C20,2024,0.0
PL,C20,2020,13862.89791
PL,C20,2021,14033.60875
PL,C20,2022,12263.28249
PL,C20,2023,10205.74218
PL,C20,2024,10736.31699
PT,C20,2020,1380.6796
PT,C20,2021,1512.3666
PT,C20,2022,1313.2069
PT,C20,2023,673.6048
PT,C20,2024,674.50277
RO,C20,2020,5800.56454
RO,C20,2021,4866.37383
RO,C20,2022,2403.98758
RO,C20,2023,2009.06472
RO,C20,2024,2596.43095
RS,C20,2020,1042.27646
RS,C20,2021,861.2351
RS,C20,2022,657.82558
RS,C20,2023,814.05687
SE,C20,2020,902.43849
SE,C20,2021,1297.00491
SE,C20,2022,1099.50888
SE,C20,2023,1122.67998
SE,C20,2024,1121.3356
SI,C20,2020,138.48964
SI,C20,2021,150.07947
SI,C20,2022,149.51961
SI,C20,2023,128.36954
SI,C20,2024,100.54072
SK,C20,2020,965.96704
SK,C20,2021,1051.71125
SK,C20,2022,887.99736
SK,C20,2023,813.20508
SK,C20,2024,932.215
TR,C20,2020,3962.70035
TR,C20,2021,5134.01583
TR,C20,2022,4144.18435
TR,C20,2023,4028.68243
AT,C21,2020,30.02274
AT,C21,2021,20.84158
AT,C21,2022,16.81049
AT,C21,2023,17.62372
AT,C21,2024,16.866
BE,C21,2020,199.04594
BE,C21,2021,209.44641
BE,C21,2022,304.47354
BE,C21,2023,226.31885
BE,C21,2024,238.89876
BG,C21,2020,100.21332
BG,C21,2021,133.72686
BG,C21,2022,66.01028
BG,C21,2023,58.67917
BG,C21,2024,60.73702
CH,C21,2020,161.75806
CH,C21,2021,164.52803
CH,C21,2022,142.7405
CH,C21,2023,136.41654
CY,C21,2020,7.79455
CY,C21,2021,7.22491
CY,C21,2022,10.25935
CY,C21,2023,8.84935
CY,C21,2024,8.86237
CZ,C21,2020,42.76046
CZ,C21,2021,40.01526
CZ,C21,2022,33.74546
CZ,C21,2023,34.9616
CZ,C21,2024,35.30007
DE,C21,2020,808.4261
DE,C21,2021,822.21491
DE,C21,2022,784.81952
DE,C21,2023,750.13935
DE,C21,2024,749.82614
DK,C21,2020,70.93468
DK,C21,2021,79.03832
DK,C21,2022,63.95195
DK,C21,2023,58.43194
DK,C21,2024,55.52832
EE,C21,2020,5.29614
EE,C21,2021,1.13613
EE,C21,2022,1.56961
EE,C21,2023,0.42368
EE,C21,2024,0.49142
EL,C21,2020,79.795
EL,C21,2021,76.22355
EL,C21,2022,52.78958
EL,C21,2023,81.2395
EL,C21,2024,79.94291
ES,C21,2020,892.73081
ES,C21,2021,1070.6799
ES,C21,2022,908.50303
ES,C21,2023,670.16151
ES,C21,2024,681.86898
EU27_2020,C21,2020,5641.68534
EU27_2020,C21,2021,6154.13833
EU27_2020,C21,2022,5601.74537
EU27_2020,C21,2023,5041.35362
EU27_2020,C21,2024,4982.02196
FI,C21,2020,1.36185
FI,C21,2021,1.09697
FI,C21,2022,1.05767
FI,C21,2023,0.46853
FI,C21,2024,0.44104
FR,C21,2020,848.10887
FR,C21,2021,898.14122
FR,C21,2022,868.11869
FR,C21,2023,735.45672
FR,C21,2024,703.62316
HR,C21,2020,28.22197
HR,C21,2021,30.60118
HR,C21,2022,32.76353
HR,C21,2023,35.45749
HR,C21,2024,35.95558
HU,C21,2020,393.14274
HU,C21,2021,374.86651
HU,C21,2022,346.19711
HU,C21,2023,338.94894
HU,C21,2024,342.95245
IE,C21,2020,272.51261
IE,C21,2021,277.2621
IE,C21,2022,282.60554
IE,C21,2023,284.94532
IE,C21,2024,281.09706
IS,C21,2020,3.33999
IS,C21,2021,3.39305
IS,C21,2022,3.38475
IS,C21,2023,3.47197
IS,C21,2024,3.03756
IT,C21,2020,1305.1175
IT,C21,2021,1527.00862
IT,C21,2022,1201.37913
IT,C21,2023,1169.91168
IT,C21,2024,1094.82249
LT,C21,2020,1.80743
LT,C21,2021,1.79977
LT,C21,2022,2.2245
LT,C21,2023,1.79336
LT,C21,2024,1.80533
LU,C21,2020,0.01829
LU,C21,2021,0.02229
LU,C21,2022,0.02856
LU,C21,2023,0.01929
LU,C21,2024,0.01905
LV,C21,2020,10.73541
LV,C21,2021,11.13161
LV,C21,2022,10.77532
LV,C21,2023,9.38917
LV,C21,2024,8.97428
MT,C21,2020,8.59647
MT,C21,2021,7.9297
MT,C21,2022,7.28024
MT,C21,2023,6.37741
MT,C21,2024,6.4446
NL,C21,2020,106.14618
NL,C21,2021,129.85806
NL,C21,2022,124.27652
NL,C21,2023,105.11849
NL,C21,2024,94.75302
NO,C21,2020,0.0
NO,C21,2021,0.0
NO,C21,2022,0.0
NO,C21,2023,0.0
NO,C21,2024,0.0
PL,C21,2020,88.40467
PL,C21,2021,86.75788
PL,C21,2022,127.55292
PL,C21,2023,90.55673
PL,C21,2024,89.51681
PT,C21,2020,29.2067
PT,C21,2021,33.4764
PT,C21,2022,32.5061
PT,C21,2023,35.2005
PT,C21,2024,36.96467
RO,C21,2020,187.05679
RO,C21,2021,185.23887
RO,C21,2022,205.90443
RO,C21,2023,205.51616
RO,C21,2024,239.77656
RS,C21,2020,6.53368
RS,C21,2021,6.06713
RS,C21,2022,8.2348
RS,C21,2023,4.04727
SE,C21,2020,11.50808
SE,C21,2021,11.97655
SE,C21,2022,9.15435
SE,C21,2023,9.8556
SE,C21,2024,9.84187
SI,C21,2020,72.34816
SI,C21,2021,69.08405
SI,C21,2022,66.926
SI,C21,2023,67.08437
SI,C21,2024,70.70784
SK,C21,2020,40.37189
SK,C21,2021,47.33872
SK,C21,2022,40.06196
SK,C21,2023,38.42518
SK,C21,2024,36.00417
TR,C21,2020,40.4389
TR,C21,2021,44.23115
TR,C21,2022,44.86906
TR,C21,2023,47.36383
AT,C22,2020,73.89028
AT,C22,2021,94.18162
AT,C22,2022,86.21354
AT,C22,2023,84.33568
AT,C22,2024,83.04445
BE,C22,2020,118.10452
BE,C22,2021,121.7587
BE,C22,2022,133.65393
BE,C22,2023,118.02832
BE,C22,2024,120.11439
BG,C22,2020,158.06445
BG,C22,2021,160.07783
BG,C22,2022,153.39301
BG,C22,2023,148.03531
BG,C22,2024,153.05031
CH,C22,2020,69.3768
CH,C22,2021,65.57883
CH,C22,2022,61.97001
CH,C22,2023,55.06755
CY,C22,2020,4.36559
CY,C22,2021,4.36304
CY,C22,2022,4.65313
CY,C22,2023,4.30669
CY,C22,2024,4.31279
CZ,C22,2020,215.84582
CZ,C22,2021,219.69199
CZ,C22,2022,214.3148
CZ,C22,2023,214.45208
CZ,C22,2024,213.25223
DE,C22,2020,2134.40154
DE,C22,2021,2223.774
DE,C22,2022,2069.22927
DE,C22,2023,1886.84741
DE,C22,2024,1882.8628
DK,C22,2020,39.92482
DK,C22,2021,45.44651
DK,C22,2022,41.66789
DK,C22,2023,33.88369
DK,C22,2024,32.21994
EE,C22,2020,9.17158
EE,C22,2021,8.83259
EE,C22,2022,8.99918
EE,C22,2023,8.48027
EE,C22,2024,10.5354
EL,C22,2020,142.90891
EL,C22,2021,154.70461
EL,C22,2022,126.36572
EL,C22,2023,136.57123
EL,C22,2024,136.70327
ES,C22,2020,542.89474
ES,C22,2021,535.64512
ES,C22,2022,467.68319
ES,C22,2023,382.69809
ES,C22,2024,403.5968
EU27_2020,C22,2020,7261.28273
EU27_2020,C22,2021,8038.44329
EU27_2020,C22,2022,7421.03146
EU27_2020,C22,2023,6812.13178
EU27_2020,C22,2024,6860.49449
FI,C22,2020,15.95703
FI,C22,2021,16.84211
FI,C22,2022,13.16625
FI,C22,2023,13.16707
FI,C22,2024,12.40371
FR,C22,2020,906.73726
FR,C22,2021,814.82953
FR,C22,2022,862.91568
FR,C22,2023,776.48517
FR,C22,2024,766.28095
HR,C22,2020,13.18001
HR,C22,2021,14.3101
HR,C22,2022,15.42205
HR,C22,2023,17.20378
HR,C22,2024,15.25219
HU,C22,2020,202.38238
HU,C22,2021,229.31065
HU,C22,2022,222.80493
HU,C22,2023,204.0603
HU,C22,2024,206.41223
IE,C22,2020,35.31501
IE,C22,2021,31.21625
IE,C22,2022,34.66239
IE,C22,2023,33.49108
IE,C22,2024,33.17933
IS,C22,2020,0.34886
IS,C22,2021,0.44296
IS,C22,2022,0.50557
IS,C22,2023,0.53879
IS,C22,2024,0.44254
IT,C22,2020,328.85338
IT,C22,2021,795.80053
IT,C22,2022,666.67981
IT,C22,2023,635.94729
IT,C22,2024,654.18091
LT,C22,2020,25.36099
LT,C22,2021,24.71359
LT,C22,2022,26.87499
LT,C22,2023,30.50084
LT,C22,2024,33.20131
LU,C22,2020,15.42649
LU,C22,2021,131.13224
LU,C22,2022,91.89822
LU,C22,2023,80.18293
LU,C22,2024,79.48613
LV,C22,2020,7.21908
LV,C22,2021,6.35435
LV,C22,2022,6.92648
LV,C22,2023,5.90697
LV,C22,2024,5.61467
MT,C22,2020,1.58252
MT,C22,2021,1.62429
MT,C22,2022,1.55103
MT,C22,2023,1.45416
MT,C22,2024,1.46752
NL,C22,2020,273.52641
NL,C22,2021,301.69711
NL,C22,2022,283.90808
NL,C22,2023,244.08959
NL,C22,2024,223.76456
NO,C22,2020,33.80582
NO,C22,2021,49.36834
NO,C22,2022,43.12179
NO,C22,2023,41.75227
NO,C22,2024,38.78427
PL,C22,2020,798.63089
PL,C22,2021,861.84455
PL,C22,2022,791.802
PL,C22,2023,699.23598
PL,C22,2024,680.72705
PT,C22,2020,111.0575
PT,C22,2021,112.8442
PT,C22,2022,91.2347
PT,C22,2023,86.5567
PT,C22,2024,84.21956
RO,C22,2020,297.59108
RO,C22,2021,299.36107
RO,C22,2022,319.19939
RO,C22,2023,315.89097
RO,C22,2024,408.95053
RS,C22,2020,30.2223
RS,C22,2021,28.64265
RS,C22,2022,26.53735
RS,C22,2023,25.06288
SE,C22,2020,78.07222
SE,C22,2021,61.94385
SE,C22,2022,58.81458
SE,C22,2023,49.27703
SE,C22,2024,47.81975
SI,C22,2020,84.82615
SI,C22,2021,92.38825
SI,C22,2022,53.38732
SI,C22,2023,76.08305
SI,C22,2024,80.02738
SK,C22,2020,625.99209
SK,C22,2021,673.75461
SK,C22,2022,573.60991
SK,C22,2023,524.96013
SK,C22,2024,487.81433
TR,C22,2020,251.82582
TR,C22,2021,282.93617
TR,C22,2022,280.16954
TR,C22,2023,292.47043
AT,C23,2020,5257.26916
AT,C23,2021,5496.60588
AT,C23,2022,5209.4273
AT,C23,2023,4488.8644
AT,C23,2024,4320.11992
BE,C23,2020,7073.28095
BE,C23,2021,7475.95345
BE,C23,2022,6974.30696
BE,C23,2023,6267.18154
BE,C23,2024,6226.07735
BG,C23,2020,3056.697
BG,C23,2021,3068.33791
BG,C23,2022,3137.96602
BG,C23,2023,2792.10477
BG,C23,2024,2842.47333
CH,C23,2020,2828.43615
CH,C23,2021,2907.16223
CH,C23,2022,2850.68681
CH,C23,2023,2569.64776
CY,C23,2020,1362.64677
CY,C23,2021,1334.59213
CY,C23,2022,1328.71077
CY,C23,2023,1403.2339
CY,C23,2024,1404.23701
CZ,C23,2020,3530.58377
CZ,C23,2021,3726.42778
CZ,C23,2022,3569.39798
CZ,C23,2023,2870.37578
CZ,C23,2024,3440.38222
DE,C23,2020,36955.48101
DE,C23,2021,36115.55217
DE,C23,2022,33952.0897
DE,C23,2023,29270.83207
DE,C23,2024,28106.85554
DK,C23,2020,2971.5223
DK,C23,2021,2923.36866
DK,C23,2022,2634.13759
DK,C23,2023,2162.57113
DK,C23,2024,2055.06805
EE,C23,2020,107.35672
EE,C23,2021,59.48567
EE,C23,2022,75.89687
EE,C23,2023,81.63639
EE,C23,2024,95.70332
EL,C23,2020,6189.39916
EL,C23,2021,6390.36607
EL,C23,2022,6291.94501
EL,C23,2023,5969.17123
EL,C23,2024,5479.01842
ES,C23,2020,22078.87827
ES,C23,2021,23801.51329
ES,C23,2022,21410.03934
ES,C23,2023,20317.59166
ES,C23,2024,20222.28511
EU27_2020,C23,2020,178287.89315
EU27_2020,C23,2021,185250.87995
EU27_2020,C23,2022,175373.37861
EU27_2020,C23,2023,156837.22525
EU27_2020,C23,2024,153674.67371
FI,C23,2020,1311.85956
FI,C23,2021,1395.85663
FI,C23,2022,1326.62234
FI,C23,2023,994.6387
FI,C23,2024,826.53353
FR,C23,2020,17626.58512
FR,C23,2021,19230.85092
FR,C23,2022,18090.90731
FR,C23,2023,16569.55833
FR,C23,2024,15315.75437
HR,C23,2020,2668.19416
HR,C23,2021,2793.39057
HR,C23,2022,2642.48417
HR,C23,2023,2710.88702
HR,C23,2024,2266.63895
HU,C23,2020,2360.88532
HU,C23,2021,2452.72862
HU,C23,2022,2106.06491
HU,C23,2023,1408.07234
HU,C23,2024,1384.05843
IE,C23,2020,3067.94768
IE,C23,2021,3609.25812
IE,C23,2022,3366.60505
IE,C23,2023,3173.7788
IE,C23,2024,3145.1306
IS,C23,2020,11.6504
IS,C23,2021,13.21901
IS,C23,2022,15.58769
IS,C23,2023,14.77928
IS,C23,2024,16.08067
IT,C23,2020,21157.48106
IT,C23,2021,23224.18591
IT,C23,2022,22610.2776
IT,C23,2023,20963.63859
IT,C23,2024,20689.11949
LT,C23,2020,1011.10663
LT,C23,2021,1156.30684
LT,C23,2022,1208.7183
LT,C23,2023,901.61388
LT,C23,2024,1000.68018
LU,C23,2020,808.1419
LU,C23,2021,722.8996
LU,C23,2022,635.5968
LU,C23,2023,420.7272
LU,C23,2024,362.09821
LV,C23,2020,896.6051
LV,C23,2021,853.58971
LV,C23,2022,835.30586
LV,C23,2023,836.7044
LV,C23,2024,723.22998
MT,C23,2020,27.66712
MT,C23,2021,28.96545
MT,C23,2022,32.39687
MT,C23,2023,27.42273
MT,C23,2024,27.81207
NL,C23,2020,1460.74237
NL,C23,2021,1487.61808
NL,C23,2022,1434.6856
NL,C23,2023,1253.73079
NL,C23,2024,1127.38986
NO,C23,2020,1772.18958
NO,C23,2021,1803.58548
NO,C23,2022,1847.40957
NO,C23,2023,1573.81388
NO,C23,2024,1534.42852
PL,C23,2020,18711.0438
PL,C23,2021,18848.77268
PL,C23,2022,18582.37315
PL,C23,2023,16331.33828
PL,C23,2024,16070.39522
PT,C23,2020,5660.5279
PT,C23,2021,5393.0
PT,C23,2022,5452.7306
PT,C23,2023,4026.428
PT,C23,2024,4063.43032
RO,C23,2020,7567.71643
RO,C23,2021,8038.6591
RO,C23,2022,7169.85236
RO,C23,2023,6581.5233
RO,C23,2024,7565.24307
RS,C23,2020,2886.83397
RS,C23,2021,3161.77457
RS,C23,2022,3339.95563
RS,C23,2023,3708.5761
SE,C23,2020,2760.26655
SE,C23,2021,2751.943
SE,C23,2022,2647.17196
SE,C23,2023,2570.0268
SE,C23,2024,2509.7794
SI,C23,2020,1020.92668
SI,C23,2021,1050.37083
SI,C23,2022,1042.31014
SI,C23,2023,961.05724
SI,C23,2024,984.01477
SK,C23,2020,1587.08065
SK,C23,2021,1820.28087
SK,C23,2022,1605.35807
SK,C23,2023,1482.51597
SK,C23,2024,1421.145
TR,C23,2020,80485.88268
TR,C23,2021,88524.22549
TR,C23,2022,82536.5783
TR,C23,2023,81089.13999
AT,C24,2020,11656.39532
AT,C24,2021,13208.90157
AT,C24,2022,12604.95365
AT,C24,2023,12302.05092
AT,C24,2024,12069.82026
BE,C24,2020,4896.8628
BE,C24,2021,5513.35606
BE,C24,2022,5187.16598
BE,C24,2023,5023.25593
BE,C24,2024,5994.8337
BG,C24,2020,528.79127
BG,C24,2021,518.6663
BG,C24,2022,523.66524
BG,C24,2023,517.13913
BG,C24,2024,561.98543
CH,C24,2020,393.15267
CH,C24,2021,396.55667
CH,C24,2022,369.10657
CH,C24,2023,323.36684
CY,C24,2020,3.7858
CY,C24,2021,2.87456
CY,C24,2022,2.68286
CY,C24,2023,2.40679
CY,C24,2024,2.40958
CZ,C24,2020,5960.43031
CZ,C24,2021,6548.22895
CZ,C24,2022,5754.36931
CZ,C24,2023,4495.62584
CZ,C24,2024,4043.60234
DE,C24,2020,51819.88273
DE,C24,2021,59462.18453
DE,C24,2022,54398.03476
DE,C24,2023,53002.58414
DE,C24,2024,53520.84231
DK,C24,2020,90.61647
DK,C24,2021,108.26579
DK,C24,2022,91.14204
DK,C24,2023,93.07004
DK,C24,2024,88.43575
EE,C24,2020,3.98723
EE,C24,2021,3.84339
EE,C24,2022,3.68012
EE,C24,2023,3.39671
EE,C24,2024,2.98303
EL,C24,2020,1179.44002
EL,C24,2021,1242.84097
EL,C24,2022,1061.30416
EL,C24,2023,971.40154
EL,C24,2024,1070.21135
ES,C24,2020,9595.05636
ES,C24,2021,10993.46478
ES,C24,2022,9070.6833
ES,C24,2023,8136.93008
ES,C24,2024,8574.35923
EU27_2020,C24,2020,147570.31954
EU27_2020,C24,2021,168474.33645
EU27_2020,C24,2022,151578.50458
EU27_2020,C24,2023,140231.14767
EU27_2020,C24,2024,141858.53935
FI,C24,2020,3053.23972
FI,C24,2021,3542.32338
FI,C24,2022,3306.0901
FI,C24,2023,3286.13882
FI,C24,2024,3208.30964
FR,C24,2020,14763.93946
FR,C24,2021,18299.90765
FR,C24,2022,16298.79199
FR,C24,2023,13537.42731
FR,C24,2024,13801.45802
HR,C24,2020,76.08232
HR,C24,2021,112.16879
HR,C24,2022,119.76154
HR,C24,2023,126.37532
HR,C24,2024,102.99138
HU,C24,2020,1336.67003
HU,C24,2021,1034.57899
HU,C24,2022,783.77708
HU,C24,2023,392.96577
HU,C24,2024,189.92462
IE,C24,2020,1499.48462
IE,C24,2021,1390.01653
IE,C24,2022,1261.07335
IE,C24,2023,1191.92776
IE,C24,2024,1181.20547
IS,C24,2020,1766.48043
IS,C24,2021,1845.1898
IS,C24,2022,1891.1589
IS,C24,2023,1828.24185
IS,C24,2024,1791.16779
IT,C24,2020,11550.98081
IT,C24,2021,13766.92176
IT,C24,2022,12619.13747
IT,C24,2023,12810.00622
IT,C24,2024,12620.99448
LT,C24,2020,0.87025
LT,C24,2021,0.50019
LT,C24,2022,0.42477
LT,C24,2023,0.60777
LT,C24,2024,0.5871
LU,C24,2020,413.2024
LU,C24,2021,418.5024
LU,C24,2022,363.9507
LU,C24,2023,368.1423
LU,C24,2024,365.66507
LV,C24,2020,1.85635
LV,C24,2021,2.26924
LV,C24,2022,1.55944
LV,C24,2023,5.65105
LV,C24,2024,5.62184
MT,C24,2020,0.04289
MT,C24,2021,0.05028
MT,C24,2022,0.06396
MT,C24,2023,0.06424
MT,C24,2024,0.06679
NL,C24,2020,6206.48517
NL,C24,2021,6434.63035
NL,C24,2022,6141.55668
NL,C24,2023,4775.71781
NL,C24,2024,6106.81433
NO,C24,2020,4213.04276
NO,C24,2021,4486.35364
NO,C24,2022,4439.7754
NO,C24,2023,3965.47068
NO,C24,2024,3910.45618
PL,C24,2020,7248.41662
PL,C24,2021,7995.1548
PL,C24,2022,6776.0734
PL,C24,2023,6213.28118
PL,C24,2024,6343.07554
PT,C24,2020,240.046
PT,C24,2021,205.3709
PT,C24,2022,208.6528
PT,C24,2023,213.4147
PT,C24,2024,191.32307
RO,C24,2020,4927.10602
RO,C24,2021,5518.29032
RO,C24,2022,4066.71162
RO,C24,2023,2139.53302
RO,C24,2024,1948.4631
RS,C24,2020,3041.85502
RS,C24,2021,3502.31197
RS,C24,2022,3458.35592
RS,C24,2023,3085.99391
SE,C24,2020,4425.09387
SE,C24,2021,4786.84996
SE,C24,2022,4993.54279
SE,C24,2023,4721.60436
SE,C24,2024,4662.72149
SI,C24,2020,463.55034
SI,C24,2021,486.60122
SI,C24,2022,420.07273
SI,C24,2023,343.76342
SI,C24,2024,357.94185
SK,C24,2020,5628.00432
SK,C24,2021,6877.57277
SK,C24,2022,5519.58273
SK,C24,2023,5556.6655
SK,C24,2024,4841.89255
TR,C24,2020,27018.87746
TR,C24,2021,31038.63846
TR,C24,2022,27289.36216
TR,C24,2023,26147.94041
AT,C25,2020,205.95068
AT,C25,2021,217.55707
AT,C25,2022,214.34424
AT,C25,2023,203.87899
AT,C25,2024,200.5664
BE,C25,2020,120.69977
BE,C25,2021,158.6209
BE,C25,2022,149.47942
BE,C25,2023,140.26885
BE,C25,2024,144.06037
BG,C25,2020,100.4863
BG,C25,2021,94.8959
BG,C25,2022,83.4519
BG,C25,2023,87.11069
BG,C25,2024,93.3474
CH,C25,2020,262.55342
CH,C25,2021,282.57155
CH,C25,2022,244.7959
CH,C25,2023,209.73519
CY,C25,2020,16.84274
CY,C25,2021,14.47518
CY,C25,2022,13.6272
CY,C25,2023,15.76048
CY,C25,2024,15.78415
CZ,C25,2020,273.20964
CZ,C25,2021,264.89781
CZ,C25,2022,291.79573
CZ,C25,2023,260.94828
CZ,C25,2024,264.20991
DE,C25,2020,2825.87111
DE,C25,2021,3039.00947
DE,C25,2022,2881.99917
DE,C25,2023,2839.41462
DE,C25,2024,2841.00259
DK,C25,2020,141.81873
DK,C25,2021,136.46749
DK,C25,2022,127.95544
DK,C25,2023,126.57539
DK,C25,2024,120.31716
EE,C25,2020,39.99553
EE,C25,2021,20.44479
EE,C25,2022,21.6725
EE,C25,2023,18.86528
EE,C25,2024,22.85375
EL,C25,2020,244.10161
EL,C25,2021,463.51405
EL,C25,2022,407.62315
EL,C25,2023,405.28464
EL,C25,2024,403.39926
ES,C25,2020,826.01872
ES,C25,2021,875.22833
ES,C25,2022,775.38484
ES,C25,2023,669.91178
ES,C25,2024,689.41819
EU27_2020,C25,2020,10920.08674
EU27_2020,C25,2021,12469.77556
EU27_2020,C25,2022,11431.646
EU27_2020,C25,2023,11090.50919
EU27_2020,C25,2024,11136.02933
FI,C25,2020,11.44373
FI,C25,2021,11.14591
FI,C25,2022,9.91867
FI,C25,2023,12.57258
FI,C25,2024,12.05266
FR,C25,2020,1059.63694
FR,C25,2021,1229.17192
FR,C25,2022,1124.30544
FR,C25,2023,1106.48981
FR,C25,2024,1094.74615
HR,C25,2020,32.89203
HR,C25,2021,36.85366
HR,C25,2022,40.72919
HR,C25,2023,46.65204
HR,C25,2024,41.74662
HU,C25,2020,178.41317
HU,C25,2021,193.9925
HU,C25,2022,217.27545
HU,C25,2023,194.14481
HU,C25,2024,195.5944
IE,C25,2020,46.28823
IE,C25,2021,37.97645
IE,C25,2022,46.07614
IE,C25,2023,44.76351
IE,C25,2024,44.12962
IS,C25,2020,3.74082
IS,C25,2021,4.25969
IS,C25,2022,4.2233
IS,C25,2023,4.54906
IS,C25,2024,3.95559
IT,C25,2020,763.55595
IT,C25,2021,952.38992
IT,C25,2022,946.64077
IT,C25,2023,948.33346
IT,C25,2024,972.61045
LT,C25,2020,14.89559
LT,C25,2021,14.09219
LT,C25,2022,16.14647
LT,C25,2023,12.43009
LT,C25,2024,12.4579
LU,C25,2020,14.17039
LU,C25,2021,16.35937
LU,C25,2022,12.06019
LU,C25,2023,11.65765
LU,C25,2024,11.49916
LV,C25,2020,12.90669
LV,C25,2021,13.96428
LV,C25,2022,19.73925
LV,C25,2023,18.26095
LV,C25,2024,16.98602
MT,C25,2020,4.67856
MT,C25,2021,4.776
MT,C25,2022,4.97033
MT,C25,2023,5.05611
MT,C25,2024,5.1918
NL,C25,2020,530.3837
NL,C25,2021,591.70766
NL,C25,2022,536.94426
NL,C25,2023,492.82674
NL,C25,2024,478.82968
NO,C25,2020,27.22742
NO,C25,2021,29.06994
NO,C25,2022,31.6031
NO,C25,2023,32.47175
NO,C25,2024,28.2009
PL,C25,2020,495.33947
PL,C25,2021,553.7894
PL,C25,2022,536.87426
PL,C25,2023,515.4254
PL,C25,2024,501.43672
PT,C25,2020,226.8919
PT,C25,2021,263.676
PT,C25,2022,243.2652
PT,C25,2023,280.5415
PT,C25,2024,273.47371
RO,C25,2020,830.37284
RO,C25,2021,859.19157
RO,C25,2022,856.01778
RO,C25,2023,691.82504
RO,C25,2024,888.30247
RS,C25,2020,10.24305
RS,C25,2021,12.20754
RS,C25,2022,12.6183
RS,C25,2023,11.33004
SE,C25,2020,142.30586
SE,C25,2021,142.33726
SE,C25,2022,131.2593
SE,C25,2023,130.31518
SE,C25,2024,128.67919
SI,C25,2020,146.91199
SI,C25,2021,161.13159
SI,C25,2022,147.33881
SI,C25,2023,151.02922
SI,C25,2024,158.6351
SK,C25,2020,1614.00486
SK,C25,2021,2102.10889
SK,C25,2022,1574.75087
SK,C25,2023,1660.16611
SK,C25,2024,1504.69851
TR,C25,2020,726.66048
TR,C25,2021,786.6275
TR,C25,2022,754.91555
TR,C25,2023,751.92683
AT,C26,2020,83.88242
AT,C26,2021,80.66844
AT,C26,2022,82.09509
AT,C26,2023,86.08481
AT,C26,2024,81.12413
BE,C26,2020,80.79392
BE,C26,2021,81.195
BE,C26,2022,79.25403
BE,C26,2023,74.09427
BE,C26,2024,62.8523
BG,C26,2020,3.85406
BG,C26,2021,2.13957
BG,C26,2022,2.3855
BG,C26,2023,2.46037
BG,C26,2024,2.60551
CH,C26,2020,176.49089
CH,C26,2021,170.28715
CH,C26,2022,154.24274
CH,C26,2023,155.89829
CY,C26,2020,0.06055
CY,C26,2021,0.04622
CY,C26,2022,0.05355
CY,C26,2023,0.05656
CY,C26,2024,0.05712
CZ,C26,2020,42.25147
CZ,C26,2021,62.01352
CZ,C26,2022,91.28249
CZ,C26,2023,106.21753
CZ,C26,2024,78.58671
DE,C26,2020,940.43312
DE,C26,2021,999.4239
DE,C26,2022,847.40897
DE,C26,2023,823.21847
DE,C26,2024,818.67429
DK,C26,2020,11.49748
DK,C26,2021,10.36015
DK,C26,2022,9.26186
DK,C26,2023,8.9178
DK,C26,2024,8.51037
EE,C26,2020,95.08926
EE,C26,2021,14.22228
EE,C26,2022,96.62067
EE,C26,2023,21.58652
EE,C26,2024,25.04476
EL,C26,2020,28.52607
EL,C26,2021,28.17552
EL,C26,2022,27.56712
EL,C26,2023,27.02487
EL,C26,2024,26.27505
ES,C26,2020,36.72671
ES,C26,2021,26.17151
ES,C26,2022,25.95045
ES,C26,2023,21.39838
ES,C26,2024,22.50845
EU27_2020,C26,2020,2895.21569
EU27_2020,C26,2021,3007.87775
EU27_2020,C26,2022,2855.9099
EU27_2020,C26,2023,2600.3158
EU27_2020,C26,2024,2632.92698
FI,C26,2020,7.06533
FI,C26,2021,7.89937
FI,C26,2022,7.26962
FI,C26,2023,8.15891
FI,C26,2024,7.76212
FR,C26,2020,339.02323
FR,C26,2021,306.2504
FR,C26,2022,275.22674
FR,C26,2023,207.80353
FR,C26,2024,205.00292
HR,C26,2020,29.32406
HR,C26,2021,33.06243
HR,C26,2022,36.3657
HR,C26,2023,41.53455
HR,C26,2024,40.01407
HU,C26,2020,213.48317
HU,C26,2021,227.70918
HU,C26,2022,186.92993
HU,C26,2023,179.47302
HU,C26,2024,179.83749
IE,C26,2020,128.6664
IE,C26,2021,134.27594
IE,C26,2022,148.22864
IE,C26,2023,117.78205
IE,C26,2024,131.84492
IS,C26,2020,0.00238
IS,C26,2021,0.0073
IS,C26,2022,0.01088
IS,C26,2023,0.0138
IS,C26,2024,0.00769
IT,C26,2020,468.53771
IT,C26,2021,548.1745
IT,C26,2022,527.9798
IT,C26,2023,485.64646
IT,C26,2024,509.77664
LT,C26,2020,10.68099
LT,C26,2021,12.94082
LT,C26,2022,5.10063
LT,C26,2023,8.74444
LT,C26,2024,4.40981
LU,C26,2020,0.60306
LU,C26,2021,1.60496
LU,C26,2022,1.00374
LU,C26,2023,1.00395
LU,C26,2024,0.98572
LV,C26,2020,0.79967
LV,C26,2021,0.96063
LV,C26,2022,1.22434
LV,C26,2023,0.65286
LV,C26,2024,0.60211
MT,C26,2020,6.83423
MT,C26,2021,6.87024
MT,C26,2022,7.1738
MT,C26,2023,7.13609
MT,C26,2024,7.26047
NL,C26,2020,97.21449
NL,C26,2021,124.36269
NL,C26,2022,103.30789
NL,C26,2023,76.54471
NL,C26,2024,72.9767
NO,C26,2020,2.6607
NO,C26,2021,1.26199
NO,C26,2022,0.70579
NO,C26,2023,0.45911
NO,C26,2024,0.44315
PL,C26,2020,26.51671
PL,C26,2021,35.80261
PL,C26,2022,34.44046
PL,C26,2023,36.81721
PL,C26,2024,35.65825
PT,C26,2020,16.1802
PT,C26,2021,20.5942
PT,C26,2022,22.1493
PT,C26,2023,23.6597
PT,C26,2024,23.16022
RO,C26,2020,188.07429
RO,C26,2021,201.11191
RO,C26,2022,199.17401
RO,C26,2023,199.78645
RO,C26,2024,253.24566
RS,C26,2020,3.45385
RS,C26,2021,3.84837
RS,C26,2022,4.11242
RS,C26,2023,4.04341
SE,C26,2020,9.02184
SE,C26,2021,8.72346
SE,C26,2022,8.24012
SE,C26,2023,6.21026
SE,C26,2024,7.88625
SI,C26,2020,5.12938
SI,C26,2021,5.16402
SI,C26,2022,5.89127
SI,C26,2023,4.87071
SI,C26,2024,5.12104
SK,C26,2020,24.94589
SK,C26,2021,27.95426
SK,C26,2022,24.32418
SK,C26,2023,23.4313
SK,C26,2024,21.14388
TR,C26,2020,40.57555
TR,C26,2021,43.70015
TR,C26,2022,43.21396
TR,C26,2023,44.08873
AT,C27,2020,67.76906
AT,C27,2021,91.78452
AT,C27,2022,85.38756
AT,C27,2023,68.76168
AT,C27,2024,66.78011
BE,C27,2020,30.19964
BE,C27,2021,38.06741
BE,C27,2022,35.05609
BE,C27,2023,34.81929
BE,C27,2024,35.66687
BG,C27,2020,69.63325
BG,C27,2021,92.45896
BG,C27,2022,82.43969
BG,C27,2023,73.33545
BG,C27,2024,76.36052
CH,C27,2020,125.89072
CH,C27,2021,131.96576
CH,C27,2022,70.66864
CH,C27,2023,74.76751
CY,C27,2020,1.12408
CY,C27,2021,0.92913
CY,C27,2022,0.95144
CY,C27,2023,1.15109
CY,C27,2024,1.15314
CZ,C27,2020,195.0539
CZ,C27,2021,181.04744
CZ,C27,2022,99.2018
CZ,C27,2023,98.11064
CZ,C27,2024,98.40849
DE,C27,2020,846.95233
DE,C27,2021,913.01143
DE,C27,2022,867.19869
DE,C27,2023,826.60001
DE,C27,2024,820.83384
DK,C27,2020,18.69336
DK,C27,2021,20.02947
DK,C27,2022,15.24947
DK,C27,2023,15.74089
DK,C27,2024,14.58252
EE,C27,2020,3.936
EE,C27,2021,2.99297
EE,C27,2022,3.31259
EE,C27,2023,2.57034
EE,C27,2024,3.03519
EL,C27,2020,64.78747
EL,C27,2021,72.16267
EL,C27,2022,81.87154
EL,C27,2023,75.0687
EL,C27,2024,75.10385
ES,C27,2020,211.9454
ES,C27,2021,194.50815
ES,C27,2022,177.69829
ES,C27,2023,126.3195
ES,C27,2024,131.43468
EU27_2020,C27,2020,3605.2277
EU27_2020,C27,2021,3754.66929
EU27_2020,C27,2022,3388.01601
EU27_2020,C27,2023,3200.4957
EU27_2020,C27,2024,3268.13103
FI,C27,2020,1.55993
FI,C27,2021,1.59661
FI,C27,2022,3.22652
FI,C27,2023,3.26187
FI,C27,2024,3.146
FR,C27,2020,574.47337
FR,C27,2021,518.0188
FR,C27,2022,386.14302
FR,C27,2023,356.32551
FR,C27,2024,353.97185
HR,C27,2020,12.54695
HR,C27,2021,14.01636
HR,C27,2022,15.2896
HR,C27,2023,17.23188
HR,C27,2024,15.65118
HU,C27,2020,167.77997
HU,C27,2021,188.49733
HU,C27,2022,179.86501
HU,C27,2023,184.96505
HU,C27,2024,186.80908
IE,C27,2020,12.68663
IE,C27,2021,15.71976
IE,C27,2022,15.11361
IE,C27,2023,11.77774
IE,C27,2024,11.07447
IS,C27,2020,0.06118
IS,C27,2021,0.07116
IS,C27,2022,0.08073
IS,C27,2023,0.09736
IS,C27,2024,0.07745
IT,C27,2020,644.53833
IT,C27,2021,666.68044
IT,C27,2022,603.63904
IT,C27,2023,623.97571
IT,C27,2024,651.34691
LT,C27,2020,2.64434
LT,C27,2021,2.45784
LT,C27,2022,2.82808
LT,C27,2023,2.69893
LT,C27,2024,2.68198
LU,C27,2020,0.70292
LU,C27,2021,3.30518
LU,C27,2022,1.3037
LU,C27,2023,1.00239
LU,C27,2024,0.99279
LV,C27,2020,3.86078
LV,C27,2021,4.49856
LV,C27,2022,13.08059
LV,C27,2023,4.17346
LV,C27,2024,4.00307
MT,C27,2020,0.38818
MT,C27,2021,0.24235
MT,C27,2022,0.25347
MT,C27,2023,0.25857
MT,C27,2024,0.26115
NL,C27,2020,282.90816
NL,C27,2021,289.90529
NL,C27,2022,238.77938
NL,C27,2023,197.3312
NL,C27,2024,219.82604
NO,C27,2020,5.55663
NO,C27,2021,3.90981
NO,C27,2022,4.14642
NO,C27,2023,3.94467
NO,C27,2024,3.93206
PL,C27,2020,157.37772
PL,C27,2021,185.63902
PL,C27,2022,229.70547
PL,C27,2023,220.1756
PL,C27,2024,216.18391
PT,C27,2020,23.0087
PT,C27,2021,30.6939
PT,C27,2022,35.6563
PT,C27,2023,43.464
PT,C27,2024,42.46256
RO,C27,2020,72.92275
RO,C27,2021,70.70931
RO,C27,2022,76.74565
RO,C27,2023,78.5141
RO,C27,2024,92.39377
RS,C27,2020,5.93755
RS,C27,2021,6.50685
RS,C27,2022,9.89435
RS,C27,2023,5.49291
SE,C27,2020,18.32103
SE,C27,2021,19.98612
SE,C27,2022,19.75716
SE,C27,2023,17.15044
SE,C27,2024,30.19078
SI,C27,2020,44.60811
SI,C27,2021,50.72303
SI,C27,2022,44.21346
SI,C27,2023,44.57058
SI,C27,2024,46.87283
SK,C27,2020,74.80535
SK,C27,2021,84.98726
SK,C27,2022,74.04878
SK,C27,2023,71.14111
SK,C27,2024,66.90345
TR,C27,2020,287.52749
TR,C27,2021,310.96753
TR,C27,2022,300.23787
TR,C27,2023,294.75332
AT,C28,2020,123.25463
AT,C28,2021,122.08706
AT,C28,2022,127.37207
AT,C28,2023,117.04375
AT,C28,2024,114.97194
BE,C28,2020,321.67271
BE,C28,2021,345.01334
BE,C28,2022,310.75443
BE,C28,2023,279.957
BE,C28,2024,282.30153
BG,C28,2020,47.6557
BG,C28,2021,54.91836
BG,C28,2022,52.40688
BG,C28,2023,43.58077
BG,C28,2024,46.71172
CH,C28,2020,162.55711
CH,C28,2021,161.15844
CH,C28,2022,152.99918
CH,C28,2023,149.01715
CY,C28,2020,1.33344
CY,C28,2021,1.11553
CY,C28,2022,0.9455
CY,C28,2023,1.01007
CY,C28,2024,1.01235
CZ,C28,2020,215.67704
CZ,C28,2021,212.62587
CZ,C28,2022,240.90282
CZ,C28,2023,195.97634
CZ,C28,2024,192.55954
DE,C28,2020,2424.2464
DE,C28,2021,2584.80545
DE,C28,2022,2401.39661
DE,C28,2023,2172.08499
DE,C28,2024,2172.00813
DK,C28,2020,120.56258
DK,C28,2021,123.41727
DK,C28,2022,118.62794
DK,C28,2023,119.42258
DK,C28,2024,114.24258
EE,C28,2020,8.4514
EE,C28,2021,7.94925
EE,C28,2022,7.54605
EE,C28,2023,5.29295
EE,C28,2024,6.40828
EL,C28,2020,5.05874
EL,C28,2021,6.41412
EL,C28,2022,6.60905
EL,C28,2023,6.81514
EL,C28,2024,6.78633
ES,C28,2020,1139.09039
ES,C28,2021,1156.3467
ES,C28,2022,933.55329
ES,C28,2023,877.66372
ES,C28,2024,889.97046
EU27_2020,C28,2020,8374.97831
EU27_2020,C28,2021,9317.5073
EU27_2020,C28,2022,8357.778
EU27_2020,C28,2023,7782.09111
EU27_2020,C28,2024,7742.08467
FI,C28,2020,16.4747
FI,C28,2021,20.17519
FI,C28,2022,13.52783
FI,C28,2023,13.25495
FI,C28,2024,12.70741
FR,C28,2020,560.45647
FR,C28,2021,599.10796
FR,C28,2022,518.0846
FR,C28,2023,461.29681
FR,C28,2024,454.0247
HR,C28,2020,10.84178
HR,C28,2021,11.77172
HR,C28,2022,12.54292
HR,C28,2023,13.54345
HR,C28,2024,13.57963
HU,C28,2020,180.1842
HU,C28,2021,198.10244
HU,C28,2022,184.64772
HU,C28,2023,164.53658
HU,C28,2024,165.82748
IE,C28,2020,78.8962
IE,C28,2021,54.70676
IE,C28,2022,44.91672
IE,C28,2023,54.94608
IE,C28,2024,51.28298
IS,C28,2020,1.56574
IS,C28,2021,1.41354
IS,C28,2022,1.42608
IS,C28,2023,1.25856
IS,C28,2024,1.28194
IT,C28,2020,1683.75093
IT,C28,2021,2206.4165
IT,C28,2022,1944.58608
IT,C28,2023,1909.17339
IT,C28,2024,1873.22606
LT,C28,2020,5.55468
LT,C28,2021,5.1077
LT,C28,2022,6.67571
LT,C28,2023,5.64853
LT,C28,2024,5.65248
LU,C28,2020,5.94687
LU,C28,2021,17.7592
LU,C28,2022,12.25366
LU,C28,2023,11.05062
LU,C28,2024,10.90493
LV,C28,2020,4.11249
LV,C28,2021,5.01929
LV,C28,2022,3.51126
LV,C28,2023,2.87073
LV,C28,2024,2.68135
MT,C28,2020,0.36917
MT,C28,2021,0.38815
MT,C28,2022,0.39217
MT,C28,2023,0.38888
MT,C28,2024,0.39687
NL,C28,2020,279.73005
NL,C28,2021,349.67542
NL,C28,2022,334.05814
NL,C28,2023,280.47772
NL,C28,2024,259.47178
NO,C28,2020,18.55883
NO,C28,2021,17.1196
NO,C28,2022,15.16495
NO,C28,2023,17.57369
NO,C28,2024,15.28592
PL,C28,2020,201.96307
PL,C28,2021,231.26796
PL,C28,2022,216.00783
PL,C28,2023,210.80577
PL,C28,2024,205.0248
PT,C28,2020,278.8231
PT,C28,2021,297.1723
PT,C28,2022,290.233
PT,C28,2023,277.3524
PT,C28,2024,270.55578
RO,C28,2020,152.48316
RO,C28,2021,161.61036
RO,C28,2022,147.86766
RO,C28,2023,143.50073
RO,C28,2024,182.11822
RS,C28,2020,105.55502
RS,C28,2021,98.18719
RS,C28,2022,109.4382
RS,C28,2023,134.37296
SE,C28,2020,99.53553
SE,C28,2021,113.0886
SE,C28,2022,108.56311
SE,C28,2023,105.73202
SE,C28,2024,117.48847
SI,C28,2020,82.54479
SI,C28,2021,76.81159
SI,C28,2022,44.55246
SI,C28,2023,49.46127
SI,C28,2024,51.95602
SK,C28,2020,326.30809
SK,C28,2021,354.63323
SK,C28,2022,275.24247
SK,C28,2023,259.20387
SK,C28,2024,238.21287
TR,C28,2020,6359.63119
TR,C28,2021,7096.07361
TR,C28,2022,10557.13301
TR,C28,2023,10080.67923
AT,C29,2020,95.92904
AT,C29,2021,99.86941
AT,C29,2022,105.74767
AT,C29,2023,62.46002
AT,C29,2024,61.18857
BE,C29,2020,99.73702
BE,C29,2021,95.43328
BE,C29,2022,90.07902
BE,C29,2023,83.06521
BE,C29,2024,83.84272
BG,C29,2020,13.18672
BG,C29,2021,21.67755
BG,C29,2022,21.08586
BG,C29,2023,20.85351
BG,C29,2024,22.18683
CH,C29,2020,9.66676
CH,C29,2021,10.69828
CH,C29,2022,12.35156
CH,C29,2023,10.81818
CY,C29,2020,0.33803
CY,C29,2021,0.50704
CY,C29,2022,0.36899
CY,C29,2023,0.38372
CY,C29,2024,0.38447
CZ,C29,2020,251.13324
CZ,C29,2021,255.69034
CZ,C29,2022,213.43702
CZ,C29,2023,250.10784
CZ,C29,2024,255.92288
DE,C29,2020,6340.19464
DE,C29,2021,6239.08252
DE,C29,2022,5663.22195
DE,C29,2023,5113.07998
DE,C29,2024,5103.92238
DK,C29,2020,10.8224
DK,C29,2021,11.95518
DK,C29,2022,10.61195
DK,C29,2023,11.11545
DK,C29,2024,10.58057
EE,C29,2020,5.49863
EE,C29,2021,4.27914
EE,C29,2022,4.36349
EE,C29,2023,4.18506
EE,C29,2024,4.82488
EL,C29,2020,1.03866
EL,C29,2021,1.22196
EL,C29,2022,1.2637
EL,C29,2023,1.62198
EL,C29,2024,1.60662
ES,C29,2020,630.39963
ES,C29,2021,683.28231
ES,C29,2022,574.35432
ES,C29,2023,531.91416
ES,C29,2024,551.26449
EU27_2020,C29,2020,9616.78532
EU27_2020,C29,2021,10797.67074
EU27_2020,C29,2022,9978.97517
EU27_2020,C29,2023,9247.6435
EU27_2020,C29,2024,9088.27699
FI,C29,2020,9.67922
FI,C29,2021,10.16709
FI,C29,2022,8.79053
FI,C29,2023,5.41258
FI,C29,2024,5.23429
FR,C29,2020,830.3323
FR,C29,2021,938.53057
FR,C29,2022,761.40368
FR,C29,2023,672.16215
FR,C29,2024,662.41178
HR,C29,2020,8.22682
HR,C29,2021,8.96272
HR,C29,2022,9.592
HR,C29,2023,10.557
HR,C29,2024,10.28761
HU,C29,2020,241.26056
HU,C29,2021,275.21032
HU,C29,2022,256.88004
HU,C29,2023,237.24362
HU,C29,2024,238.74885
IE,C29,2020,7.34529
IE,C29,2021,7.48227
IE,C29,2022,9.38204
IE,C29,2023,7.8104
IE,C29,2024,7.48489
IS,C29,2020,0.108
IS,C29,2021,0.21411
IS,C29,2022,0.45723
IS,C29,2023,0.48457
IS,C29,2024,0.10969
IT,C29,2020,99.7154
IT,C29,2021,1078.13113
IT,C29,2022,1253.33624
IT,C29,2023,1159.40292
IT,C29,2024,1028.75805
LT,C29,2020,1.85116
LT,C29,2021,1.79569
LT,C29,2022,2.10099
LT,C29,2023,1.97222
LT,C29,2024,1.94664
LU,C29,2020,0.60262
LU,C29,2021,0.9036
LU,C29,2022,1.10366
LU,C29,2023,1.00299
LU,C29,2024,0.99038
LV,C29,2020,2.66035
LV,C29,2021,3.173
LV,C29,2022,3.35327
LV,C29,2023,3.26329
LV,C29,2024,3.10378
MT,C29,2020,0.29057
MT,C29,2021,0.288
MT,C29,2022,0.26261
MT,C29,2023,0.24142
MT,C29,2024,0.24235
NL,C29,2020,147.06451
NL,C29,2021,162.40501
NL,C29,2022,150.06522
NL,C29,2023,141.41426
NL,C29,2024,119.522
NO,C29,2020,2.55548
NO,C29,2021,4.89374
NO,C29,2022,5.26636
NO,C29,2023,2.0341
NO,C29,2024,1.97926
PL,C29,2020,307.35385
PL,C29,2021,316.5563
PL,C29,2022,300.82467
PL,C29,2023,368.0149
PL,C29,2024,355.86085
PT,C29,2020,70.9297
PT,C29,2021,84.2445
PT,C29,2022,95.0898
PT,C29,2023,105.3785
PT,C29,2024,103.00656
RO,C29,2020,36.35454
RO,C29,2021,36.32659
RO,C29,2022,40.24224
RO,C29,2023,40.04133
RO,C29,2024,53.11916
RS,C29,2020,17.34994
RS,C29,2021,13.90369
RS,C29,2022,15.8687
RS,C29,2023,18.68981
SE,C29,2020,133.2161
SE,C29,2021,143.26956
SE,C29,2022,124.60042
SE,C29,2023,143.74341
SE,C29,2024,141.81978
SI,C29,2020,32.31665
SI,C29,2021,29.86981
SI,C29,2022,27.84183
SI,C29,2023,25.37364
SI,C29,2024,26.65933
SK,C29,2020,239.30767
SK,C29,2021,287.35585
SK,C29,2022,249.57198
SK,C29,2023,245.82194
SK,C29,2024,233.35627
TR,C29,2020,577.3809
TR,C29,2021,619.02761
TR,C29,2022,581.15201
TR,C29,2023,556.21125
AT,C30,2020,12.44595
AT,C30,2021,13.55911
AT,C30,2022,13.85182
AT,C30,2023,13.16826
AT,C30,2024,12.90105
BE,C30,2020,19.4397
BE,C30,2021,20.49235
BE,C30,2022,20.62699
BE,C30,2023,20.65626
BE,C30,2024,21.00612
BG,C30,2020,12.27261
BG,C30,2021,6.72606
BG,C30,2022,5.99028
BG,C30,2023,6.14435
BG,C30,2024,6.5278
CH,C30,2020,20.93051
CH,C30,2021,22.87696
CH,C30,2022,29.80565
CH,C30,2023,31.2487
CY,C30,2020,0.11964
CY,C30,2021,0.10492
CY,C30,2022,0.10899
CY,C30,2023,0.15354
CY,C30,2024,0.15401
CZ,C30,2020,45.03654
CZ,C30,2021,45.54204
CZ,C30,2022,33.41535
CZ,C30,2023,40.30441
CZ,C30,2024,41.25285
DE,C30,2020,549.68358
DE,C30,2021,535.36504
DE,C30,2022,500.9259
DE,C30,2023,442.30945
DE,C30,2024,441.88705
DK,C30,2020,5.41088
DK,C30,2021,5.3159
DK,C30,2022,4.39077
DK,C30,2023,5.21059
DK,C30,2024,4.99716
EE,C30,2020,0.73948
EE,C30,2021,1.06691
EE,C30,2022,1.11412
EE,C30,2023,0.92102
EE,C30,2024,1.06258
EL,C30,2020,3.02912
EL,C30,2021,2.83977
EL,C30,2022,2.77113
EL,C30,2023,1.94599
EL,C30,2024,1.93943
ES,C30,2020,127.53431
ES,C30,2021,112.44801
ES,C30,2022,96.06046
ES,C30,2023,64.22001
ES,C30,2024,67.27983
EU27_2020,C30,2020,1698.27462
EU27_2020,C30,2021,1837.48729
EU27_2020,C30,2022,1678.57784
EU27_2020,C30,2023,1577.6915
EU27_2020,C30,2024,1627.86098
FI,C30,2020,14.67376
FI,C30,2021,13.20858
FI,C30,2022,14.43969
FI,C30,2023,19.00786
FI,C30,2024,18.45917
FR,C30,2020,400.02079
FR,C30,2021,408.50502
FR,C30,2022,343.8729
FR,C30,2023,335.56704
FR,C30,2024,340.10401
HR,C30,2020,8.07315
HR,C30,2021,8.9723
HR,C30,2022,9.70077
HR,C30,2023,10.78569
HR,C30,2024,10.54077
HU,C30,2020,10.33931
HU,C30,2021,12.80669
HU,C30,2022,11.45314
HU,C30,2023,12.85956
HU,C30,2024,12.91522
IE,C30,2020,12.22707
IE,C30,2021,1.10199
IE,C30,2022,1.00067
IE,C30,2023,1.11447
IE,C30,2024,1.10434
IS,C30,2020,0.07166
IS,C30,2021,0.05988
IS,C30,2022,0.05406
IS,C30,2023,0.05563
IS,C30,2024,0.04077
IT,C30,2020,50.82298
IT,C30,2021,255.72914
IT,C30,2022,253.48287
IT,C30,2023,260.23918
IT,C30,2024,286.2709
LT,C30,2020,2.72149
LT,C30,2021,2.71599
LT,C30,2022,3.37621
LT,C30,2023,3.40107
LT,C30,2024,3.3238
LU,C30,2020,0.16746
LU,C30,2021,0.0
LU,C30,2022,0.0
LU,C30,2023,0.0
LU,C30,2024,0.0
LV,C30,2020,2.0304
LV,C30,2021,3.24077
LV,C30,2022,1.69824
LV,C30,2023,2.24937
LV,C30,2024,2.09743
MT,C30,2020,0.04351
MT,C30,2021,0.04456
MT,C30,2022,0.04708
MT,C30,2023,0.04818
MT,C30,2024,0.04905
NL,C30,2020,83.0859
NL,C30,2021,95.66314
NL,C30,2022,90.90096
NL,C30,2023,78.63534
NL,C30,2024,82.24332
NO,C30,2020,22.45255
NO,C30,2021,38.00285
NO,C30,2022,22.17148
NO,C30,2023,27.50701
NO,C30,2024,25.62912
PL,C30,2020,174.0518
PL,C30,2021,118.07426
PL,C30,2022,106.88765
PL,C30,2023,103.95592
PL,C30,2024,100.7256
PT,C30,2020,4.9629
PT,C30,2021,5.9116
PT,C30,2022,5.8155
PT,C30,2023,5.5407
PT,C30,2024,5.42244
RO,C30,2020,73.50209
RO,C30,2021,76.51746
RO,C30,2022,75.84441
RO,C30,2023,74.37239
RO,C30,2024,94.44554
RS,C30,2020,0.38648
RS,C30,2021,0.44093
RS,C30,2022,0.47137
RS,C30,2023,0.49562
SE,C30,2020,19.69804
SE,C30,2021,12.7565
SE,C30,2022,10.76768
SE,C30,2023,9.48075
SE,C30,2024,11.51426
SI,C30,2020,1.70361
SI,C30,2021,1.95255
SI,C30,2022,4.90082
SI,C30,2023,1.72427
SI,C30,2024,1.80397
SK,C30,2020,64.43855
SK,C30,2021,76.82667
SK,C30,2022,65.13342
SK,C30,2023,63.67585
SK,C30,2024,57.8333
TR,C30,2020,96.51534
TR,C30,2021,104.63947
TR,C30,2022,99.70186
TR,C30,2023,97.22972
AT,C31_C32,2020,44.3283
AT,C31_C32,2021,40.27295
AT,C31_C32,2022,40.78106
AT,C31_C32,2023,42.47818
AT,C31_C32,2024,41.19138
BE,C31_C32,2020,47.60431
BE,C31_C32,2021,55.96938
BE,C31_C32,2022,56.30567
BE,C31_C32,2023,48.62768
BE,C31_C32,2024,48.39824
BG,C31_C32,2020,25.84652
BG,C31_C32,2021,32.55178
BG,C31_C32,2022,34.02029
BG,C31_C32,2023,31.39283
BG,C31_C32,2024,32.77964
CH,C31_C32,2020,54.06177
CH,C31_C32,2021,51.84434
CH,C31_C32,2022,48.09375
CH,C31_C32,2023,47.87584
CY,C31_C32,2020,4.56549
CY,C31_C32,2021,4.3411
CY,C31_C32,2022,4.06412
CY,C31_C32,2023,4.18749
CY,C31_C32,2024,4.19531
CZ,C31_C32,2020,73.29844
CZ,C31_C32,2021,73.79164
CZ,C31_C32,2022,62.22993
CZ,C31_C32,2023,61.25236
CZ,C31_C32,2024,65.89652
DE,C31_C32,2020,735.99424
DE,C31_C32,2021,765.55302
DE,C31_C32,2022,713.34563
DE,C31_C32,2023,670.96333
DE,C31_C32,2024,664.51876
DK,C31_C32,2020,32.15082
DK,C31_C32,2021,33.58355
DK,C31_C32,2022,27.52101
DK,C31_C32,2023,27.73119
DK,C31_C32,2024,26.39635
EE,C31_C32,2020,17.9022
EE,C31_C32,2021,15.52422
EE,C31_C32,2022,13.8686
EE,C31_C32,2023,9.12425
EE,C31_C32,2024,9.93586
EL,C31_C32,2020,5.78009
EL,C31_C32,2021,6.87056
EL,C31_C32,2022,4.56327
EL,C31_C32,2023,5.61025
EL,C31_C32,2024,5.54949
ES,C31_C32,2020,149.4668
ES,C31_C32,2021,203.16891
ES,C31_C32,2022,171.84716
ES,C31_C32,2023,162.22119
ES,C31_C32,2024,167.49945
EU27_2020,C31_C32,2020,2719.73964
EU27_2020,C31_C32,2021,3089.80165
EU27_2020,C31_C32,2022,2821.46374
EU27_2020,C31_C32,2023,2732.30446
EU27_2020,C31_C32,2024,2767.65483
FI,C31_C32,2020,2.27353
FI,C31_C32,2021,1.6335
FI,C31_C32,2022,1.47422
FI,C31_C32,2023,1.02749
FI,C31_C32,2024,1.05128
FR,C31_C32,2020,290.30381
FR,C31_C32,2021,300.0231
FR,C31_C32,2022,246.48358
FR,C31_C32,2023,239.95877
FR,C31_C32,2024,239.23463
HR,C31_C32,2020,18.88412
HR,C31_C32,2021,20.22796
HR,C31_C32,2022,21.31639
HR,C31_C32,2023,23.62479
HR,C31_C32,2024,24.03607
HU,C31_C32,2020,103.53273
HU,C31_C32,2021,117.47593
HU,C31_C32,2022,121.57895
HU,C31_C32,2023,114.15118
HU,C31_C32,2024,113.66878
IE,C31_C32,2020,103.32739
IE,C31_C32,2021,89.11838
IE,C31_C32,2022,94.53153
IE,C31_C32,2023,92.62475
IE,C31_C32,2024,91.76365
IS,C31_C32,2020,18.15334
IS,C31_C32,2021,10.32548
IS,C31_C32,2022,5.78989
IS,C31_C32,2023,7.2788
IS,C31_C32,2024,7.28005
IT,C31_C32,2020,250.28308
IT,C31_C32,2021,481.56963
IT,C31_C32,2022,431.26023
IT,C31_C32,2023,429.11662
IT,C31_C32,2024,452.11953
LT,C31_C32,2020,32.04375
LT,C31_C32,2021,32.46673
LT,C31_C32,2022,37.99571
LT,C31_C32,2023,35.36255
LT,C31_C32,2024,34.26449
LU,C31_C32,2020,3.41732
LU,C31_C32,2021,1.10892
LU,C31_C32,2022,1.11048
LU,C31_C32,2023,0.80617
LU,C31_C32,2024,0.78937
LV,C31_C32,2020,7.97348
LV,C31_C32,2021,14.22163
LV,C31_C32,2022,13.0397
LV,C31_C32,2023,12.82066
LV,C31_C32,2024,11.97593
MT,C31_C32,2020,3.0904
MT,C31_C32,2021,3.10772
MT,C31_C32,2022,3.16159
MT,C31_C32,2023,3.11238
MT,C31_C32,2024,3.13201
NL,C31_C32,2020,337.3809
NL,C31_C32,2021,313.86005
NL,C31_C32,2022,274.97285
NL,C31_C32,2023,240.27946
NL,C31_C32,2024,233.85416
NO,C31_C32,2020,8.35893
NO,C31_C32,2021,7.94126
NO,C31_C32,2022,11.36304
NO,C31_C32,2023,10.55194
NO,C31_C32,2024,9.91688
PL,C31_C32,2020,149.84731
PL,C31_C32,2021,166.66008
PL,C31_C32,2022,163.28354
PL,C31_C32,2023,190.00221
PL,C31_C32,2024,182.6921
PT,C31_C32,2020,69.3126
PT,C31_C32,2021,78.2895
PT,C31_C32,2022,70.3979
PT,C31_C32,2023,78.1478
PT,C31_C32,2024,76.73531
RO,C31_C32,2020,59.36092
RO,C31_C32,2021,66.59816
RO,C31_C32,2022,60.21938
RO,C31_C32,2023,59.69894
RO,C31_C32,2024,78.95667
RS,C31_C32,2020,6.14543
RS,C31_C32,2021,6.93174
RS,C31_C32,2022,7.44646
RS,C31_C32,2023,6.95596
SE,C31_C32,2020,36.42135
SE,C31_C32,2021,42.26529
SE,C31_C32,2022,35.75327
SE,C31_C32,2023,36.3736
SE,C31_C32,2024,46.62175
SI,C31_C32,2020,27.05692
SI,C31_C32,2021,28.74294
SI,C31_C32,2022,29.03241
SI,C31_C32,2023,28.39007
SI,C31_C32,2024,29.77246
SK,C31_C32,2020,88.29282
SK,C31_C32,2021,100.80503
SK,C31_C32,2022,87.30527
SK,C31_C32,2023,83.21826
SK,C31_C32,2024,80.62564
TR,C31_C32,2020,271.02313
TR,C31_C32,2021,289.08508
TR,C31_C32,2022,285.29812
TR,C31_C32,2023,296.0247
AT,C33,2020,24.94503
AT,C33,2021,21.89497
AT,C33,2022,26.69679
AT,C33,2023,27.6819
AT,C33,2024,27.1831
BE,C33,2020,262.35167
BE,C33,2021,219.24771
BE,C33,2022,205.142
BE,C33,2023,203.3599
BE,C33,2024,206.90917
BG,C33,2020,28.37208
BG,C33,2021,17.00174
BG,C33,2022,18.91617
BG,C33,2023,17.93964
BG,C33,2024,19.25016
CH,C33,2020,28.80333
CH,C33,2021,33.26751
CH,C33,2022,34.88179
CH,C33,2023,33.23065
CY,C33,2020,5.19803
CY,C33,2021,4.6459
CY,C33,2022,5.0578
CY,C33,2023,4.9553
CY,C33,2024,4.96549
CZ,C33,2020,121.96014
CZ,C33,2021,106.91389
CZ,C33,2022,105.23763
CZ,C33,2023,108.36236
CZ,C33,2024,108.88365
DE,C33,2020,369.54431
DE,C33,2021,404.6698
DE,C33,2022,389.69527
DE,C33,2023,373.0496
DE,C33,2024,373.31822
DK,C33,2020,54.43575
DK,C33,2021,55.38052
DK,C33,2022,62.34601
DK,C33,2023,64.3612
DK,C33,2024,61.2392
EE,C33,2020,9.11523
EE,C33,2021,7.94836
EE,C33,2022,8.9368
EE,C33,2023,8.80231
EE,C33,2024,10.72483
EL,C33,2020,2.03848
EL,C33,2021,3.69513
EL,C33,2022,1.94083
EL,C33,2023,3.13028
EL,C33,2024,3.12241
ES,C33,2020,279.99127
ES,C33,2021,327.05141
ES,C33,2022,297.44152
ES,C33,2023,278.59044
ES,C33,2024,284.5687
EU27_2020,C33,2020,2816.12774
EU27_2020,C33,2021,3038.47502
EU27_2020,C33,2022,2898.94432
EU27_2020,C33,2023,2786.61838
EU27_2020,C33,2024,2831.05771
FI,C33,2020,0.72374
FI,C33,2021,1.09296
FI,C33,2022,0.17338
FI,C33,2023,0.27166
FI,C33,2024,0.24613
FR,C33,2020,557.0392
FR,C33,2021,692.13058
FR,C33,2022,611.0178
FR,C33,2023,543.30297
FR,C33,2024,530.50124
HR,C33,2020,14.09091
HR,C33,2021,15.70907
HR,C33,2022,17.1427
HR,C33,2023,19.3018
HR,C33,2024,17.67657
HU,C33,2020,48.14396
HU,C33,2021,52.49028
HU,C33,2022,50.14159
HU,C33,2023,43.62546
HU,C33,2024,43.94545
IE,C33,2020,31.49706
IE,C33,2021,29.44745
IE,C33,2022,32.99831
IE,C33,2023,27.85603
IE,C33,2024,25.032
IS,C33,2020,2.21495
IS,C33,2021,2.4967
IS,C33,2022,2.96488
IS,C33,2023,3.01232
IS,C33,2024,2.90211
IT,C33,2020,495.39394
IT,C33,2021,524.60086
IT,C33,2022,523.40523
IT,C33,2023,530.01241
IT,C33,2024,560.41289
LT,C33,2020,6.65881
LT,C33,2021,8.52949
LT,C33,2022,7.73048
LT,C33,2023,8.39635
LT,C33,2024,8.31364
LU,C33,2020,8.65445
LU,C33,2021,2.92563
LU,C33,2022,2.83089
LU,C33,2023,1.61386
LU,C33,2024,1.59178
LV,C33,2020,19.78159
LV,C33,2021,14.42157
LV,C33,2022,16.11453
LV,C33,2023,18.27277
LV,C33,2024,17.25259
MT,C33,2020,2.14877
MT,C33,2021,2.15085
MT,C33,2022,2.25481
MT,C33,2023,1.99629
MT,C33,2024,2.04032
NL,C33,2020,200.90602
NL,C33,2021,220.32877
NL,C33,2022,209.2073
NL,C33,2023,194.70702
NL,C33,2024,189.0846
NO,C33,2020,27.28386
NO,C33,2021,25.69802
NO,C33,2022,24.19634
NO,C33,2023,25.27655
NO,C33,2024,22.77059
PL,C33,2020,21.43079
PL,C33,2021,43.32513
PL,C33,2022,55.77582
PL,C33,2023,54.27229
PL,C33,2024,52.86256
PT,C33,2020,53.0947
PT,C33,2021,55.688
PT,C33,2022,54.1296
PT,C33,2023,62.1291
PT,C33,2024,60.67404
RO,C33,2020,50.94618
RO,C33,2021,58.12865
RO,C33,2022,50.27457
RO,C33,2023,49.02563
RO,C33,2024,63.59181
RS,C33,2020,4.76494
RS,C33,2021,5.35179
RS,C33,2022,5.73952
RS,C33,2023,5.22604
SE,C33,2020,71.03976
SE,C33,2021,71.54624
SE,C33,2022,68.41955
SE,C33,2023,66.50609
SE,C33,2024,85.37517
SI,C33,2020,31.81016
SI,C33,2021,32.40495
SI,C33,2022,33.00012
SI,C33,2023,32.14272
SI,C33,2024,33.72876
SK,C33,2020,44.81574
SK,C33,2021,45.10511
SK,C33,2022,42.91683
SK,C33,2023,42.95298
SK,C33,2024,38.56323
TR,C33,2020,203.88572
TR,C33,2021,224.38036
TR,C33,2022,217.8575
TR,C33,2023,222.5413
AT,D,2020,6307.29765
AT,D,2021,6296.76567
AT,D,2022,6244.71728
AT,D,2023,5099.47526
AT,D,2024,5056.18487
BE,D,2020,14571.91675
BE,D,2021,13534.39703
BE,D,2022,14033.46733
BE,D,2023,11543.57984
BE,D,2024,11068.45935
BG,D,2020,17752.52637
BG,D,2021,22174.99863
BG,D,2022,26948.92213
BG,D,2023,15381.28718
BG,D,2024,13680.52483
CH,D,2020,622.334
CH,D,2021,690.22241
CH,D,2022,574.99181
CH,D,2023,536.28724
CY,D,2020,3032.37695
CY,D,2021,3104.98458
CY,D,2022,3126.72305
CY,D,2023,3077.76469
CY,D,2024,3079.8014
CZ,D,2020,39285.82793
CZ,D,2021,42055.59454
CZ,D,2022,43492.1479
CZ,D,2023,36074.95621
CZ,D,2024,30134.3112
DE,D,2020,184960.02505
DE,D,2021,212109.241
DE,D,2022,220733.99887
DE,D,2023,170420.57716
DE,D,2024,155679.07871
DK,D,2020,4935.3131
DK,D,2021,5940.38223
DK,D,2022,5699.9435
DK,D,2023,4200.20972
DK,D,2024,3385.6462
EE,D,2020,4782.4817
EE,D,2021,6196.90031
EE,D,2022,7820.11551
EE,D,2023,4531.28575
EE,D,2024,3941.46103
EL,D,2020,20399.43745
EL,D,2021,20563.6846
EL,D,2022,19299.93176
EL,D,2023,15759.8207
EL,D,2024,14198.50112
ES,D,2020,29826.22926
ES,D,2021,30295.05918
ES,D,2022,41664.55317
ES,D,2023,29735.53181
ES,D,2024,24932.85596
EU27_2020,D,2020,664755.8654
EU27_2020,D,2021,729277.18669
EU27_2020,D,2022,750729.51466
EU27_2020,D,2023,584506.18733
EU27_2020,D,2024,530501.39363
EU27_2020,D,2025,535180.138
FI,D,2020,11252.22707
FI,D,2021,11934.53295
FI,D,2022,11214.72287
FI,D,2023,8305.64212
FI,D,2024,7061.29494
FR,D,2020,24409.7919
FR,D,2021,27099.73942
FR,D,2022,27716.41569
FR,D,2023,20458.774
FR,D,2024,16803.38326
HR,D,2020,3407.22322
HR,D,2021,3431.57922
HR,D,2022,3622.88422
HR,D,2023,3619.63903
HR,D,2024,3318.14642
HU,D,2020,11889.49867
HU,D,2021,11074.97519
HU,D,2022,10218.45883
HU,D,2023,8476.42453
HU,D,2024,8123.45346
IE,D,2020,8273.08111
IE,D,2021,9820.29695
IE,D,2022,9646.41139
IE,D,2023,7564.07068
IE,D,2024,6674.20724
IS,D,2020,187.96601
IS,D,2021,174.86001
IS,D,2022,193.31893
IS,D,2023,192.91538
IS,D,2024,178.66868
IT,D,2020,74293.63492
IT,D,2021,77250.00287
IT,D,2022,83585.21486
IT,D,2023,63809.1616
IT,D,2024,53165.45676
LT,D,2020,1686.71574
LT,D,2021,1848.37788
LT,D,2022,1480.23851
LT,D,2023,1186.46942
LT,D,2024,1187.77357
LU,D,2020,299.0262
LU,D,2021,303.2991
LU,D,2022,258.4081
LU,D,2023,208.9788
LU,D,2024,197.20696
LV,D,2020,1506.4168
LV,D,2021,1575.1627
LV,D,2022,1115.77717
LV,D,2023,1119.9497
LV,D,2024,1213.66487
MT,D,2020,811.96737
MT,D,2021,773.3712
MT,D,2022,798.50415
MT,D,2023,800.76332
MT,D,2024,743.28847
NL,D,2020,32612.11163
NL,D,2021,32516.14507
NL,D,2022,30613.0595
NL,D,2023,23692.57438
NL,D,2024,23183.72041
NO,D,2020,707.4534
NO,D,2021,750.68546
NO,D,2022,722.72619
NO,D,2023,692.95814
NO,D,2024,683.66684
PL,D,2020,125610.31723
PL,D,2021,146687.25029
PL,D,2022,140918.61479
PL,D,2023,114429.23339
PL,D,2024,106204.92736
PT,D,2020,7962.0013
PT,D,2021,6170.6948
PT,D,2022,6552.9441
PT,D,2023,4236.8006
PT,D,2024,2770.64432
RO,D,2020,19125.57832
RO,D,2021,19821.05066
RO,D,2022,19150.2257
RO,D,2023,16523.59214
RO,D,2024,21392.66322
RS,D,2020,33588.46998
RS,D,2021,31466.85996
RS,D,2022,31428.57133
RS,D,2023,31001.74155
SE,D,2020,5322.51996
SE,D,2021,6013.13046
SE,D,2022,5706.93251
SE,D,2023,5314.4829
SE,D,2024,5079.60596
SI,D,2020,4655.01083
SI,D,2021,4340.03058
SI,D,2022,3532.9204
SI,D,2023,3428.76382
SI,D,2024,3709.29644
SK,D,2020,5785.31094
SK,D,2021,6345.53957
SK,D,2022,5533.26137
SK,D,2023,5506.37857
SK,D,2024,4515.83529
TR,D,2020,125671.22829
TR,D,2021,142698.82156
TR,D,2022,138590.29237
TR,D,2023,137253.59826
AT,E,2020,2499.81502
AT,E,2021,2250.12571
AT,E,2022,2200.44982
AT,E,2023,2144.40765
AT,E,2024,2131.6223
BE,E,2020,2737.26296
BE,E,2021,2706.75604
BE,E,2022,2590.71165
BE,E,2023,2512.34914
BE,E,2024,2562.7836
BG,E,2020,2815.74069
BG,E,2021,2789.12645
BG,E,2022,2679.80084
BG,E,2023,2607.78041
BG,E,2024,2909.27819
CH,E,2020,4158.15605
CH,E,2021,4036.38458
CH,E,2022,3988.75813
CH,E,2023,3939.94322
CY,E,2020,686.31276
CY,E,2021,682.49752
CY,E,2022,693.92115
CY,E,2023,701.85405
CY,E,2024,774.23655
CZ,E,2020,6969.23489
CZ,E,2021,7020.86966
CZ,E,2022,7123.19566
CZ,E,2023,7183.60592
CZ,E,2024,7571.68486
DE,E,2020,14863.44809
DE,E,2021,14375.16316
DE,E,2022,13306.43561
DE,E,2023,12828.25866
DE,E,2024,12889.85275
DK,E,2020,2487.31295
DK,E,2021,2340.4935
DK,E,2022,2394.70919
DK,E,2023,2385.82434
DK,E,2024,2299.45094
EE,E,2020,403.47146
EE,E,2021,386.15792
EE,E,2022,397.55303
EE,E,2023,374.0167
EE,E,2024,400.15693
EL,E,2020,5815.03868
EL,E,2021,6266.41593
EL,E,2022,6358.11027
EL,E,2023,6367.83518
EL,E,2024,7149.90594
ES,E,2020,14908.58553
ES,E,2021,15792.29128
ES,E,2022,16183.71008
ES,E,2023,15258.40904
ES,E,2024,15420.5172
EU27_2020,E,2020,149876.23831
EU27_2020,E,2021,148699.01352
EU27_2020,E,2022,146882.598
EU27_2020,E,2023,145506.35616
EU27_2020,E,2024,148196.88688
EU27_2020,E,2025,149554.614
FI,E,2020,2315.83565
FI,E,2021,2251.3197
FI,E,2022,2135.57609
FI,E,2023,2119.5319
FI,E,2024,2152.10542
FR,E,2020,27952.90843
FR,E,2021,27286.13168
FR,E,2022,27223.346
FR,E,2023,27165.39669
FR,E,2024,27074.49971
HR,E,2020,2227.86527
HR,E,2021,2115.64989
HR,E,2022,2195.42466
HR,E,2023,2189.56724
HR,E,2024,2162.16057
HU,E,2020,4351.11144
HU,E,2021,4330.75061
HU,E,2022,4329.33877
HU,E,2023,4227.01994
HU,E,2024,4593.51288
IE,E,2020,1245.76888
IE,E,2021,1137.45479
IE,E,2022,1145.01617
IE,E,2023,1120.47031
IE,E,2024,1074.13874
IS,E,2020,300.71829
IS,E,2021,291.71558
IS,E,2022,275.60868
IS,E,2023,271.16132
IS,E,2024,263.94222
IT,E,2020,26383.64947
IT,E,2021,26304.32348
IT,E,2022,25899.63379
IT,E,2023,26338.76929
IT,E,2024,25821.35309
LT,E,2020,868.7809
LT,E,2021,829.60211
LT,E,2022,799.90214
LT,E,2023,810.92581
LT,E,2024,822.39192
LU,E,2020,108.41447
LU,E,2021,110.34104
LU,E,2022,104.58524
LU,E,2023,98.83817
LU,E,2024,110.31254
LV,E,2020,546.25298
LV,E,2021,544.99095
LV,E,2022,575.8349
LV,E,2023,588.20625
LV,E,2024,612.83666
MT,E,2020,192.18718
MT,E,2021,193.81606
MT,E,2022,197.30089
MT,E,2023,195.7187
MT,E,2024,226.88305
NL,E,2020,5575.31552
NL,E,2021,5213.0686
NL,E,2022,5000.63714
NL,E,2023,5056.33386
NL,E,2024,4928.18777
NO,E,2020,1927.7015
NO,E,2021,1850.83295
NO,E,2022,1845.61092
NO,E,2023,1876.84513
NO,E,2024,1397.69512
PL,E,2020,5711.69124
PL,E,2021,5594.95137
PL,E,2022,5489.25161
PL,E,2023,5454.54624
PL,E,2024,5552.11387
PT,E,2020,7049.7111
PT,E,2021,7156.2079
PT,E,2022,7024.0993
PT,E,2023,7054.8643
PT,E,2024,7488.92518
RO,E,2020,7200.63046
RO,E,2021,7151.80209
RO,E,2022,7164.50601
RO,E,2023,7142.2867
RO,E,2024,7961.42592
RS,E,2020,3069.74254
RS,E,2021,3129.61272
RS,E,2022,3162.30437
RS,E,2023,3206.46787
SE,E,2020,1458.91341
SE,E,2021,1415.72369
SE,E,2022,1351.78422
SE,E,2023,1303.57084
SE,E,2024,1245.98047
SI,E,2020,497.02043
SI,E,2021,481.31493
SI,E,2022,447.85652
SI,E,2023,451.69519
SI,E,2024,470.7973
SK,E,2020,2003.95844
SK,E,2021,1971.66748
SK,E,2022,1869.90723
SK,E,2023,1824.27363
SK,E,2024,1789.77252
TR,E,2020,16698.79549
TR,E,2021,15161.5185
TR,E,2022,15726.7774
TR,E,2023,13781.81727
AT,E36,2020,17.93022
AT,E36,2021,19.87657
AT,E36,2022,21.81073
AT,E36,2023,24.7923
AT,E36,2024,24.31807
BE,E36,2020,54.43277
BE,E36,2021,61.47294
BE,E36,2022,55.36322
BE,E36,2023,54.87215
BE,E36,2024,55.84906
BG,E36,2020,406.95042
BG,E36,2021,434.2542
BG,E36,2022,403.06466
BG,E36,2023,393.90945
BG,E36,2024,436.06086
CH,E36,2020,12.03288
CH,E36,2021,18.25585
CH,E36,2022,16.17189
CH,E36,2023,15.50104
CY,E36,2020,1.57975
CY,E36,2021,1.46838
CY,E36,2022,1.49747
CY,E36,2023,1.55513
CY,E36,2024,1.55741
CZ,E36,2020,95.6295
CZ,E36,2021,85.11978
CZ,E36,2022,83.38135
CZ,E36,2023,85.03482
CZ,E36,2024,86.45344
DE,E36,2020,115.82023
DE,E36,2021,106.64258
DE,E36,2022,116.48461
DE,E36,2023,109.91088
DE,E36,2024,109.71935
DK,E36,2020,6.17916
DK,E36,2021,4.97245
DK,E36,2022,6.44285
DK,E36,2023,6.17287
DK,E36,2024,5.84491
EE,E36,2020,96.96767
EE,E36,2021,100.36073
EE,E36,2022,104.30553
EE,E36,2023,100.30654
EE,E36,2024,110.85708
EL,E36,2020,25.13501
EL,E36,2021,34.29908
EL,E36,2022,32.56909
EL,E36,2023,35.9886
EL,E36,2024,35.84575
ES,E36,2020,373.04317
ES,E36,2021,432.83243
ES,E36,2022,411.93952
ES,E36,2023,224.97547
ES,E36,2024,235.58363
EU27_2020,E36,2020,4852.7624
EU27_2020,E36,2021,4956.29178
EU27_2020,E36,2022,4819.92601
EU27_2020,E36,2023,4571.8094
EU27_2020,E36,2024,4607.15914
FI,E36,2020,0.0
FI,E36,2021,0.0
FI,E36,2022,0.0
FI,E36,2023,0.0
FI,E36,2024,0.0
FR,E36,2020,90.13723
FR,E36,2021,97.94792
FR,E36,2022,97.67548
FR,E36,2023,92.73133
FR,E36,2024,91.32387
HR,E36,2020,3.33275
HR,E36,2021,3.65823
HR,E36,2022,3.9482
HR,E36,2023,4.2719
HR,E36,2024,4.43766
HU,E36,2020,31.73603
HU,E36,2021,30.6092
HU,E36,2022,25.56459
HU,E36,2023,20.68311
HU,E36,2024,20.80285
IE,E36,2020,28.60506
IE,E36,2021,21.23139
IE,E36,2022,21.9549
IE,E36,2023,8.09708
IE,E36,2024,8.01807
IS,E36,2020,17.91475
IS,E36,2021,19.26822
IS,E36,2022,21.97638
IS,E36,2023,22.09102
IS,E36,2024,19.37978
IT,E36,2020,125.05577
IT,E36,2021,143.87381
IT,E36,2022,138.3671
IT,E36,2023,135.95917
IT,E36,2024,134.35294
LT,E36,2020,24.21109
LT,E36,2021,26.48737
LT,E36,2022,33.03693
LT,E36,2023,24.77026
LT,E36,2024,29.42343
LU,E36,2020,0.45927
LU,E36,2021,1.00804
LU,E36,2022,1.00934
LU,E36,2023,0.90957
LU,E36,2024,0.89712
LV,E36,2020,7.20297
LV,E36,2021,6.08147
LV,E36,2022,7.53105
LV,E36,2023,6.06379
LV,E36,2024,5.83698
MT,E36,2020,2.14715
MT,E36,2021,2.45039
MT,E36,2022,2.90902
MT,E36,2023,3.13719
MT,E36,2024,3.16904
NL,E36,2020,73.19541
NL,E36,2021,72.50217
NL,E36,2022,69.38369
NL,E36,2023,68.47476
NL,E36,2024,66.28011
NO,E36,2020,2.00744
NO,E36,2021,2.53902
NO,E36,2022,2.12829
NO,E36,2023,2.55006
NO,E36,2024,2.66004
PL,E36,2020,3051.79917
PL,E36,2021,3064.20791
PL,E36,2022,2996.97938
PL,E36,2023,2959.89399
PL,E36,2024,2947.2524
PT,E36,2020,46.4797
PT,E36,2021,41.3085
PT,E36,2022,34.9753
PT,E36,2023,37.342
PT,E36,2024,36.49175
RO,E36,2020,5.66903
RO,E36,2021,5.97092
RO,E36,2022,6.37379
RO,E36,2023,6.29797
RO,E36,2024,7.87159
RS,E36,2020,6.94843
RS,E36,2021,7.9274
RS,E36,2022,8.47459
RS,E36,2023,8.357
SE,E36,2020,16.28278
SE,E36,2021,17.11506
SE,E36,2022,14.04764
SE,E36,2023,15.72954
SE,E36,2024,15.02402
SI,E36,2020,12.14833
SI,E36,2021,12.9734
SI,E36,2022,13.1488
SI,E36,2023,12.59399
SI,E36,2024,13.26247
SK,E36,2020,140.63274
SK,E36,2021,127.56686
SK,E36,2022,116.16179
SK,E36,2023,137.33555
SK,E36,2024,120.62528
TR,E36,2020,67.96995
TR,E36,2021,76.45956
TR,E36,2022,75.44615
TR,E36,2023,77.90019
AT,E37-E39,2020,2481.8848
AT,E37-E39,2021,2230.24914
AT,E37-E39,2022,2178.63909
AT,E37-E39,2023,2119.61535
AT,E37-E39,2024,2107.30424
BE,E37-E39,2020,2682.83018
BE,E37-E39,2021,2645.2831
BE,E37-E39,2022,2535.34843
BE,E37-E39,2023,2457.477
BE,E37-E39,2024,2506.93454
BG,E37-E39,2020,2408.79028
BG,E37-E39,2021,2354.87225
BG,E37-E39,2022,2276.73618
BG,E37-E39,2023,2213.87096
BG,E37-E39,2024,2473.21733
CH,E37-E39,2020,4146.12317
CH,E37-E39,2021,4018.12872
CH,E37-E39,2022,3972.58624
CH,E37-E39,2023,3924.44219
CY,E37-E39,2020,684.73301
CY,E37-E39,2021,681.02914
CY,E37-E39,2022,692.42368
CY,E37-E39,2023,700.29892
CY,E37-E39,2024,772.67915
CZ,E37-E39,2020,6873.6054
CZ,E37-E39,2021,6935.74988
CZ,E37-E39,2022,7039.81432
CZ,E37-E39,2023,7098.5711
CZ,E37-E39,2024,7485.23141
DE,E37-E39,2020,14747.62786
DE,E37-E39,2021,14268.52059
DE,E37-E39,2022,13189.95101
DE,E37-E39,2023,12718.34777
DE,E37-E39,2024,12780.1334
DK,E37-E39,2020,2481.13379
DK,E37-E39,2021,2335.52105
DK,E37-E39,2022,2388.26635
DK,E37-E39,2023,2379.65146
DK,E37-E39,2024,2293.60602
EE,E37-E39,2020,306.50379
EE,E37-E39,2021,285.79718
EE,E37-E39,2022,293.2475
EE,E37-E39,2023,273.71016
EE,E37-E39,2024,289.29985
EL,E37-E39,2020,5789.90367
EL,E37-E39,2021,6232.11684
EL,E37-E39,2022,6325.54119
EL,E37-E39,2023,6331.84658
EL,E37-E39,2024,7114.06019
ES,E37-E39,2020,14535.54237
ES,E37-E39,2021,15359.45885
ES,E37-E39,2022,15771.77056
ES,E37-E39,2023,15033.43357
ES,E37-E39,2024,15184.93357
EU27_2020,E37-E39,2020,145023.47591
EU27_2020,E37-E39,2021,143742.72174
EU27_2020,E37-E39,2022,142062.672
EU27_2020,E37-E39,2023,140934.54675
EU27_2020,E37-E39,2024,143589.72774
FI,E37-E39,2020,2315.83565
FI,E37-E39,2021,2251.3197
FI,E37-E39,2022,2135.57609
FI,E37-E39,2023,2119.5319
FI,E37-E39,2024,2152.10542
FR,E37-E39,2020,27862.77119
FR,E37-E39,2021,27188.18376
FR,E37-E39,2022,27125.67052
FR,E37-E39,2023,27072.66536
FR,E37-E39,2024,26983.17584
HR,E37-E39,2020,2224.53252
HR,E37-E39,2021,2111.99165
HR,E37-E39,2022,2191.47646
HR,E37-E39,2023,2185.29534
HR,E37-E39,2024,2157.72292
HU,E37-E39,2020,4319.37541
HU,E37-E39,2021,4300.14141
HU,E37-E39,2022,4303.77418
HU,E37-E39,2023,4206.33683
HU,E37-E39,2024,4572.71002
IE,E37-E39,2020,1217.16382
IE,E37-E39,2021,1116.2234
IE,E37-E39,2022,1123.06127
IE,E37-E39,2023,1112.37323
IE,E37-E39,2024,1066.12067
IS,E37-E39,2020,282.80354
IS,E37-E39,2021,272.44737
IS,E37-E39,2022,253.6323
IS,E37-E39,2023,249.0703
IS,E37-E39,2024,244.56244
IT,E37-E39,2020,26258.5937
IT,E37-E39,2021,26160.44967
IT,E37-E39,2022,25761.26668
IT,E37-E39,2023,26202.81013
IT,E37-E39,2024,25687.00015
LT,E37-E39,2020,844.5698
LT,E37-E39,2021,803.11473
LT,E37-E39,2022,766.86521
LT,E37-E39,2023,786.15555
LT,E37-E39,2024,792.9685
LU,E37-E39,2020,107.9552
LU,E37-E39,2021,109.333
LU,E37-E39,2022,103.5759
LU,E37-E39,2023,97.9286
LU,E37-E39,2024,109.41543
LV,E37-E39,2020,539.05002
LV,E37-E39,2021,538.90948
LV,E37-E39,2022,568.30385
LV,E37-E39,2023,582.14247
LV,E37-E39,2024,606.99968
MT,E37-E39,2020,190.04002
MT,E37-E39,2021,191.36568
MT,E37-E39,2022,194.39187
MT,E37-E39,2023,192.58151
MT,E37-E39,2024,223.71401
NL,E37-E39,2020,5502.12011
NL,E37-E39,2021,5140.56642
NL,E37-E39,2022,4931.25345
NL,E37-E39,2023,4987.85909
NL,E37-E39,2024,4861.90766
NO,E37-E39,2020,1925.69406
NO,E37-E39,2021,1848.29393
NO,E37-E39,2022,1843.48263
NO,E37-E39,2023,1874.29507
NO,E37-E39,2024,1395.03508
PL,E37-E39,2020,2659.89206
PL,E37-E39,2021,2530.74346
PL,E37-E39,2022,2492.27223
PL,E37-E39,2023,2494.65225
PL,E37-E39,2024,2604.86147
PT,E37-E39,2020,7003.2314
PT,E37-E39,2021,7114.8994
PT,E37-E39,2022,6989.124
PT,E37-E39,2023,7017.5223
PT,E37-E39,2024,7452.43342
RO,E37-E39,2020,7194.96143
RO,E37-E39,2021,7145.83118
RO,E37-E39,2022,7158.13223
RO,E37-E39,2023,7135.98873
RO,E37-E39,2024,7953.55433
RS,E37-E39,2020,3062.79411
RS,E37-E39,2021,3121.68531
RS,E37-E39,2022,3153.82978
RS,E37-E39,2023,3198.11087
SE,E37-E39,2020,1442.63063
SE,E37-E39,2021,1398.60862
SE,E37-E39,2022,1337.73658
SE,E37-E39,2023,1287.84131
SE,E37-E39,2024,1230.95645
SI,E37-E39,2020,484.8721
SI,E37-E39,2021,468.34153
SI,E37-E39,2022,434.70773
SI,E37-E39,2023,439.10121
SI,E37-E39,2024,457.53483
SK,E37-E39,2020,1863.32569
SK,E37-E39,2021,1844.10062
SK,E37-E39,2022,1753.74544
SK,E37-E39,2023,1686.93807
SK,E37-E39,2024,1669.14724
TR,E37-E39,2020,16630.82554
TR,E37-E39,2021,15085.05894
TR,E37-E39,2022,15651.33126
TR,E37-E39,2023,13703.91708
AT,F,2020,1080.64181
AT,F,2021,1010.42649
AT,F,2022,1433.84265
AT,F,2023,1339.38833
AT,F,2024,1316.66269
BE,F,2020,2614.30398
BE,F,2021,2937.57416
BE,F,2022,3058.5231
BE,F,2023,3089.56237
BE,F,2024,3170.284
BG,F,2020,606.06982
BG,F,2021,630.77747
BG,F,2022,441.15061
BG,F,2023,463.89214
BG,F,2024,496.20671
CH,F,2020,1176.45139
CH,F,2021,1192.19857
CH,F,2022,1168.84864
CH,F,2023,1147.17263
CY,F,2020,160.12171
CY,F,2021,137.39319
CY,F,2022,142.24905
CY,F,2023,164.23614
CY,F,2024,164.46923
CZ,F,2020,1328.17089
CZ,F,2021,1555.2173
CZ,F,2022,1666.56454
CZ,F,2023,1696.87259
CZ,F,2024,1704.08327
DE,F,2020,7563.42933
DE,F,2021,7834.37314
DE,F,2022,7686.67086
DE,F,2023,7604.26016
DE,F,2024,7602.98874
DK,F,2020,1590.94051
DK,F,2021,1589.11938
DK,F,2022,1672.01173
DK,F,2023,1722.71161
DK,F,2024,1687.7025
EE,F,2020,173.26022
EE,F,2021,223.0925
EE,F,2022,237.9014
EE,F,2023,230.02357
EE,F,2024,280.32305
EL,F,2020,401.90157
EL,F,2021,390.23224
EL,F,2022,405.07423
EL,F,2023,322.599
EL,F,2024,320.72636
ES,F,2020,3494.93459
ES,F,2021,4106.0882
ES,F,2022,3916.57008
ES,F,2023,3691.84639
ES,F,2024,3771.10812
EU27_2020,F,2020,49900.76311
EU27_2020,F,2021,54604.03434
EU27_2020,F,2022,54866.6124
EU27_2020,F,2023,54526.92435
EU27_2020,F,2024,56059.80536
EU27_2020,F,2025,57289.951
FI,F,2020,1402.44108
FI,F,2021,1394.36792
FI,F,2022,1434.63583
FI,F,2023,1338.64708
FI,F,2024,1273.17322
FR,F,2020,8194.00053
FR,F,2021,9072.02194
FR,F,2022,8913.64059
FR,F,2023,8628.92061
FR,F,2024,8596.82138
HR,F,2020,335.9488
HR,F,2021,378.69652
HR,F,2022,416.5987
HR,F,2023,479.16422
HR,F,2024,410.74866
HU,F,2020,1112.93327
HU,F,2021,1233.55645
HU,F,2022,1206.62132
HU,F,2023,1022.3319
HU,F,2024,1031.77641
IE,F,2020,796.02274
IE,F,2021,960.77807
IE,F,2022,878.46388
IE,F,2023,1134.10235
IE,F,2024,1121.5849
IS,F,2020,124.69944
IS,F,2021,114.04945
IS,F,2022,130.51185
IS,F,2023,146.83051
IS,F,2024,121.52928
IT,F,2020,5571.84491
IT,F,2021,7314.05345
IT,F,2022,7564.8032
IT,F,2023,7761.85886
IT,F,2024,8125.53468
LT,F,2020,153.24622
LT,F,2021,101.2344
LT,F,2022,120.83751
LT,F,2023,116.33941
LT,F,2024,117.30591
LU,F,2020,181.3255
LU,F,2021,121.5749
LU,F,2022,124.9915
LU,F,2023,126.8923
LU,F,2024,125.84722
LV,F,2020,211.63308
LV,F,2021,246.36191
LV,F,2022,261.32239
LV,F,2023,262.4253
LV,F,2024,248.1951
MT,F,2020,88.34108
MT,F,2021,92.91192
MT,F,2022,111.97211
MT,F,2023,93.85367
MT,F,2024,95.64987
NL,F,2020,3404.34986
NL,F,2021,3415.0045
NL,F,2022,3423.87272
NL,F,2023,3509.59168
NL,F,2024,3397.38298
NO,F,2020,2003.65441
NO,F,2021,2162.88075
NO,F,2022,2108.6106
NO,F,2023,1902.39434
NO,F,2024,1719.85806
PL,F,2020,788.52206
PL,F,2021,820.69631
PL,F,2022,801.71287
PL,F,2023,1147.95257
PL,F,2024,1115.665
PT,F,2020,1283.5566
PT,F,2021,1391.6127
PT,F,2022,1276.8581
PT,F,2023,1344.1326
PT,F,2024,1305.07117
RO,F,2020,2900.16898
RO,F,2021,2990.52113
RO,F,2022,3193.99382
RO,F,2023,3161.00379
RO,F,2024,4102.67024
RS,F,2020,153.45753
RS,F,2021,177.81078
RS,F,2022,195.54836
RS,F,2023,194.45241
SE,F,2020,1818.33429
SE,F,2021,1897.09762
SE,F,2022,1708.00725
SE,F,2023,1615.98091
SE,F,2024,2120.67715
SI,F,2020,514.86891
SI,F,2021,532.39654
SI,F,2022,547.23293
SI,F,2023,528.74315
SI,F,2024,554.82435
SK,F,2020,2129.45078
SK,F,2021,2226.85399
SK,F,2022,2220.48942
SK,F,2023,1929.59164
SK,F,2024,1802.32244
TR,F,2020,3797.69113
TR,F,2021,4175.28588
TR,F,2022,4035.41191
TR,F,2023,4087.44368
AT,G,2020,1503.84391
AT,G,2021,1463.95303
AT,G,2022,1561.16601
AT,G,2023,1424.22323
AT,G,2024,1348.81687
BE,G,2020,1464.87247
BE,G,2021,1663.26321
BE,G,2022,1359.83257
BE,G,2023,1312.14599
BE,G,2024,1337.35676
BG,G,2020,640.33764
BG,G,2021,706.24913
BG,G,2022,869.74411
BG,G,2023,849.62915
BG,G,2024,868.63562
CH,G,2020,1712.97271
CH,G,2021,1739.8552
CH,G,2022,1577.03179
CH,G,2023,1543.50893
CY,G,2020,195.69789
CY,G,2021,172.31808
CY,G,2022,178.35793
CY,G,2023,199.4563
CY,G,2024,200.0537
CZ,G,2020,1066.26403
CZ,G,2021,1228.25145
CZ,G,2022,1233.41263
CZ,G,2023,1218.28974
CZ,G,2024,1223.30528
DE,G,2020,14507.96042
DE,G,2021,14715.35185
DE,G,2022,14182.76352
DE,G,2023,13130.65601
DE,G,2024,12880.00747
DK,G,2020,962.62238
DK,G,2021,986.46861
DK,G,2022,940.65101
DK,G,2023,938.44022
DK,G,2024,880.8029
EE,G,2020,187.74349
EE,G,2021,195.45115
EE,G,2022,221.7009
EE,G,2023,209.96051
EE,G,2024,245.25666
EL,G,2020,2275.01164
EL,G,2021,2347.90927
EL,G,2022,2608.6823
EL,G,2023,2306.71698
EL,G,2024,2309.40952
ES,G,2020,6610.59896
ES,G,2021,7864.36103
ES,G,2022,8114.87979
ES,G,2023,6929.23735
ES,G,2024,7230.30558
EU27_2020,G,2020,75381.93076
EU27_2020,G,2021,80186.75773
EU27_2020,G,2022,78245.37159
EU27_2020,G,2023,73681.1261
EU27_2020,G,2024,73301.86219
FI,G,2020,480.29541
FI,G,2021,428.63015
FI,G,2022,356.01629
FI,G,2023,312.0903
FI,G,2024,280.85636
FR,G,2020,12356.30909
FR,G,2021,12737.23203
FR,G,2022,11926.76497
FR,G,2023,10900.20203
FR,G,2024,10637.61623
HR,G,2020,477.99636
HR,G,2021,524.20115
HR,G,2022,549.35174
HR,G,2023,600.81197
HR,G,2024,622.64674
HU,G,2020,2132.9655
HU,G,2021,2330.55031
HU,G,2022,2279.98985
HU,G,2023,2024.67791
HU,G,2024,2004.7744
IE,G,2020,893.05168
IE,G,2021,992.89247
IE,G,2022,1233.56916
IE,G,2023,1086.44031
IE,G,2024,1055.26003
IS,G,2020,56.56277
IS,G,2021,55.68939
IS,G,2022,54.79915
IS,G,2023,51.83126
IS,G,2024,52.6292
IT,G,2020,9967.77542
IT,G,2021,11157.82839
IT,G,2022,11053.67341
IT,G,2023,11474.04223
IT,G,2024,11359.33774
LT,G,2020,290.69379
LT,G,2021,297.97021
LT,G,2022,307.55735
LT,G,2023,299.42189
LT,G,2024,336.76097
LU,G,2020,170.5765
LU,G,2021,171.244
LU,G,2022,155.6649
LU,G,2023,162.4918
LU,G,2024,156.43213
LV,G,2020,322.80117
LV,G,2021,314.75156
LV,G,2022,459.4388
LV,G,2023,411.55985
LV,G,2024,417.0852
MT,G,2020,77.39315
MT,G,2021,77.16994
MT,G,2022,84.29899
MT,G,2023,85.52187
MT,G,2024,84.29355
NL,G,2020,3289.529
NL,G,2021,3419.97636
NL,G,2022,3310.21022
NL,G,2023,3272.70801
NL,G,2024,3104.75022
NO,G,2020,1075.98991
NO,G,2021,1242.74806
NO,G,2022,999.75675
NO,G,2023,967.61473
NO,G,2024,908.17354
PL,G,2020,9900.55252
PL,G,2021,10540.18958
PL,G,2022,9544.77506
PL,G,2023,8645.2404
PL,G,2024,8177.76074
PT,G,2020,1543.9541
PT,G,2021,1635.7336
PT,G,2022,1543.6975
PT,G,2023,1675.5794
PT,G,2024,1649.94522
RO,G,2020,1578.94544
RO,G,2021,1699.0922
RO,G,2022,1795.74417
RO,G,2023,1855.53235
RO,G,2024,2301.31228
RS,G,2020,325.45766
RS,G,2021,358.41628
RS,G,2022,405.3254
RS,G,2023,384.13297
SE,G,2020,1496.53802
SE,G,2021,1468.4936
SE,G,2022,1321.93603
SE,G,2023,1344.15454
SE,G,2024,1578.0178
SI,G,2020,374.6052
SI,G,2021,400.38396
SI,G,2022,408.73955
SI,G,2023,394.83282
SI,G,2024,408.19211
SK,G,2020,612.9956
SK,G,2021,646.84141
SK,G,2022,642.75283
SK,G,2023,617.06293
SK,G,2024,602.87012
TR,G,2020,10421.71711
TR,G,2021,11291.16906
TR,G,2022,11651.07987
TR,G,2023,12186.86268
AT,G-U_X_H,2020,3729.56359
AT,G-U_X_H,2021,3688.64113
AT,G-U_X_H,2022,3899.75002
AT,G-U_X_H,2023,3873.06832
AT,G-U_X_H,2024,3682.90452
BE,G-U_X_H,2020,10182.18947
BE,G-U_X_H,2021,11448.84552
BE,G-U_X_H,2022,10887.08347
BE,G-U_X_H,2023,10934.50516
BE,G-U_X_H,2024,11118.37295
BG,G-U_X_H,2020,1054.93297
BG,G-U_X_H,2021,1192.8722
BG,G-U_X_H,2022,1545.28119
BG,G-U_X_H,2023,1517.53359
BG,G-U_X_H,2024,1553.23956
CH,G-U_X_H,2020,5811.36741
CH,G-U_X_H,2021,6284.6991
CH,G-U_X_H,2022,5549.55023
CH,G-U_X_H,2023,5533.234
CY,G-U_X_H,2020,488.12053
CY,G-U_X_H,2021,458.5267
CY,G-U_X_H,2022,483.8275
CY,G-U_X_H,2023,533.47141
CY,G-U_X_H,2024,535.01846
CZ,G-U_X_H,2020,2646.35456
CZ,G-U_X_H,2021,2859.473
CZ,G-U_X_H,2022,2822.87782
CZ,G-U_X_H,2023,2774.72423
CZ,G-U_X_H,2024,2804.54268
DE,G-U_X_H,2020,54473.79659
DE,G-U_X_H,2021,56213.6665
DE,G-U_X_H,2022,54753.18999
DE,G-U_X_H,2023,52639.41799
DE,G-U_X_H,2024,51696.84276
DK,G-U_X_H,2020,2625.55527
DK,G-U_X_H,2021,2712.90789
DK,G-U_X_H,2022,2529.41875
DK,G-U_X_H,2023,2535.07521
DK,G-U_X_H,2024,2450.14714
EE,G-U_X_H,2020,448.08664
EE,G-U_X_H,2021,427.42756
EE,G-U_X_H,2022,524.57411
EE,G-U_X_H,2023,462.00568
EE,G-U_X_H,2024,541.62301
EL,G-U_X_H,2020,3430.31796
EL,G-U_X_H,2021,3190.36546
EL,G-U_X_H,2022,3764.67948
EL,G-U_X_H,2023,3571.29618
EL,G-U_X_H,2024,3626.69365
ES,G-U_X_H,2020,17148.69296
ES,G-U_X_H,2021,19474.48419
ES,G-U_X_H,2022,19325.90052
ES,G-U_X_H,2023,17438.15223
ES,G-U_X_H,2024,18038.73788
EU27_2020,G-U_X_H,2020,230073.65222
EU27_2020,G-U_X_H,2021,240039.99784
EU27_2020,G-U_X_H,2022,234002.8776
EU27_2020,G-U_X_H,2023,225669.89377
EU27_2020,G-U_X_H,2024,225464.76534
EU27_2020,G-U_X_H,2025,227764.996
FI,G-U_X_H,2020,1885.61569
FI,G-U_X_H,2021,1792.56987
FI,G-U_X_H,2022,1774.48333
FI,G-U_X_H,2023,1865.03567
FI,G-U_X_H,2024,1702.55001
FR,G-U_X_H,2020,44344.86791
FR,G-U_X_H,2021,46558.73571
FR,G-U_X_H,2022,45019.95928
FR,G-U_X_H,2023,41249.79043
FR,G-U_X_H,2024,40827.88076
HR,G-U_X_H,2020,1714.52367
HR,G-U_X_H,2021,1891.79892
HR,G-U_X_H,2022,1906.82027
HR,G-U_X_H,2023,1995.40858
HR,G-U_X_H,2024,2084.32291
HU,G-U_X_H,2020,5931.44911
HU,G-U_X_H,2021,6478.62344
HU,G-U_X_H,2022,6330.76438
HU,G-U_X_H,2023,5517.0226
HU,G-U_X_H,2024,5451.09895
IE,G-U_X_H,2020,2870.25054
IE,G-U_X_H,2021,2967.26167
IE,G-U_X_H,2022,3312.35064
IE,G-U_X_H,2023,3085.73862
IE,G-U_X_H,2024,3034.09713
IS,G-U_X_H,2020,106.12295
IS,G-U_X_H,2021,106.68649
IS,G-U_X_H,2022,112.80049
IS,G-U_X_H,2023,109.56068
IS,G-U_X_H,2024,113.67637
IT,G-U_X_H,2020,26011.39055
IT,G-U_X_H,2021,24300.64778
IT,G-U_X_H,2022,23483.5185
IT,G-U_X_H,2023,25655.91179
IT,G-U_X_H,2024,25953.40881
LT,G-U_X_H,2020,723.33085
LT,G-U_X_H,2021,723.19526
LT,G-U_X_H,2022,732.19967
LT,G-U_X_H,2023,752.58183
LT,G-U_X_H,2024,859.00924
LU,G-U_X_H,2020,645.71529
LU,G-U_X_H,2021,731.54774
LU,G-U_X_H,2022,676.44461
LU,G-U_X_H,2023,603.81262
LU,G-U_X_H,2024,582.02898
LV,G-U_X_H,2020,755.61378
LV,G-U_X_H,2021,826.5515
LV,G-U_X_H,2022,1005.5839
LV,G-U_X_H,2023,871.25371
LV,G-U_X_H,2024,882.62068
MT,G-U_X_H,2020,291.29281
MT,G-U_X_H,2021,294.4997
MT,G-U_X_H,2022,334.63069
MT,G-U_X_H,2023,326.09786
MT,G-U_X_H,2024,317.24206
NL,G-U_X_H,2020,11877.70825
NL,G-U_X_H,2021,12429.25415
NL,G-U_X_H,2022,12025.39105
NL,G-U_X_H,2023,11816.95443
NL,G-U_X_H,2024,11092.79728
NO,G-U_X_H,2020,2037.27553
NO,G-U_X_H,2021,2327.25629
NO,G-U_X_H,2022,2062.40567
NO,G-U_X_H,2023,2091.23966
NO,G-U_X_H,2024,2041.47916
PL,G-U_X_H,2020,20146.28398
PL,G-U_X_H,2021,22154.72166
PL,G-U_X_H,2022,19687.11403
PL,G-U_X_H,2023,18087.87389
PL,G-U_X_H,2024,17063.03432
PT,G-U_X_H,2020,3620.36569
PT,G-U_X_H,2021,3745.76152
PT,G-U_X_H,2022,3744.58254
PT,G-U_X_H,2023,4024.07913
PT,G-U_X_H,2024,3957.42447
RO,G-U_X_H,2020,5344.12706
RO,G-U_X_H,2021,5735.06664
RO,G-U_X_H,2022,6085.5576
RO,G-U_X_H,2023,6334.35357
RO,G-U_X_H,2024,7937.69038
RS,G-U_X_H,2020,1150.38695
RS,G-U_X_H,2021,1261.50174
RS,G-U_X_H,2022,1457.45103
RS,G-U_X_H,2023,1402.32553
SE,G-U_X_H,2020,3511.01547
SE,G-U_X_H,2021,3438.59194
SE,G-U_X_H,2022,3089.9814
SE,G-U_X_H,2023,3087.33051
SE,G-U_X_H,2024,3619.04081
SI,G-U_X_H,2020,1265.75542
SI,G-U_X_H,2021,1219.9047
SI,G-U_X_H,2022,1304.14481
SI,G-U_X_H,2023,1336.22718
SI,G-U_X_H,2024,1341.98028
SK,G-U_X_H,2020,2906.7356
SK,G-U_X_H,2021,3084.05549
SK,G-U_X_H,2022,2952.76807
SK,G-U_X_H,2023,2781.17136
SK,G-U_X_H,2024,2710.41567
TR,G-U_X_H,2020,19719.00693
TR,G-U_X_H,2021,21237.36122
TR,G-U_X_H,2022,22003.58558
TR,G-U_X_H,2023,22848.66932
AT,G45,2020,137.80066
AT,G45,2021,149.11535
AT,G45,2022,156.6698
AT,G45,2023,130.19827
AT,G45,2024,125.90286
BE,G45,2020,222.75984
BE,G45,2021,256.60926
BE,G45,2022,223.03047
BE,G45,2023,216.59591
BE,G45,2024,220.06351
BG,G45,2020,52.16661
BG,G45,2021,55.93197
BG,G45,2022,192.04026
BG,G45,2023,188.16073
BG,G45,2024,193.22415
CH,G45,2020,253.80191
CH,G45,2021,315.45871
CH,G45,2022,245.77808
CH,G45,2023,264.24128
CY,G45,2020,18.65747
CY,G45,2021,14.78477
CY,G45,2022,16.45075
CY,G45,2023,18.3621
CY,G45,2024,18.4024
CZ,G45,2020,164.64442
CZ,G45,2021,156.57321
CZ,G45,2022,128.18579
CZ,G45,2023,130.71054
CZ,G45,2024,139.57944
DE,G45,2020,1027.37738
DE,G45,2021,1025.37995
DE,G45,2022,986.26864
DE,G45,2023,990.69041
DE,G45,2024,977.32363
DK,G45,2020,283.50224
DK,G45,2021,303.9279
DK,G45,2022,293.02563
DK,G45,2023,266.76659
DK,G45,2024,248.13805
EE,G45,2020,61.44779
EE,G45,2021,44.45112
EE,G45,2022,74.49396
EE,G45,2023,75.11796
EE,G45,2024,84.40648
EL,G45,2020,303.99791
EL,G45,2021,271.00753
EL,G45,2022,301.97657
EL,G45,2023,301.78628
EL,G45,2024,301.88875
ES,G45,2020,2020.64663
ES,G45,2021,2543.99942
ES,G45,2022,2636.62211
ES,G45,2023,2084.56036
ES,G45,2024,2140.64459
EU27_2020,G45,2020,13213.34238
EU27_2020,G45,2021,14828.56308
EU27_2020,G45,2022,15177.6833
EU27_2020,G45,2023,15056.9422
EU27_2020,G45,2024,15387.22543
FI,G45,2020,44.74116
FI,G45,2021,38.9908
FI,G45,2022,19.81962
FI,G45,2023,19.6993
FI,G45,2024,19.28135
FR,G45,2020,3121.68495
FR,G45,2021,3735.89449
FR,G45,2022,3568.31198
FR,G45,2023,3420.71275
FR,G45,2024,3378.49271
HR,G45,2020,115.10241
HR,G45,2021,128.33125
HR,G45,2022,136.05508
HR,G45,2023,151.30048
HR,G45,2024,151.62163
HU,G45,2020,565.99704
HU,G45,2021,669.01519
HU,G45,2022,727.71767
HU,G45,2023,637.34218
HU,G45,2024,635.46721
IE,G45,2020,87.00438
IE,G45,2021,106.71943
IE,G45,2022,125.19911
IE,G45,2023,131.39965
IE,G45,2024,127.44787
IS,G45,2020,8.00105
IS,G45,2021,9.08693
IS,G45,2022,10.7911
IS,G45,2023,10.88733
IS,G45,2024,11.79445
IT,G45,2020,2075.95272
IT,G45,2021,2303.00561
IT,G45,2022,2659.88016
IT,G45,2023,3271.85315
IT,G45,2024,3390.33661
LT,G45,2020,21.64869
LT,G45,2021,21.02312
LT,G45,2022,20.99979
LT,G45,2023,20.1639
LT,G45,2024,20.52529
LU,G45,2020,28.2484
LU,G45,2021,24.6191
LU,G45,2022,27.0512
LU,G45,2023,27.2777
LU,G45,2024,26.53211
LV,G45,2020,42.56263
LV,G45,2021,33.47629
LV,G45,2022,38.02751
LV,G45,2023,57.15525
LV,G45,2024,54.61053
MT,G45,2020,4.52792
MT,G45,2021,4.5195
MT,G45,2022,5.02406
MT,G45,2023,5.13986
MT,G45,2024,5.16817
NL,G45,2020,364.01976
NL,G45,2021,384.35509
NL,G45,2022,369.94662
NL,G45,2023,379.49186
NL,G45,2024,365.10127
NO,G45,2020,173.74573
NO,G45,2021,178.77678
NO,G45,2022,163.86942
NO,G45,2023,141.27104
NO,G45,2024,129.17496
PL,G45,2020,931.44963
PL,G45,2021,969.94955
PL,G45,2022,901.83016
PL,G45,2023,842.12771
PL,G45,2024,813.64153
PT,G45,2020,178.159
PT,G45,2021,190.438
PT,G45,2022,185.4893
PT,G45,2023,207.332
PT,G45,2024,210.09388
RO,G45,2020,522.69283
RO,G45,2021,568.94986
RO,G45,2022,579.8718
RO,G45,2023,597.8418
RO,G45,2024,716.61552
RS,G45,2020,28.78128
RS,G45,2021,31.86761
RS,G45,2022,36.36224
RS,G45,2023,34.91765
SE,G45,2020,620.86356
SE,G45,2021,616.85919
SE,G45,2022,584.0215
SE,G45,2023,659.43338
SE,G45,2024,799.41281
SI,G45,2020,74.6496
SI,G45,2021,79.90596
SI,G45,2022,82.6771
SI,G45,2023,81.10778
SI,G45,2024,84.62378
SK,G45,2020,121.03677
SK,G45,2021,130.73021
SK,G45,2022,136.99667
SK,G45,2023,144.61431
SK,G45,2024,138.6793
TR,G45,2020,1736.34454
TR,G45,2021,1930.19964
TR,G45,2022,1953.50808
TR,G45,2023,2091.69719
AT,G46,2020,850.76289
AT,G46,2021,818.84278
AT,G46,2022,907.60291
AT,G46,2023,835.2878
AT,G46,2024,789.21748
BE,G46,2020,575.04543
BE,G46,2021,703.09163
BE,G46,2022,599.43071
BE,G46,2023,597.39623
BE,G46,2024,608.88664
BG,G46,2020,468.77979
BG,G46,2021,515.45047
BG,G46,2022,498.54874
BG,G46,2023,492.84397
BG,G46,2024,503.5274
CH,G46,2020,656.06547
CH,G46,2021,649.93023
CH,G46,2022,634.48038
CH,G46,2023,591.92098
CY,G46,2020,99.90845
CY,G46,2021,83.68065
CY,G46,2022,87.44129
CY,G46,2023,99.90125
CY,G46,2024,100.05429
CZ,G46,2020,595.65415
CZ,G46,2021,805.00505
CZ,G46,2022,846.751
CZ,G46,2023,833.08801
CZ,G46,2024,836.25864
DE,G46,2020,5132.0615
DE,G46,2021,5243.56408
DE,G46,2022,5129.54953
DE,G46,2023,4800.24932
DE,G46,2024,4705.40082
DK,G46,2020,522.23754
DK,G46,2021,518.20233
DK,G46,2022,498.08937
DK,G46,2023,509.77771
DK,G46,2024,480.65166
EE,G46,2020,64.68772
EE,G46,2021,93.93462
EE,G46,2022,89.12085
EE,G46,2023,83.26428
EE,G46,2024,103.47701
EL,G46,2020,1405.25357
EL,G46,2021,1573.56688
EL,G46,2022,1746.03698
EL,G46,2023,1520.76162
EL,G46,2024,1522.37821
ES,G46,2020,2774.80533
ES,G46,2021,3232.38219
ES,G46,2022,3310.54469
ES,G46,2023,3087.2024
ES,G46,2024,3199.55236
EU27_2020,G46,2020,34405.81725
EU27_2020,G46,2021,37010.67836
EU27_2020,G46,2022,36310.60454
EU27_2020,G46,2023,34135.66642
EU27_2020,G46,2024,33677.15376
FI,G46,2020,32.93026
FI,G46,2021,29.59542
FI,G46,2022,29.95009
FI,G46,2023,35.85783
FI,G46,2024,32.81063
FR,G46,2020,3388.2729
FR,G46,2021,3577.45202
FR,G46,2022,3610.38918
FR,G46,2023,3367.1211
FR,G46,2024,3307.94047
HR,G46,2020,286.94944
HR,G46,2021,311.25505
HR,G46,2022,326.15592
HR,G46,2023,356.9903
HR,G46,2024,373.80242
HU,G46,2020,990.8962
HU,G46,2021,1085.49299
HU,G46,2022,1033.01819
HU,G46,2023,904.13997
HU,G46,2024,893.14966
IE,G46,2020,468.79999
IE,G46,2021,519.68216
IE,G46,2022,638.26824
IE,G46,2023,592.79055
IE,G46,2024,571.58689
IS,G46,2020,17.48061
IS,G46,2021,18.78805
IS,G46,2022,18.74231
IS,G46,2023,18.10497
IS,G46,2024,17.0466
IT,G46,2020,5330.52387
IT,G46,2021,5917.42262
IT,G46,2022,5616.68571
IT,G46,2023,5430.51521
IT,G46,2024,5137.54724
LT,G46,2020,87.22168
LT,G46,2021,109.70664
LT,G46,2022,99.60139
LT,G46,2023,107.3788
LT,G46,2024,129.59653
LU,G46,2020,107.4508
LU,G46,2021,83.861
LU,G46,2022,76.7875
LU,G46,2023,87.5963
LU,G46,2024,84.15933
LV,G46,2020,234.73466
LV,G46,2021,237.21207
LV,G46,2022,373.55247
LV,G46,2023,252.91879
LV,G46,2024,258.53603
MT,G46,2020,37.72579
MT,G46,2021,37.73916
MT,G46,2022,43.5181
MT,G46,2023,45.27968
MT,G46,2024,44.38813
NL,G46,2020,1822.99071
NL,G46,2021,1909.12347
NL,G46,2022,1882.04727
NL,G46,2023,1843.55255
NL,G46,2024,1733.89675
NO,G46,2020,643.40868
NO,G46,2021,894.53725
NO,G46,2022,683.95406
NO,G46,2023,675.00991
NO,G46,2024,634.58753
PL,G46,2020,6415.78479
PL,G46,2021,6758.69205
PL,G46,2022,6075.94083
PL,G46,2023,5420.23775
PL,G46,2024,5110.6166
PT,G46,2020,849.739
PT,G46,2021,916.1958
PT,G46,2022,865.6998
PT,G46,2023,925.2059
PT,G46,2024,907.30671
RO,G46,2020,834.22758
RO,G46,2021,892.02473
RO,G46,2022,960.34896
RO,G46,2023,995.54822
RO,G46,2024,1259.28936
RS,G46,2020,149.48891
RS,G46,2021,165.52735
RS,G46,2022,186.08561
RS,G46,2023,179.8289
SE,G46,2020,564.03194
SE,G46,2021,546.42502
SE,G46,2022,472.65732
SE,G46,2023,444.30197
SE,G46,2024,513.91857
SI,G46,2020,205.51518
SI,G46,2021,219.56725
SI,G46,2022,223.39026
SI,G46,2023,214.93429
SI,G46,2024,221.77852
SK,G46,2020,258.82609
SK,G46,2021,271.51023
SK,G46,2022,269.47723
SK,G46,2023,251.52461
SK,G46,2024,247.42542
TR,G46,2020,4880.44949
TR,G46,2021,5229.43655
TR,G46,2022,5441.1665
TR,G46,2023,5631.36025
AT,G47,2020,515.28036
AT,G47,2021,495.9949
AT,G47,2022,496.8933
AT,G47,2023,458.73716
AT,G47,2024,433.69653
BE,G47,2020,667.0672
BE,G47,2021,703.56232
BE,G47,2022,537.3714
BE,G47,2023,498.15385
BE,G47,2024,508.40661
BG,G47,2020,119.39124
BG,G47,2021,134.8667
BG,G47,2022,179.15511
BG,G47,2023,168.62445
BG,G47,2024,171.88408
CH,G47,2020,803.10534
CH,G47,2021,774.46625
CH,G47,2022,696.77333
CH,G47,2023,687.34667
CY,G47,2020,77.13197
CY,G47,2021,73.85266
CY,G47,2022,74.46589
CY,G47,2023,81.19295
CY,G47,2024,81.59701
CZ,G47,2020,305.96546
CZ,G47,2021,266.67318
CZ,G47,2022,258.47584
CZ,G47,2023,254.49118
CZ,G47,2024,247.46719
DE,G47,2020,8348.52155
DE,G47,2021,8446.40782
DE,G47,2022,8066.94534
DE,G47,2023,7339.71627
DE,G47,2024,7197.28302
DK,G47,2020,156.8826
DK,G47,2021,164.33839
DK,G47,2022,149.53602
DK,G47,2023,161.89592
DK,G47,2024,152.01319
EE,G47,2020,61.60798
EE,G47,2021,57.06541
EE,G47,2022,58.0861
EE,G47,2023,51.57828
EE,G47,2024,57.37317
EL,G47,2020,565.76015
EL,G47,2021,503.33486
EL,G47,2022,560.66876
EL,G47,2023,484.16908
EL,G47,2024,485.14257
ES,G47,2020,1815.14701
ES,G47,2021,2087.97942
ES,G47,2022,2167.71299
ES,G47,2023,1757.4746
ES,G47,2024,1890.10863
EU27_2020,G47,2020,27762.77113
EU27_2020,G47,2021,28347.51629
EU27_2020,G47,2022,26757.08374
EU27_2020,G47,2023,24488.51748
EU27_2020,G47,2024,24237.48301
FI,G47,2020,402.624
FI,G47,2021,360.04393
FI,G47,2022,306.24659
FI,G47,2023,256.53317
FI,G47,2024,228.76438
FR,G47,2020,5846.35123
FR,G47,2021,5423.88551
FR,G47,2022,4748.0638
FR,G47,2023,4112.36818
FR,G47,2024,3951.18306
HR,G47,2020,75.94451
HR,G47,2021,84.61486
HR,G47,2022,87.14074
HR,G47,2023,92.52118
HR,G47,2024,97.22268
HU,G47,2020,576.07226
HU,G47,2021,576.04213
HU,G47,2022,519.25398
HU,G47,2023,483.19577
HU,G47,2024,476.15753
IE,G47,2020,337.24731
IE,G47,2021,366.49088
IE,G47,2022,470.1018
IE,G47,2023,362.25011
IE,G47,2024,356.22527
IS,G47,2020,31.0811
IS,G47,2021,27.8144
IS,G47,2022,25.26574
IS,G47,2023,22.83896
IS,G47,2024,23.78814
IT,G47,2020,2561.29883
IT,G47,2021,2937.40017
IT,G47,2022,2777.10754
IT,G47,2023,2771.67388
IT,G47,2024,2831.4539
LT,G47,2020,181.82342
LT,G47,2021,167.24045
LT,G47,2022,186.95617
LT,G47,2023,171.8792
LT,G47,2024,186.63915
LU,G47,2020,34.8773
LU,G47,2021,62.7639
LU,G47,2022,51.8262
LU,G47,2023,47.6178
LU,G47,2024,45.7407
LV,G47,2020,45.50388
LV,G47,2021,44.0632
LV,G47,2022,47.85882
LV,G47,2023,101.48581
LV,G47,2024,103.93864
MT,G47,2020,35.13943
MT,G47,2021,34.91128
MT,G47,2022,35.75682
MT,G47,2023,35.10233
MT,G47,2024,34.73725
NL,G47,2020,1102.51853
NL,G47,2021,1126.49781
NL,G47,2022,1058.21633
NL,G47,2023,1049.6636
NL,G47,2024,1005.7522
NO,G47,2020,258.8355
NO,G47,2021,169.43403
NO,G47,2022,151.93327
NO,G47,2023,151.33379
NO,G47,2024,144.41104
PL,G47,2020,2553.3181
PL,G47,2021,2811.54798
PL,G47,2022,2567.00407
PL,G47,2023,2382.87494
PL,G47,2024,2253.50261
PT,G47,2020,516.0561
PT,G47,2021,529.0998
PT,G47,2022,492.5084
PT,G47,2023,543.0415
PT,G47,2024,532.54463
RO,G47,2020,222.02503
RO,G47,2021,238.11762
RO,G47,2022,255.52341
RO,G47,2023,262.14233
RO,G47,2024,325.4074
RS,G47,2020,147.18747
RS,G47,2021,161.02133
RS,G47,2022,182.87756
RS,G47,2023,169.38642
SE,G47,2020,311.64252
SE,G47,2021,305.20938
SE,G47,2022,265.25721
SE,G47,2023,240.41919
SE,G47,2024,264.68641
SI,G47,2020,94.44042
SI,G47,2021,100.91075
SI,G47,2022,102.67219
SI,G47,2023,98.79075
SI,G47,2024,101.78981
SK,G47,2020,233.13273
SK,G47,2021,244.60097
SK,G47,2022,236.27894
SK,G47,2023,220.92401
SK,G47,2024,216.76541
TR,G47,2020,3804.92309
TR,G47,2021,4131.53288
TR,G47,2022,4256.40529
TR,G47,2023,4463.80524
AT,H,2020,5847.50487
AT,H,2021,6426.41727
AT,H,2022,8612.85202
AT,H,2023,8316.29035
AT,H,2024,8728.83715
BE,H,2020,8484.01463
BE,H,2021,8896.90386
BE,H,2022,9444.16717
BE,H,2023,9360.22258
BE,H,2024,9359.10399
BG,H,2020,6627.9399
BG,H,2021,7450.81691
BG,H,2022,5231.98108
BG,H,2023,4887.61736
BG,H,2024,5057.27528
CH,H,2020,4126.88495
CH,H,2021,4714.12911
CH,H,2022,6647.66015
CH,H,2023,7629.32711
CY,H,2020,300.45248
CY,H,2021,273.18086
CY,H,2022,346.35454
CY,H,2023,429.58243
CY,H,2024,429.94068
CZ,H,2020,7839.57487
CZ,H,2021,9095.33776
CZ,H,2022,9310.87185
CZ,H,2023,9533.26626
CZ,H,2024,10473.00183
DE,H,2020,50205.0636
DE,H,2021,55183.22281
DE,H,2022,63687.63504
DE,H,2023,62178.28828
DE,H,2024,60389.39235
DK,H,2020,42324.22001
DK,H,2021,49505.61281
DK,H,2022,46156.49214
DK,H,2023,45378.13557
DK,H,2024,52101.46086
EE,H,2020,1369.44306
EE,H,2021,1324.11435
EE,H,2022,1301.36395
EE,H,2023,1200.99215
EE,H,2024,1288.46439
EL,H,2020,19764.69003
EL,H,2021,19496.65023
EL,H,2022,16549.408
EL,H,2023,17111.68193
EL,H,2024,16869.514
ES,H,2020,25679.72384
ES,H,2021,30790.13871
ES,H,2022,36723.29103
ES,H,2023,37012.5214
ES,H,2024,38783.67164
EU27_2020,H,2020,376742.39337
EU27_2020,H,2021,420129.65102
EU27_2020,H,2022,455505.34245
EU27_2020,H,2023,460136.07185
EU27_2020,H,2024,474758.35732
EU27_2020,H,2025,479480.362
FI,H,2020,7666.7668
FI,H,2021,7226.13082
FI,H,2022,8187.27298
FI,H,2023,8433.81926
FI,H,2024,8509.86532
FR,H,2020,52086.18938
FR,H,2021,57371.67994
FR,H,2022,62229.67959
FR,H,2023,61410.11817
FR,H,2024,64514.78845
HR,H,2020,1398.57607
HR,H,2021,1483.70535
HR,H,2022,1665.54433
HR,H,2023,1870.87572
HR,H,2024,1891.53286
HU,H,2020,4854.8643
HU,H,2021,5680.35559
HU,H,2022,8005.79047
HU,H,2023,7069.78362
HU,H,2024,8110.64928
IE,H,2020,10863.3764
IE,H,2021,11166.0989
IE,H,2022,19206.91473
IE,H,2023,21285.70393
IE,H,2024,21603.59868
IS,H,2020,904.854
IS,H,2021,863.31275
IS,H,2022,1839.84817
IS,H,2023,2469.75431
IS,H,2024,1883.29071
IT,H,2020,33168.74905
IT,H,2021,37455.88185
IT,H,2022,38812.90586
IT,H,2023,41766.08542
IT,H,2024,40971.2175
LT,H,2020,8411.52345
LT,H,2021,8768.19631
LT,H,2022,8640.20307
LT,H,2023,8852.52278
LT,H,2024,8589.73315
LU,H,2020,4850.79958
LU,H,2021,4839.66822
LU,H,2022,5255.36287
LU,H,2023,5042.46471
LU,H,2024,5237.26497
LV,H,2020,2109.45039
LV,H,2021,2356.75831
LV,H,2022,2516.36712
LV,H,2023,2740.13971
LV,H,2024,2598.23851
MT,H,2020,843.8245
MT,H,2021,1367.66505
MT,H,2022,1833.5922
MT,H,2023,3375.6006
MT,H,2024,4987.62978
NL,H,2020,22359.05476
NL,H,2021,23424.74619
NL,H,2022,25606.29286
NL,H,2023,27292.65157
NL,H,2024,27594.45928
NO,H,2020,20440.89996
NO,H,2021,18579.29578
NO,H,2022,23970.71654
NO,H,2023,24679.59696
NO,H,2024,23212.59543
PL,H,2020,39529.41604
PL,H,2021,47416.2638
PL,H,2022,50039.57296
PL,H,2023,48656.17399
PL,H,2024,46845.87208
PT,H,2020,5691.84397
PT,H,2021,7268.30238
PT,H,2022,9004.65247
PT,H,2023,9536.10469
PT,H,2024,9759.69222
RO,H,2020,6017.8855
RO,H,2021,6379.41043
RO,H,2022,6675.10706
RO,H,2023,6730.48695
RO,H,2024,8529.11268
RS,H,2020,458.34723
RS,H,2021,531.1703
RS,H,2022,632.21546
RS,H,2023,825.36074
SE,H,2020,6059.88554
SE,H,2021,6366.48998
SE,H,2022,7520.29301
SE,H,2023,7828.41251
SE,H,2024,8707.54068
SI,H,2020,755.06578
SI,H,2021,819.60561
SI,H,2022,771.79328
SI,H,2023,736.63508
SI,H,2024,775.58352
SK,H,2020,1632.49453
SK,H,2021,2296.29672
SK,H,2022,2169.58076
SK,H,2023,2099.89484
SK,H,2024,2050.9162
TR,H,2020,29569.65358
TR,H,2021,35931.78722
TR,H,2022,43515.95283
TR,H,2023,42022.39166
AT,H49,2020,3308.01479
AT,H49,2021,2901.39176
AT,H49,2022,3000.76099
AT,H49,2023,2819.02308
AT,H49,2024,2730.7801
BE,H49,2020,3547.67175
BE,H49,2021,3319.34631
BE,H49,2022,3721.81435
BE,H49,2023,3713.1166
BE,H49,2024,3696.24587
BG,H49,2020,6281.15199
BG,H49,2021,6982.80915
BG,H49,2022,4630.73836
BG,H49,2023,4405.59465
BG,H49,2024,4573.94608
CH,H49,2020,1418.81007
CH,H49,2021,1424.06793
CH,H49,2022,1412.60481
CH,H49,2023,1338.23296
CY,H49,2020,178.68546
CY,H49,2021,150.07402
CY,H49,2022,173.61046
CY,H49,2023,195.03861
CY,H49,2024,195.19409
CZ,H49,2020,6970.88308
CZ,H49,2021,8015.9084
CZ,H49,2022,8012.0129
CZ,H49,2023,8184.84211
CZ,H49,2024,8890.33855
DE,H49,2020,12893.44507
DE,H49,2021,13265.51592
DE,H49,2022,13429.9963
DE,H49,2023,12037.21222
DE,H49,2024,11913.25014
DK,H49,2020,1939.03917
DK,H49,2021,2004.80352
DK,H49,2022,1946.4801
DK,H49,2023,1894.52908
DK,H49,2024,2174.39598
EE,H49,2020,719.90642
EE,H49,2021,673.04086
EE,H49,2022,597.48087
EE,H49,2023,615.72891
EE,H49,2024,664.58473
EL,H49,2020,3212.39827
EL,H49,2021,3213.5097
EL,H49,2022,3557.04333
EL,H49,2023,3274.75663
EL,H49,2024,3212.83262
ES,H49,2020,17643.37611
ES,H49,2021,20178.44215
ES,H49,2022,20870.1471
ES,H49,2023,19924.73239
ES,H49,2024,20389.695
EU27_2020,H49,2020,159175.62443
EU27_2020,H49,2021,176451.75287
EU27_2020,H49,2022,176800.56182
EU27_2020,H49,2023,171004.78132
EU27_2020,H49,2024,171766.76966
FI,H49,2020,4041.21092
FI,H49,2021,3550.61034
FI,H49,2022,3041.84686
FI,H49,2023,2856.0873
FI,H49,2024,2938.38176
FR,H49,2020,14552.77157
FR,H49,2021,16475.45402
FR,H49,2022,16662.54503
FR,H49,2023,15692.44168
FR,H49,2024,15177.65134
HR,H49,2020,932.60344
HR,H49,2021,917.23207
HR,H49,2022,992.88471
HR,H49,2023,1103.94356
HR,H49,2024,1138.90321
HU,H49,2020,2645.25621
HU,H49,2021,2937.41377
HU,H49,2022,3176.28212
HU,H49,2023,2780.74292
HU,H49,2024,2760.96068
IE,H49,2020,1825.03915
IE,H49,2021,1753.0959
IE,H49,2022,2138.36421
IE,H49,2023,2217.78406
IE,H49,2024,2196.19081
IS,H49,2020,39.84939
IS,H49,2021,41.98711
IS,H49,2022,49.08129
IS,H49,2023,63.88713
IS,H49,2024,59.33067
IT,H49,2020,14491.46829
IT,H49,2021,17289.97092
IT,H49,2022,17481.88864
IT,H49,2023,17091.93604
IT,H49,2024,17360.72781
LT,H49,2020,8178.44854
LT,H49,2021,8560.82321
LT,H49,2022,8483.67489
LT,H49,2023,8698.05915
LT,H49,2024,8426.6516
LU,H49,2020,163.8279
LU,H49,2021,138.1587
LU,H49,2022,135.9524
LU,H49,2023,112.7573
LU,H49,2024,109.60823
LV,H49,2020,1784.25851
LV,H49,2021,2029.05216
LV,H49,2022,1819.2887
LV,H49,2023,1766.0969
LV,H49,2024,1645.06107
MT,H49,2020,61.65294
MT,H49,2021,62.48744
MT,H49,2022,82.9642
MT,H49,2023,85.40563
MT,H49,2024,85.98705
NL,H49,2020,5692.7065
NL,H49,2021,5771.44356
NL,H49,2022,5715.15132
NL,H49,2023,5613.75405
NL,H49,2024,5395.73289
NO,H49,2020,1940.95275
NO,H49,2021,2037.66048
NO,H49,2022,2094.5454
NO,H49,2023,2004.40109
NO,H49,2024,1890.85688
PL,H49,2020,35867.46027
PL,H49,2021,42356.4268
PL,H49,2022,43295.97631
PL,H49,2023,41912.95188
PL,H49,2024,40233.69494
PT,H49,2020,3220.3754
PT,H49,2021,3915.1916
PT,H49,2022,3947.069
PT,H49,2023,4059.868
PT,H49,2024,4019.9144
RO,H49,2020,5534.55707
RO,H49,2021,5843.91784
RO,H49,2022,6044.83983
RO,H49,2023,6191.52229
RO,H49,2024,7902.50824
RS,H49,2020,164.56347
RS,H49,2021,187.9525
RS,H49,2022,192.08845
RS,H49,2023,181.78093
SE,H49,2020,1770.67991
SE,H49,2021,1826.04747
SE,H49,2022,1606.80701
SE,H49,2023,1580.959
SE,H49,2024,1756.7029
SI,H49,2020,604.03999
SI,H49,2021,647.55368
SI,H49,2022,654.01183
SI,H49,2023,624.7072
SI,H49,2024,659.57027
SK,H49,2020,1114.69575
SK,H49,2021,1672.0316
SK,H49,2022,1580.93002
SK,H49,2023,1551.19007
SK,H49,2024,1517.25929
TR,H49,2020,13480.84662
TR,H49,2021,15253.40389
TR,H49,2022,15436.3605
TR,H49,2023,16078.21339
AT,H50,2020,71.68376
AT,H50,2021,101.3559
AT,H50,2022,118.65288
AT,H50,2023,133.75147
AT,H50,2024,102.10315
BE,H50,2020,3058.09517
BE,H50,2021,2898.37689
BE,H50,2022,2292.75359
BE,H50,2023,2259.31191
BE,H50,2024,2259.86576
BG,H50,2020,119.29824
BG,H50,2021,148.2205
BG,H50,2022,81.21243
BG,H50,2023,81.91243
BG,H50,2024,81.91243
CH,H50,2020,106.64944
CH,H50,2021,107.71079
CH,H50,2022,104.40854
CH,H50,2023,107.3599
CY,H50,2020,68.08229
CY,H50,2021,67.04852
CY,H50,2022,72.11562
CY,H50,2023,80.94439
CY,H50,2024,80.96586
CZ,H50,2020,43.39721
CZ,H50,2021,43.06098
CZ,H50,2022,41.5931
CZ,H50,2023,45.57546
CZ,H50,2024,47.94884
DE,H50,2020,9932.43296
DE,H50,2021,9839.52042
DE,H50,2022,9589.55356
DE,H50,2023,9264.91421
DE,H50,2024,9183.87035
DK,H50,2020,38378.89602
DK,H50,2021,45700.14651
DK,H50,2022,41541.52493
DK,H50,2023,40133.0079
DK,H50,2024,46080.37635
EE,H50,2020,408.29984
EE,H50,2021,385.5217
EE,H50,2022,372.19824
EE,H50,2023,291.78675
EE,H50,2024,287.24793
EL,H50,2020,15508.05498
EL,H50,2021,14752.62211
EL,H50,2022,10924.48164
EL,H50,2023,11481.10683
EL,H50,2024,11299.9413
ES,H50,2020,2064.56629
ES,H50,2021,2362.51322
ES,H50,2022,2792.84062
ES,H50,2023,2673.97321
ES,H50,2024,2760.97226
EU27_2020,H50,2020,127585.3488
EU27_2020,H50,2021,138441.93165
EU27_2020,H50,2022,129865.76022
EU27_2020,H50,2023,131002.8335
EU27_2020,H50,2024,138487.72093
FI,H50,2020,2092.33158
FI,H50,2021,2230.50845
FI,H50,2022,2288.25782
FI,H50,2023,2078.03165
FI,H50,2024,1919.62281
FR,H50,2020,26138.96041
FR,H50,2021,28022.37068
FR,H50,2022,27811.16347
FR,H50,2023,26721.96583
FR,H50,2024,29872.25331
HR,H50,2020,332.00985
HR,H50,2021,374.15971
HR,H50,2022,399.43717
HR,H50,2023,501.26255
HR,H50,2024,481.89872
HU,H50,2020,13.39471
HU,H50,2021,10.17685
HU,H50,2022,13.43644
HU,H50,2023,10.32157
HU,H50,2024,10.24604
IE,H50,2020,2860.65578
IE,H50,2021,2977.89811
IE,H50,2022,2908.37448
IE,H50,2023,2732.41736
IE,H50,2024,2708.1982
IS,H50,2020,359.66864
IS,H50,2021,305.35825
IS,H50,2022,419.70884
IS,H50,2023,407.1134
IS,H50,2024,238.83017
IT,H50,2020,14628.84127
IT,H50,2021,15777.03477
IT,H50,2022,14912.73849
IT,H50,2023,17894.28229
IT,H50,2024,16095.41521
LT,H50,2020,109.60088
LT,H50,2021,103.21108
LT,H50,2022,66.31114
LT,H50,2023,62.62193
LT,H50,2024,62.62193
LU,H50,2020,0.81309
LU,H50,2021,0.9154
LU,H50,2022,1.21885
LU,H50,2023,0.91395
LU,H50,2024,0.89326
LV,H50,2020,15.77007
LV,H50,2021,15.7281
LV,H50,2022,8.57897
LV,H50,2023,7.52701
LV,H50,2024,4.11917
MT,H50,2020,77.14096
MT,H50,2021,101.7174
MT,H50,2022,101.2152
MT,H50,2023,120.59768
MT,H50,2024,112.90088
NL,H50,2020,8191.16846
NL,H50,2021,8999.65464
NL,H50,2022,9703.25735
NL,H50,2023,10633.49203
NL,H50,2024,10843.52877
NO,H50,2020,16484.08367
NO,H50,2021,14859.1503
NO,H50,2022,17836.24744
NO,H50,2023,17986.54285
NO,H50,2024,16600.64608
PL,H50,2020,27.34489
PL,H50,2021,41.82338
PL,H50,2022,39.57337
PL,H50,2023,31.35964
PL,H50,2024,31.22984
PT,H50,2020,449.4617
PT,H50,2021,484.2343
PT,H50,2022,578.0129
PT,H50,2023,566.7965
PT,H50,2024,595.12629
RO,H50,2020,132.21608
RO,H50,2021,100.87612
RO,H50,2022,116.05037
RO,H50,2023,108.0964
RO,H50,2024,133.5711
RS,H50,2020,17.43411
RS,H50,2021,23.03909
RS,H50,2022,20.37618
RS,H50,2023,15.36583
SE,H50,2020,2824.61986
SE,H50,2021,2853.99255
SE,H50,2022,3080.94929
SE,H50,2023,3076.91553
SE,H50,2024,3421.45598
SI,H50,2020,28.14028
SI,H50,2021,38.26479
SI,H50,2022,0.45393
SI,H50,2023,0.45137
SI,H50,2024,0.47683
SK,H50,2020,10.0722
SK,H50,2021,10.97859
SK,H50,2022,9.80436
SK,H50,2023,9.49565
SK,H50,2024,8.95835
TR,H50,2020,3784.56228
TR,H50,2021,3731.52082
TR,H50,2022,3963.74118
TR,H50,2023,3951.02648
AT,H51,2020,2162.15935
AT,H51,2021,3228.91
AT,H51,2022,5259.73339
AT,H51,2023,5126.04035
AT,H51,2024,5670.57952
BE,H51,2020,1417.08345
BE,H51,2021,2076.50067
BE,H51,2022,2774.4978
BE,H51,2023,2704.22759
BE,H51,2024,2700.28263
BG,H51,2020,111.63878
BG,H51,2021,197.29642
BG,H51,2022,424.93954
BG,H51,2023,308.17631
BG,H51,2024,308.17631
CH,H51,2020,2278.86725
CH,H51,2021,2821.97689
CH,H51,2022,4772.72522
CH,H51,2023,5849.43959
CY,H51,2020,16.44632
CY,H51,2021,23.72031
CY,H51,2022,66.40661
CY,H51,2023,113.50979
CY,H51,2024,113.61347
CZ,H51,2020,299.48241
CZ,H51,2021,458.56468
CZ,H51,2022,710.78669
CZ,H51,2023,745.03696
CZ,H51,2024,970.15633
DE,H51,2020,12766.26071
DE,H51,2021,16919.73495
DE,H51,2022,25829.57387
DE,H51,2023,26616.31003
DE,H51,2024,25302.80422
DK,H51,2020,1444.64308
DK,H51,2021,1163.0037
DK,H51,2022,1931.14475
DK,H51,2023,2655.63221
DK,H51,2024,3048.84291
EE,H51,2020,157.75186
EE,H51,2021,198.68714
EE,H51,2022,269.4555
EE,H51,2023,244.53968
EE,H51,2024,276.55167
EL,H51,2020,649.18178
EL,H51,2021,1008.82598
EL,H51,2022,1465.99073
EL,H51,2023,1791.83449
EL,H51,2024,1792.39967
ES,H51,2020,4864.17154
ES,H51,2021,6932.65222
ES,H51,2022,11698.65488
ES,H51,2023,13106.02635
ES,H51,2024,14288.98578
EU27_2020,H51,2020,62918.45944
EU27_2020,H51,2021,76071.69777
EU27_2020,H51,2022,120030.003
EU27_2020,H51,2023,130719.76941
EU27_2020,H51,2024,137310.81696
FI,H51,2020,1325.00788
FI,H51,2021,1243.9257
FI,H51,2022,2661.04413
FI,H51,2023,3297.87244
FI,H51,2024,3470.1092
FR,H51,2020,9901.08194
FR,H51,2021,11344.60132
FR,H51,2022,16328.15155
FR,H51,2023,17692.59257
FR,H51,2024,18246.77911
HR,H51,2020,77.57925
HR,H51,2021,131.73625
HR,H51,2022,210.84793
HR,H51,2023,198.89282
HR,H51,2024,203.34142
HU,H51,2020,1794.19354
HU,H51,2021,2291.36712
HU,H51,2022,4380.17212
HU,H51,2023,3907.73758
HU,H51,2024,4969.66946
IE,H51,2020,5858.44699
IE,H51,2021,6100.36647
IE,H51,2022,13778.51512
IE,H51,2023,15956.58738
IE,H51,2024,16324.06118
IS,H51,2020,493.35419
IS,H51,2021,503.66752
IS,H51,2022,1357.42839
IS,H51,2023,1986.08503
IS,H51,2024,1573.3983
IT,H51,2020,2451.1061
IT,H51,2021,2478.36494
IT,H51,2022,4654.03324
IT,H51,2023,5040.4687
IT,H51,2024,5715.68487
LT,H51,2020,84.19398
LT,H51,2021,74.22673
LT,H51,2022,56.94447
LT,H51,2023,58.39569
LT,H51,2024,61.33877
LU,H51,2020,4655.2041
LU,H51,2021,4682.2027
LU,H51,2022,5100.5934
LU,H51,2023,4911.4898
LU,H51,2024,5110.16077
LV,H51,2020,224.0856
LV,H51,2021,238.07203
LV,H51,2022,545.33214
LV,H51,2023,854.8427
LV,H51,2024,834.84019
MT,H51,2020,661.51212
MT,H51,2021,1157.84387
MT,H51,2022,1589.90589
MT,H51,2023,3109.76115
MT,H51,2024,4730.12502
NL,H51,2020,7771.38805
NL,H51,2021,7925.39308
NL,H51,2022,9469.84034
NL,H51,2023,10298.41654
NL,H51,2024,10654.60486
NO,H51,2020,1556.99256
NO,H51,2021,1245.91133
NO,H51,2022,3582.51094
NO,H51,2023,4140.97856
NO,H51,2024,4200.66494
PL,H51,2020,1227.38098
PL,H51,2021,2085.26135
PL,H51,2022,3861.75285
PL,H51,2023,4354.15525
PL,H51,2024,4341.51082
PT,H51,2020,1915.02697
PT,H51,2021,2746.06858
PT,H51,2022,4361.44497
PT,H51,2023,4788.51449
PT,H51,2024,5019.39292
RO,H51,2020,185.33553
RO,H51,2021,258.47221
RO,H51,2022,325.69895
RO,H51,2023,235.61014
RO,H51,2024,260.98845
RS,H51,2020,224.56226
RS,H51,2021,268.53505
RS,H51,2022,361.04588
RS,H51,2023,583.36811
SE,H51,2020,864.35585
SE,H51,2021,1050.16344
SE,H51,2022,2237.15671
SE,H51,2023,2570.25261
SE,H51,2024,2861.58064
SI,H51,2020,16.95346
SI,H51,2021,35.67214
SI,H51,2022,17.3227
SI,H51,2023,12.78369
SI,H51,2024,13.88747
SK,H51,2020,16.78781
SK,H51,2021,20.06376
SK,H51,2022,20.06275
SK,H51,2023,20.0621
SK,H51,2024,20.3493
TR,H51,2020,11138.58217
TR,H51,2021,15700.02443
TR,H51,2022,22818.62552
TR,H51,2023,20660.87933
AT,H52,2020,205.30086
AT,H52,2021,185.24321
AT,H52,2022,222.91657
AT,H52,2023,226.95566
AT,H52,2024,215.52201
BE,H52,2020,277.37418
BE,H52,2021,416.24953
BE,H52,2022,456.225
BE,H52,2023,482.15623
BE,H52,2024,496.85289
BG,H52,2020,69.70636
BG,H52,2021,71.26029
BG,H52,2022,61.46654
BG,H52,2023,59.59553
BG,H52,2024,60.54205
CH,H52,2020,252.28873
CH,H52,2021,291.31137
CH,H52,2022,291.69818
CH,H52,2023,260.93368
CY,H52,2020,28.4345
CY,H52,2021,25.12898
CY,H52,2022,26.61433
CY,H52,2023,29.09621
CY,H52,2024,29.15506
CZ,H52,2020,395.62472
CZ,H52,2021,450.09147
CZ,H52,2022,441.37698
CZ,H52,2023,450.65371
CZ,H52,2024,458.15685
DE,H52,2020,10471.1994
DE,H52,2021,10716.49435
DE,H52,2022,10436.25576
DE,H52,2023,10094.07709
DE,H52,2024,9907.62533
DK,H52,2020,482.10557
DK,H52,2021,524.6678
DK,H52,2022,622.3423
DK,H52,2023,590.52119
DK,H52,2024,677.95723
EE,H52,2020,78.82371
EE,H52,2021,62.33032
EE,H52,2022,57.54862
EE,H52,2023,44.90712
EE,H52,2024,54.93055
EL,H52,2020,326.38564
EL,H52,2021,460.49965
EL,H52,2022,548.70047
EL,H52,2023,499.77996
EL,H52,2024,499.62844
ES,H52,2020,979.9906
ES,H52,2021,1135.0553
ES,H52,2022,1181.80757
ES,H52,2023,1127.49505
ES,H52,2024,1159.45284
EU27_2020,H52,2020,20093.41304
EU27_2020,H52,2021,21609.43345
EU27_2020,H52,2022,21529.63606
EU27_2020,H52,2023,20620.0598
EU27_2020,H52,2024,20507.01752
FI,H52,2020,178.44304
FI,H52,2021,167.9773
FI,H52,2022,166.65834
FI,H52,2023,160.69301
FI,H52,2024,144.9787
FR,H52,2020,1180.08971
FR,H52,2021,1196.71943
FR,H52,2022,1135.71955
FR,H52,2023,1046.44708
FR,H52,2024,964.20322
HR,H52,2020,36.41381
HR,H52,2021,38.24519
HR,H52,2022,39.80617
HR,H52,2023,43.12119
HR,H52,2024,42.53948
HU,H52,2020,365.49156
HU,H52,2021,396.0535
HU,H52,2022,391.24221
HU,H52,2023,333.45161
HU,H52,2024,332.59636
IE,H52,2020,176.1903
IE,H52,2021,225.47427
IE,H52,2022,270.13958
IE,H52,2023,296.53901
IE,H52,2024,293.59552
IS,H52,2020,10.76625
IS,H52,2021,10.77647
IS,H52,2022,11.71024
IS,H52,2023,10.77456
IS,H52,2024,10.58083
IT,H52,2020,1531.49031
IT,H52,2021,1832.36971
IT,H52,2022,1694.65232
IT,H52,2023,1671.88641
IT,H52,2024,1729.41979
LT,H52,2020,34.72872
LT,H52,2021,25.34557
LT,H52,2022,27.4616
LT,H52,2023,25.30532
LT,H52,2024,28.47023
LU,H52,2020,13.9024
LU,H52,2021,7.67089
LU,H52,2022,7.67938
LU,H52,2023,7.88567
LU,H52,2024,7.5791
LV,H52,2020,77.41143
LV,H52,2021,61.44595
LV,H52,2022,130.67597
LV,H52,2023,100.26785
LV,H52,2024,102.40363
MT,H52,2020,39.23536
MT,H52,2021,41.23979
MT,H52,2022,53.8632
MT,H52,2023,54.10184
MT,H52,2024,53.03282
NL,H52,2020,559.0632
NL,H52,2021,574.45877
NL,H52,2022,570.44967
NL,H52,2023,598.553
NL,H52,2024,561.13149
NO,H52,2020,417.68362
NO,H52,2021,385.67672
NO,H52,2022,406.63968
NO,H52,2023,502.43001
NO,H52,2024,472.64847
PL,H52,2020,1641.9668
PL,H52,2021,1954.31566
PL,H52,2022,1972.02234
PL,H52,2023,1666.00311
PL,H52,2024,1597.50791
PT,H52,2020,82.7106
PT,H52,2021,89.9039
PT,H52,2022,89.6776
PT,H52,2023,92.3806
PT,H52,2024,97.15705
RO,H52,2020,101.63691
RO,H52,2021,107.29602
RO,H52,2022,114.79613
RO,H52,2023,119.16251
RO,H52,2024,136.15696
RS,H52,2020,26.90823
RS,H52,2021,29.37458
RS,H52,2022,33.80538
RS,H52,2023,14.50117
SE,H52,2020,517.01183
SE,H52,2021,547.17299
SE,H52,2022,521.79501
SE,H52,2023,526.95724
SE,H52,2024,586.25955
SI,H52,2020,57.32333
SI,H52,2021,47.4345
SI,H52,2022,48.01223
SI,H52,2023,48.67909
SI,H52,2024,50.36293
SK,H52,2020,185.3582
SK,H52,2021,249.2891
SK,H52,2022,239.73063
SK,H52,2023,223.38754
SK,H52,2024,219.79953
TR,H52,2020,1026.7906
TR,H52,2021,1097.7605
TR,H52,2022,1142.29712
TR,H52,2023,1171.52318
AT,H53,2020,100.34611
AT,H53,2021,9.5164
AT,H53,2022,10.78819
AT,H53,2023,10.51978
AT,H53,2024,9.85236
BE,H53,2020,183.79008
BE,H53,2021,186.43046
BE,H53,2022,198.87644
BE,H53,2023,201.41025
BE,H53,2024,205.85684
BG,H53,2020,46.14454
BG,H53,2021,51.23054
BG,H53,2022,33.62422
BG,H53,2023,32.33845
BG,H53,2024,32.69841
CH,H53,2020,70.26945
CH,H53,2021,69.06213
CH,H53,2022,66.2234
CH,H53,2023,73.36097
CY,H53,2020,8.80392
CY,H53,2021,7.20903
CY,H53,2022,7.60752
CY,H53,2023,10.99342
CY,H53,2024,11.01221
CZ,H53,2020,130.18745
CZ,H53,2021,127.71223
CZ,H53,2022,105.1022
CZ,H53,2023,107.15803
CZ,H53,2024,106.40126
DE,H53,2020,4141.72546
DE,H53,2021,4441.95717
DE,H53,2022,4402.25554
DE,H53,2023,4165.77473
DE,H53,2024,4081.84231
DK,H53,2020,79.53617
DK,H53,2021,112.99128
DK,H53,2022,115.00005
DK,H53,2023,104.44519
DK,H53,2024,119.88839
EE,H53,2020,4.66123
EE,H53,2021,4.53432
EE,H53,2022,4.68072
EE,H53,2023,4.02969
EE,H53,2024,5.1495
EL,H53,2020,68.66936
EL,H53,2021,61.19279
EL,H53,2022,53.19183
EL,H53,2023,64.20402
EL,H53,2024,64.71197
ES,H53,2020,127.6193
ES,H53,2021,181.47582
ES,H53,2022,179.84086
ES,H53,2023,180.2944
ES,H53,2024,184.56575
EU27_2020,H53,2020,6969.54765
EU27_2020,H53,2021,7554.83529
EU27_2020,H53,2022,7279.38135
EU27_2020,H53,2023,6788.62782
EU27_2020,H53,2024,6686.03226
FI,H53,2020,29.77339
FI,H53,2021,33.10903
FI,H53,2022,29.46583
FI,H53,2023,41.13486
FI,H53,2024,36.77286
FR,H53,2020,313.28575
FR,H53,2021,332.53449
FR,H53,2022,292.09999
FR,H53,2023,256.671
FR,H53,2024,253.90147
HR,H53,2020,19.96973
HR,H53,2021,22.33213
HR,H53,2022,22.56834
HR,H53,2023,23.65559
HR,H53,2024,24.85003
HU,H53,2020,36.52828
HU,H53,2021,45.34434
HU,H53,2022,44.65759
HU,H53,2023,37.52995
HU,H53,2024,37.17674
IE,H53,2020,143.04418
IE,H53,2021,109.26416
IE,H53,2022,111.52134
IE,H53,2023,82.37612
IE,H53,2024,81.55297
IS,H53,2020,1.21554
IS,H53,2021,1.52341
IS,H53,2022,1.9194
IS,H53,2023,1.89419
IS,H53,2024,1.15074
IT,H53,2020,65.84309
IT,H53,2021,78.14152
IT,H53,2022,69.59317
IT,H53,2023,67.51197
IT,H53,2024,69.96981
LT,H53,2020,4.55133
LT,H53,2021,4.58974
LT,H53,2022,5.81096
LT,H53,2023,8.14069
LT,H53,2024,10.65062
LU,H53,2020,17.0521
LU,H53,2021,10.72053
LU,H53,2022,9.91884
LU,H53,2023,9.41799
LU,H53,2024,9.02361
LV,H53,2020,7.92478
LV,H53,2021,12.46007
LV,H53,2022,12.49134
LV,H53,2023,11.40525
LV,H53,2024,11.81445
MT,H53,2020,4.28312
MT,H53,2021,4.37653
MT,H53,2022,5.6437
MT,H53,2023,5.73431
MT,H53,2024,5.58402
NL,H53,2020,144.72857
NL,H53,2021,153.79615
NL,H53,2022,147.59418
NL,H53,2023,148.43595
NL,H53,2024,139.46127
NO,H53,2020,41.18736
NO,H53,2021,50.89695
NO,H53,2022,50.77308
NO,H53,2023,45.24445
NO,H53,2024,47.77906
PL,H53,2020,765.26311
PL,H53,2021,978.43661
PL,H53,2022,870.24809
PL,H53,2023,691.70411
PL,H53,2024,641.92857
PT,H53,2020,24.2693
PT,H53,2021,32.904
PT,H53,2022,28.448
PT,H53,2023,28.5451
PT,H53,2024,28.10155
RO,H53,2020,64.13992
RO,H53,2021,68.84825
RO,H53,2022,73.72178
RO,H53,2023,76.0956
RO,H53,2024,95.88792
RS,H53,2020,24.87916
RS,H53,2021,22.26907
RS,H53,2022,24.89957
RS,H53,2023,30.3447
SE,H53,2020,83.21809
SE,H53,2021,89.11352
SE,H53,2022,73.58501
SE,H53,2023,73.32813
SE,H53,2024,81.54161
SI,H53,2020,48.60872
SI,H53,2021,50.68049
SI,H53,2022,51.9926
SI,H53,2023,50.01374
SI,H53,2024,51.28602
SK,H53,2020,305.58056
SK,H53,2021,343.93367
SK,H53,2022,319.05301
SK,H53,2023,295.75948
SK,H53,2024,284.54973
TR,H53,2020,138.87192
TR,H53,2021,149.0776
TR,H53,2022,154.92852
TR,H53,2023,160.74929
AT,HH,2020,14930.48312
AT,HH,2021,16202.92394
AT,HH,2022,15200.26019
AT,HH,2023,14527.27697
AT,HH,2024,13909.7926
BE,HH,2020,22340.54773
BE,HH,2021,22994.42231
BE,HH,2022,21036.88031
BE,HH,2023,21485.74766
BE,HH,2024,21771.30139
BG,HH,2020,3793.81454
BG,HH,2021,4049.74512
BG,HH,2022,5946.19396
BG,HH,2023,5905.9007
BG,HH,2024,6129.74311
CH,HH,2020,14947.75146
CH,HH,2021,16631.32848
CH,HH,2022,15602.94068
CH,HH,2023,15148.91481
CY,HH,2020,1630.60514
CY,HH,2021,1736.33763
CY,HH,2022,1775.59399
CY,HH,2023,1775.13561
CY,HH,2024,1778.06429
CZ,HH,2020,13488.47202
CZ,HH,2021,14259.33269
CZ,HH,2022,13509.91639
CZ,HH,2023,12037.56157
CZ,HH,2024,12155.68232
DE,HH,2020,182312.38761
DE,HH,2021,179093.05402
DE,HH,2022,171864.26906
DE,HH,2023,165367.31564
DE,HH,2024,162667.00009
DK,HH,2020,6980.0678
DK,HH,2021,6833.77222
DK,HH,2022,6358.74935
DK,HH,2023,6214.81109
DK,HH,2024,5731.28417
EE,HH,2020,1797.22604
EE,HH,2021,1793.92185
EE,HH,2022,1765.29379
EE,HH,2023,1856.39864
EE,HH,2024,2046.51367
EL,HH,2020,12450.88896
EL,HH,2021,12716.68137
EL,HH,2022,13518.34919
EL,HH,2023,12095.54093
EL,HH,2024,12018.55604
ES,HH,2020,58950.59062
ES,HH,2021,64505.15001
ES,HH,2022,65889.03983
ES,HH,2023,63808.15457
ES,HH,2024,64176.54386
EU27_2020,HH,2020,696841.1865
EU27_2020,HH,2021,733177.19618
EU27_2020,HH,2022,705775.3524
EU27_2020,HH,2023,676607.84043
EU27_2020,HH,2024,679675.62174
EU27_2020,HH,2025,690664.42
FI,HH,2020,5645.41573
FI,HH,2021,5650.5034
FI,HH,2022,5478.91441
FI,HH,2023,5119.72342
FI,HH,2024,5218.66532
FR,HH,2020,103469.25926
FR,HH,2021,113131.89016
FR,HH,2022,106125.78541
FR,HH,2023,99980.0996
FR,HH,2024,99421.72933
HR,HH,2020,5936.68328
HR,HH,2021,6388.5748
HR,HH,2022,6582.1508
HR,HH,2023,7072.01008
HR,HH,2024,7375.70363
HU,HH,2020,15682.80931
HU,HH,2021,17158.93903
HU,HH,2022,16640.95702
HU,HH,2023,14820.96921
HU,HH,2024,14773.12759
IE,HH,2020,12854.21457
IE,HH,2021,12643.77735
IE,HH,2022,11417.28344
IE,HH,2023,11009.07982
IE,HH,2024,11191.385
IS,HH,2020,560.83788
IS,HH,2021,575.05035
IS,HH,2022,603.27935
IS,HH,2023,561.79419
IS,HH,2024,419.01832
IT,HH,2020,95853.77756
IT,HH,2021,110252.87562
IT,HH,2022,107351.06691
IT,HH,2023,101142.74575
IT,HH,2024,103410.24462
LT,HH,2020,4484.889
LT,HH,2021,4583.63409
LT,HH,2022,4575.17165
LT,HH,2023,4466.66027
LT,HH,2024,4723.46527
LU,HH,2020,1654.8316
LU,HH,2021,1674.1716
LU,HH,2022,1559.8875
LU,HH,2023,1635.09631
LU,HH,2024,1581.34987
LV,HH,2020,2260.9502
LV,HH,2021,2245.59687
LV,HH,2022,1877.15864
LV,HH,2023,1859.33449
LV,HH,2024,1818.71826
MT,HH,2020,306.00993
MT,HH,2021,328.90027
MT,HH,2022,350.70225
MT,HH,2023,360.54341
MT,HH,2024,361.90633
NL,HH,2020,28825.00932
NL,HH,2021,31239.37447
NL,HH,2022,28265.15923
NL,HH,2023,26277.41352
NL,HH,2024,26107.40572
NO,HH,2020,5103.86318
NO,HH,2021,5114.06938
NO,HH,2022,4987.50602
NO,HH,2023,4536.10564
NO,HH,2024,4343.76859
PL,HH,2020,53931.80829
PL,HH,2021,54502.47573
PL,HH,2022,51595.94064
PL,HH,2023,51651.42705
PL,HH,2024,48904.79687
PT,HH,2020,8973.8338
PT,HH,2021,8699.7286
PT,HH,2022,7657.4548
PT,HH,2023,6461.9663
PT,HH,2024,6370.26711
RO,HH,2020,20034.65999
RO,HH,2021,21886.34468
RO,HH,2022,21646.13758
RO,HH,2023,22140.21379
RO,HH,2024,27570.08986
RS,HH,2020,8237.1658
RS,HH,2021,8829.5926
RS,HH,2022,9260.1776
RS,HH,2023,9545.88702
SE,HH,2020,8401.37918
SE,HH,2021,8414.93161
SE,HH,2022,7441.09401
SE,HH,2023,7290.02765
SE,HH,2024,8141.93556
SI,HH,2020,3125.85232
SI,HH,2021,3279.19351
SI,HH,2022,3453.7224
SI,HH,2023,3481.45292
SI,HH,2024,3661.58055
SK,HH,2020,6724.71959
SK,HH,2021,6910.94323
SK,HH,2022,6892.21963
SK,HH,2023,6765.23348
SK,HH,2024,6658.76932
TR,HH,2020,102019.5813
TR,HH,2021,108646.4132
TR,HH,2022,107381.79918
TR,HH,2023,110266.73204
AT,HH_HEAT,2020,6866.93966
AT,HH_HEAT,2021,7305.19338
AT,HH_HEAT,2022,6168.60103
AT,HH_HEAT,2023,5350.29654
AT,HH_HEAT,2024,5033.39811
BE,HH_HEAT,2020,15219.76573
BE,HH_HEAT,2021,15515.60181
BE,HH_HEAT,2022,13105.5328
BE,HH_HEAT,2023,12930.46546
BE,HH_HEAT,2024,13235.97656
BG,HH_HEAT,2020,1295.27702
BG,HH_HEAT,2021,1470.332
BG,HH_HEAT,2022,932.97746
BG,HH_HEAT,2023,718.70548
BG,HH_HEAT,2024,744.01534
CH,HH_HEAT,2020,7112.66301
CH,HH_HEAT,2021,7928.3884
CH,HH_HEAT,2022,6387.41981
CH,HH_HEAT,2023,6139.95583
CY,HH_HEAT,2020,412.3759
CY,HH_HEAT,2021,395.10948
CY,HH_HEAT,2022,428.36888
CY,HH_HEAT,2023,388.95355
CY,HH_HEAT,2024,390.97829
CZ,HH_HEAT,2020,8464.14735
CZ,HH_HEAT,2021,9040.59464
CZ,HH_HEAT,2022,8195.62525
CZ,HH_HEAT,2023,6559.06906
CZ,HH_HEAT,2024,6766.20083
DE,HH_HEAT,2020,94206.31462
DE,HH_HEAT,2021,90012.10806
DE,HH_HEAT,2022,82697.26151
DE,HH_HEAT,2023,76587.93003
DE,HH_HEAT,2024,75179.18912
DK,HH_HEAT,2020,1777.64024
DK,HH_HEAT,2021,1653.17692
DK,HH_HEAT,2022,1275.00061
DK,HH_HEAT,2023,1157.85358
DK,HH_HEAT,2024,1074.21389
EE,HH_HEAT,2020,186.43147
EE,HH_HEAT,2021,190.46103
EE,HH_HEAT,2022,158.26179
EE,HH_HEAT,2023,187.92295
EE,HH_HEAT,2024,234.19781
EL,HH_HEAT,2020,5784.79664
EL,HH_HEAT,2021,5321.48482
EL,HH_HEAT,2022,5816.54191
EL,HH_HEAT,2023,4368.31181
EL,HH_HEAT,2024,4427.19674
ES,HH_HEAT,2020,17006.70939
ES,HH_HEAT,2021,17100.12418
ES,HH_HEAT,2022,15794.5888
ES,HH_HEAT,2023,14667.56029
ES,HH_HEAT,2024,13912.88185
EU27_2020,HH_HEAT,2020,323427.08631
EU27_2020,HH_HEAT,2021,331105.26678
EU27_2020,HH_HEAT,2022,290298.13277
EU27_2020,HH_HEAT,2023,264750.68131
EU27_2020,HH_HEAT,2024,262919.13883
FI,HH_HEAT,2020,953.75722
FI,HH_HEAT,2021,908.26036
FI,HH_HEAT,2022,692.97553
FI,HH_HEAT,2023,432.5195
FI,HH_HEAT,2024,404.68481
FR,HH_HEAT,2020,42007.20788
FR,HH_HEAT,2021,44722.81246
FR,HH_HEAT,2022,35448.55817
FR,HH_HEAT,2023,32118.31724
FR,HH_HEAT,2024,31692.93055
HR,HH_HEAT,2020,1467.93969
HR,HH_HEAT,2021,1533.67427
HR,HH_HEAT,2022,1481.29024
HR,HH_HEAT,2023,1449.00039
HR,HH_HEAT,2024,1523.80851
HU,HH_HEAT,2020,8063.16589
HU,HH_HEAT,2021,8751.12576
HU,HH_HEAT,2022,7662.42718
HU,HH_HEAT,2023,6700.96219
HU,HH_HEAT,2024,6715.29959
IE,HH_HEAT,2020,7344.09116
IE,HH_HEAT,2021,6868.36505
IE,HH_HEAT,2022,5753.20068
IE,HH_HEAT,2023,5347.25919
IE,HH_HEAT,2024,5612.10157
IS,HH_HEAT,2020,4.00965
IS,HH_HEAT,2021,2.18926
IS,HH_HEAT,2022,1.62402
IS,HH_HEAT,2023,1.86611
IS,HH_HEAT,2024,0.559
IT,HH_HEAT,2020,47539.19517
IT,HH_HEAT,2021,51978.17952
IT,HH_HEAT,2022,45305.75947
IT,HH_HEAT,2023,39914.07039
IT,HH_HEAT,2024,39975.51736
LT,HH_HEAT,2020,836.53631
LT,HH_HEAT,2021,967.35908
LT,HH_HEAT,2022,921.17034
LT,HH_HEAT,2023,851.20767
LT,HH_HEAT,2024,1190.28124
LU,HH_HEAT,2020,1036.237
LU,HH_HEAT,2021,968.2414
LU,HH_HEAT,2022,854.7124
LU,HH_HEAT,2023,917.8207
LU,HH_HEAT,2024,882.7831
LV,HH_HEAT,2020,443.95937
LV,HH_HEAT,2021,561.00707
LV,HH_HEAT,2022,433.02289
LV,HH_HEAT,2023,507.17877
LV,HH_HEAT,2024,533.93725
MT,HH_HEAT,2020,67.3338
MT,HH_HEAT,2021,64.93574
MT,HH_HEAT,2022,63.9831
MT,HH_HEAT,2023,61.72319
MT,HH_HEAT,2024,60.90746
NL,HH_HEAT,2020,15248.34086
NL,HH_HEAT,2021,17277.74861
NL,HH_HEAT,2022,13709.06849
NL,HH_HEAT,2023,11606.94717
NL,HH_HEAT,2024,11950.70549
NO,HH_HEAT,2020,287.35778
NO,HH_HEAT,2021,291.20441
NO,HH_HEAT,2022,313.82958
NO,HH_HEAT,2023,299.76738
NO,HH_HEAT,2024,319.08466
PL,HH_HEAT,2020,34982.89433
PL,HH_HEAT,2021,35248.99689
PL,HH_HEAT,2022,31507.78014
PL,HH_HEAT,2023,30856.40673
PL,HH_HEAT,2024,28990.9566
PT,HH_HEAT,2020,2232.6789
PT,HH_HEAT,2021,2053.4937
PT,HH_HEAT,2022,1908.5869
PT,HH_HEAT,2023,1613.7129
PT,HH_HEAT,2024,1604.9311
RO,HH_HEAT,2020,6117.33547
RO,HH_HEAT,2021,6955.95116
RO,HH_HEAT,2022,6122.09625
RO,HH_HEAT,2023,5881.252
RO,HH_HEAT,2024,7183.50081
RS,HH_HEAT,2020,2215.22327
RS,HH_HEAT,2021,1959.20633
RS,HH_HEAT,2022,1915.56919
RS,HH_HEAT,2023,2303.1895
SE,HH_HEAT,2020,300.07532
SE,HH_HEAT,2021,337.50754
SE,HH_HEAT,2022,270.76074
SE,HH_HEAT,2023,270.8028
SE,HH_HEAT,2024,290.32431
SI,HH_HEAT,2020,792.68659
SI,HH_HEAT,2021,778.17291
SI,HH_HEAT,2022,740.97369
SI,HH_HEAT,2023,675.78829
SI,HH_HEAT,2024,700.76197
SK,HH_HEAT,2020,2773.25332
SK,HH_HEAT,2021,3125.24894
SK,HH_HEAT,2022,2849.00653
SK,HH_HEAT,2023,2628.64346
SK,HH_HEAT,2024,2607.45859
TR,HH_HEAT,2020,45317.46132
TR,HH_HEAT,2021,45312.68359
TR,HH_HEAT,2022,44168.59087
TR,HH_HEAT,2023,42170.20946
AT,HH_OTH,2020,152.92117
AT,HH_OTH,2021,154.29022
AT,HH_OTH,2022,158.84767
AT,HH_OTH,2023,140.34554
AT,HH_OTH,2024,131.15795
BE,HH_OTH,2020,530.38992
BE,HH_OTH,2021,538.7978
BE,HH_OTH,2022,312.74991
BE,HH_OTH,2023,257.95741
BE,HH_OTH,2024,261.57377
BG,HH_OTH,2020,372.86828
BG,HH_OTH,2021,366.60328
BG,HH_OTH,2022,277.70157
BG,HH_OTH,2023,194.50869
BG,HH_OTH,2024,188.98731
CH,HH_OTH,2020,155.35821
CH,HH_OTH,2021,157.56525
CH,HH_OTH,2022,155.64309
CH,HH_OTH,2023,155.54302
CY,HH_OTH,2020,11.8093
CY,HH_OTH,2021,10.32948
CY,HH_OTH,2022,9.38077
CY,HH_OTH,2023,9.21297
CY,HH_OTH,2024,9.14669
CZ,HH_OTH,2020,1655.45665
CZ,HH_OTH,2021,1669.54959
CZ,HH_OTH,2022,1667.59264
CZ,HH_OTH,2023,1680.85957
CZ,HH_OTH,2024,1275.16113
DE,HH_OTH,2020,2264.88668
DE,HH_OTH,2021,2315.53236
DE,HH_OTH,2022,2276.84952
DE,HH_OTH,2023,2097.58364
DE,HH_OTH,2024,2138.93261
DK,HH_OTH,2020,131.14303
DK,HH_OTH,2021,149.68843
DK,HH_OTH,2022,127.99166
DK,HH_OTH,2023,126.30663
DK,HH_OTH,2024,123.25443
EE,HH_OTH,2020,130.70079
EE,HH_OTH,2021,27.97662
EE,HH_OTH,2022,24.48323
EE,HH_OTH,2023,22.12096
EE,HH_OTH,2024,26.68605
EL,HH_OTH,2020,40.87591
EL,HH_OTH,2021,40.64418
EL,HH_OTH,2022,40.56884
EL,HH_OTH,2023,40.455
EL,HH_OTH,2024,40.52859
ES,HH_OTH,2020,390.25346
ES,HH_OTH,2021,395.88769
ES,HH_OTH,2022,413.46941
ES,HH_OTH,2023,430.68898
ES,HH_OTH,2024,535.40861
EU27_2020,HH_OTH,2020,15343.23985
EU27_2020,HH_OTH,2021,15542.62735
EU27_2020,HH_OTH,2022,14626.84361
EU27_2020,HH_OTH,2023,14037.77337
EU27_2020,HH_OTH,2024,13933.90965
FI,HH_OTH,2020,258.10006
FI,HH_OTH,2021,254.56198
FI,HH_OTH,2022,253.41385
FI,HH_OTH,2023,246.11003
FI,HH_OTH,2024,221.22672
FR,HH_OTH,2020,3519.961
FR,HH_OTH,2021,3580.65724
FR,HH_OTH,2022,3503.61193
FR,HH_OTH,2023,3529.78554
FR,HH_OTH,2024,3559.04288
HR,HH_OTH,2020,395.24514
HR,HH_OTH,2021,409.72048
HR,HH_OTH,2022,389.13833
HR,HH_OTH,2023,375.83255
HR,HH_OTH,2024,393.70582
HU,HH_OTH,2020,256.52526
HU,HH_OTH,2021,269.97245
HU,HH_OTH,2022,227.51192
HU,HH_OTH,2023,234.89679
HU,HH_OTH,2024,224.955
IE,HH_OTH,2020,278.63511
IE,HH_OTH,2021,300.39295
IE,HH_OTH,2022,272.51615
IE,HH_OTH,2023,250.00817
IE,HH_OTH,2024,215.17605
IS,HH_OTH,2020,4.59344
IS,HH_OTH,2021,4.46119
IS,HH_OTH,2022,4.40977
IS,HH_OTH,2023,4.3589
IS,HH_OTH,2024,4.43807
IT,HH_OTH,2020,626.5179
IT,HH_OTH,2021,586.8835
IT,HH_OTH,2022,528.917
IT,HH_OTH,2023,580.66797
IT,HH_OTH,2024,557.90488
LT,HH_OTH,2020,29.88443
LT,HH_OTH,2021,15.77064
LT,HH_OTH,2022,12.67708
LT,HH_OTH,2023,12.82267
LT,HH_OTH,2024,14.1757
LU,HH_OTH,2020,2.5011
LU,HH_OTH,2021,2.7022
LU,HH_OTH,2022,2.6015
LU,HH_OTH,2023,1.90011
LU,HH_OTH,2024,1.82121
LV,HH_OTH,2020,236.64562
LV,HH_OTH,2021,142.54558
LV,HH_OTH,2022,239.52396
LV,HH_OTH,2023,136.25206
LV,HH_OTH,2024,147.21129
MT,HH_OTH,2020,0.93494
MT,HH_OTH,2021,0.86119
MT,HH_OTH,2022,0.87456
MT,HH_OTH,2023,0.72111
MT,HH_OTH,2024,0.6497
NL,HH_OTH,2020,959.07375
NL,HH_OTH,2021,1048.93124
NL,HH_OTH,2022,977.48976
NL,HH_OTH,2023,897.43592
NL,HH_OTH,2024,908.35669
NO,HH_OTH,2020,867.75483
NO,HH_OTH,2021,862.51605
NO,HH_OTH,2022,765.86731
NO,HH_OTH,2023,721.99998
NO,HH_OTH,2024,704.08215
PL,HH_OTH,2020,268.72868
PL,HH_OTH,2021,215.36529
PL,HH_OTH,2022,187.96132
PL,HH_OTH,2023,182.31637
PL,HH_OTH,2024,171.56672
PT,HH_OTH,2020,671.4931
PT,HH_OTH,2021,644.2098
PT,HH_OTH,2022,623.9936
PT,HH_OTH,2023,602.4168
PT,HH_OTH,2024,589.54771
RO,HH_OTH,2020,1766.04509
RO,HH_OTH,2021,2007.0561
RO,HH_OTH,2022,1729.85694
RO,HH_OTH,2023,1646.83535
RO,HH_OTH,2024,1863.28115
RS,HH_OTH,2020,0.01366
RS,HH_OTH,2021,0.01028
RS,HH_OTH,2022,0.00955
RS,HH_OTH,2023,0.00998
SE,HH_OTH,2020,229.25646
SE,HH_OTH,2021,229.49984
SE,HH_OTH,2022,197.49419
SE,HH_OTH,2023,184.06549
SE,HH_OTH,2024,179.91564
SI,HH_OTH,2020,23.67492
SI,HH_OTH,2021,24.44261
SI,HH_OTH,2022,26.61347
SI,HH_OTH,2023,28.78681
SI,HH_OTH,2024,29.68637
SK,HH_OTH,2020,138.71209
SK,HH_OTH,2021,139.7546
SK,HH_OTH,2022,143.01284
SK,HH_OTH,2023,126.88025
SK,HH_OTH,2024,124.849
TR,HH_OTH,2020,4957.21935
TR,HH_OTH,2021,4953.48972
TR,HH_OTH,2022,4829.88592
TR,HH_OTH,2023,4608.82597
AT,HH_TRA,2020,7910.62229
AT,HH_TRA,2021,8743.44033
AT,HH_TRA,2022,8872.8115
AT,HH_TRA,2023,9036.63489
AT,HH_TRA,2024,8745.23654
BE,HH_TRA,2020,6590.39208
BE,HH_TRA,2021,6940.0227
BE,HH_TRA,2022,7618.5976
BE,HH_TRA,2023,8297.32478
BE,HH_TRA,2024,8273.75107
BG,HH_TRA,2020,2125.66923
BG,HH_TRA,2021,2212.80984
BG,HH_TRA,2022,4735.51494
BG,HH_TRA,2023,4992.68653
BG,HH_TRA,2024,5196.74046
CH,HH_TRA,2020,7679.73024
CH,HH_TRA,2021,8545.37483
CH,HH_TRA,2022,9059.87778
CH,HH_TRA,2023,8853.41596
CY,HH_TRA,2020,1206.41994
CY,HH_TRA,2021,1330.89866
CY,HH_TRA,2022,1337.84434
CY,HH_TRA,2023,1376.96908
CY,HH_TRA,2024,1377.93931
CZ,HH_TRA,2020,3368.86801
CZ,HH_TRA,2021,3549.18847
CZ,HH_TRA,2022,3646.6985
CZ,HH_TRA,2023,3797.63295
CZ,HH_TRA,2024,4114.32037
DE,HH_TRA,2020,85841.18631
DE,HH_TRA,2021,86765.4136
DE,HH_TRA,2022,86890.15803
DE,HH_TRA,2023,86681.80197
DE,HH_TRA,2024,85348.87837
DK,HH_TRA,2020,5071.28454
DK,HH_TRA,2021,5030.90686
DK,HH_TRA,2022,4955.75708
DK,HH_TRA,2023,4930.65088
DK,HH_TRA,2024,4533.81585
EE,HH_TRA,2020,1480.09378
EE,HH_TRA,2021,1575.4842
EE,HH_TRA,2022,1582.54877
EE,HH_TRA,2023,1646.35473
EE,HH_TRA,2024,1785.6298
EL,HH_TRA,2020,6625.21641
EL,HH_TRA,2021,7354.55236
EL,HH_TRA,2022,7661.23845
EL,HH_TRA,2023,7686.77413
EL,HH_TRA,2024,7550.83071
ES,HH_TRA,2020,41553.62777
ES,HH_TRA,2021,47009.13814
ES,HH_TRA,2022,49680.98162
ES,HH_TRA,2023,48709.9053
ES,HH_TRA,2024,49728.25341
EU27_2020,HH_TRA,2020,358070.86034
EU27_2020,HH_TRA,2021,386529.30205
EU27_2020,HH_TRA,2022,400850.37602
EU27_2020,HH_TRA,2023,397819.38575
EU27_2020,HH_TRA,2024,402822.57326
FI,HH_TRA,2020,4433.55845
FI,HH_TRA,2021,4487.68107
FI,HH_TRA,2022,4532.52503
FI,HH_TRA,2023,4441.0939
FI,HH_TRA,2024,4592.75379
FR,HH_TRA,2020,57942.09037
FR,HH_TRA,2021,64828.42046
FR,HH_TRA,2022,67173.61531
FR,HH_TRA,2023,64331.99682
FR,HH_TRA,2024,64169.75589
HR,HH_TRA,2020,4073.49844
HR,HH_TRA,2021,4445.18005
HR,HH_TRA,2022,4711.72224
HR,HH_TRA,2023,5247.17714
HR,HH_TRA,2024,5458.1893
HU,HH_TRA,2020,7363.11816
HU,HH_TRA,2021,8137.84082
HU,HH_TRA,2022,8751.01792
HU,HH_TRA,2023,7885.11023
HU,HH_TRA,2024,7832.87301
IE,HH_TRA,2020,5231.4883
IE,HH_TRA,2021,5475.01935
IE,HH_TRA,2022,5391.56661
IE,HH_TRA,2023,5411.81246
IE,HH_TRA,2024,5364.10738
IS,HH_TRA,2020,552.23479
IS,HH_TRA,2021,568.3999
IS,HH_TRA,2022,597.24556
IS,HH_TRA,2023,555.56918
IS,HH_TRA,2024,414.02124
IT,HH_TRA,2020,47688.06449
IT,HH_TRA,2021,57687.81259
IT,HH_TRA,2022,61516.39044
IT,HH_TRA,2023,60648.00739
IT,HH_TRA,2024,62876.82238
LT,HH_TRA,2020,3618.46826
LT,HH_TRA,2021,3600.50437
LT,HH_TRA,2022,3641.32423
LT,HH_TRA,2023,3602.62992
LT,HH_TRA,2024,3519.00832
LU,HH_TRA,2020,616.0935
LU,HH_TRA,2021,703.228
LU,HH_TRA,2022,702.5736
LU,HH_TRA,2023,715.3755
LU,HH_TRA,2024,696.74555
LV,HH_TRA,2020,1580.34521
LV,HH_TRA,2021,1542.04421
LV,HH_TRA,2022,1204.61179
LV,HH_TRA,2023,1215.90367
LV,HH_TRA,2024,1137.56973
MT,HH_TRA,2020,237.74118
MT,HH_TRA,2021,263.10334
MT,HH_TRA,2022,285.84459
MT,HH_TRA,2023,298.09912
MT,HH_TRA,2024,300.34917
NL,HH_TRA,2020,12617.59471
NL,HH_TRA,2021,12912.69462
NL,HH_TRA,2022,13578.60099
NL,HH_TRA,2023,13773.03043
NL,HH_TRA,2024,13248.34354
NO,HH_TRA,2020,3948.75056
NO,HH_TRA,2021,3960.34892
NO,HH_TRA,2022,3907.80913
NO,HH_TRA,2023,3514.33828
NO,HH_TRA,2024,3320.60178
PL,HH_TRA,2020,18680.18528
PL,HH_TRA,2021,19038.11356
PL,HH_TRA,2022,19900.19919
PL,HH_TRA,2023,20612.70396
PL,HH_TRA,2024,19742.27355
PT,HH_TRA,2020,6069.6618
PT,HH_TRA,2021,6002.0251
PT,HH_TRA,2022,5124.8743
PT,HH_TRA,2023,4245.8366
PT,HH_TRA,2024,4175.7883
RO,HH_TRA,2020,12151.27943
RO,HH_TRA,2021,12923.33743
RO,HH_TRA,2022,13794.18439
RO,HH_TRA,2023,14612.12644
RO,HH_TRA,2024,18523.30789
RS,HH_TRA,2020,6021.92887
RS,HH_TRA,2021,6870.37598
RS,HH_TRA,2022,7344.59886
RS,HH_TRA,2023,7242.68754
SE,HH_TRA,2020,7872.0474
SE,HH_TRA,2021,7847.92423
SE,HH_TRA,2022,6972.83908
SE,HH_TRA,2023,6835.15936
SE,HH_TRA,2024,7671.69562
SI,HH_TRA,2020,2309.4908
SI,HH_TRA,2021,2476.578
SI,HH_TRA,2022,2686.13524
SI,HH_TRA,2023,2776.87782
SI,HH_TRA,2024,2931.13221
SK,HH_TRA,2020,3812.75418
SK,HH_TRA,2021,3645.93969
SK,HH_TRA,2022,3900.20026
SK,HH_TRA,2023,4009.70978
SK,HH_TRA,2024,3926.46173
TR,HH_TRA,2020,51744.90064
TR,HH_TRA,2021,58380.23989
TR,HH_TRA,2022,58383.3224
TR,HH_TRA,2023,63487.69661
AT,I,2020,334.13461
AT,I,2021,305.89362
AT,I,2022,344.04818
AT,I,2023,327.42137
AT,I,2024,310.28541
BE,I,2020,646.36884
BE,I,2021,812.30262
BE,I,2022,532.29111
BE,I,2023,524.82717
BE,I,2024,535.38315
BG,I,2020,60.61924
BG,I,2021,77.52218
BG,I,2022,96.36221
BG,I,2023,80.90473
BG,I,2024,83.27494
CH,I,2020,522.28292
CH,I,2021,533.13586
CH,I,2022,484.51536
CH,I,2023,505.72216
CY,I,2020,68.21613
CY,I,2021,70.00903
CY,I,2022,83.11581
CY,I,2023,88.35011
CY,I,2024,88.87507
CZ,I,2020,44.24538
CZ,I,2021,67.66511
CZ,I,2022,68.88781
CZ,I,2023,61.6641
CZ,I,2024,62.58239
DE,I,2020,3445.19128
DE,I,2021,3528.7505
DE,I,2022,3888.37813
DE,I,2023,3879.63283
DE,I,2024,3814.57603
DK,I,2020,107.42097
DK,I,2021,113.48561
DK,I,2022,114.60408
DK,I,2023,106.55482
DK,I,2024,105.51791
EE,I,2020,26.03046
EE,I,2021,12.74389
EE,I,2022,14.16697
EE,I,2023,10.92704
EE,I,2024,13.41291
EL,I,2020,72.2532
EL,I,2021,98.29376
EL,I,2022,120.4086
EL,I,2023,160.35769
EL,I,2024,160.34223
ES,I,2020,2401.28123
ES,I,2021,2728.73803
ES,I,2022,2441.14157
ES,I,2023,2422.23027
ES,I,2024,2499.96185
EU27_2020,I,2020,13756.11908
EU27_2020,I,2021,14806.62805
EU27_2020,I,2022,14329.31627
EU27_2020,I,2023,13980.03526
EU27_2020,I,2024,14000.99719
FI,I,2020,143.71586
FI,I,2021,134.05708
FI,I,2022,121.7154
FI,I,2023,115.44506
FI,I,2024,102.54041
FR,I,2020,2285.9411
FR,I,2021,2341.17391
FR,I,2022,2203.80705
FR,I,2023,1925.60648
FR,I,2024,1919.87337
HR,I,2020,59.92304
HR,I,2021,66.47079
HR,I,2022,64.9511
HR,I,2023,65.58096
HR,I,2024,68.77184
HU,I,2020,136.06044
HU,I,2021,169.68784
HU,I,2022,194.37019
HU,I,2023,190.54363
HU,I,2024,187.59207
IE,I,2020,206.92037
IE,I,2021,186.63931
IE,I,2022,163.74627
IE,I,2023,179.22648
IE,I,2024,176.99821
IS,I,2020,4.47117
IS,I,2021,4.51661
IS,I,2022,5.14352
IS,I,2023,5.48638
IS,I,2024,5.12955
IT,I,2020,1573.80404
IT,I,2021,1872.57552
IT,I,2022,1697.73887
IT,I,2023,1619.14036
IT,I,2024,1672.39295
LT,I,2020,15.32891
LT,I,2021,16.91805
LT,I,2022,15.08544
LT,I,2023,16.21462
LT,I,2024,20.37338
LU,I,2020,16.0157
LU,I,2021,22.28268
LU,I,2022,34.11008
LU,I,2023,27.19214
LU,I,2024,26.17517
LV,I,2020,14.08346
LV,I,2021,16.57523
LV,I,2022,13.62885
LV,I,2023,11.81776
LV,I,2024,12.14659
MT,I,2020,54.00796
MT,I,2021,53.92741
MT,I,2022,60.40657
MT,I,2023,55.37618
MT,I,2024,54.40744
NL,I,2020,952.01938
NL,I,2021,974.10948
NL,I,2022,905.37465
NL,I,2023,868.35396
NL,I,2024,802.65799
NO,I,2020,123.42217
NO,I,2021,114.53146
NO,I,2022,120.04755
NO,I,2023,120.14943
NO,I,2024,116.14273
PL,I,2020,349.55398
PL,I,2021,368.46509
PL,I,2022,329.2246
PL,I,2023,292.68544
PL,I,2024,274.44168
PT,I,2020,226.7226
PT,I,2021,226.4019
PT,I,2022,281.5229
PT,I,2023,409.1471
PT,I,2024,401.22956
RO,I,2020,181.30522
RO,I,2021,194.92596
RO,I,2022,207.29262
RO,I,2023,215.14627
RO,I,2024,270.90861
RS,I,2020,57.56884
RS,I,2021,61.22571
RS,I,2022,72.10406
RS,I,2023,70.33337
SE,I,2020,66.57814
SE,I,2021,67.52774
SE,I,2022,60.44366
SE,I,2023,60.23516
SE,I,2024,71.05722
SI,I,2020,83.6139
SI,I,2021,83.98478
SI,I,2022,97.96401
SI,I,2023,102.97642
SI,I,2024,106.45669
SK,I,2020,184.76363
SK,I,2021,195.50093
SK,I,2022,174.52956
SK,I,2023,162.47709
SK,I,2024,158.7621
TR,I,2020,2383.14514
TR,I,2021,2531.81229
TR,I,2022,2649.27134
TR,I,2023,2710.42008
AT,J,2020,63.33342
AT,J,2021,59.28165
AT,J,2022,69.06856
AT,J,2023,70.16443
AT,J,2024,66.4364
BE,J,2020,392.63653
BE,J,2021,386.37976
BE,J,2022,389.07542
BE,J,2023,405.33322
BE,J,2024,412.86739
BG,J,2020,22.80395
BG,J,2021,27.15493
BG,J,2022,27.03818
BG,J,2023,26.01476
BG,J,2024,26.57737
CH,J,2020,138.24956
CH,J,2021,173.54862
CH,J,2022,134.10284
CH,J,2023,141.94161
CY,J,2020,11.8252
CY,J,2021,11.74998
CY,J,2022,13.38502
CY,J,2023,18.0339
CY,J,2024,18.12299
CZ,J,2020,71.41672
CZ,J,2021,79.53001
CZ,J,2022,99.48207
CZ,J,2023,100.13441
CZ,J,2024,100.96693
DE,J,2020,1963.76199
DE,J,2021,2024.67178
DE,J,2022,2063.16594
DE,J,2023,2018.04825
DE,J,2024,1978.97874
DK,J,2020,74.24807
DK,J,2021,83.02512
DK,J,2022,72.72944
DK,J,2023,63.79983
DK,J,2024,60.49855
EE,J,2020,11.53322
EE,J,2021,10.33946
EE,J,2022,11.56213
EE,J,2023,10.67327
EE,J,2024,12.75362
EL,J,2020,48.52232
EL,J,2021,53.02441
EL,J,2022,59.09118
EL,J,2023,62.69411
EL,J,2024,62.90834
ES,J,2020,213.99562
ES,J,2021,257.21138
ES,J,2022,255.755
ES,J,2023,229.83753
ES,J,2024,241.15833
EU27_2020,J,2020,6455.07566
EU27_2020,J,2021,6755.80107
EU27_2020,J,2022,6789.51755
EU27_2020,J,2023,6549.19436
EU27_2020,J,2024,6588.11957
FI,J,2020,4.53874
FI,J,2021,4.80246
FI,J,2022,7.28609
FI,J,2023,8.08773
FI,J,2024,7.40105
FR,J,2020,986.08443
FR,J,2021,1026.20206
FR,J,2022,1006.82636
FR,J,2023,895.21896
FR,J,2024,906.58599
HR,J,2020,108.16788
HR,J,2021,120.0912
HR,J,2022,120.72137
HR,J,2023,125.54226
HR,J,2024,131.65065
HU,J,2020,275.62995
HU,J,2021,292.00547
HU,J,2022,245.45367
HU,J,2023,213.31819
HU,J,2024,211.80646
IE,J,2020,143.44797
IE,J,2021,155.67607
IE,J,2022,108.53981
IE,J,2023,63.09331
IE,J,2024,62.48666
IS,J,2020,2.52886
IS,J,2021,2.67559
IS,J,2022,2.90977
IS,J,2023,3.11127
IS,J,2024,3.05329
IT,J,2020,258.74419
IT,J,2021,295.48533
IT,J,2022,280.77074
IT,J,2023,271.38122
IT,J,2024,275.11069
LT,J,2020,34.78399
LT,J,2021,32.56885
LT,J,2022,35.47778
LT,J,2023,39.49149
LT,J,2024,48.28676
LU,J,2020,39.87165
LU,J,2021,17.88334
LU,J,2022,37.45771
LU,J,2023,31.04133
LU,J,2024,29.81394
LV,J,2020,9.70604
LV,J,2021,9.88365
LV,J,2022,11.41968
LV,J,2023,13.20531
LV,J,2024,13.52025
MT,J,2020,15.16668
MT,J,2021,16.45966
MT,J,2022,20.05248
MT,J,2023,20.76092
MT,J,2024,20.3558
NL,J,2020,161.73482
NL,J,2021,172.27921
NL,J,2022,155.91348
NL,J,2023,145.94471
NL,J,2024,140.71141
NO,J,2020,16.07871
NO,J,2021,16.41408
NO,J,2022,14.58954
NO,J,2023,12.8341
NO,J,2024,13.23438
PL,J,2020,948.74491
PL,J,2021,993.83602
PL,J,2022,1069.70991
PL,J,2023,1083.66584
PL,J,2024,1017.77186
PT,J,2020,70.4536
PT,J,2021,86.6914
PT,J,2022,78.0665
PT,J,2023,74.304
PT,J,2024,73.03924
RO,J,2020,328.33905
RO,J,2021,351.50035
RO,J,2022,374.94119
RO,J,2023,390.60049
RO,J,2024,489.7938
RS,J,2020,58.70429
RS,J,2021,68.46789
RS,J,2022,87.15579
RS,J,2023,90.86599
SE,J,2020,88.93583
SE,J,2021,85.04648
SE,J,2022,72.49626
SE,J,2023,68.14063
SE,J,2024,78.80394
SI,J,2020,41.3174
SI,J,2021,41.92992
SI,J,2022,44.26746
SI,J,2023,44.41728
SI,J,2024,45.87847
SK,J,2020,65.33148
SK,J,2021,61.09116
SK,J,2022,59.76413
SK,J,2023,56.24697
SK,J,2024,53.83391
TR,J,2020,184.2209
TR,J,2021,200.09207
TR,J,2022,206.10609
TR,J,2023,216.2318
AT,J58,2020,7.07315
AT,J58,2021,6.72212
AT,J58,2022,7.4764
AT,J58,2023,7.28632
AT,J58,2024,6.95159
BE,J58,2020,38.12183
BE,J58,2021,25.21804
BE,J58,2022,27.24261
BE,J58,2023,43.63118
BE,J58,2024,44.30811
BG,J58,2020,1.07547
BG,J58,2021,1.21291
BG,J58,2022,1.57969
BG,J58,2023,1.66548
BG,J58,2024,1.7171
CH,J58,2020,12.34946
CH,J58,2021,12.45234
CH,J58,2022,11.18635
CH,J58,2023,12.60943
CY,J58,2020,0.97448
CY,J58,2021,1.24557
CY,J58,2022,1.76483
CY,J58,2023,1.91473
CY,J58,2024,1.92689
CZ,J58,2020,3.90828
CZ,J58,2021,5.9654
CZ,J58,2022,10.83843
CZ,J58,2023,6.68486
CZ,J58,2024,6.78765
DE,J58,2020,185.38274
DE,J58,2021,185.2957
DE,J58,2022,168.18772
DE,J58,2023,153.50783
DE,J58,2024,150.89163
DK,J58,2020,7.18596
DK,J58,2021,8.07045
DK,J58,2022,6.79395
DK,J58,2023,5.69811
DK,J58,2024,5.40385
EE,J58,2020,0.68075
EE,J58,2021,0.58216
EE,J58,2022,0.54082
EE,J58,2023,0.5287
EE,J58,2024,0.61189
EL,J58,2020,0.72775
EL,J58,2021,0.8572
EL,J58,2022,0.91768
EL,J58,2023,1.28143
EL,J58,2024,1.27022
ES,J58,2020,27.62471
ES,J58,2021,34.18984
ES,J58,2022,34.99571
ES,J58,2023,21.82499
ES,J58,2024,22.50332
EU27_2020,J58,2020,615.95062
EU27_2020,J58,2021,644.88906
EU27_2020,J58,2022,616.26966
EU27_2020,J58,2023,563.50571
EU27_2020,J58,2024,573.79933
FI,J58,2020,2.10765
FI,J58,2021,1.79713
FI,J58,2022,3.08028
FI,J58,2023,3.08953
FI,J58,2024,2.88671
FR,J58,2020,119.82096
FR,J58,2021,121.43233
FR,J58,2022,118.691
FR,J58,2023,110.14277
FR,J58,2024,111.45768
HR,J58,2020,14.61043
HR,J58,2021,16.23164
HR,J58,2022,16.06866
HR,J58,2023,16.55869
HR,J58,2024,17.31209
HU,J58,2020,22.08627
HU,J58,2021,22.81381
HU,J58,2022,18.76781
HU,J58,2023,17.73722
HU,J58,2024,17.61384
IE,J58,2020,14.27718
IE,J58,2021,32.79542
IE,J58,2022,30.6834
IE,J58,2023,6.82339
IE,J58,2024,6.75764
IS,J58,2020,0.1808
IS,J58,2021,0.19406
IS,J58,2022,0.18993
IS,J58,2023,0.18208
IS,J58,2024,0.15837
IT,J58,2020,17.79377
IT,J58,2021,20.03345
IT,J58,2022,18.6291
IT,J58,2023,17.55842
IT,J58,2024,17.73692
LT,J58,2020,1.17336
LT,J58,2021,1.26531
LT,J58,2022,1.30442
LT,J58,2023,1.72055
LT,J58,2024,1.88212
LU,J58,2020,2.62191
LU,J58,2021,4.02397
LU,J58,2022,2.81909
LU,J58,2023,2.92167
LU,J58,2024,2.82483
LV,J58,2020,0.91324
LV,J58,2021,0.88573
LV,J58,2022,1.48048
LV,J58,2023,0.56023
LV,J58,2024,0.56129
MT,J58,2020,1.12507
MT,J58,2021,1.21488
MT,J58,2022,1.46057
MT,J58,2023,1.51115
MT,J58,2024,1.49573
NL,J58,2020,14.16753
NL,J58,2021,15.27958
NL,J58,2022,12.00279
NL,J58,2023,13.68648
NL,J58,2024,11.64483
NO,J58,2020,3.99394
NO,J58,2021,3.60391
NO,J58,2022,3.26786
NO,J58,2023,2.68665
NO,J58,2024,2.94777
PL,J58,2020,65.28613
PL,J58,2021,66.58939
PL,J58,2022,58.01191
PL,J58,2023,51.70083
PL,J58,2024,49.05766
PT,J58,2020,7.4552
PT,J58,2021,9.0287
PT,J58,2022,8.2946
PT,J58,2023,8.9832
PT,J58,2024,8.85498
RO,J58,2020,43.99228
RO,J58,2021,47.15157
RO,J58,2022,50.17703
RO,J58,2023,52.63472
RO,J58,2024,66.65192
RS,J58,2020,5.60426
RS,J58,2021,6.07332
RS,J58,2022,6.9022
RS,J58,2023,6.08432
SE,J58,2020,7.94808
SE,J58,2021,7.43539
SE,J58,2022,6.46631
SE,J58,2023,5.96757
SE,J58,2024,7.02569
SI,J58,2020,2.26937
SI,J58,2021,2.5353
SI,J58,2022,2.90053
SI,J58,2023,2.90303
SI,J58,2024,3.02513
SK,J58,2020,5.54708
SK,J58,2021,5.01606
SK,J58,2022,5.09386
SK,J58,2023,4.98264
SK,J58,2024,4.63803
TR,J58,2020,23.71039
TR,J58,2021,25.40199
TR,J58,2022,26.43984
TR,J58,2023,27.38365
AT,J59_J60,2020,4.4456
AT,J59_J60,2021,4.73175
AT,J59_J60,2022,5.46229
AT,J59_J60,2023,5.52466
AT,J59_J60,2024,5.26781
BE,J59_J60,2020,73.28894
BE,J59_J60,2021,77.8995
BE,J59_J60,2022,72.48512
BE,J59_J60,2023,72.06282
BE,J59_J60,2024,73.31891
BG,J59_J60,2020,2.35095
BG,J59_J60,2021,3.58638
BG,J59_J60,2022,4.07776
BG,J59_J60,2023,3.74009
BG,J59_J60,2024,3.85284
CH,J59_J60,2020,23.14091
CH,J59_J60,2021,19.73008
CH,J59_J60,2022,15.4265
CH,J59_J60,2023,19.72884
CY,J59_J60,2020,1.52248
CY,J59_J60,2021,1.57386
CY,J59_J60,2022,1.48063
CY,J59_J60,2023,1.75664
CY,J59_J60,2024,1.76389
CZ,J59_J60,2020,6.79363
CZ,J59_J60,2021,6.41351
CZ,J59_J60,2022,6.08378
CZ,J59_J60,2023,7.61444
CZ,J59_J60,2024,7.78242
DE,J59_J60,2020,113.44004
DE,J59_J60,2021,113.40648
DE,J59_J60,2022,114.68483
DE,J59_J60,2023,110.51015
DE,J59_J60,2024,108.58699
DK,J59_J60,2020,25.51704
DK,J59_J60,2021,26.59216
DK,J59_J60,2022,22.04141
DK,J59_J60,2023,21.19259
DK,J59_J60,2024,20.09241
EE,J59_J60,2020,1.94254
EE,J59_J60,2021,1.85037
EE,J59_J60,2022,1.99815
EE,J59_J60,2023,2.00819
EE,J59_J60,2024,2.37643
EL,J59_J60,2020,2.73355
EL,J59_J60,2021,3.41217
EL,J59_J60,2022,4.14265
EL,J59_J60,2023,3.7599
EL,J59_J60,2024,3.76437
ES,J59_J60,2020,38.91596
ES,J59_J60,2021,43.52217
ES,J59_J60,2022,37.8342
ES,J59_J60,2023,32.34867
ES,J59_J60,2024,33.62551
EU27_2020,J59_J60,2020,826.83485
EU27_2020,J59_J60,2021,880.14474
EU27_2020,J59_J60,2022,992.92275
EU27_2020,J59_J60,2023,1046.13887
EU27_2020,J59_J60,2024,1084.28511
FI,J59_J60,2020,0.11782
FI,J59_J60,2021,0.18072
FI,J59_J60,2022,1.54642
FI,J59_J60,2023,1.2826
FI,J59_J60,2024,1.1845
FR,J59_J60,2020,133.17265
FR,J59_J60,2021,132.69246
FR,J59_J60,2022,122.59058
FR,J59_J60,2023,102.76339
FR,J59_J60,2024,102.70658
HR,J59_J60,2020,39.8203
HR,J59_J60,2021,44.57622
HR,J59_J60,2022,43.85194
HR,J59_J60,2023,45.13741
HR,J59_J60,2024,47.07934
HU,J59_J60,2020,21.99368
HU,J59_J60,2021,23.79824
HU,J59_J60,2022,18.35386
HU,J59_J60,2023,15.43876
HU,J59_J60,2024,15.33408
IE,J59_J60,2020,10.86051
IE,J59_J60,2021,10.588
IE,J59_J60,2022,6.41264
IE,J59_J60,2023,8.20224
IE,J59_J60,2024,8.12487
IS,J59_J60,2020,1.00235
IS,J59_J60,2021,1.18089
IS,J59_J60,2022,1.31007
IS,J59_J60,2023,1.58489
IS,J59_J60,2024,1.55362
IT,J59_J60,2020,26.30119
IT,J59_J60,2021,31.25147
IT,J59_J60,2022,30.35008
IT,J59_J60,2023,29.2191
IT,J59_J60,2024,29.50751
LT,J59_J60,2020,6.71711
LT,J59_J60,2021,6.83788
LT,J59_J60,2022,5.77415
LT,J59_J60,2023,5.75842
LT,J59_J60,2024,6.43285
LU,J59_J60,2020,1.60912
LU,J59_J60,2021,1.10608
LU,J59_J60,2022,0.90587
LU,J59_J60,2023,0.80571
LU,J59_J60,2024,0.7784
LV,J59_J60,2020,0.82129
LV,J59_J60,2021,0.89568
LV,J59_J60,2022,1.38279
LV,J59_J60,2023,1.28128
LV,J59_J60,2024,1.28475
MT,J59_J60,2020,2.2236
MT,J59_J60,2021,2.41391
MT,J59_J60,2022,2.94317
MT,J59_J60,2023,3.04728
MT,J59_J60,2024,3.01024
NL,J59_J60,2020,16.654
NL,J59_J60,2021,16.85358
NL,J59_J60,2022,17.74763
NL,J59_J60,2023,16.2965
NL,J59_J60,2024,15.76919
NO,J59_J60,2020,2.12088
NO,J59_J60,2021,2.39642
NO,J59_J60,2022,2.33792
NO,J59_J60,2023,2.13635
NO,J59_J60,2024,2.22267
PL,J59_J60,2020,104.84918
PL,J59_J60,2021,122.83803
PL,J59_J60,2022,257.01691
PL,J59_J60,2023,333.3949
PL,J59_J60,2024,314.93396
PT,J59_J60,2020,9.456
PT,J59_J60,2021,11.1408
PT,J59_J60,2022,10.7646
PT,J59_J60,2023,10.4785
PT,J59_J60,2024,10.31273
RO,J59_J60,2020,153.74097
RO,J59_J60,2021,165.03753
RO,J59_J60,2022,176.54011
RO,J59_J60,2023,184.65942
RO,J59_J60,2024,237.56533
RS,J59_J60,2020,9.28465
RS,J59_J60,2021,10.41878
RS,J59_J60,2022,12.35939
RS,J59_J60,2023,12.01938
SE,J59_J60,2020,13.14444
SE,J59_J60,2021,13.16182
SE,J59_J60,2022,11.95324
SE,J59_J60,2023,13.45575
SE,J59_J60,2024,15.81913
SI,J59_J60,2020,5.8674
SI,J59_J60,2021,5.87982
SI,J59_J60,2022,6.50354
SI,J59_J60,2023,6.59707
SI,J59_J60,2024,6.87053
SK,J59_J60,2020,8.53488
SK,J59_J60,2021,7.90417
SK,J59_J60,2022,7.9944
SK,J59_J60,2023,7.80237
SK,J59_J60,2024,7.13955
TR,J59_J60,2020,24.77499
TR,J59_J60,2021,26.98361
TR,J59_J60,2022,27.73629
TR,J59_J60,2023,29.17459
AT,J61,2020,7.06828
AT,J61,2021,7.73124
AT,J61,2022,8.48303
AT,J61,2023,8.42981
AT,J61,2024,7.92583
BE,J61,2020,25.11465
BE,J61,2021,28.36909
BE,J61,2022,26.92292
BE,J61,2023,24.89166
BE,J61,2024,25.44279
BG,J61,2020,12.3702
BG,J61,2021,14.84463
BG,J61,2022,6.97333
BG,J61,2023,6.34323
BG,J61,2024,6.41212
CH,J61,2020,28.59388
CH,J61,2021,25.62302
CH,J61,2022,22.10354
CH,J61,2023,21.62524
CY,J61,2020,3.99588
CY,J61,2021,3.1037
CY,J61,2022,3.67573
CY,J61,2023,4.22511
CY,J61,2024,4.2411
CZ,J61,2020,27.34207
CZ,J61,2021,26.81971
CZ,J61,2022,27.6217
CZ,J61,2023,28.2063
CZ,J61,2024,28.15181
DE,J61,2020,386.38095
DE,J61,2021,394.4916
DE,J61,2022,390.79137
DE,J61,2023,384.97174
DE,J61,2024,377.26293
DK,J61,2020,15.78606
DK,J61,2021,18.23636
DK,J61,2022,18.87202
DK,J61,2023,15.73695
DK,J61,2024,14.92246
EE,J61,2020,2.31223
EE,J61,2021,2.29825
EE,J61,2022,2.25562
EE,J61,2023,2.16063
EE,J61,2024,2.63916
EL,J61,2020,35.71015
EL,J61,2021,36.37301
EL,J61,2022,40.73166
EL,J61,2023,42.45204
EL,J61,2024,42.69108
ES,J61,2020,81.32459
ES,J61,2021,97.94696
ES,J61,2022,100.65238
ES,J61,2023,101.17701
ES,J61,2024,107.89488
EU27_2020,J61,2020,1642.44764
EU27_2020,J61,2021,1680.1076
EU27_2020,J61,2022,1595.51128
EU27_2020,J61,2023,1504.03209
EU27_2020,J61,2024,1510.87054
FI,J61,2020,1.26045
FI,J61,2021,2.09023
FI,J61,2022,2.04822
FI,J61,2023,2.84219
FI,J61,2024,2.53537
FR,J61,2020,277.75474
FR,J61,2021,315.67791
FR,J61,2022,302.12005
FR,J61,2023,260.68022
FR,J61,2024,265.7491
HR,J61,2020,39.12672
HR,J61,2021,43.0517
HR,J61,2022,44.73212
HR,J61,2023,47.28748
HR,J61,2024,49.91424
HU,J61,2020,78.50601
HU,J61,2021,73.82368
HU,J61,2022,56.16741
HU,J61,2023,50.07943
HU,J61,2024,49.71571
IE,J61,2020,72.07051
IE,J61,2021,49.7602
IE,J61,2022,31.7462
IE,J61,2023,26.8188
IE,J61,2024,26.55243
IS,J61,2020,0.3685
IS,J61,2021,0.34546
IS,J61,2022,0.54243
IS,J61,2023,0.49656
IS,J61,2024,0.50055
IT,J61,2020,26.18819
IT,J61,2021,29.91074
IT,J61,2022,29.42122
IT,J61,2023,28.91209
IT,J61,2024,27.63708
LT,J61,2020,9.43537
LT,J61,2021,7.32219
LT,J61,2022,6.85651
LT,J61,2023,6.6163
LT,J61,2024,8.8827
LU,J61,2020,19.98205
LU,J61,2021,4.84454
LU,J61,2022,24.70544
LU,J61,2023,19.40045
LU,J61,2024,18.60587
LV,J61,2020,4.60883
LV,J61,2021,4.2261
LV,J61,2022,4.11222
LV,J61,2023,4.13167
LV,J61,2024,4.2862
MT,J61,2020,2.78989
MT,J61,2021,3.02821
MT,J61,2022,3.69073
MT,J61,2023,3.82119
MT,J61,2024,3.71679
NL,J61,2020,49.30787
NL,J61,2021,53.47019
NL,J61,2022,44.43842
NL,J61,2023,40.01988
NL,J61,2024,37.30685
NO,J61,2020,0.0
NO,J61,2021,0.0
NO,J61,2022,0.0
NO,J61,2023,0.0
NO,J61,2024,0.0
PL,J61,2020,324.63327
PL,J61,2021,314.935
PL,J61,2022,269.43067
PL,J61,2023,245.91773
PL,J61,2024,228.70376
PT,J61,2020,17.736
PT,J61,2021,20.9601
PT,J61,2022,18.3049
PT,J61,2023,17.735
PT,J61,2024,17.42924
RO,J61,2020,86.56512
RO,J61,2021,92.10744
RO,J61,2022,97.99984
RO,J61,2023,100.62509
RO,J61,2024,119.23943
RS,J61,2020,15.95429
RS,J61,2021,17.63092
RS,J61,2022,20.05203
RS,J61,2023,19.24024
SE,J61,2020,12.97708
SE,J61,2021,13.84945
SE,J61,2022,12.05981
SE,J61,2023,10.58317
SE,J61,2024,12.82792
SI,J61,2020,15.40764
SI,J61,2021,15.26105
SI,J61,2022,15.39582
SI,J61,2023,15.17141
SI,J61,2024,15.56469
SK,J61,2020,6.69283
SK,J61,2021,5.57433
SK,J61,2022,5.30196
SK,J61,2023,4.79551
SK,J61,2024,4.61898
TR,J61,2020,62.19922
TR,J61,2021,66.31819
TR,J61,2022,69.27744
TR,J61,2023,71.42403
AT,J62_J63,2020,44.74639
AT,J62_J63,2021,40.09654
AT,J62_J63,2022,47.64684
AT,J62_J63,2023,48.92365
AT,J62_J63,2024,46.29116
BE,J62_J63,2020,256.11111
BE,J62_J63,2021,254.89313
BE,J62_J63,2022,262.42478
BE,J62_J63,2023,264.74755
BE,J62_J63,2024,269.79759
BG,J62_J63,2020,7.00734
BG,J62_J63,2021,7.51102
BG,J62_J63,2022,14.4074
BG,J62_J63,2023,14.26596
BG,J62_J63,2024,14.59532
CH,J62_J63,2020,74.16531
CH,J62_J63,2021,115.74318
CH,J62_J63,2022,85.38646
CH,J62_J63,2023,87.97811
CY,J62_J63,2020,5.33236
CY,J62_J63,2021,5.82684
CY,J62_J63,2022,6.46384
CY,J62_J63,2023,10.13742
CY,J62_J63,2024,10.19111
CZ,J62_J63,2020,33.37274
CZ,J62_J63,2021,40.33139
CZ,J62_J63,2022,54.93816
CZ,J62_J63,2023,57.6288
CZ,J62_J63,2024,58.24504
DE,J62_J63,2020,1278.55826
DE,J62_J63,2021,1331.478
DE,J62_J63,2022,1389.50201
DE,J62_J63,2023,1369.05853
DE,J62_J63,2024,1342.2372
DK,J62_J63,2020,25.75902
DK,J62_J63,2021,30.12615
DK,J62_J63,2022,25.02205
DK,J62_J63,2023,21.17218
DK,J62_J63,2024,20.07983
EE,J62_J63,2020,6.5977
EE,J62_J63,2021,5.60868
EE,J62_J63,2022,6.76754
EE,J62_J63,2023,5.97575
EE,J62_J63,2024,7.12614
EL,J62_J63,2020,9.35088
EL,J62_J63,2021,12.38203
EL,J62_J63,2022,13.29918
EL,J62_J63,2023,15.20074
EL,J62_J63,2024,15.18266
ES,J62_J63,2020,66.13036
ES,J62_J63,2021,81.55241
ES,J62_J63,2022,82.27271
ES,J62_J63,2023,74.48686
ES,J62_J63,2024,77.13462
EU27_2020,J62_J63,2020,3369.84255
EU27_2020,J62_J63,2021,3550.65967
EU27_2020,J62_J63,2022,3584.81387
EU27_2020,J62_J63,2023,3435.51769
EU27_2020,J62_J63,2024,3419.16458
FI,J62_J63,2020,1.05283
FI,J62_J63,2021,0.73437
FI,J62_J63,2022,0.61117
FI,J62_J63,2023,0.87342
FI,J62_J63,2024,0.79448
FR,J62_J63,2020,455.33608
FR,J62_J63,2021,456.39936
FR,J62_J63,2022,463.42473
FR,J62_J63,2023,421.63258
FR,J62_J63,2024,426.67263
HR,J62_J63,2020,14.61043
HR,J62_J63,2021,16.23164
HR,J62_J63,2022,16.06866
HR,J62_J63,2023,16.55869
HR,J62_J63,2024,17.34497
HU,J62_J63,2020,153.04398
HU,J62_J63,2021,171.56974
HU,J62_J63,2022,152.16458
HU,J62_J63,2023,130.06278
HU,J62_J63,2024,129.14282
IE,J62_J63,2020,46.23978
IE,J62_J63,2021,62.53245
IE,J62_J63,2022,39.69758
IE,J62_J63,2023,21.24889
IE,J62_J63,2024,21.05173
IS,J62_J63,2020,0.97721
IS,J62_J63,2021,0.95519
IS,J62_J63,2022,0.86735
IS,J62_J63,2023,0.84774
IS,J62_J63,2024,0.84074
IT,J62_J63,2020,188.46104
IT,J62_J63,2021,214.28968
IT,J62_J63,2022,202.37035
IT,J62_J63,2023,195.69161
IT,J62_J63,2024,200.22919
LT,J62_J63,2020,17.45816
LT,J62_J63,2021,17.14347
LT,J62_J63,2022,21.5427
LT,J62_J63,2023,25.39622
LT,J62_J63,2024,31.08909
LU,J62_J63,2020,15.65857
LU,J62_J63,2021,7.90875
LU,J62_J63,2022,9.02732
LU,J62_J63,2023,7.9135
LU,J62_J63,2024,7.60485
LV,J62_J63,2020,3.36267
LV,J62_J63,2021,3.87613
LV,J62_J63,2022,4.44419
LV,J62_J63,2023,7.23213
LV,J62_J63,2024,7.388
MT,J62_J63,2020,9.02812
MT,J62_J63,2021,9.80266
MT,J62_J63,2022,11.95802
MT,J62_J63,2023,12.3813
MT,J62_J63,2024,12.13304
NL,J62_J63,2020,81.60541
NL,J62_J63,2021,86.67586
NL,J62_J63,2022,81.72464
NL,J62_J63,2023,75.94185
NL,J62_J63,2024,75.99053
NO,J62_J63,2020,9.96389
NO,J62_J63,2021,10.41375
NO,J62_J63,2022,8.98376
NO,J62_J63,2023,8.0111
NO,J62_J63,2024,8.06394
PL,J62_J63,2020,453.97634
PL,J62_J63,2021,489.4736
PL,J62_J63,2022,485.25042
PL,J62_J63,2023,452.65237
PL,J62_J63,2024,425.07647
PT,J62_J63,2020,35.8064
PT,J62_J63,2021,45.5618
PT,J62_J63,2022,40.7024
PT,J62_J63,2023,37.1073
PT,J62_J63,2024,36.44231
RO,J62_J63,2020,44.04067
RO,J62_J63,2021,47.2038
RO,J62_J63,2022,50.22421
RO,J62_J63,2023,52.68125
RO,J62_J63,2024,66.33711
RS,J62_J63,2020,27.86108
RS,J62_J63,2021,34.34487
RS,J62_J63,2022,47.84217
RS,J62_J63,2023,53.52206
SE,J62_J63,2020,54.86623
SE,J62_J63,2021,50.59983
SE,J62_J63,2022,42.0169
SE,J62_J63,2023,38.13414
SE,J62_J63,2024,43.13121
SI,J62_J63,2020,17.77298
SI,J62_J63,2021,18.25375
SI,J62_J63,2022,19.46758
SI,J62_J63,2023,19.74577
SI,J62_J63,2024,20.41814
SK,J62_J63,2020,44.55669
SK,J62_J63,2021,42.59659
SK,J62_J63,2022,41.37391
SK,J62_J63,2023,38.66645
SK,J62_J63,2024,37.43734
TR,J62_J63,2020,73.5363
TR,J62_J63,2021,81.38829
TR,J62_J63,2022,82.65252
TR,J62_J63,2023,88.24953
AT,K,2020,76.25176
AT,K,2021,72.30016
AT,K,2022,81.12564
AT,K,2023,78.48429
AT,K,2024,74.87922
BE,K,2020,259.54477
BE,K,2021,348.32667
BE,K,2022,344.20561
BE,K,2023,350.6657
BE,K,2024,356.34856
BG,K,2020,7.05074
BG,K,2021,8.62214
BG,K,2022,35.84439
BG,K,2023,32.21087
BG,K,2024,33.13508
CH,K,2020,202.81185
CH,K,2021,219.97095
CH,K,2022,192.59039
CH,K,2023,206.39853
CY,K,2020,18.22566
CY,K,2021,17.11268
CY,K,2022,16.89924
CY,K,2023,16.71249
CY,K,2024,16.79036
CZ,K,2020,47.85815
CZ,K,2021,37.22366
CZ,K,2022,39.55611
CZ,K,2023,40.79776
CZ,K,2024,41.66134
DE,K,2020,1278.84776
DE,K,2021,1269.84155
DE,K,2022,1210.67783
DE,K,2023,1148.49021
DE,K,2024,1128.12985
DK,K,2020,49.20562
DK,K,2021,49.87865
DK,K,2022,48.62335
DK,K,2023,45.80495
DK,K,2024,44.19033
EE,K,2020,5.26932
EE,K,2021,3.95419
EE,K,2022,5.07742
EE,K,2023,5.16028
EE,K,2024,6.08469
EL,K,2020,21.33826
EL,K,2021,16.59155
EL,K,2022,12.78024
EL,K,2023,17.57879
EL,K,2024,17.48698
ES,K,2020,243.13133
ES,K,2021,279.08882
ES,K,2022,269.69882
ES,K,2023,264.80964
ES,K,2024,275.07898
EU27_2020,K,2020,5802.09446
EU27_2020,K,2021,6339.41116
EU27_2020,K,2022,6013.10153
EU27_2020,K,2023,5596.95577
EU27_2020,K,2024,5631.36317
FI,K,2020,77.22978
FI,K,2021,137.84453
FI,K,2022,175.5091
FI,K,2023,178.11337
FI,K,2024,164.16271
FR,K,2020,1029.20776
FR,K,2021,1060.26754
FR,K,2022,1064.96453
FR,K,2023,981.7273
FR,K,2024,982.73141
HR,K,2020,68.07296
HR,K,2021,76.59763
HR,K,2022,70.23096
HR,K,2023,66.50341
HR,K,2024,69.38575
HU,K,2020,204.23282
HU,K,2021,209.41226
HU,K,2022,181.28547
HU,K,2023,155.26216
HU,K,2024,154.20424
IE,K,2020,58.3152
IE,K,2021,49.67685
IE,K,2022,56.4551
IE,K,2023,49.75251
IE,K,2024,49.19576
IS,K,2020,3.71131
IS,K,2021,3.69417
IS,K,2022,4.03513
IS,K,2023,3.74618
IS,K,2024,3.39308
IT,K,2020,516.61855
IT,K,2021,631.60949
IT,K,2022,546.22217
IT,K,2023,495.597
IT,K,2024,514.3681
LT,K,2020,33.20201
LT,K,2021,32.23219
LT,K,2022,24.7494
LT,K,2023,22.56194
LT,K,2024,25.25991
LU,K,2020,136.72155
LU,K,2021,295.71477
LU,K,2022,231.0583
LU,K,2023,184.16397
LU,K,2024,177.86862
LV,K,2020,5.72658
LV,K,2021,4.4952
LV,K,2022,10.54704
LV,K,2023,4.76864
LV,K,2024,4.80221
MT,K,2020,1.26955
MT,K,2021,1.2659
MT,K,2022,1.47184
MT,K,2023,1.52044
MT,K,2024,1.50652
NL,K,2020,349.00668
NL,K,2021,369.75935
NL,K,2022,336.08487
NL,K,2023,309.1602
NL,K,2024,293.98967
NO,K,2020,0.99759
NO,K,2021,0.30449
NO,K,2022,0.41014
NO,K,2023,0.39909
NO,K,2024,0.41277
PL,K,2020,843.08815
PL,K,2021,860.36769
PL,K,2022,727.85359
PL,K,2023,626.63137
PL,K,2024,591.94567
PT,K,2020,61.8446
PT,K,2021,64.8004
PT,K,2022,68.0781
PT,K,2023,66.338
PT,K,2024,65.23603
RO,K,2020,223.85866
RO,K,2021,241.24975
RO,K,2022,253.59047
RO,K,2023,267.92535
RO,K,2024,342.66461
RS,K,2020,107.88179
RS,K,2021,119.95391
RS,K,2022,130.36123
RS,K,2023,127.60241
SE,K,2020,76.66975
SE,K,2021,102.77414
SE,K,2022,96.48141
SE,K,2023,91.73086
SE,K,2024,105.43411
SI,K,2020,49.23864
SI,K,2021,48.65265
SI,K,2022,52.12149
SI,K,2023,52.87303
SI,K,2024,54.99868
SK,K,2020,61.06785
SK,K,2021,49.75074
SK,K,2022,51.90905
SK,K,2023,41.61124
SK,K,2024,39.82377
TR,K,2020,359.07602
TR,K,2021,386.16709
TR,K,2022,400.66204
TR,K,2023,415.9917
AT,K64,2020,51.59447
AT,K64,2021,49.73246
AT,K64,2022,55.32954
AT,K64,2023,52.17214
AT,K64,2024,49.70446
BE,K64,2020,69.0018
BE,K64,2021,77.96183
BE,K64,2022,66.44298
BE,K64,2023,63.50667
BE,K64,2024,64.63397
BG,K64,2020,4.99226
BG,K64,2021,5.75483
BG,K64,2022,28.17829
BG,K64,2023,24.58695
BG,K64,2024,25.27661
CH,K64,2020,136.43638
CH,K64,2021,146.18236
CH,K64,2022,130.93661
CH,K64,2023,141.5305
CY,K64,2020,10.99036
CY,K64,2021,10.45832
CY,K64,2022,10.17393
CY,K64,2023,9.98521
CY,K64,2024,10.03247
CZ,K64,2020,28.24993
CZ,K64,2021,21.35846
CZ,K64,2022,21.18971
CZ,K64,2023,21.84407
CZ,K64,2024,22.35944
DE,K64,2020,782.97253
DE,K64,2021,764.01823
DE,K64,2022,708.37441
DE,K64,2023,674.02828
DE,K64,2024,662.08383
DK,K64,2020,38.49516
DK,K64,2021,39.33201
DK,K64,2022,38.76567
DK,K64,2023,36.98175
DK,K64,2024,35.67692
EE,K64,2020,4.38215
EE,K64,2021,3.0394
EE,K64,2022,4.02741
EE,K64,2023,4.16443
EE,K64,2024,4.95259
EL,K64,2020,3.88128
EL,K64,2021,3.14147
EL,K64,2022,2.78886
EL,K64,2023,6.03524
EL,K64,2024,6.02933
ES,K64,2020,121.27457
ES,K64,2021,135.90097
ES,K64,2022,129.72315
ES,K64,2023,128.41531
ES,K64,2024,133.97867
EU27_2020,K64,2020,3645.35643
EU27_2020,K64,2021,3971.69079
EU27_2020,K64,2022,3560.87084
EU27_2020,K64,2023,3303.63129
EU27_2020,K64,2024,3319.72376
FI,K64,2020,54.73983
FI,K64,2021,98.50043
FI,K64,2022,134.14017
FI,K64,2023,136.20651
FI,K64,2024,125.02306
FR,K64,2020,660.35081
FR,K64,2021,699.05348
FR,K64,2022,693.88716
FR,K64,2023,643.49939
FR,K64,2024,642.4532
HR,K64,2020,41.68492
HR,K64,2021,47.20167
HR,K64,2022,42.5913
HR,K64,2023,39.68289
HR,K64,2024,41.34945
HU,K64,2020,144.53756
HU,K64,2021,148.05152
HU,K64,2022,137.20172
HU,K64,2023,117.14994
HU,K64,2024,116.35476
IE,K64,2020,40.07967
IE,K64,2021,31.70351
IE,K64,2022,34.19616
IE,K64,2023,28.50459
IE,K64,2024,28.16433
IS,K64,2020,3.05987
IS,K64,2021,3.0405
IS,K64,2022,3.34518
IS,K64,2023,3.01
IS,K64,2024,2.80097
IT,K64,2020,283.03814
IT,K64,2021,354.37525
IT,K64,2022,282.13693
IT,K64,2023,247.09509
IT,K64,2024,260.67813
LT,K64,2020,11.31031
LT,K64,2021,10.53437
LT,K64,2022,8.28859
LT,K64,2023,8.89342
LT,K64,2024,10.23236
LU,K64,2020,128.8299
LU,K64,2021,281.4774
LU,K64,2022,78.5213
LU,K64,2023,74.5808
LU,K64,2024,72.0215
LV,K64,2020,3.71884
LV,K64,2021,2.40417
LV,K64,2022,7.69074
LV,K64,2023,2.45197
LV,K64,2024,2.48561
MT,K64,2020,1.13029
MT,K64,2021,1.12662
MT,K64,2022,1.31172
MT,K64,2023,1.35515
MT,K64,2024,1.34242
NL,K64,2020,199.15549
NL,K64,2021,204.89062
NL,K64,2022,187.56379
NL,K64,2023,174.92708
NL,K64,2024,161.33601
NO,K64,2020,0.73288
NO,K64,2021,0.03716
NO,K64,2022,0.10572
NO,K64,2023,0.08363
NO,K64,2024,0.08402
PL,K64,2020,628.73462
PL,K64,2021,621.69854
PL,K64,2022,518.02197
PL,K64,2023,442.27617
PL,K64,2024,417.37868
PT,K64,2020,31.9006
PT,K64,2021,29.8737
PT,K64,2022,32.8104
PT,K64,2023,32.1726
PT,K64,2024,31.60706
RO,K64,2020,142.19717
RO,K64,2021,153.56061
RO,K64,2022,161.33923
RO,K64,2023,170.6863
RO,K64,2024,219.29723
RS,K64,2020,90.60513
RS,K64,2021,101.05155
RS,K64,2022,109.15728
RS,K64,2023,107.18098
SE,K64,2020,65.21522
SE,K64,2021,92.3371
SE,K64,2022,87.19959
SE,K64,2023,83.06474
SE,K64,2024,95.47432
SI,K64,2020,40.64683
SI,K64,2021,41.50547
SI,K64,2022,43.97204
SI,K64,2023,44.28731
SI,K64,2024,46.04641
SK,K64,2020,52.25171
SK,K64,2021,42.69838
SK,K64,2022,45.00408
SK,K64,2023,35.07729
SK,K64,2024,33.75097
TR,K64,2020,216.96563
TR,K64,2021,233.41684
TR,K64,2022,242.06766
TR,K64,2023,251.22895
AT,K65,2020,15.98421
AT,K65,2021,17.05137
AT,K65,2022,19.4436
AT,K65,2023,19.83656
AT,K65,2024,19.01135
BE,K65,2020,35.68692
BE,K65,2021,39.93235
BE,K65,2022,35.72652
BE,K65,2023,35.95371
BE,K65,2024,36.40304
BG,K65,2020,0.2632
BG,K65,2021,0.23587
BG,K65,2022,2.52205
BG,K65,2023,2.47963
BG,K65,2024,2.5646
CH,K65,2020,66.37547
CH,K65,2021,73.7886
CH,K65,2022,61.65378
CH,K65,2023,64.86802
CY,K65,2020,3.89115
CY,K65,2021,3.21391
CY,K65,2022,3.32903
CY,K65,2023,3.40436
CY,K65,2024,3.4125
CZ,K65,2020,5.87077
CZ,K65,2021,4.63377
CZ,K65,2022,4.84936
CZ,K65,2023,4.94835
CZ,K65,2024,5.09311
DE,K65,2020,204.17167
DE,K65,2021,210.47266
DE,K65,2022,211.56836
DE,K65,2023,203.1118
DE,K65,2024,199.61412
DK,K65,2020,7.65208
DK,K65,2021,8.17022
DK,K65,2022,7.57521
DK,K65,2023,6.73385
DK,K65,2024,6.49777
EE,K65,2020,0.2123
EE,K65,2021,0.13511
EE,K65,2022,0.22625
EE,K65,2023,0.22185
EE,K65,2024,0.23373
EL,K65,2020,2.1201
EL,K65,2021,2.15661
EL,K65,2022,1.62789
EL,K65,2023,1.99672
EL,K65,2024,1.97735
ES,K65,2020,52.79656
ES,K65,2021,57.69681
ES,K65,2022,52.937
ES,K65,2023,53.41209
ES,K65,2024,55.63901
EU27_2020,K65,2020,743.98079
EU27_2020,K65,2021,772.52336
EU27_2020,K65,2022,742.16455
EU27_2020,K65,2023,706.1394
EU27_2020,K65,2024,718.07331
FI,K65,2020,7.38114
FI,K65,2021,12.24703
FI,K65,2022,15.27177
FI,K65,2023,15.57818
FI,K65,2024,14.73807
FR,K65,2020,158.80547
FR,K65,2021,148.861
FR,K65,2022,146.65283
FR,K65,2023,129.50211
FR,K65,2024,130.13157
HR,K65,2020,13.91078
HR,K65,2021,15.50815
HR,K65,2022,14.55142
HR,K65,2023,14.09834
HR,K65,2024,14.72716
HU,K65,2020,27.92983
HU,K65,2021,28.59274
HU,K65,2022,16.39813
HU,K65,2023,14.20596
HU,K65,2024,14.10978
IE,K65,2020,4.06386
IE,K65,2021,5.44683
IE,K65,2022,7.99959
IE,K65,2023,6.89818
IE,K65,2024,6.82297
IS,K65,2020,0.49644
IS,K65,2021,0.51971
IS,K65,2022,0.56127
IS,K65,2023,0.6144
IS,K65,2024,0.42828
IT,K65,2020,6.81383
IT,K65,2021,7.2309
IT,K65,2022,6.4126
IT,K65,2023,6.09266
IT,K65,2024,5.91626
LT,K65,2020,8.42272
LT,K65,2021,7.1195
LT,K65,2022,5.92268
LT,K65,2023,4.89599
LT,K65,2024,5.17882
LU,K65,2020,0.0
LU,K65,2021,0.0
LU,K65,2022,0.0
LU,K65,2023,0.0
LU,K65,2024,0.0
LV,K65,2020,1.20991
LV,K65,2021,1.15269
LV,K65,2022,1.32158
LV,K65,2023,0.87899
LV,K65,2024,0.86945
MT,K65,2020,0.04669
MT,K65,2021,0.04758
MT,K65,2022,0.05093
MT,K65,2023,0.05236
MT,K65,2024,0.05244
NL,K65,2020,91.59235
NL,K65,2021,100.72492
NL,K65,2022,88.43129
NL,K65,2023,78.37394
NL,K65,2024,78.0939
NO,K65,2020,0.0
NO,K65,2021,0.0
NO,K65,2022,0.0
NO,K65,2023,0.0
NO,K65,2024,0.0
PL,K65,2020,21.9444
PL,K65,2021,26.39913
PL,K65,2022,20.77204
PL,K65,2023,18.76473
PL,K65,2024,17.89825
PT,K65,2020,17.9134
PT,K65,2021,20.2534
PT,K65,2022,21.0131
PT,K65,2023,24.0508
PT,K65,2024,23.66774
RO,K65,2020,43.22158
RO,K65,2021,46.42503
RO,K65,2022,48.83313
RO,K65,2023,51.52102
RO,K65,2024,65.64752
RS,K65,2020,13.20325
RS,K65,2021,14.5404
RS,K65,2022,16.12193
RS,K65,2023,15.4926
SE,K65,2020,4.77553
SE,K65,2021,4.4232
SE,K65,2022,3.88171
SE,K65,2023,4.04507
SE,K65,2024,4.64882
SI,K65,2020,4.63271
SI,K65,2021,2.88651
SI,K65,2022,3.53472
SI,K65,2023,3.82921
SI,K65,2024,4.00302
SK,K65,2020,2.66763
SK,K65,2021,1.50607
SK,K65,2022,1.31176
SK,K65,2023,1.25295
SK,K65,2024,1.12093
TR,K65,2020,21.71069
TR,K65,2021,23.93093
TR,K65,2022,24.37756
TR,K65,2023,25.9273
AT,K66,2020,8.67308
AT,K66,2021,5.51633
AT,K66,2022,6.3525
AT,K66,2023,6.47559
AT,K66,2024,6.16341
BE,K66,2020,154.85605
BE,K66,2021,230.43249
BE,K66,2022,242.03611
BE,K66,2023,251.20532
BE,K66,2024,255.31155
BG,K66,2020,1.79529
BG,K66,2021,2.63144
BG,K66,2022,5.14405
BG,K66,2023,5.14429
BG,K66,2024,5.29387
CH,K66,2020,0.0
CH,K66,2021,0.0
CH,K66,2022,0.0
CH,K66,2023,0.0
CY,K66,2020,3.34416
CY,K66,2021,3.44045
CY,K66,2022,3.39629
CY,K66,2023,3.32292
CY,K66,2024,3.34538
CZ,K66,2020,13.73745
CZ,K66,2021,11.23144
CZ,K66,2022,13.51703
CZ,K66,2023,14.00534
CZ,K66,2024,14.2088
DE,K66,2020,291.70355
DE,K66,2021,295.35067
DE,K66,2022,290.73505
DE,K66,2023,271.35012
DE,K66,2024,266.4319
DK,K66,2020,3.05839
DK,K66,2021,2.37642
DK,K66,2022,2.28247
DK,K66,2023,2.08935
DK,K66,2024,2.01564
EE,K66,2020,0.67488
EE,K66,2021,0.77968
EE,K66,2022,0.82376
EE,K66,2023,0.774
EE,K66,2024,0.89837
EL,K66,2020,15.33688
EL,K66,2021,11.29347
EL,K66,2022,8.36349
EL,K66,2023,9.54683
EL,K66,2024,9.4803
ES,K66,2020,69.06019
ES,K66,2021,85.49105
ES,K66,2022,87.03867
ES,K66,2023,82.98224
ES,K66,2024,85.4613
EU27_2020,K66,2020,1412.75724
EU27_2020,K66,2021,1595.19701
EU27_2020,K66,2022,1710.06615
EU27_2020,K66,2023,1587.18508
EU27_2020,K66,2024,1593.56609
FI,K66,2020,15.10881
FI,K66,2021,27.09706
FI,K66,2022,26.09716
FI,K66,2023,26.32869
FI,K66,2024,24.40158
FR,K66,2020,210.05148
FR,K66,2021,212.35305
FR,K66,2022,224.42454
FR,K66,2023,208.7258
FR,K66,2024,210.14664
HR,K66,2020,12.47726
HR,K66,2021,13.88781
HR,K66,2022,13.08824
HR,K66,2023,12.72217
HR,K66,2024,13.30914
HU,K66,2020,31.76544
HU,K66,2021,32.768
HU,K66,2022,27.68562
HU,K66,2023,23.90626
HU,K66,2024,23.7397
IE,K66,2020,14.17166
IE,K66,2021,12.52651
IE,K66,2022,14.25936
IE,K66,2023,14.34974
IE,K66,2024,14.20847
IS,K66,2020,0.155
IS,K66,2021,0.13396
IS,K66,2022,0.12868
IS,K66,2023,0.12177
IS,K66,2024,0.16383
IT,K66,2020,226.76657
IT,K66,2021,270.00334
IT,K66,2022,257.67264
IT,K66,2023,242.40925
IT,K66,2024,247.77371
LT,K66,2020,13.46898
LT,K66,2021,14.57832
LT,K66,2022,10.53814
LT,K66,2023,8.77254
LT,K66,2024,9.84873
LU,K66,2020,7.89165
LU,K66,2021,14.23737
LU,K66,2022,152.537
LU,K66,2023,109.58317
LU,K66,2024,105.84711
LV,K66,2020,0.79782
LV,K66,2021,0.93835
LV,K66,2022,1.53472
LV,K66,2023,1.43768
LV,K66,2024,1.44715
MT,K66,2020,0.09257
MT,K66,2021,0.0917
MT,K66,2022,0.10918
MT,K66,2023,0.11293
MT,K66,2024,0.11166
NL,K66,2020,58.25883
NL,K66,2021,64.14381
NL,K66,2022,60.0898
NL,K66,2023,55.85918
NL,K66,2024,54.55977
NO,K66,2020,0.26471
NO,K66,2021,0.26733
NO,K66,2022,0.30441
NO,K66,2023,0.31547
NO,K66,2024,0.32874
PL,K66,2020,192.40914
PL,K66,2021,212.27002
PL,K66,2022,189.05958
PL,K66,2023,165.59047
PL,K66,2024,156.66874
PT,K66,2020,12.0306
PT,K66,2021,14.6733
PT,K66,2022,14.2546
PT,K66,2023,10.1146
PT,K66,2024,9.96123
RO,K66,2020,38.43991
RO,K66,2021,41.26412
RO,K66,2022,43.41812
RO,K66,2023,45.71803
RO,K66,2024,57.71985
RS,K66,2020,4.07341
RS,K66,2021,4.36196
RS,K66,2022,5.08202
RS,K66,2023,4.92883
SE,K66,2020,6.679
SE,K66,2021,6.01384
SE,K66,2022,5.40011
SE,K66,2023,4.62105
SE,K66,2024,5.31097
SI,K66,2020,3.95911
SI,K66,2021,4.26068
SI,K66,2022,4.61473
SI,K66,2023,4.75651
SI,K66,2024,4.94924
SK,K66,2020,6.14852
SK,K66,2021,5.54629
SK,K66,2022,5.59322
SK,K66,2023,5.28099
SK,K66,2024,4.95187
TR,K66,2020,120.3997
TR,K66,2021,128.81932
TR,K66,2022,134.21682
TR,K66,2023,138.83545
AT,L,2020,55.54593
AT,L,2021,48.81881
AT,L,2022,58.43964
AT,L,2023,60.11081
AT,L,2024,57.28585
BE,L,2020,82.4258
BE,L,2021,166.67311
BE,L,2022,180.51693
BE,L,2023,183.7137
BE,L,2024,187.21641
BG,L,2020,29.77185
BG,L,2021,35.08715
BG,L,2022,72.28796
BG,L,2023,67.26342
BG,L,2024,69.27003
CH,L,2020,127.89476
CH,L,2021,132.79323
CH,L,2022,88.99147
CH,L,2023,138.49407
CY,L,2020,6.08936
CY,L,2021,5.18732
CY,L,2022,5.63354
CY,L,2023,7.18497
CY,L,2024,7.2017
CZ,L,2020,151.24264
CZ,L,2021,166.06867
CZ,L,2022,120.76359
CZ,L,2023,134.28516
CZ,L,2024,138.28129
DE,L,2020,828.05633
DE,L,2021,829.11932
DE,L,2022,808.57589
DE,L,2023,769.14873
DE,L,2024,752.64007
DK,L,2020,107.53089
DK,L,2021,119.90224
DK,L,2022,111.77398
DK,L,2023,110.94834
DK,L,2024,109.00739
EE,L,2020,48.5582
EE,L,2021,48.39566
EE,L,2022,46.26393
EE,L,2023,40.06962
EE,L,2024,47.80873
EL,L,2020,2.7803
EL,L,2021,2.53228
EL,L,2022,1.91026
EL,L,2023,2.09717
EL,L,2024,2.0898
ES,L,2020,609.25149
ES,L,2021,680.04745
ES,L,2022,645.00495
ES,L,2023,544.53022
ES,L,2024,561.69848
EU27_2020,L,2020,5159.60601
EU27_2020,L,2021,5744.96784
EU27_2020,L,2022,5355.67725
EU27_2020,L,2023,5199.64351
EU27_2020,L,2024,5368.25231
FI,L,2020,33.83615
FI,L,2021,41.95106
FI,L,2022,40.82373
FI,L,2023,55.481
FI,L,2024,50.5313
FR,L,2020,472.3788
FR,L,2021,495.15521
FR,L,2022,466.47596
FR,L,2023,419.57251
FR,L,2024,423.31772
HR,L,2020,139.87755
HR,L,2021,158.60213
HR,L,2022,145.33429
HR,L,2023,137.73064
HR,L,2024,143.59859
HU,L,2020,493.9131
HU,L,2021,516.09334
HU,L,2022,497.72378
HU,L,2023,413.58742
HU,L,2024,410.82586
IE,L,2020,20.70115
IE,L,2021,24.3705
IE,L,2022,34.99791
IE,L,2023,35.43423
IE,L,2024,35.08536
IS,L,2020,5.83323
IS,L,2021,5.58335
IS,L,2022,6.10835
IS,L,2023,6.39018
IS,L,2024,6.97716
IT,L,2020,319.88647
IT,L,2021,395.28153
IT,L,2022,367.36849
IT,L,2023,348.89151
IT,L,2024,369.62156
LT,L,2020,23.37049
LT,L,2021,20.53444
LT,L,2022,20.9402
LT,L,2023,21.41263
LT,L,2024,24.51099
LU,L,2020,15.40019
LU,L,2021,14.29371
LU,L,2022,27.73193
LU,L,2023,24.952
LU,L,2024,24.10094
LV,L,2020,99.43704
LV,L,2021,194.83255
LV,L,2022,116.96157
LV,L,2023,126.17822
LV,L,2024,127.5833
MT,L,2020,8.98217
MT,L,2021,9.0333
MT,L,2022,10.76406
MT,L,2023,11.08976
MT,L,2024,10.96814
NL,L,2020,234.3341
NL,L,2021,259.25493
NL,L,2022,227.0685
NL,L,2023,209.18218
NL,L,2024,194.69474
NO,L,2020,88.61277
NO,L,2021,94.79746
NO,L,2022,89.58363
NO,L,2023,94.18946
NO,L,2024,93.52535
PL,L,2020,442.43564
PL,L,2021,521.96875
PL,L,2022,367.36035
PL,L,2023,482.59094
PL,L,2024,455.21973
PT,L,2020,14.8915
PT,L,2021,20.7706
PT,L,2022,16.2746
PT,L,2023,15.8181
PT,L,2024,15.5412
RO,L,2020,470.41203
RO,L,2021,508.09493
RO,L,2022,535.25779
RO,L,2023,563.72336
RO,L,2024,725.19969
RS,L,2020,6.492
RS,L,2021,7.35019
RS,L,2022,8.63331
RS,L,2023,8.62614
SE,L,2020,175.62479
SE,L,2021,168.30068
SE,L,2022,148.90263
SE,L,2023,147.16167
SE,L,2024,161.55766
SI,L,2020,36.59734
SI,L,2021,33.45024
SI,L,2022,36.27354
SI,L,2023,38.98893
SI,L,2024,40.55952
SK,L,2020,236.2747
SK,L,2021,261.14793
SK,L,2022,244.24725
SK,L,2023,228.49626
SK,L,2024,222.83624
TR,L,2020,446.72867
TR,L,2021,505.27636
TR,L,2022,500.92754
TR,L,2023,530.6255
BE,L68A,2020,0.0
BE,L68A,2021,0.0
BE,L68A,2022,0.0
BE,L68A,2023,0.0
BE,L68A,2024,0.0
BG,L68A,2020,28.14148
BG,L68A,2021,33.46532
BG,L68A,2022,70.85094
BG,L68A,2023,65.92213
CY,L68A,2020,0.0
CY,L68A,2021,0.0
CY,L68A,2022,0.0
CY,L68A,2023,0.0
CY,L68A,2024,0.0
CZ,L68A,2020,0.0
CZ,L68A,2021,0.0
CZ,L68A,2022,0.0
CZ,L68A,2023,0.0
CZ,L68A,2024,0.0
DE,L68A,2020,0.0
DE,L68A,2021,0.0
DE,L68A,2022,0.0
DE,L68A,2023,0.0
DE,L68A,2024,0.0
DK,L68A,2020,7.47191
DK,L68A,2021,8.04462
DK,L68A,2022,8.26551
DK,L68A,2023,8.38589
EE,L68A,2020,0.0
EE,L68A,2021,0.0
EE,L68A,2022,0.0
EE,L68A,2023,0.0
EE,L68A,2024,0.0
EL,L68A,2020,0.01003
EL,L68A,2021,0.0091
EL,L68A,2022,0.00673
EL,L68A,2023,0.00703
FI,L68A,2020,0.0
FI,L68A,2021,0.0
FI,L68A,2022,0.0
FI,L68A,2023,0.0
FI,L68A,2024,0.0
FR,L68A,2020,0.0
FR,L68A,2021,0.0
FR,L68A,2022,0.0
FR,L68A,2023,0.0
FR,L68A,2024,18.96122
HU,L68A,2020,10.06168
HU,L68A,2021,10.63708
HU,L68A,2022,13.67711
HU,L68A,2023,13.68384
IE,L68A,2020,0.0
IE,L68A,2021,0.0
IE,L68A,2022,0.0
IE,L68A,2023,0.0
IE,L68A,2024,0.0
IS,L68A,2020,5.83323
IS,L68A,2021,5.58335
IS,L68A,2022,6.10835
IS,L68A,2023,6.39018
IS,L68A,2024,6.97716
IT,L68A,2020,16.3025
IT,L68A,2021,16.06734
IT,L68A,2022,12.74297
IT,L68A,2023,11.86519
IT,L68A,2024,0.0
LU,L68A,2020,0.0
LU,L68A,2021,0.0
LU,L68A,2022,0.0
LU,L68A,2023,0.0
LU,L68A,2024,0.0
LV,L68A,2020,0.0
LV,L68A,2021,0.0
LV,L68A,2022,0.0
LV,L68A,2023,0.0
LV,L68A,2024,0.0
MT,L68A,2020,0.0
MT,L68A,2021,0.0
MT,L68A,2022,0.0
MT,L68A,2023,0.0
MT,L68A,2024,0.0
NO,L68A,2020,88.61277
NO,L68A,2021,94.79746
NO,L68A,2022,89.58363
NO,L68A,2023,94.18946
PL,L68A,2020,2.90213
PL,L68A,2021,3.1719
PL,L68A,2022,2.27818
PL,L68A,2023,2.43328
PT,L68A,2020,0.0
PT,L68A,2021,0.0
PT,L68A,2022,0.0
PT,L68A,2023,0.0
PT,L68A,2024,0.0
RO,L68A,2020,0.0
RO,L68A,2021,0.0
RO,L68A,2022,0.0
RO,L68A,2023,0.0
SE,L68A,2020,0.4873
SE,L68A,2021,0.96004
SE,L68A,2022,0.83867
SE,L68A,2023,0.81687
SE,L68A,2024,0.83676
SI,L68A,2020,0.0
SI,L68A,2021,0.0
SI,L68A,2022,0.0
SI,L68A,2023,0.0
SI,L68A,2024,0.0
SK,L68A,2020,236.2747
SK,L68A,2021,261.14793
SK,L68A,2022,244.24725
SK,L68A,2023,228.49626
TR,L68A,2020,0.0
TR,L68A,2021,0.0
TR,L68A,2022,0.0
TR,L68A,2023,0.0
AT,M,2020,216.29787
AT,M,2021,220.10315
AT,M,2022,264.78935
AT,M,2023,270.69397
AT,M,2024,258.1648
BE,M,2020,1428.53007
BE,M,2021,1566.09176
BE,M,2022,1470.77601
BE,M,2023,1428.08676
BE,M,2024,1453.94194
BG,M,2020,32.28061
BG,M,2021,33.75567
BG,M,2022,73.2012
BG,M,2023,70.41213
BG,M,2024,72.26891
CH,M,2020,506.86108
CH,M,2021,569.45399
CH,M,2022,472.46835
CH,M,2023,505.60879
CY,M,2020,29.96858
CY,M,2021,29.19805
CY,M,2022,28.43344
CY,M,2023,31.6368
CY,M,2024,31.77285
CZ,M,2020,130.99153
CZ,M,2021,150.70499
CZ,M,2022,146.77074
CZ,M,2023,137.57078
CZ,M,2024,140.04914
DE,M,2020,8133.26074
DE,M,2021,8256.77047
DE,M,2022,8211.82341
DE,M,2023,8143.54328
DE,M,2024,7977.20865
DK,M,2020,153.50711
DK,M,2021,167.25956
DK,M,2022,151.79535
DK,M,2023,148.77537
DK,M,2024,137.59588
EE,M,2020,29.56051
EE,M,2021,31.1991
EE,M,2022,57.15626
EE,M,2023,34.07426
EE,M,2024,40.92519
EL,M,2020,129.95933
EL,M,2021,155.41068
EL,M,2022,170.20846
EL,M,2023,198.44867
EL,M,2024,197.87611
ES,M,2020,706.19358
ES,M,2021,870.57385
ES,M,2022,877.98073
ES,M,2023,712.36896
ES,M,2024,732.86871
EU27_2020,M,2020,18908.21031
EU27_2020,M,2021,19652.13734
EU27_2020,M,2022,19488.9414
EU27_2020,M,2023,19133.49394
EU27_2020,M,2024,19174.95277
FI,M,2020,11.98043
FI,M,2021,13.03124
FI,M,2022,10.40436
FI,M,2023,12.89171
FI,M,2024,12.00011
FR,M,2020,2129.77121
FR,M,2021,2245.68475
FR,M,2022,2239.05894
FR,M,2023,2120.09548
FR,M,2024,2121.5383
HR,M,2020,187.1009
HR,M,2021,208.56053
HR,M,2022,208.98349
HR,M,2023,216.75098
HR,M,2024,227.26493
HU,M,2020,366.64538
HU,M,2021,386.18309
HU,M,2022,341.7864
HU,M,2023,290.49363
HU,M,2024,288.47126
IE,M,2020,237.83619
IE,M,2021,180.57313
IE,M,2022,238.69234
IE,M,2023,174.27627
IE,M,2024,172.4667
IS,M,2020,4.70465
IS,M,2021,5.09887
IS,M,2022,5.44336
IS,M,2023,5.22034
IS,M,2024,5.29908
IT,M,2020,1149.80302
IT,M,2021,1102.43357
IT,M,2022,1106.98115
IT,M,2023,1396.25272
IT,M,2024,1438.12094
LT,M,2020,36.985
LT,M,2021,37.84037
LT,M,2022,38.91441
LT,M,2023,44.57219
LT,M,2024,52.19404
LU,M,2020,77.0128
LU,M,2021,27.08509
LU,M,2022,30.92382
LU,M,2023,27.09958
LU,M,2024,26.12185
LV,M,2020,23.64969
LV,M,2021,23.01956
LV,M,2022,44.23901
LV,M,2023,25.55931
LV,M,2024,25.82414
MT,M,2020,45.03343
MT,M,2021,44.81933
MT,M,2022,48.67837
MT,M,2023,48.23193
MT,M,2024,47.7028
NL,M,2020,662.75445
NL,M,2021,695.42355
NL,M,2022,692.20752
NL,M,2023,685.54845
NL,M,2024,647.62352
NO,M,2020,74.89159
NO,M,2021,96.48628
NO,M,2022,75.14072
NO,M,2023,93.29422
NO,M,2024,95.55235
PL,M,2020,1176.32437
PL,M,2021,1340.13662
PL,M,2022,1202.96791
PL,M,2023,1091.00646
PL,M,2024,1028.92307
PT,M,2020,161.4048
PT,M,2021,187.1133
PT,M,2022,171.6817
PT,M,2023,180.9255
PT,M,2024,178.18063
RO,M,2020,583.55185
RO,M,2021,625.5362
RO,M,2022,667.60581
RO,M,2023,694.76928
RO,M,2024,873.03239
RS,M,2020,95.40139
RS,M,2021,106.79299
RS,M,2022,126.62195
RS,M,2023,128.18144
SE,M,2020,360.20793
SE,M,2021,307.93706
SE,M,2022,267.35228
SE,M,2023,256.57934
SE,M,2024,305.18699
SI,M,2020,180.02768
SI,M,2021,172.70503
SI,M,2022,181.63451
SI,M,2023,189.89794
SI,M,2024,196.86674
SK,M,2020,527.57121
SK,M,2021,572.98762
SK,M,2022,543.89442
SK,M,2023,502.93219
SK,M,2024,490.76217
TR,M,2020,621.49468
TR,M,2021,673.2017
TR,M,2022,694.69602
TR,M,2023,726.20674
AT,M69_M70,2020,67.01233
AT,M69_M70,2021,57.77343
AT,M69_M70,2022,67.80462
AT,M69_M70,2023,68.47408
AT,M69_M70,2024,64.88084
BE,M69_M70,2020,893.9613
BE,M69_M70,2021,1019.00884
BE,M69_M70,2022,927.57772
BE,M69_M70,2023,896.19739
BE,M69_M70,2024,913.327
BG,M69_M70,2020,9.24455
BG,M69_M70,2021,10.3906
BG,M69_M70,2022,24.08524
BG,M69_M70,2023,22.29801
BG,M69_M70,2024,22.84636
CH,M69_M70,2020,191.64741
CH,M69_M70,2021,226.83799
CH,M69_M70,2022,217.34344
CH,M69_M70,2023,233.4696
CY,M69_M70,2020,15.24812
CY,M69_M70,2021,14.91634
CY,M69_M70,2022,15.79647
CY,M69_M70,2023,16.41327
CY,M69_M70,2024,16.50387
CZ,M69_M70,2020,31.59824
CZ,M69_M70,2021,42.21295
CZ,M69_M70,2022,42.2654
CZ,M69_M70,2023,35.08779
CZ,M69_M70,2024,35.69928
DE,M69_M70,2020,4375.41682
DE,M69_M70,2021,4477.13762
DE,M69_M70,2022,4466.83858
DE,M69_M70,2023,4465.14633
DE,M69_M70,2024,4380.78597
DK,M69_M70,2020,61.00705
DK,M69_M70,2021,66.53904
DK,M69_M70,2022,63.09621
DK,M69_M70,2023,65.0409
DK,M69_M70,2024,60.14963
EE,M69_M70,2020,14.20338
EE,M69_M70,2021,16.51783
EE,M69_M70,2022,14.18201
EE,M69_M70,2023,13.34797
EE,M69_M70,2024,16.15364
EL,M69_M70,2020,67.09646
EL,M69_M70,2021,79.98555
EL,M69_M70,2022,92.90004
EL,M69_M70,2023,108.59206
EL,M69_M70,2024,108.31955
ES,M69_M70,2020,360.79109
ES,M69_M70,2021,428.13412
ES,M69_M70,2022,419.58026
ES,M69_M70,2023,319.60493
ES,M69_M70,2024,329.20594
EU27_2020,M69_M70,2020,9125.1354
EU27_2020,M69_M70,2021,9580.03863
EU27_2020,M69_M70,2022,9417.36852
EU27_2020,M69_M70,2023,9040.92995
EU27_2020,M69_M70,2024,9017.555
FI,M69_M70,2020,0.46296
FI,M69_M70,2021,0.49252
FI,M69_M70,2022,0.224
FI,M69_M70,2023,0.23891
FI,M69_M70,2024,0.21689
FR,M69_M70,2020,855.95577
FR,M69_M70,2021,888.28013
FR,M69_M70,2022,882.12327
FR,M69_M70,2023,828.30193
FR,M69_M70,2024,829.99459
HR,M69_M70,2020,41.54358
HR,M69_M70,2021,46.90046
HR,M69_M70,2022,46.56451
HR,M69_M70,2023,48.40158
HR,M69_M70,2024,50.57186
HU,M69_M70,2020,141.94152
HU,M69_M70,2021,146.9329
HU,M69_M70,2022,133.82077
HU,M69_M70,2023,115.87739
HU,M69_M70,2024,115.06138
IE,M69_M70,2020,150.76023
IE,M69_M70,2021,110.77879
IE,M69_M70,2022,173.75848
IE,M69_M70,2023,116.81456
IE,M69_M70,2024,115.63953
IS,M69_M70,2020,1.75485
IS,M69_M70,2021,1.86239
IS,M69_M70,2022,1.82923
IS,M69_M70,2023,1.85144
IS,M69_M70,2024,1.68419
IT,M69_M70,2020,322.11586
IT,M69_M70,2021,367.03434
IT,M69_M70,2022,343.49923
IT,M69_M70,2023,331.15791
IT,M69_M70,2024,337.63536
LT,M69_M70,2020,12.40123
LT,M69_M70,2021,12.68816
LT,M69_M70,2022,14.33594
LT,M69_M70,2023,16.47243
LT,M69_M70,2024,20.0686
LU,M69_M70,2020,40.8731
LU,M69_M70,2021,9.80346
LU,M69_M70,2022,12.62284
LU,M69_M70,2023,11.22004
LU,M69_M70,2024,10.79528
LV,M69_M70,2020,4.39014
LV,M69_M70,2021,4.73769
LV,M69_M70,2022,7.4845
LV,M69_M70,2023,5.24494
LV,M69_M70,2024,5.34345
MT,M69_M70,2020,32.19814
MT,M69_M70,2021,32.01625
MT,M69_M70,2022,34.12713
MT,M69_M70,2023,33.56182
MT,M69_M70,2024,33.21677
NL,M69_M70,2020,344.69545
NL,M69_M70,2021,360.8057
NL,M69_M70,2022,341.26827
NL,M69_M70,2023,315.10329
NL,M69_M70,2024,297.49303
NO,M69_M70,2020,12.29
NO,M69_M70,2021,14.87156
NO,M69_M70,2022,11.39973
NO,M69_M70,2023,8.94575
NO,M69_M70,2024,8.75558
PL,M69_M70,2020,405.74063
PL,M69_M70,2021,489.60645
PL,M69_M70,2022,435.84694
PL,M69_M70,2023,380.49008
PL,M69_M70,2024,357.73291
PT,M69_M70,2020,61.1209
PT,M69_M70,2021,70.9127
PT,M69_M70,2022,63.3687
PT,M69_M70,2023,64.067
PT,M69_M70,2024,62.92326
RO,M69_M70,2020,161.22864
RO,M69_M70,2021,173.43451
RO,M69_M70,2022,185.91033
RO,M69_M70,2023,193.83586
RO,M69_M70,2024,247.90296
RS,M69_M70,2020,43.44574
RS,M69_M70,2021,47.89409
RS,M69_M70,2022,57.02495
RS,M69_M70,2023,56.13153
SE,M69_M70,2020,174.70978
SE,M69_M70,2021,131.26185
SE,M69_M70,2022,113.46185
SE,M69_M70,2023,107.30115
SE,M69_M70,2024,127.82522
SI,M69_M70,2020,60.3422
SI,M69_M70,2021,57.98396
SI,M69_M70,2022,61.51477
SI,M69_M70,2023,63.83072
SI,M69_M70,2024,66.10348
SK,M69_M70,2020,419.07592
SK,M69_M70,2021,463.75242
SK,M69_M70,2022,433.31044
SK,M69_M70,2023,398.80763
SK,M69_M70,2024,391.15836
TR,M69_M70,2020,251.43247
TR,M69_M70,2021,265.96081
TR,M69_M70,2022,279.49292
TR,M69_M70,2023,285.85103
AT,M71,2020,34.6735
AT,M71,2021,31.18787
AT,M71,2022,36.84523
AT,M71,2023,37.28311
AT,M71,2024,35.30326
BE,M71,2020,307.01864
BE,M71,2021,310.48146
BE,M71,2022,324.3614
BE,M71,2023,326.15424
BE,M71,2024,332.31388
BG,M71,2020,10.04031
BG,M71,2021,11.20542
BG,M71,2022,24.78805
BG,M71,2023,23.1037
BG,M71,2024,23.65895
CH,M71,2020,127.98671
CH,M71,2021,158.52233
CH,M71,2022,127.97537
CH,M71,2023,128.99366
CY,M71,2020,8.49986
CY,M71,2021,8.18456
CY,M71,2022,6.15936
CY,M71,2023,7.0844
CY,M71,2024,7.1021
CZ,M71,2020,58.0003
CZ,M71,2021,64.3676
CZ,M71,2022,63.60714
CZ,M71,2023,63.87278
CZ,M71,2024,64.63456
DE,M71,2020,2510.66346
DE,M71,2021,2534.51682
DE,M71,2022,2519.69485
DE,M71,2023,2472.32491
DE,M71,2024,2418.57579
DK,M71,2020,55.03473
DK,M71,2021,54.90308
DK,M71,2022,53.31072
DK,M71,2023,50.77255
DK,M71,2024,46.96115
EE,M71,2020,8.85657
EE,M71,2021,7.94231
EE,M71,2022,8.46238
EE,M71,2023,7.93181
EE,M71,2024,9.73525
EL,M71,2020,45.25958
EL,M71,2021,53.79304
EL,M71,2022,52.21345
EL,M71,2023,58.88548
EL,M71,2024,58.76871
ES,M71,2020,154.23115
ES,M71,2021,214.6594
ES,M71,2022,239.37294
ES,M71,2023,219.72048
ES,M71,2024,225.6411
EU27_2020,M71,2020,5093.79962
EU27_2020,M71,2021,5294.38704
EU27_2020,M71,2022,5278.89182
EU27_2020,M71,2023,5193.99552
EU27_2020,M71,2024,5182.79671
FI,M71,2020,4.98364
FI,M71,2021,5.20559
FI,M71,2022,2.55538
FI,M71,2023,5.95108
FI,M71,2024,5.44102
FR,M71,2020,760.8621
FR,M71,2021,824.44373
FR,M71,2022,845.45542
FR,M71,2023,822.68877
FR,M71,2024,823.28612
HR,M71,2020,22.81647
HR,M71,2021,25.61435
HR,M71,2022,25.58856
HR,M71,2023,26.68135
HR,M71,2024,27.91078
HU,M71,2020,79.30876
HU,M71,2021,83.17232
HU,M71,2022,74.54221
HU,M71,2023,62.85014
HU,M71,2024,62.39722
IE,M71,2020,53.12906
IE,M71,2021,33.64762
IE,M71,2022,30.58698
IE,M71,2023,31.89178
IE,M71,2024,31.55803
IS,M71,2020,1.5513
IS,M71,2021,1.61946
IS,M71,2022,1.919
IS,M71,2023,1.48836
IS,M71,2024,1.41002
IT,M71,2020,152.41392
IT,M71,2021,182.78906
IT,M71,2022,183.23472
IT,M71,2023,184.42919
IT,M71,2024,190.7183
LT,M71,2020,9.21307
LT,M71,2021,9.25599
LT,M71,2022,9.80807
LT,M71,2023,10.06392
LT,M71,2024,12.21463
LU,M71,2020,15.64191
LU,M71,2021,8.07552
LU,M71,2022,8.48108
LU,M71,2023,7.88082
LU,M71,2024,7.58283
LV,M71,2020,12.14636
LV,M71,2021,9.38051
LV,M71,2022,12.15348
LV,M71,2023,9.85483
LV,M71,2024,10.06255
MT,M71,2020,7.84868
MT,M71,2021,7.82253
MT,M71,2022,8.74635
MT,M71,2023,8.76392
MT,M71,2024,8.64052
NL,M71,2020,112.17239
NL,M71,2021,113.09296
NL,M71,2022,103.54017
NL,M71,2023,103.74255
NL,M71,2024,101.53027
NO,M71,2020,38.67944
NO,M71,2021,56.43503
NO,M71,2022,41.03469
NO,M71,2023,40.64062
NO,M71,2024,41.01548
PL,M71,2020,290.99242
PL,M71,2021,319.15499
PL,M71,2022,272.0415
PL,M71,2023,271.7385
PL,M71,2024,255.09116
PT,M71,2020,57.9454
PT,M71,2021,66.4513
PT,M71,2022,63.5175
PT,M71,2023,68.9643
PT,M71,2024,68.07651
RO,M71,2020,76.73555
RO,M71,2021,82.50416
RO,M71,2022,88.31027
RO,M71,2023,91.6312
RO,M71,2024,116.48825
RS,M71,2020,26.85615
RS,M71,2021,30.64027
RS,M71,2022,36.28823
RS,M71,2023,38.8123
SE,M71,2020,116.26275
SE,M71,2021,110.24487
SE,M71,2022,96.22488
SE,M71,2023,93.22595
SE,M71,2024,111.02234
SI,M71,2020,80.95058
SI,M71,2021,77.17609
SI,M71,2022,80.11864
SI,M71,2023,84.24716
SI,M71,2024,87.21679
SK,M71,2020,48.09847
SK,M71,2021,45.11392
SK,M71,2022,45.17111
SK,M71,2023,42.2566
SK,M71,2024,40.86468
TR,M71,2020,227.63751
TR,M71,2021,251.55298
TR,M71,2022,255.59643
TR,M71,2023,271.91519
AT,M72,2020,6.99496
AT,M72,2021,8.1992
AT,M72,2022,8.92913
AT,M72,2023,8.54766
AT,M72,2024,8.1616
BE,M72,2020,122.32691
BE,M72,2021,121.51591
BE,M72,2022,106.91317
BE,M72,2023,105.0673
BE,M72,2024,106.35506
BG,M72,2020,1.56963
BG,M72,2021,1.38431
BG,M72,2022,2.39498
BG,M72,2023,2.10083
BG,M72,2024,2.17257
CH,M72,2020,123.91357
CH,M72,2021,113.42744
CH,M72,2022,79.03747
CH,M72,2023,90.36536
CY,M72,2020,0.17082
CY,M72,2021,0.16753
CY,M72,2022,0.22739
CY,M72,2023,0.27342
CY,M72,2024,0.27531
CZ,M72,2020,17.89986
CZ,M72,2021,21.84283
CZ,M72,2022,17.86496
CZ,M72,2023,18.6531
CZ,M72,2024,19.24503
DE,M72,2020,418.5848
DE,M72,2021,433.47425
DE,M72,2022,428.19124
DE,M72,2023,428.95834
DE,M72,2024,414.41037
DK,M72,2020,6.98393
DK,M72,2021,6.27486
DK,M72,2022,5.2721
DK,M72,2023,4.89085
DK,M72,2024,4.52333
EE,M72,2020,0.88149
EE,M72,2021,0.95783
EE,M72,2022,1.14819
EE,M72,2023,1.1119
EE,M72,2024,1.2791
EL,M72,2020,2.63807
EL,M72,2021,3.08415
EL,M72,2022,3.21653
EL,M72,2023,2.9129
EL,M72,2024,2.88481
ES,M72,2020,62.98251
ES,M72,2021,63.20366
ES,M72,2022,56.08761
ES,M72,2023,32.03204
ES,M72,2024,33.09288
EU27_2020,M72,2020,1775.11935
EU27_2020,M72,2021,1693.81745
EU27_2020,M72,2022,1639.79813
EU27_2020,M72,2023,1894.60179
EU27_2020,M72,2024,1911.37417
FI,M72,2020,6.31088
FI,M72,2021,7.10676
FI,M72,2022,5.98294
FI,M72,2023,4.88038
FI,M72,2024,4.64563
FR,M72,2020,208.81419
FR,M72,2021,218.16586
FR,M72,2022,201.96228
FR,M72,2023,179.84787
FR,M72,2024,179.47805
HR,M72,2020,51.09751
HR,M72,2021,55.62575
HR,M72,2022,58.02373
HR,M72,2023,60.93131
HR,M72,2024,64.42241
HU,M72,2020,69.69658
HU,M72,2021,71.25401
HU,M72,2022,58.33192
HU,M72,2023,49.1844
HU,M72,2024,48.87829
IE,M72,2020,9.12273
IE,M72,2021,11.60134
IE,M72,2022,13.19778
IE,M72,2023,12.86398
IE,M72,2024,12.7454
IS,M72,2020,0.21838
IS,M72,2021,0.23551
IS,M72,2022,0.23155
IS,M72,2023,0.21175
IS,M72,2024,0.20854
IT,M72,2020,449.79789
IT,M72,2021,304.52965
IT,M72,2022,334.84718
IT,M72,2023,641.95092
IT,M72,2024,670.92459
LT,M72,2020,1.73023
LT,M72,2021,1.89898
LT,M72,2022,1.58587
LT,M72,2023,1.86627
LT,M72,2024,1.98439
LU,M72,2020,1.40961
LU,M72,2021,2.01305
LU,M72,2022,1.91312
LU,M72,2023,1.61274
LU,M72,2024,1.56318
LV,M72,2020,1.55683
LV,M72,2021,1.55062
LV,M72,2022,1.55122
LV,M72,2023,2.68066
LV,M72,2024,2.65693
MT,M72,2020,0.00976
MT,M72,2021,0.00976
MT,M72,2022,0.01157
MT,M72,2023,0.01184
MT,M72,2024,0.01177
NL,M72,2020,51.73664
NL,M72,2021,57.67298
NL,M72,2022,52.58814
NL,M72,2023,53.26072
NL,M72,2024,45.54371
NO,M72,2020,6.26761
NO,M72,2021,7.28545
NO,M72,2022,6.14277
NO,M72,2023,28.05526
NO,M72,2024,30.06818
PL,M72,2020,155.9362
PL,M72,2021,173.31873
PL,M72,2022,147.02057
PL,M72,2023,141.05571
PL,M72,2024,134.10813
PT,M72,2020,12.0822
PT,M72,2021,13.7333
PT,M72,2022,11.8956
PT,M72,2023,13.9962
PT,M72,2024,13.79294
RO,M72,2020,83.15026
RO,M72,2021,87.57478
RO,M72,2022,91.96218
RO,M72,2023,94.5798
RO,M72,2024,104.6725
RS,M72,2020,9.14515
RS,M72,2021,10.49884
RS,M72,2022,12.54367
RS,M72,2023,12.66067
SE,M72,2020,9.132
SE,M72,2021,8.45551
SE,M72,2022,7.59576
SE,M72,2023,8.41531
SE,M72,2024,9.98746
SI,M72,2020,19.2802
SI,M72,2021,16.17681
SI,M72,2022,17.93981
SI,M72,2023,19.47164
SI,M72,2024,20.33443
SK,M72,2020,3.22267
SK,M72,2021,3.02504
SK,M72,2022,3.14318
SK,M72,2023,3.44367
SK,M72,2024,3.22429
TR,M72,2020,6.61798
TR,M72,2021,7.09706
TR,M72,2022,7.38085
TR,M72,2023,7.65178
AT,M73,2020,10.94065
AT,M73,2021,9.74515
AT,M73,2022,11.12725
AT,M73,2023,11.15484
AT,M73,2024,10.6216
BE,M73,2020,24.34339
BE,M73,2021,26.18625
BE,M73,2022,22.9225
BE,M73,2023,21.29554
BE,M73,2024,21.65388
BG,M73,2020,2.34492
BG,M73,2021,2.652
BG,M73,2022,4.8535
BG,M73,2023,4.91033
BG,M73,2024,5.05256
CH,M73,2020,19.45425
CH,M73,2021,23.07991
CH,M73,2022,17.96565
CH,M73,2023,22.8244
CY,M73,2020,2.31897
CY,M73,2021,2.17306
CY,M73,2022,2.58055
CY,M73,2023,3.16925
CY,M73,2024,3.1832
CZ,M73,2020,9.26199
CZ,M73,2021,6.04961
CZ,M73,2022,7.81462
CZ,M73,2023,7.94939
CZ,M73,2024,8.07266
DE,M73,2020,494.75957
DE,M73,2021,469.81672
DE,M73,2022,456.74812
DE,M73,2023,441.42205
DE,M73,2024,433.48376
DK,M73,2020,11.35529
DK,M73,2021,12.05653
DK,M73,2022,10.81223
DK,M73,2023,9.73311
DK,M73,2024,9.00201
EE,M73,2020,2.15535
EE,M73,2021,2.20374
EE,M73,2022,29.60178
EE,M73,2023,7.47606
EE,M73,2024,8.91594
EL,M73,2020,13.44223
EL,M73,2021,16.55932
EL,M73,2022,19.6532
EL,M73,2023,25.65654
EL,M73,2024,25.50587
ES,M73,2020,59.56318
ES,M73,2021,79.09212
ES,M73,2022,77.56195
ES,M73,2023,62.69892
ES,M73,2024,64.37236
EU27_2020,M73,2020,1362.97776
EU27_2020,M73,2021,1413.2383
EU27_2020,M73,2022,1446.1072
EU27_2020,M73,2023,1341.86569
EU27_2020,M73,2024,1344.05479
FI,M73,2020,0.00904
FI,M73,2021,0.00833
FI,M73,2022,0.02325
FI,M73,2023,0.02692
FI,M73,2024,0.02468
FR,M73,2020,161.6187
FR,M73,2021,160.33485
FR,M73,2022,151.77841
FR,M73,2023,134.24357
FR,M73,2024,134.34211
HR,M73,2020,22.81647
HR,M73,2021,25.61435
HR,M73,2022,25.58856
HR,M73,2023,26.68135
HR,M73,2024,27.86902
HU,M73,2020,22.09881
HU,M73,2021,26.65074
HU,M73,2022,22.77616
HU,M73,2023,19.14702
HU,M73,2024,19.01341
IE,M73,2020,4.14223
IE,M73,2021,5.55975
IE,M73,2022,1.67148
IE,M73,2023,1.53103
IE,M73,2024,1.51513
IS,M73,2020,0.23792
IS,M73,2021,0.28393
IS,M73,2022,0.27612
IS,M73,2023,0.31778
IS,M73,2024,0.33251
IT,M73,2020,42.9538
IT,M73,2021,52.58804
IT,M73,2022,50.60652
IT,M73,2023,51.32835
IT,M73,2024,51.37883
LT,M73,2020,9.36759
LT,M73,2021,9.75416
LT,M73,2022,8.77922
LT,M73,2023,11.86275
LT,M73,2024,13.31654
LU,M73,2020,2.52046
LU,M73,2021,0.7075
LU,M73,2022,0.80902
LU,M73,2023,1.31635
LU,M73,2024,1.26972
LV,M73,2020,3.81444
LV,M73,2021,4.61722
LV,M73,2022,6.94445
LV,M73,2023,4.00852
LV,M73,2024,4.02683
MT,M73,2020,3.39843
MT,M73,2021,3.39688
MT,M73,2022,4.01695
MT,M73,2023,4.10811
MT,M73,2024,4.05766
NL,M73,2020,78.90232
NL,M73,2021,84.84789
NL,M73,2022,104.03825
NL,M73,2023,111.70448
NL,M73,2024,103.29483
NO,M73,2020,5.02266
NO,M73,2021,5.23017
NO,M73,2022,4.62649
NO,M73,2023,4.02749
NO,M73,2024,4.29239
PL,M73,2020,239.19408
PL,M73,2021,261.99174
PL,M73,2022,271.38112
PL,M73,2023,226.14128
PL,M73,2024,213.81748
PT,M73,2020,8.258
PT,M73,2021,10.0762
PT,M73,2022,8.8587
PT,M73,2023,8.7389
PT,M73,2024,8.60928
RO,M73,2020,76.69833
RO,M73,2021,82.464
RO,M73,2022,88.27398
RO,M73,2023,91.59542
RO,M73,2024,116.88612
RS,M73,2020,5.83653
RS,M73,2021,6.53401
RS,M73,2022,7.76429
RS,M73,2023,7.52353
SE,M73,2020,17.08089
SE,M73,2021,15.49651
SE,M73,2022,13.19534
SE,M73,2023,12.39974
SE,M73,2024,14.66836
SI,M73,2020,7.19549
SI,M73,2021,7.73677
SI,M73,2022,7.70212
SI,M73,2023,7.72256
SI,M73,2024,8.03392
SK,M73,2020,32.42313
SK,M73,2021,34.85889
SK,M73,2022,35.98797
SK,M73,2023,33.84331
SK,M73,2024,32.06706
TR,M73,2020,58.23251
TR,M73,2021,63.9954
TR,M73,2022,65.33563
TR,M73,2023,69.2998
AT,M74_M75,2020,96.67644
AT,M74_M75,2021,113.1975
AT,M74_M75,2022,140.08311
AT,M74_M75,2023,145.23428
AT,M74_M75,2024,139.1975
BE,M74_M75,2020,80.87982
BE,M74_M75,2021,88.89931
BE,M74_M75,2022,89.00122
BE,M74_M75,2023,79.37229
BE,M74_M75,2024,80.29213
BG,M74_M75,2020,9.0812
BG,M74_M75,2021,8.12335
BG,M74_M75,2022,17.07943
BG,M74_M75,2023,17.99927
BG,M74_M75,2024,18.53847
CH,M74_M75,2020,43.85914
CH,M74_M75,2021,47.58631
CH,M74_M75,2022,30.14643
CH,M74_M75,2023,29.95576
CY,M74_M75,2020,3.73082
CY,M74_M75,2021,3.75656
CY,M74_M75,2022,3.66968
CY,M74_M75,2023,4.69645
CY,M74_M75,2024,4.70837
CZ,M74_M75,2020,14.23114
CZ,M74_M75,2021,16.23201
CZ,M74_M75,2022,15.21862
CZ,M74_M75,2023,12.00772
CZ,M74_M75,2024,12.39761
DE,M74_M75,2020,333.83609
DE,M74_M75,2021,341.82506
DE,M74_M75,2022,340.35063
DE,M74_M75,2023,335.69165
DE,M74_M75,2024,329.95277
DK,M74_M75,2020,19.12611
DK,M74_M75,2021,27.48605
DK,M74_M75,2022,19.30409
DK,M74_M75,2023,18.33796
DK,M74_M75,2024,16.95976
EE,M74_M75,2020,3.46373
EE,M74_M75,2021,3.57739
EE,M74_M75,2022,3.76191
EE,M74_M75,2023,4.20652
EE,M74_M75,2024,4.84127
EL,M74_M75,2020,1.52299
EL,M74_M75,2021,1.98863
EL,M74_M75,2022,2.22524
EL,M74_M75,2023,2.40169
EL,M74_M75,2024,2.39717
ES,M74_M75,2020,68.62565
ES,M74_M75,2021,85.48455
ES,M74_M75,2022,85.37798
ES,M74_M75,2023,78.3126
ES,M74_M75,2024,80.55642
EU27_2020,M74_M75,2020,1551.17818
EU27_2020,M74_M75,2021,1670.65593
EU27_2020,M74_M75,2022,1706.77574
EU27_2020,M74_M75,2023,1662.10099
EU27_2020,M74_M75,2024,1719.1721
FI,M74_M75,2020,0.21392
FI,M74_M75,2021,0.21802
FI,M74_M75,2022,1.61879
FI,M74_M75,2023,1.79442
FI,M74_M75,2024,1.67189
FR,M74_M75,2020,142.52045
FR,M74_M75,2021,154.46019
FR,M74_M75,2022,157.73957
FR,M74_M75,2023,155.01335
FR,M74_M75,2024,154.43744
HR,M74_M75,2020,48.82686
HR,M74_M75,2021,54.80563
HR,M74_M75,2022,53.21813
HR,M74_M75,2023,54.05539
HR,M74_M75,2024,56.49087
HU,M74_M75,2020,53.5997
HU,M74_M75,2021,58.17312
HU,M74_M75,2022,52.31535
HU,M74_M75,2023,43.43467
HU,M74_M75,2024,43.12096
IE,M74_M75,2020,20.68193
IE,M74_M75,2021,18.98562
IE,M74_M75,2022,19.47762
IE,M74_M75,2023,11.1749
IE,M74_M75,2024,11.00861
IS,M74_M75,2020,0.94219
IS,M74_M75,2021,1.09759
IS,M74_M75,2022,1.18746
IS,M74_M75,2023,1.351
IS,M74_M75,2024,1.66383
IT,M74_M75,2020,182.52156
IT,M74_M75,2021,195.49248
IT,M74_M75,2022,194.7935
IT,M74_M75,2023,187.38636
IT,M74_M75,2024,187.46386
LT,M74_M75,2020,4.27288
LT,M74_M75,2021,4.24309
LT,M74_M75,2022,4.4053
LT,M74_M75,2023,4.30681
LT,M74_M75,2024,4.60989
LU,M74_M75,2020,16.56773
LU,M74_M75,2021,6.48558
LU,M74_M75,2022,7.09777
LU,M74_M75,2023,5.06964
LU,M74_M75,2024,4.91085
LV,M74_M75,2020,1.74193
LV,M74_M75,2021,2.73353
LV,M74_M75,2022,16.10535
LV,M74_M75,2023,3.77035
LV,M74_M75,2024,3.73437
MT,M74_M75,2020,1.57843
MT,M74_M75,2021,1.57391
MT,M74_M75,2022,1.77637
MT,M74_M75,2023,1.78624
MT,M74_M75,2024,1.77609
NL,M74_M75,2020,75.24765
NL,M74_M75,2021,79.00402
NL,M74_M75,2022,90.77269
NL,M74_M75,2023,101.73741
NL,M74_M75,2024,99.76167
NO,M74_M75,2020,12.63188
NO,M74_M75,2021,12.66406
NO,M74_M75,2022,11.93703
NO,M74_M75,2023,11.62509
NO,M74_M75,2024,11.42072
PL,M74_M75,2020,84.46105
PL,M74_M75,2021,96.06471
PL,M74_M75,2022,76.67778
PL,M74_M75,2023,71.5809
PL,M74_M75,2024,68.17339
PT,M74_M75,2020,21.9983
PT,M74_M75,2021,25.9398
PT,M74_M75,2022,24.0412
PT,M74_M75,2023,25.1591
PT,M74_M75,2024,24.77865
RO,M74_M75,2020,185.73906
RO,M74_M75,2021,199.55876
RO,M74_M75,2022,213.14906
RO,M74_M75,2023,223.12701
RO,M74_M75,2024,287.08256
RS,M74_M75,2020,10.11782
RS,M74_M75,2021,11.2258
RS,M74_M75,2022,13.00081
RS,M74_M75,2023,13.05342
SE,M74_M75,2020,43.0225
SE,M74_M75,2021,42.47832
SE,M74_M75,2022,36.87445
SE,M74_M75,2023,35.23718
SE,M74_M75,2024,41.68362
SI,M74_M75,2020,12.25921
SI,M74_M75,2021,13.6314
SI,M74_M75,2022,14.35917
SI,M74_M75,2023,14.62585
SI,M74_M75,2024,15.17813
SK,M74_M75,2020,24.75102
SK,M74_M75,2021,26.23735
SK,M74_M75,2022,26.28172
SK,M74_M75,2023,24.58097
SK,M74_M75,2024,23.44779
TR,M74_M75,2020,77.57421
TR,M74_M75,2021,84.59545
TR,M74_M75,2022,86.89019
TR,M74_M75,2023,91.48894
AT,N,2020,418.62258
AT,N,2021,438.81138
AT,N,2022,532.16781
AT,N,2023,544.12082
AT,N,2024,522.41203
BE,N,2020,1345.07539
BE,N,2021,1319.22305
BE,N,2022,1412.77779
BE,N,2023,1490.03121
BE,N,2024,1502.84173
BG,N,2020,104.22982
BG,N,2021,110.4906
BG,N,2022,95.09496
BG,N,2023,99.91715
BG,N,2024,103.39186
CH,N,2020,273.95397
CH,N,2021,319.2806
CH,N,2022,312.81802
CH,N,2023,302.82316
CY,N,2020,33.65816
CY,N,2021,31.67507
CY,N,2022,33.47457
CY,N,2023,40.16511
CY,N,2024,40.25017
CZ,N,2020,393.91086
CZ,N,2021,362.15489
CZ,N,2022,378.58568
CZ,N,2023,386.51808
CZ,N,2024,404.23488
DE,N,2020,5483.51304
DE,N,2021,5596.2432
DE,N,2022,5550.00404
DE,N,2023,5469.59941
DE,N,2024,5370.71953
DK,N,2020,256.0448
DK,N,2021,261.32772
DK,N,2022,265.5476
DK,N,2023,257.14283
DK,N,2024,254.22012
EE,N,2020,62.64506
EE,N,2021,67.9005
EE,N,2022,103.51868
EE,N,2023,93.23126
EE,N,2024,106.83769
EL,N,2020,23.12683
EL,N,2021,37.6724
EL,N,2022,48.83801
EL,N,2023,59.79283
EL,N,2024,59.24511
ES,N,2020,768.15624
ES,N,2021,926.49833
ES,N,2022,932.70948
ES,N,2023,846.21171
ES,N,2024,867.4163
EU27_2020,N,2020,24643.82007
EU27_2020,N,2021,25844.205
EU27_2020,N,2022,26235.99196
EU27_2020,N,2023,25779.83572
EU27_2020,N,2024,25652.37621
FI,N,2020,306.89225
FI,N,2021,248.8115
FI,N,2022,224.17754
FI,N,2023,213.31215
FI,N,2024,198.53557
FR,N,2020,7527.9253
FR,N,2021,8015.48798
FR,N,2022,8271.30483
FR,N,2023,8097.91759
FR,N,2024,7931.07632
HR,N,2020,116.11674
HR,N,2021,127.87468
HR,N,2022,128.17324
HR,N,2023,134.22159
HR,N,2024,140.06121
HU,N,2020,734.14927
HU,N,2021,891.25975
HU,N,2022,954.36383
HU,N,2023,834.86553
HU,N,2024,828.82737
IE,N,2020,129.08734
IE,N,2021,109.33482
IE,N,2022,114.08065
IE,N,2023,115.25117
IE,N,2024,113.55133
IS,N,2020,9.87582
IS,N,2021,10.45329
IS,N,2022,12.67435
IS,N,2023,13.52289
IS,N,2024,18.58969
IT,N,2020,986.42202
IT,N,2021,1210.39922
IT,N,2022,1214.58365
IT,N,2023,1237.43907
IT,N,2024,1288.35973
LT,N,2020,76.63405
LT,N,2021,71.11009
LT,N,2022,63.7953
LT,N,2023,73.52698
LT,N,2024,83.38462
LU,N,2020,67.79499
LU,N,2021,31.17055
LU,N,2022,33.89174
LU,N,2023,33.62953
LU,N,2024,32.64793
LV,N,2020,50.96507
LV,N,2021,53.6295
LV,N,2022,89.68735
LV,N,2023,52.76942
LV,N,2024,52.36679
MT,N,2020,43.56907
MT,N,2021,44.34811
MT,N,2022,51.26559
MT,N,2023,49.75707
MT,N,2024,49.79694
NL,N,2020,2240.64512
NL,N,2021,2307.04301
NL,N,2022,2449.00295
NL,N,2023,2488.39225
NL,N,2024,2388.03468
NO,N,2020,157.40982
NO,N,2021,168.29223
NO,N,2022,176.95409
NO,N,2023,202.97289
NO,N,2024,199.20632
PL,N,2020,1790.17296
PL,N,2021,1818.43231
PL,N,2022,1525.28357
PL,N,2023,1379.20293
PL,N,2024,1305.07012
PT,N,2020,324.7005
PT,N,2021,352.6793
PT,N,2022,356.8133
PT,N,2023,371.6832
PT,N,2024,364.92105
RO,N,2020,386.84598
RO,N,2021,414.62424
RO,N,2022,443.94263
RO,N,2023,462.48273
RO,N,2024,594.49641
RS,N,2020,107.28333
RS,N,2021,119.2563
RS,N,2022,138.40213
RS,N,2023,130.14292
SE,N,2020,471.29736
SE,N,2021,483.64178
SE,N,2022,444.62996
SE,N,2023,438.59517
SE,N,2024,545.14333
SI,N,2020,90.81628
SI,N,2021,95.78949
SI,N,2022,100.75963
SI,N,2023,99.44144
SI,N,2024,103.61014
SK,N,2020,410.80298
SK,N,2021,416.57152
SK,N,2022,417.51757
SK,N,2023,410.6175
SK,N,2024,400.92328
TR,N,2020,573.64987
TR,N,2021,633.54957
TR,N,2022,643.85643
TR,N,2023,683.96857
AT,N77,2020,214.3721
AT,N77,2021,249.5443
AT,N77,2022,306.01578
AT,N77,2023,316.29457
AT,N77,2024,305.78518
BE,N77,2020,587.38448
BE,N77,2021,549.64704
BE,N77,2022,655.29883
BE,N77,2023,751.44357
BE,N77,2024,751.37486
BG,N77,2020,45.80015
BG,N77,2021,47.60763
BG,N77,2022,44.54932
BG,N77,2023,45.7564
BG,N77,2024,47.76636
CH,N77,2020,13.29603
CH,N77,2021,16.71788
CH,N77,2022,18.68693
CH,N77,2023,20.9328
CY,N77,2020,12.05821
CY,N77,2021,12.53178
CY,N77,2022,13.61045
CY,N77,2023,17.50461
CY,N77,2024,17.52326
CZ,N77,2020,201.00114
CZ,N77,2021,142.56021
CZ,N77,2022,177.36429
CZ,N77,2023,183.23287
CZ,N77,2024,197.20185
DE,N77,2020,229.77306
DE,N77,2021,224.41652
DE,N77,2022,234.19264
DE,N77,2023,236.31331
DE,N77,2024,232.63332
DK,N77,2020,31.05811
DK,N77,2021,30.58191
DK,N77,2022,30.25291
DK,N77,2023,29.70395
DK,N77,2024,29.39805
EE,N77,2020,39.25318
EE,N77,2021,37.50336
EE,N77,2022,52.03581
EE,N77,2023,52.98522
EE,N77,2024,57.97151
EL,N77,2020,5.02439
EL,N77,2021,8.99422
EL,N77,2022,8.7617
EL,N77,2023,10.75865
EL,N77,2024,10.60747
ES,N77,2020,127.38046
ES,N77,2021,160.58329
ES,N77,2022,156.09406
ES,N77,2023,140.32243
ES,N77,2024,144.05464
EU27_2020,N77,2020,9661.54207
EU27_2020,N77,2021,10130.46446
EU27_2020,N77,2022,10612.55688
EU27_2020,N77,2023,10636.96076
EU27_2020,N77,2024,10522.48353
FI,N77,2020,18.28987
FI,N77,2021,18.33908
FI,N77,2022,13.50271
FI,N77,2023,15.32561
FI,N77,2024,15.52152
FR,N77,2020,5407.15669
FR,N77,2021,5779.92733
FR,N77,2022,6150.09378
FR,N77,2023,6192.39472
FR,N77,2024,6036.84496
HR,N77,2020,17.17556
HR,N77,2021,19.07427
HR,N77,2022,18.2919
HR,N77,2023,18.21577
HR,N77,2024,19.01326
HU,N77,2020,569.23603
HU,N77,2021,699.97374
HU,N77,2022,771.27996
HU,N77,2023,673.62884
HU,N77,2024,668.7323
IE,N77,2020,64.95806
IE,N77,2021,60.74748
IE,N77,2022,50.9644
IE,N77,2023,61.18047
IE,N77,2024,60.01725
IS,N77,2020,0.52051
IS,N77,2021,0.51352
IS,N77,2022,0.84972
IS,N77,2023,0.60005
IS,N77,2024,1.22966
IT,N77,2020,95.56735
IT,N77,2021,130.89834
IT,N77,2022,121.62726
IT,N77,2023,138.61606
IT,N77,2024,145.8909
LT,N77,2020,20.44365
LT,N77,2021,18.14097
LT,N77,2022,18.09459
LT,N77,2023,20.13312
LT,N77,2024,19.89975
LU,N77,2020,41.4798
LU,N77,2021,17.64
LU,N77,2022,18.9428
LU,N77,2023,21.0958
LU,N77,2024,20.57396
LV,N77,2020,13.76812
LV,N77,2021,13.89137
LV,N77,2022,39.18212
LV,N77,2023,18.8229
LV,N77,2024,17.95548
MT,N77,2020,11.23871
MT,N77,2021,12.01824
MT,N77,2022,18.55809
MT,N77,2023,18.9807
MT,N77,2024,19.05533
NL,N77,2020,415.50709
NL,N77,2021,514.93667
NL,N77,2022,501.41
NL,N77,2023,465.4288
NL,N77,2024,443.7438
NO,N77,2020,35.01846
NO,N77,2021,40.85205
NO,N77,2022,45.89723
NO,N77,2023,61.59654
NO,N77,2024,58.61468
PL,N77,2020,708.64568
PL,N77,2021,583.86781
PL,N77,2022,433.25624
PL,N77,2023,433.38762
PL,N77,2024,414.62665
PT,N77,2020,168.6207
PT,N77,2021,175.1821
PT,N77,2022,174.2618
PT,N77,2023,178.8368
PT,N77,2024,175.36459
RO,N77,2020,54.74058
RO,N77,2021,58.70427
RO,N77,2022,62.1184
RO,N77,2023,65.2446
RO,N77,2024,85.85116
RS,N77,2020,25.60493
RS,N77,2021,29.08962
RS,N77,2022,31.48443
RS,N77,2023,30.93069
SE,N77,2020,249.39614
SE,N77,2021,258.95955
SE,N77,2022,243.74727
SE,N77,2023,237.32227
SE,N77,2024,295.0777
SI,N77,2020,25.15343
SI,N77,2021,27.37594
SI,N77,2022,28.51997
SI,N77,2023,28.19601
SI,N77,2024,29.72615
SK,N77,2020,287.05931
SK,N77,2021,276.81704
SK,N77,2022,270.52979
SK,N77,2023,265.8351
SK,N77,2024,260.27227
TR,N77,2020,71.77807
TR,N77,2021,79.80077
TR,N77,2022,80.72511
TR,N77,2023,86.40112
AT,N78,2020,14.23691
AT,N78,2021,17.69766
AT,N78,2022,20.18821
AT,N78,2023,19.41207
AT,N78,2024,18.51344
BE,N78,2020,184.49202
BE,N78,2021,201.71903
BE,N78,2022,166.8707
BE,N78,2023,157.29907
BE,N78,2024,159.84441
BG,N78,2020,1.03006
BG,N78,2021,1.68359
BG,N78,2022,1.06378
BG,N78,2023,2.71684
BG,N78,2024,2.80412
CH,N78,2020,60.61337
CH,N78,2021,76.84285
CH,N78,2022,72.06448
CH,N78,2023,59.37381
CY,N78,2020,1.53559
CY,N78,2021,1.44759
CY,N78,2022,1.54859
CY,N78,2023,1.52838
CY,N78,2024,1.53585
CZ,N78,2020,19.68519
CZ,N78,2021,34.11219
CZ,N78,2022,29.59157
CZ,N78,2023,30.33466
CZ,N78,2024,30.83854
DE,N78,2020,1534.74077
DE,N78,2021,1637.03654
DE,N78,2022,1649.39671
DE,N78,2023,1560.58386
DE,N78,2024,1533.20562
DK,N78,2020,13.29534
DK,N78,2021,15.43436
DK,N78,2022,14.1055
DK,N78,2023,11.13483
DK,N78,2024,11.00939
EE,N78,2020,2.27919
EE,N78,2021,2.60739
EE,N78,2022,3.2548
EE,N78,2023,2.74419
EE,N78,2024,3.20094
EL,N78,2020,0.89628
EL,N78,2021,0.74754
EL,N78,2022,0.50214
EL,N78,2023,0.54106
EL,N78,2024,0.53639
ES,N78,2020,11.43229
ES,N78,2021,14.82329
ES,N78,2022,13.29393
ES,N78,2023,10.51519
ES,N78,2024,10.80816
EU27_2020,N78,2020,3491.4063
EU27_2020,N78,2021,3794.53118
EU27_2020,N78,2022,3754.13274
EU27_2020,N78,2023,3545.47992
EU27_2020,N78,2024,3479.07261
FI,N78,2020,2.71518
FI,N78,2021,3.89998
FI,N78,2022,2.60312
FI,N78,2023,2.55059
FI,N78,2024,2.37075
FR,N78,2020,423.63773
FR,N78,2021,439.54573
FR,N78,2022,413.12226
FR,N78,2023,364.99746
FR,N78,2024,367.35135
HR,N78,2020,22.81647
HR,N78,2021,25.61435
HR,N78,2022,25.58856
HR,N78,2023,26.68135
HR,N78,2024,27.85717
HU,N78,2020,39.42659
HU,N78,2021,43.68267
HU,N78,2022,40.15205
HU,N78,2023,36.79765
HU,N78,2024,36.55007
IE,N78,2020,10.10117
IE,N78,2021,6.88956
IE,N78,2022,10.44381
IE,N78,2023,9.66375
IE,N78,2024,9.5692
IS,N78,2020,0.17651
IS,N78,2021,0.12809
IS,N78,2022,0.14435
IS,N78,2023,0.15968
IS,N78,2024,0.16403
IT,N78,2020,45.16435
IT,N78,2021,56.32503
IT,N78,2022,53.36113
IT,N78,2023,49.86037
IT,N78,2024,45.95404
LT,N78,2020,4.38168
LT,N78,2021,4.74458
LT,N78,2022,4.40349
LT,N78,2023,5.24122
LT,N78,2024,5.75624
LU,N78,2020,1.01242
LU,N78,2021,0.71073
LU,N78,2022,0.81161
LU,N78,2023,0.91443
LU,N78,2024,0.88251
LV,N78,2020,0.28661
LV,N78,2021,0.51729
LV,N78,2022,0.57698
LV,N78,2023,0.97721
LV,N78,2024,0.98258
MT,N78,2020,4.04869
MT,N78,2021,4.04494
MT,N78,2022,4.06192
MT,N78,2023,3.81491
MT,N78,2024,3.81337
NL,N78,2020,829.84671
NL,N78,2021,922.31308
NL,N78,2022,932.87669
NL,N78,2023,924.60781
NL,N78,2024,862.0324
NO,N78,2020,10.63276
NO,N78,2021,9.85896
NO,N78,2022,10.25924
NO,N78,2023,10.63817
NO,N78,2024,11.53329
PL,N78,2020,209.46978
PL,N78,2021,235.40631
PL,N78,2022,237.40056
PL,N78,2023,190.39839
PL,N78,2024,180.61272
PT,N78,2020,6.8025
PT,N78,2021,8.1473
PT,N78,2022,7.857
PT,N78,2023,7.8453
PT,N78,2024,7.73124
RO,N78,2020,76.69226
RO,N78,2021,82.45744
RO,N78,2022,88.26806
RO,N78,2023,91.58957
RO,N78,2024,117.0494
RS,N78,2020,10.05576
RS,N78,2021,11.73068
RS,N78,2022,14.91715
RS,N78,2023,13.33632
SE,N78,2020,22.3053
SE,N78,2021,24.46254
SE,N78,2022,23.57802
SE,N78,2023,23.62687
SE,N78,2024,29.36963
SI,N78,2020,3.75779
SI,N78,2021,3.63521
SI,N78,2022,3.68753
SI,N78,2023,3.78925
SI,N78,2024,3.94718
SK,N78,2020,5.31743
SK,N78,2021,4.82527
SK,N78,2022,5.52404
SK,N78,2023,5.31365
SK,N78,2024,4.94586
TR,N78,2020,38.55265
TR,N78,2021,42.50312
TR,N78,2022,43.21222
TR,N78,2023,45.66877
AT,N79,2020,41.58708
AT,N79,2021,26.26614
AT,N79,2022,31.83704
AT,N79,2023,32.36388
AT,N79,2024,31.15894
BE,N79,2020,9.04417
BE,N79,2021,9.60428
BE,N79,2022,9.21218
BE,N79,2023,9.53749
BE,N79,2024,9.60002
BG,N79,2020,1.62117
BG,N79,2021,2.18292
BG,N79,2022,5.31363
BG,N79,2023,6.44041
BG,N79,2024,6.67824
CH,N79,2020,9.11116
CH,N79,2021,10.88678
CH,N79,2022,13.16298
CH,N79,2023,14.61441
CY,N79,2020,2.08324
CY,N79,2021,2.02842
CY,N79,2022,2.34957
CY,N79,2023,2.6146
CY,N79,2024,2.62127
CZ,N79,2020,2.34907
CZ,N79,2021,2.96304
CZ,N79,2022,3.97858
CZ,N79,2023,4.07849
CZ,N79,2024,4.26405
DE,N79,2020,163.40038
DE,N79,2021,140.37166
DE,N79,2022,134.37707
DE,N79,2023,133.92352
DE,N79,2024,131.72284
DK,N79,2020,2.70825
DK,N79,2021,2.43948
DK,N79,2022,2.65554
DK,N79,2023,2.61695
DK,N79,2024,2.58701
EE,N79,2020,1.39854
EE,N79,2021,1.22323
EE,N79,2022,1.15736
EE,N79,2023,0.99022
EE,N79,2024,1.10512
EL,N79,2020,5.23662
EL,N79,2021,11.75753
EL,N79,2022,22.01569
EL,N79,2023,27.51362
EL,N79,2024,27.18748
ES,N79,2020,18.31001
ES,N79,2021,30.31335
ES,N79,2022,29.41792
ES,N79,2023,26.63303
ES,N79,2024,27.05674
EU27_2020,N79,2020,980.37529
EU27_2020,N79,2021,829.38466
EU27_2020,N79,2022,1004.37236
EU27_2020,N79,2023,1077.01
EU27_2020,N79,2024,1103.97507
FI,N79,2020,56.30317
FI,N79,2021,44.21032
FI,N79,2022,33.67437
FI,N79,2023,32.01156
FI,N79,2024,31.17502
FR,N79,2020,40.72692
FR,N79,2021,40.00334
FR,N79,2022,39.51727
FR,N79,2023,36.44273
FR,N79,2024,36.35338
HR,N79,2020,34.58112
HR,N79,2021,36.2856
HR,N79,2022,37.72827
HR,N79,2023,40.92289
HR,N79,2024,42.63078
HU,N79,2020,7.51677
HU,N79,2021,8.98696
HU,N79,2022,10.43959
HU,N79,2023,10.64722
HU,N79,2024,10.57237
IE,N79,2020,2.87503
IE,N79,2021,1.77981
IE,N79,2022,1.78072
IE,N79,2023,1.73799
IE,N79,2024,1.72195
IS,N79,2020,5.14563
IS,N79,2021,4.97943
IS,N79,2022,5.90038
IS,N79,2023,6.56634
IS,N79,2024,10.49836
IT,N79,2020,31.74042
IT,N79,2021,38.49567
IT,N79,2022,38.53673
IT,N79,2023,39.0529
IT,N79,2024,40.47227
LT,N79,2020,1.64195
LT,N79,2021,2.04661
LT,N79,2022,0.81889
LT,N79,2023,1.79649
LT,N79,2024,1.83385
LU,N79,2020,5.03509
LU,N79,2021,0.50482
LU,N79,2022,0.60723
LU,N79,2023,0.80976
LU,N79,2024,0.78695
LV,N79,2020,0.3723
LV,N79,2021,0.1976
LV,N79,2022,0.79063
LV,N79,2023,0.85732
LV,N79,2024,0.83427
MT,N79,2020,5.79402
MT,N79,2021,5.81995
MT,N79,2022,6.10149
MT,N79,2023,5.79191
MT,N79,2024,5.8018
NL,N79,2020,383.58419
NL,N79,2021,243.249
NL,N79,2022,397.49064
NL,N79,2023,457.65987
NL,N79,2024,453.74417
NO,N79,2020,6.70456
NO,N79,2021,5.44379
NO,N79,2022,5.86968
NO,N79,2023,8.38396
NO,N79,2024,8.72584
PL,N79,2020,32.72353
PL,N79,2021,38.16831
PL,N79,2022,34.60509
PL,N79,2023,34.69496
PL,N79,2024,33.12559
PT,N79,2020,17.1945
PT,N79,2021,20.9346
PT,N79,2022,33.5163
PT,N79,2023,37.2198
PT,N79,2024,36.64847
RO,N79,2020,94.43259
RO,N79,2021,100.29182
RO,N79,2022,107.93492
RO,N79,2023,112.09602
RO,N79,2024,143.89686
RS,N79,2020,4.13358
RS,N79,2021,3.76284
RS,N79,2022,4.27811
RS,N79,2023,4.23232
SE,N79,2020,8.52764
SE,N79,2021,8.49379
SE,N79,2022,8.55756
SE,N79,2023,8.55535
SE,N79,2024,10.51827
SI,N79,2020,2.82858
SI,N79,2021,3.47633
SI,N79,2022,4.02378
SI,N79,2023,4.17225
SI,N79,2024,4.38021
SK,N79,2020,6.75894
SK,N79,2021,7.29006
SK,N79,2022,5.93429
SK,N79,2023,5.82879
SK,N79,2024,5.49717
TR,N79,2020,174.28599
TR,N79,2021,194.05488
TR,N79,2022,196.16597
TR,N79,2023,210.59965
AT,N80-N82,2020,148.42649
AT,N80-N82,2021,145.30327
AT,N80-N82,2022,174.12678
AT,N80-N82,2023,176.05031
AT,N80-N82,2024,166.95446
BE,N80-N82,2020,564.15472
BE,N80-N82,2021,558.25271
BE,N80-N82,2022,581.39609
BE,N80-N82,2023,571.75108
BE,N80-N82,2024,582.02244
BG,N80-N82,2020,55.77844
BG,N80-N82,2021,59.01646
BG,N80-N82,2022,44.16822
BG,N80-N82,2023,45.0035
BG,N80-N82,2024,46.14314
CH,N80-N82,2020,190.93341
CH,N80-N82,2021,214.8331
CH,N80-N82,2022,208.90362
CH,N80-N82,2023,207.90213
CY,N80-N82,2020,17.98111
CY,N80-N82,2021,15.66728
CY,N80-N82,2022,15.96597
CY,N80-N82,2023,18.51752
CY,N80-N82,2024,18.56979
CZ,N80-N82,2020,170.87546
CZ,N80-N82,2021,182.51945
CZ,N80-N82,2022,167.65124
CZ,N80-N82,2023,168.87206
CZ,N80-N82,2024,171.93045
DE,N80-N82,2020,3555.59884
DE,N80-N82,2021,3594.41847
DE,N80-N82,2022,3532.03763
DE,N80-N82,2023,3538.77871
DE,N80-N82,2024,3473.15775
DK,N80-N82,2020,208.98309
DK,N80-N82,2021,212.87197
DK,N80-N82,2022,218.53365
DK,N80-N82,2023,213.6871
DK,N80-N82,2024,211.22567
EE,N80-N82,2020,19.71415
EE,N80-N82,2021,26.56652
EE,N80-N82,2022,47.07071
EE,N80-N82,2023,36.51163
EE,N80-N82,2024,44.56012
EL,N80-N82,2020,11.96953
EL,N80-N82,2021,16.17311
EL,N80-N82,2022,17.55848
EL,N80-N82,2023,20.9795
EL,N80-N82,2024,20.91376
ES,N80-N82,2020,611.03348
ES,N80-N82,2021,720.77841
ES,N80-N82,2022,733.90357
ES,N80-N82,2023,668.74107
ES,N80-N82,2024,685.49677
EU27_2020,N80-N82,2020,10510.49642
EU27_2020,N80-N82,2021,11089.8247
EU27_2020,N80-N82,2022,10864.92999
EU27_2020,N80-N82,2023,10520.38504
EU27_2020,N80-N82,2024,10546.845
FI,N80-N82,2020,229.58404
FI,N80-N82,2021,182.36212
FI,N80-N82,2022,174.39735
FI,N80-N82,2023,163.42439
FI,N80-N82,2024,149.46828
FR,N80-N82,2020,1656.40397
FR,N80-N82,2021,1756.01158
FR,N80-N82,2022,1668.57152
FR,N80-N82,2023,1504.08268
FR,N80-N82,2024,1490.52663
HR,N80-N82,2020,41.54358
HR,N80-N82,2021,46.90046
HR,N80-N82,2022,46.56451
HR,N80-N82,2023,48.40158
HR,N80-N82,2024,50.56
HU,N80-N82,2020,117.96988
HU,N80-N82,2021,138.61639
HU,N80-N82,2022,132.49223
HU,N80-N82,2023,113.79183
HU,N80-N82,2024,112.97264
IE,N80-N82,2020,51.15308
IE,N80-N82,2021,39.91797
IE,N80-N82,2022,50.89173
IE,N80-N82,2023,42.66895
IE,N80-N82,2024,42.24294
IS,N80-N82,2020,4.03318
IS,N80-N82,2021,4.83224
IS,N80-N82,2022,5.77989
IS,N80-N82,2023,6.19682
IS,N80-N82,2024,6.69765
IT,N80-N82,2020,813.9499
IT,N80-N82,2021,984.68017
IT,N80-N82,2022,1001.05853
IT,N80-N82,2023,1009.90974
IT,N80-N82,2024,1056.04252
LT,N80-N82,2020,50.16676
LT,N80-N82,2021,46.17793
LT,N80-N82,2022,40.47833
LT,N80-N82,2023,46.35615
LT,N80-N82,2024,55.89477
LU,N80-N82,2020,20.26768
LU,N80-N82,2021,12.315
LU,N80-N82,2022,13.53011
LU,N80-N82,2023,10.80955
LU,N80-N82,2024,10.4045
LV,N80-N82,2020,36.53803
LV,N80-N82,2021,39.02325
LV,N80-N82,2022,49.13762
LV,N80-N82,2023,32.112
LV,N80-N82,2024,32.59445
MT,N80-N82,2020,22.48765
MT,N80-N82,2021,22.46497
MT,N80-N82,2022,22.54409
MT,N80-N82,2023,21.16955
MT,N80-N82,2024,21.12643
NL,N80-N82,2020,611.70713
NL,N80-N82,2021,626.54426
NL,N80-N82,2022,617.22562
NL,N80-N82,2023,640.69577
NL,N80-N82,2024,628.5143
NO,N80-N82,2020,105.05404
NO,N80-N82,2021,112.13743
NO,N80-N82,2022,114.92795
NO,N80-N82,2023,122.35422
NO,N80-N82,2024,120.33251
PL,N80-N82,2020,839.33397
PL,N80-N82,2021,960.98987
PL,N80-N82,2022,820.02167
PL,N80-N82,2023,720.72196
PL,N80-N82,2024,676.70515
PT,N80-N82,2020,132.0828
PT,N80-N82,2021,148.4153
PT,N80-N82,2022,141.1782
PT,N80-N82,2023,147.7813
PT,N80-N82,2024,145.17675
RO,N80-N82,2020,160.98055
RO,N80-N82,2021,173.17071
RO,N80-N82,2022,185.62125
RO,N80-N82,2023,193.55253
RO,N80-N82,2024,247.69899
RS,N80-N82,2020,67.48906
RS,N80-N82,2021,74.67317
RS,N80-N82,2022,87.72243
RS,N80-N82,2023,81.64358
SE,N80-N82,2020,191.06829
SE,N80-N82,2021,191.72591
SE,N80-N82,2022,168.74711
SE,N80-N82,2023,169.09069
SE,N80-N82,2024,210.17772
SI,N80-N82,2020,59.07649
SI,N80-N82,2021,61.30201
SI,N80-N82,2022,64.52836
SI,N80-N82,2023,63.28393
SI,N80-N82,2024,65.5566
SK,N80-N82,2020,111.66731
SK,N80-N82,2021,127.63914
SK,N80-N82,2022,135.52945
SK,N80-N82,2023,133.63997
SK,N80-N82,2024,130.20799
TR,N80-N82,2020,289.03317
TR,N80-N82,2021,317.1908
TR,N80-N82,2022,323.75314
TR,N80-N82,2023,341.29904
AT,O,2020,419.89334
AT,O,2021,514.81175
AT,O,2022,366.51184
AT,O,2023,511.75359
AT,O,2024,488.50263
BE,O,2020,1514.36569
BE,O,2021,1682.66796
BE,O,2022,1741.84272
BE,O,2023,1774.99022
BE,O,2024,1804.39883
BG,O,2020,50.06655
BG,O,2021,65.29113
BG,O,2022,119.16613
BG,O,2023,134.50238
BG,O,2024,136.79043
CH,O,2020,1107.82101
CH,O,2021,1278.02457
CH,O,2022,1101.73616
CH,O,2023,1024.05272
CY,O,2020,69.25227
CY,O,2021,62.07814
CY,O,2022,62.71717
CY,O,2023,65.75757
CY,O,2024,65.98917
CZ,O,2020,222.07281
CZ,O,2021,242.38542
CZ,O,2022,225.83079
CZ,O,2023,223.63678
CZ,O,2024,218.87875
DE,O,2020,4718.75993
DE,O,2021,4914.72407
DE,O,2022,4707.89487
DE,O,2023,4567.8546
DE,O,2024,4525.13821
DK,O,2020,436.56878
DK,O,2021,426.61435
DK,O,2022,387.91742
DK,O,2023,426.67027
DK,O,2024,435.03158
EE,O,2020,24.72588
EE,O,2021,15.21084
EE,O,2022,20.95991
EE,O,2023,17.77661
EE,O,2024,21.86999
EL,O,2020,537.59631
EL,O,2021,201.80549
EL,O,2022,522.64776
EL,O,2023,538.92612
EL,O,2024,597.86034
ES,O,2020,2100.51988
ES,O,2021,2190.74231
ES,O,2022,2176.81158
ES,O,2023,2212.87884
ES,O,2024,2264.90282
EU27_2020,O,2020,24937.98452
EU27_2020,O,2021,24206.87205
EU27_2020,O,2022,23864.32547
EU27_2020,O,2023,23863.41854
EU27_2020,O,2024,23984.91647
FI,O,2020,447.86001
FI,O,2021,382.75495
FI,O,2022,356.92576
FI,O,2023,376.30421
FI,O,2024,340.46633
FR,O,2020,4387.24681
FR,O,2021,5123.82472
FR,O,2022,5044.40452
FR,O,2023,4869.91636
FR,O,2024,4922.33069
HR,O,2020,94.49611
HR,O,2021,101.54787
HR,O,2022,109.53336
HR,O,2023,121.4674
HR,O,2024,127.73301
HU,O,2020,809.0376
HU,O,2021,871.66869
HU,O,2022,832.52316
HU,O,2023,692.09738
HU,O,2024,687.09205
IE,O,2020,480.90473
IE,O,2021,465.15519
IE,O,2022,491.72378
IE,O,2023,472.763
IE,O,2024,466.95084
IS,O,2020,12.12416
IS,O,2021,12.06425
IS,O,2022,14.23308
IS,O,2023,12.75358
IS,O,2024,11.66686
IT,O,2020,3700.10022
IT,O,2021,1715.85898
IT,O,2022,1616.93552
IT,O,2023,1980.06189
IT,O,2024,2105.13883
LT,O,2020,99.3667
LT,O,2021,93.25203
LT,O,2022,104.5278
LT,O,2023,111.3631
LT,O,2024,124.26117
LU,O,2020,21.15579
LU,O,2021,53.2242
LU,O,2022,41.6878
LU,O,2023,38.4766
LU,O,2024,37.00964
LV,O,2020,106.3095
LV,O,2021,106.20597
LV,O,2022,123.46666
LV,O,2023,106.46393
LV,O,2024,109.09784
MT,O,2020,9.59763
MT,O,2021,8.8974
MT,O,2022,12.62965
MT,O,2023,13.29028
MT,O,2024,8.53999
NL,O,2020,1359.7514
NL,O,2021,1405.81199
NL,O,2022,1429.95562
NL,O,2023,1454.91967
NL,O,2024,1314.39828
NO,O,2020,298.14239
NO,O,2021,313.52782
NO,O,2022,327.00379
NO,O,2023,320.62434
NO,O,2024,337.27517
PL,O,2020,1797.19044
PL,O,2021,2051.63539
PL,O,2022,1817.06865
PL,O,2023,1638.21649
PL,O,2024,1531.9681
PT,O,2020,586.09179
PT,O,2021,557.70212
PT,O,2022,598.85824
PT,O,2023,544.73583
PT,O,2024,535.23116
RO,O,2020,448.28364
RO,O,2021,480.04204
RO,O,2022,510.67751
RO,O,2023,536.19934
RO,O,2024,674.82175
RS,O,2020,115.37986
RS,O,2021,121.6909
RS,O,2022,141.41531
RS,O,2023,131.63461
SE,O,2020,141.85748
SE,O,2021,100.03716
SE,O,2022,90.38194
SE,O,2023,92.28541
SE,O,2024,102.17658
SI,O,2020,79.37393
SI,O,2021,68.72185
SI,O,2022,68.90756
SI,O,2023,75.30666
SI,O,2024,77.35959
SK,O,2020,275.5393
SK,O,2021,304.20003
SK,O,2022,281.81777
SK,O,2023,264.804
SK,O,2024,260.97786
TR,O,2020,1845.38321
TR,O,2021,1998.07012
TR,O,2022,2062.69359
TR,O,2023,2156.62612
AT,P,2020,85.12062
AT,P,2021,96.34201
AT,P,2022,109.72891
AT,P,2023,111.40579
AT,P,2024,106.21763
BE,P,2020,631.6736
BE,P,2021,675.93117
BE,P,2022,742.75416
BE,P,2023,723.43428
BE,P,2024,736.04471
BG,P,2020,33.67209
BG,P,2021,42.00524
BG,P,2022,44.28899
BG,P,2023,45.34761
BG,P,2024,46.732
CH,P,2020,54.10019
CH,P,2021,66.33942
CH,P,2022,54.1633
CH,P,2023,47.62651
CY,P,2020,11.50181
CY,P,2021,9.87802
CY,P,2022,10.41661
CY,P,2023,11.14181
CY,P,2024,11.19654
CZ,P,2020,103.65653
CZ,P,2021,118.5829
CZ,P,2022,98.73468
CZ,P,2023,92.64102
CZ,P,2024,95.38719
DE,P,2020,4129.97529
DE,P,2021,4961.74238
DE,P,2022,4136.3747
DE,P,2023,4096.43166
DE,P,2024,4031.61479
DK,P,2020,135.34795
DK,P,2021,145.66321
DK,P,2022,123.13683
DK,P,2023,117.98355
DK,P,2024,115.38804
EE,P,2020,14.52443
EE,P,2021,13.01654
EE,P,2022,11.11634
EE,P,2023,9.19842
EE,P,2024,10.57131
EL,P,2020,68.99889
EL,P,2021,32.20674
EL,P,2022,35.29773
EL,P,2023,28.51455
EL,P,2024,28.34906
ES,P,2020,558.64731
ES,P,2021,617.82026
ES,P,2022,564.05942
ES,P,2023,541.44667
ES,P,2024,556.10093
EU27_2020,P,2020,13963.58769
EU27_2020,P,2021,15071.19085
EU27_2020,P,2022,13540.00794
EU27_2020,P,2023,13012.55066
EU27_2020,P,2024,12952.85487
FI,P,2020,72.74101
FI,P,2021,74.32868
FI,P,2022,91.08438
FI,P,2023,134.60501
FI,P,2024,123.87814
FR,P,2020,4055.8911
FR,P,2021,4257.98991
FR,P,2022,4064.33542
FR,P,2023,3541.03282
FR,P,2024,3510.98864
HR,P,2020,105.58739
HR,P,2021,116.07363
HR,P,2022,113.67686
HR,P,2023,114.80724
HR,P,2024,120.32673
HU,P,2020,210.81999
HU,P,2021,208.19726
HU,P,2022,182.15803
HU,P,2023,153.06143
HU,P,2024,152.0336
IE,P,2020,207.96056
IE,P,2021,243.11101
IE,P,2022,259.73363
IE,P,2023,248.93527
IE,P,2024,246.66329
IS,P,2020,1.00196
IS,P,2021,1.25541
IS,P,2022,1.4575
IS,P,2023,1.41748
IS,P,2024,1.61804
IT,P,2020,1371.67001
IT,P,2021,970.85376
IT,P,2022,815.18907
IT,P,2023,1010.76724
IT,P,2024,1015.18683
LT,P,2020,39.79294
LT,P,2021,43.3876
LT,P,2022,42.44283
LT,P,2023,44.03165
LT,P,2024,50.06041
LU,P,2020,33.28862
LU,P,2021,19.19416
LU,P,2022,14.17778
LU,P,2023,11.66688
LU,P,2024,11.27503
LV,P,2020,20.05422
LV,P,2021,15.37206
LV,P,2022,23.82116
LV,P,2023,16.08617
LV,P,2024,16.33808
MT,P,2020,2.71167
MT,P,2021,2.81179
MT,P,2022,3.37659
MT,P,2023,3.40912
MT,P,2024,3.36828
NL,P,2020,545.89924
NL,P,2021,629.48917
NL,P,2022,528.14328
NL,P,2023,493.82012
NL,P,2024,456.41082
NO,P,2020,21.3928
NO,P,2021,59.17002
NO,P,2022,60.85672
NO,P,2023,61.52715
NO,P,2024,61.06708
PL,P,2020,928.39527
PL,P,2021,1165.38978
PL,P,2022,906.206
PL,P,2023,823.41087
PL,P,2024,779.71204
PT,P,2020,55.1438
PT,P,2021,54.4327
PT,P,2022,56.3575
PT,P,2023,63.1012
PT,P,2024,62.03167
RO,P,2020,269.94932
RO,P,2021,289.06963
RO,P,2022,305.16202
RO,P,2023,319.89584
RO,P,2024,399.18396
RS,P,2020,104.82361
RS,P,2021,113.37275
RS,P,2022,131.7099
RS,P,2023,123.04282
SE,P,2020,89.37841
SE,P,2021,85.74529
SE,P,2022,74.7007
SE,P,2023,73.00537
SE,P,2024,83.38959
SI,P,2020,81.43401
SI,P,2021,73.5512
SI,P,2022,82.55162
SI,P,2023,90.28745
SI,P,2024,93.96367
SK,P,2020,99.75159
SK,P,2021,109.00474
SK,P,2022,100.9827
SK,P,2023,93.08165
SK,P,2024,90.4419
TR,P,2020,1124.84964
TR,P,2021,1165.48467
TR,P,2022,1243.90699
TR,P,2023,1245.80901
AT,Q,2020,245.28225
AT,Q,2021,203.62757
AT,Q,2022,219.45745
AT,Q,2023,192.45904
AT,Q,2024,181.05825
BE,Q,2020,1381.00358
BE,Q,2021,1684.54456
BE,Q,2022,1675.95187
BE,Q,2023,1704.57629
BE,Q,2024,1731.69424
BG,Q,2020,42.3017
BG,Q,2021,46.01623
BG,Q,2022,49.39832
BG,Q,2023,49.09041
BG,Q,2024,49.14879
CH,Q,2020,695.62173
CH,Q,2021,736.51413
CH,Q,2022,654.64855
CH,Q,2023,632.63767
CY,Q,2020,16.04839
CY,Q,2021,15.6582
CY,Q,2022,17.07313
CY,Q,2023,18.39321
CY,Q,2024,18.03492
CZ,Q,2020,319.37167
CZ,Q,2021,318.75532
CZ,Q,2022,308.21995
CZ,Q,2023,294.74414
CZ,Q,2024,293.70651
DE,Q,2020,7953.81918
DE,Q,2021,8162.57227
DE,Q,2022,8087.08658
DE,Q,2023,7591.06011
DE,Q,2024,7443.62553
DK,Q,2020,194.25571
DK,Q,2021,208.7376
DK,Q,2022,171.31662
DK,Q,2023,180.80249
DK,Q,2024,175.84188
EE,Q,2020,14.07781
EE,Q,2021,8.96136
EE,Q,2022,10.66483
EE,Q,2023,9.16657
EE,Q,2024,10.32066
EL,Q,2020,143.49953
EL,Q,2021,149.31643
EL,Q,2022,91.32172
EL,Q,2023,93.93016
EL,Q,2024,89.30838
ES,Q,2020,1827.27379
ES,Q,2021,1737.42199
ES,Q,2022,1746.68877
ES,Q,2023,1445.25257
ES,Q,2024,1482.51127
EU27_2020,Q,2020,28872.50862
EU27_2020,Q,2021,28666.24136
EU27_2020,Q,2022,27599.57815
EU27_2020,Q,2023,26675.63651
EU27_2020,Q,2024,26490.26647
FI,Q,2020,155.55997
FI,Q,2021,184.01747
FI,Q,2022,185.26014
FI,Q,2023,222.85321
FI,Q,2024,203.31902
FR,Q,2020,6361.34382
FR,Q,2021,6503.86517
FR,Q,2022,6092.40298
FR,Q,2023,5223.81825
FR,Q,2024,5212.72149
HR,Q,2020,149.12624
HR,Q,2021,164.16244
HR,Q,2022,164.68181
HR,Q,2023,169.32493
HR,Q,2024,178.29291
HU,Q,2020,370.2029
HU,Q,2021,385.61908
HU,Q,2022,422.91766
HU,Q,2023,381.79812
HU,Q,2024,359.31224
IE,Q,2020,309.52068
IE,Q,2021,351.04068
IE,Q,2022,374.87623
IE,Q,2023,379.50253
IE,Q,2024,377.02097
IS,Q,2020,2.00795
IS,Q,2021,2.20857
IS,Q,2022,2.31339
IS,Q,2023,2.22238
IS,Q,2024,1.56478
IT,Q,2020,5102.86771
IT,Q,2021,3784.13937
IT,Q,2022,3628.61592
IT,Q,2023,4568.23945
IT,Q,2024,4620.74132
LT,Q,2020,39.46349
LT,Q,2021,43.27288
LT,Q,2022,45.52471
LT,Q,2023,45.3605
LT,Q,2024,54.87618
LU,Q,2020,45.83497
LU,Q,2021,56.79846
LU,Q,2022,50.09056
LU,Q,2023,46.6369
LU,Q,2024,44.7063
LV,Q,2020,79.52925
LV,Q,2021,70.11219
LV,Q,2022,80.81535
LV,Q,2023,66.46136
LV,Q,2024,66.9709
MT,Q,2020,21.45892
MT,Q,2021,22.12209
MT,Q,2022,24.36875
MT,Q,2023,20.75698
MT,Q,2024,20.0968
NL,Q,2020,1292.16928
NL,Q,2021,1360.66732
NL,Q,2022,1201.70982
NL,Q,2023,1142.26817
NL,Q,2024,1055.55426
NO,Q,2020,97.07058
NO,Q,2021,121.2934
NO,Q,2022,93.58122
NO,Q,2023,99.74314
NO,Q,2024,94.24127
PL,Q,2020,1324.6026
PL,Q,2021,1724.22256
PL,Q,2022,1473.90703
PL,Q,2023,1317.85497
PL,Q,2024,1229.90006
PT,Q,2020,455.1763
PT,Q,2021,433.6847
PT,Q,2022,434.9139
PT,Q,2023,457.3944
PT,Q,2024,449.51511
RO,Q,2020,388.23129
RO,Q,2021,414.06951
RO,Q,2022,438.98265
RO,Q,2023,457.29472
RO,Q,2024,560.46745
RS,Q,2020,110.24544
RS,Q,2021,119.362
RS,Q,2022,139.447
RS,Q,2023,133.73247
SE,Q,2020,317.93904
SE,Q,2021,341.33165
SE,Q,2022,306.21288
SE,Q,2023,303.18144
SE,Q,2024,328.84318
SI,Q,2020,144.49551
SI,Q,2021,104.06808
SI,Q,2022,125.94414
SI,Q,2023,135.32356
SI,Q,2024,97.80033
SK,Q,2020,178.05304
SK,Q,2021,187.43617
SK,Q,2022,171.17441
SK,Q,2023,158.09204
SK,Q,2024,154.87753
TR,Q,2020,892.41142
TR,Q,2021,937.24541
TR,Q,2022,987.54864
TR,Q,2023,991.79699
AT,Q86,2020,194.43266
AT,Q86,2021,171.2598
AT,Q86,2022,185.72435
AT,Q86,2023,162.74445
AT,Q86,2024,152.7327
BE,Q86,2020,1048.48062
BE,Q86,2021,1233.16767
BE,Q86,2022,1261.65216
BE,Q86,2023,1296.86417
BE,Q86,2024,1318.46522
BG,Q86,2020,38.5969
BG,Q86,2021,41.72998
BG,Q86,2022,43.63764
BG,Q86,2023,43.6489
BG,Q86,2024,43.55884
CH,Q86,2020,403.21202
CH,Q86,2021,422.41362
CH,Q86,2022,385.59333
CH,Q86,2023,347.93897
CY,Q86,2020,12.35089
CY,Q86,2021,12.23335
CY,Q86,2022,13.12388
CY,Q86,2023,14.77342
CY,Q86,2024,14.40227
CZ,Q86,2020,280.44469
CZ,Q86,2021,274.88237
CZ,Q86,2022,267.10791
CZ,Q86,2023,255.74334
CZ,Q86,2024,253.64884
DE,Q86,2020,4670.33303
DE,Q86,2021,4872.50542
DE,Q86,2022,4874.32117
DE,Q86,2023,4478.91717
DE,Q86,2024,4386.76531
DK,Q86,2020,103.25561
DK,Q86,2021,109.95035
DK,Q86,2022,92.37257
DK,Q86,2023,104.46103
DK,Q86,2024,102.04887
EE,Q86,2020,8.6695
EE,Q86,2021,6.94321
EE,Q86,2022,7.8081
EE,Q86,2023,7.25819
EE,Q86,2024,8.09927
EL,Q86,2020,116.60077
EL,Q86,2021,125.72337
EL,Q86,2022,70.00654
EL,Q86,2023,72.93476
EL,Q86,2024,68.28991
ES,Q86,2020,1177.91799
ES,Q86,2021,1021.23858
ES,Q86,2022,1093.44698
ES,Q86,2023,805.26316
ES,Q86,2024,824.41185
EU27_2020,Q86,2020,17803.21252
EU27_2020,Q86,2021,17406.04545
EU27_2020,Q86,2022,16994.74316
EU27_2020,Q86,2023,16613.91467
EU27_2020,Q86,2024,16430.40678
FI,Q86,2020,82.36093
FI,Q86,2021,101.07618
FI,Q86,2022,92.18333
FI,Q86,2023,98.9548
FI,Q86,2024,89.02243
FR,Q86,2020,2623.09638
FR,Q86,2021,2806.96974
FR,Q86,2022,2637.27112
FR,Q86,2023,2314.58717
FR,Q86,2024,2315.244
HR,Q86,2020,61.55792
HR,Q86,2021,67.48558
HR,Q86,2022,68.52611
HR,Q86,2023,70.97545
HR,Q86,2024,74.89321
HU,Q86,2020,310.12588
HU,Q86,2021,325.16997
HU,Q86,2022,367.02621
HU,Q86,2023,334.36887
HU,Q86,2024,312.21841
IE,Q86,2020,158.51418
IE,Q86,2021,196.1476
IE,Q86,2022,212.11454
IE,Q86,2023,198.77136
IE,Q86,2024,197.99931
IS,Q86,2020,1.70799
IS,Q86,2021,1.9249
IS,Q86,2022,2.0131
IS,Q86,2023,1.92504
IS,Q86,2024,1.16037
IT,Q86,2020,4327.01057
IT,Q86,2021,3107.94869
IT,Q86,2022,3057.71693
IT,Q86,2023,3873.8461
IT,Q86,2024,3903.16963
LT,Q86,2020,28.62393
LT,Q86,2021,31.06369
LT,Q86,2022,33.99442
LT,Q86,2023,33.27552
LT,Q86,2024,41.32473
LU,Q86,2020,23.7947
LU,Q86,2021,26.4096
LU,Q86,2022,21.6121
LU,Q86,2023,21.0581
LU,Q86,2024,19.97592
LV,Q86,2020,72.80434
LV,Q86,2021,62.98519
LV,Q86,2022,75.45076
LV,Q86,2023,59.92951
LV,Q86,2024,60.35529
MT,Q86,2020,13.43568
MT,Q86,2021,13.7542
MT,Q86,2022,15.38392
MT,Q86,2023,13.16052
MT,Q86,2024,12.56182
NL,Q86,2020,563.05562
NL,Q86,2021,579.68795
NL,Q86,2022,514.47419
NL,Q86,2023,492.37287
NL,Q86,2024,455.96327
NO,Q86,2020,78.85311
NO,Q86,2021,76.38182
NO,Q86,2022,63.10958
NO,Q86,2023,73.44936
NO,Q86,2024,68.73175
PL,Q86,2020,1168.13022
PL,Q86,2021,1533.10504
PL,Q86,2022,1309.75454
PL,Q86,2023,1172.21963
PL,Q86,2024,1091.74073
PT,Q86,2020,157.9253
PT,Q86,2021,145.8322
PT,Q86,2022,136.9364
PT,Q86,2023,148.1975
PT,Q86,2024,145.54665
RO,Q86,2020,140.56929
RO,Q86,2021,149.52914
RO,Q86,2022,158.13867
RO,Q86,2023,164.04395
RO,Q86,2024,196.41283
RS,Q86,2020,88.78113
RS,Q86,2021,96.49044
RS,Q86,2022,113.19093
RS,Q86,2023,107.04528
SE,Q86,2020,137.66588
SE,Q86,2021,131.22116
SE,Q86,2022,119.84173
SE,Q86,2023,116.02694
SE,Q86,2024,123.0543
SI,Q86,2020,117.83048
SI,Q86,2021,83.08641
SI,Q86,2022,104.517
SI,Q86,2023,111.82017
SI,Q86,2024,73.43241
SK,Q86,2020,165.6286
SK,Q86,2021,174.93899
SK,Q86,2022,160.59987
SK,Q86,2023,147.69764
SK,Q86,2024,145.06876
TR,Q86,2020,780.60059
TR,Q86,2021,819.58874
TR,Q86,2022,863.36096
TR,Q86,2023,865.37019
AT,Q87_Q88,2020,50.8496
AT,Q87_Q88,2021,32.36777
AT,Q87_Q88,2022,33.7331
AT,Q87_Q88,2023,29.7146
AT,Q87_Q88,2024,28.32555
BE,Q87_Q88,2020,332.52297
BE,Q87_Q88,2021,451.37689
BE,Q87_Q88,2022,414.29971
BE,Q87_Q88,2023,407.71212
BE,Q87_Q88,2024,413.22902
BG,Q87_Q88,2020,3.7048
BG,Q87_Q88,2021,4.28624
BG,Q87_Q88,2022,5.76068
BG,Q87_Q88,2023,5.44151
BG,Q87_Q88,2024,5.58995
CH,Q87_Q88,2020,292.40971
CH,Q87_Q88,2021,314.10051
CH,Q87_Q88,2022,269.05522
CH,Q87_Q88,2023,284.6987
CY,Q87_Q88,2020,3.6975
CY,Q87_Q88,2021,3.42486
CY,Q87_Q88,2022,3.94924
CY,Q87_Q88,2023,3.61979
CY,Q87_Q88,2024,3.63264
CZ,Q87_Q88,2020,38.92698
CZ,Q87_Q88,2021,43.87295
CZ,Q87_Q88,2022,41.11204
CZ,Q87_Q88,2023,39.0008
CZ,Q87_Q88,2024,40.05767
DE,Q87_Q88,2020,3283.48615
DE,Q87_Q88,2021,3290.06685
DE,Q87_Q88,2022,3212.76541
DE,Q87_Q88,2023,3112.14294
DE,Q87_Q88,2024,3056.86022
DK,Q87_Q88,2020,91.00011
DK,Q87_Q88,2021,98.78724
DK,Q87_Q88,2022,78.94404
DK,Q87_Q88,2023,76.34146
DK,Q87_Q88,2024,73.79301
EE,Q87_Q88,2020,5.40831
EE,Q87_Q88,2021,2.01816
EE,Q87_Q88,2022,2.85673
EE,Q87_Q88,2023,1.90837
EE,Q87_Q88,2024,2.22139
EL,Q87_Q88,2020,26.89876
EL,Q87_Q88,2021,23.59307
EL,Q87_Q88,2022,21.31518
EL,Q87_Q88,2023,20.9954
EL,Q87_Q88,2024,21.01847
ES,Q87_Q88,2020,649.3558
ES,Q87_Q88,2021,716.1834
ES,Q87_Q88,2022,653.24179
ES,Q87_Q88,2023,639.98941
ES,Q87_Q88,2024,658.09942
EU27_2020,Q87_Q88,2020,11069.29609
EU27_2020,Q87_Q88,2021,11260.19591
EU27_2020,Q87_Q88,2022,10604.83499
EU27_2020,Q87_Q88,2023,10061.72184
EU27_2020,Q87_Q88,2024,10059.8597
FI,Q87_Q88,2020,73.19904
FI,Q87_Q88,2021,82.94129
FI,Q87_Q88,2022,93.07681
FI,Q87_Q88,2023,123.89841
FI,Q87_Q88,2024,114.29659
FR,Q87_Q88,2020,3738.24744
FR,Q87_Q88,2021,3696.89543
FR,Q87_Q88,2022,3455.13186
FR,Q87_Q88,2023,2909.23107
FR,Q87_Q88,2024,2897.47749
HR,Q87_Q88,2020,87.56831
HR,Q87_Q88,2021,96.67686
HR,Q87_Q88,2022,96.15569
HR,Q87_Q88,2023,98.34948
HR,Q87_Q88,2024,103.39971
HU,Q87_Q88,2020,60.07702
HU,Q87_Q88,2021,60.44911
HU,Q87_Q88,2022,55.89145
HU,Q87_Q88,2023,47.42925
HU,Q87_Q88,2024,47.09383
IE,Q87_Q88,2020,151.0065
IE,Q87_Q88,2021,154.89308
IE,Q87_Q88,2022,162.76169
IE,Q87_Q88,2023,180.73117
IE,Q87_Q88,2024,179.02165
IS,Q87_Q88,2020,0.29997
IS,Q87_Q88,2021,0.28367
IS,Q87_Q88,2022,0.30029
IS,Q87_Q88,2023,0.29734
IS,Q87_Q88,2024,0.40441
IT,Q87_Q88,2020,775.85714
IT,Q87_Q88,2021,676.19068
IT,Q87_Q88,2022,570.89899
IT,Q87_Q88,2023,694.39336
IT,Q87_Q88,2024,717.57169
LT,Q87_Q88,2020,10.83956
LT,Q87_Q88,2021,12.20918
LT,Q87_Q88,2022,11.53028
LT,Q87_Q88,2023,12.08498
LT,Q87_Q88,2024,13.55145
LU,Q87_Q88,2020,22.04027
LU,Q87_Q88,2021,30.38886
LU,Q87_Q88,2022,28.47846
LU,Q87_Q88,2023,25.5788
LU,Q87_Q88,2024,24.73038
LV,Q87_Q88,2020,6.72491
LV,Q87_Q88,2021,7.127
LV,Q87_Q88,2022,5.36458
LV,Q87_Q88,2023,6.53185
LV,Q87_Q88,2024,6.61561
MT,Q87_Q88,2020,8.02324
MT,Q87_Q88,2021,8.36789
MT,Q87_Q88,2022,8.98483
MT,Q87_Q88,2023,7.59646
MT,Q87_Q88,2024,7.53497
NL,Q87_Q88,2020,729.11366
NL,Q87_Q88,2021,780.97938
NL,Q87_Q88,2022,687.23563
NL,Q87_Q88,2023,649.8953
NL,Q87_Q88,2024,599.59099
NO,Q87_Q88,2020,18.21747
NO,Q87_Q88,2021,44.91159
NO,Q87_Q88,2022,30.47163
NO,Q87_Q88,2023,26.29377
NO,Q87_Q88,2024,25.50952
PL,Q87_Q88,2020,156.47238
PL,Q87_Q88,2021,191.11753
PL,Q87_Q88,2022,164.15249
PL,Q87_Q88,2023,145.63533
PL,Q87_Q88,2024,138.15933
PT,Q87_Q88,2020,297.251
PT,Q87_Q88,2021,287.8525
PT,Q87_Q88,2022,297.9775
PT,Q87_Q88,2023,309.1969
PT,Q87_Q88,2024,303.96846
RO,Q87_Q88,2020,247.662
RO,Q87_Q88,2021,264.54037
RO,Q87_Q88,2022,280.84398
RO,Q87_Q88,2023,293.25077
RO,Q87_Q88,2024,364.05462
RS,Q87_Q88,2020,21.46431
RS,Q87_Q88,2021,22.87156
RS,Q87_Q88,2022,26.25606
RS,Q87_Q88,2023,26.68719
SE,Q87_Q88,2020,180.27315
SE,Q87_Q88,2021,210.11049
SE,Q87_Q88,2022,186.37114
SE,Q87_Q88,2023,187.1545
SE,Q87_Q88,2024,205.78888
SI,Q87_Q88,2020,26.66504
SI,Q87_Q88,2021,20.98167
SI,Q87_Q88,2022,21.42714
SI,Q87_Q88,2023,23.50339
SI,Q87_Q88,2024,24.36792
SK,Q87_Q88,2020,12.42444
SK,Q87_Q88,2021,12.49719
SK,Q87_Q88,2022,10.57454
SK,Q87_Q88,2023,10.3944
SK,Q87_Q88,2024,9.80877
TR,Q87_Q88,2020,111.81083
TR,Q87_Q88,2021,117.65668
TR,Q87_Q88,2022,124.18768
TR,Q87_Q88,2023,126.4268
AT,R,2020,114.76461
AT,R,2021,118.82999
AT,R,2022,140.0258
AT,R,2023,140.12895
AT,R,2024,132.96874
BE,R,2020,324.30127
BE,R,2021,365.44369
BE,R,2022,297.38781
BE,R,2023,299.19698
BE,R,2024,305.14988
BG,R,2020,7.60578
BG,R,2021,9.8947
BG,R,2022,12.94083
BG,R,2023,12.81091
BG,R,2024,13.13999
CH,R,2020,213.73
CH,R,2021,226.23716
CH,R,2022,205.73196
CH,R,2023,213.42562
CY,R,2020,8.94959
CY,R,2021,9.8922
CY,R,2022,11.03417
CY,R,2023,11.55193
CY,R,2024,11.58603
CZ,R,2020,65.26434
CZ,R,2021,58.8708
CZ,R,2022,68.80184
CZ,R,2023,50.36955
CZ,R,2024,50.60693
DE,R,2020,528.48202
DE,R,2021,500.34829
DE,R,2022,517.06053
DE,R,2023,508.58356
DE,R,2024,499.20389
DK,R,2020,83.75774
DK,R,2021,83.96353
DK,R,2022,77.50722
DK,R,2023,76.25616
DK,R,2024,73.48554
EE,R,2020,10.29911
EE,R,2021,9.505
EE,R,2022,9.63002
EE,R,2023,9.34216
EE,R,2024,11.20571
EL,R,2020,49.49328
EL,R,2021,46.79615
EL,R,2022,50.79385
EL,R,2023,54.63301
EL,R,2024,54.58944
ES,R,2020,499.71627
ES,R,2021,584.85193
ES,R,2022,549.05423
ES,R,2023,523.12018
ES,R,2024,538.85765
EU27_2020,R,2020,5387.39294
EU27_2020,R,2021,5590.11548
EU27_2020,R,2022,5436.36483
EU27_2020,R,2023,5307.92287
EU27_2020,R,2024,5337.49343
FI,R,2020,70.4744
FI,R,2021,78.55591
FI,R,2022,85.71461
FI,R,2023,108.76998
FI,R,2024,99.40629
FR,R,2020,1614.7551
FR,R,2021,1598.52372
FR,R,2022,1522.76864
FR,R,2023,1284.66915
FR,R,2024,1272.21204
HR,R,2020,68.88387
HR,R,2021,74.81349
HR,R,2022,77.52579
HR,R,2023,81.55845
HR,R,2024,86.03488
HU,R,2020,70.67297
HU,R,2021,80.21754
HU,R,2022,72.42192
HU,R,2023,61.20163
HU,R,2024,60.77119
IE,R,2020,99.52464
IE,R,2021,101.32579
IE,R,2022,110.25077
IE,R,2023,139.68273
IE,R,2024,138.38372
IS,R,2020,1.73146
IS,R,2021,1.80011
IS,R,2022,1.88093
IS,R,2023,1.99498
IS,R,2024,1.88426
IT,R,2020,554.58978
IT,R,2021,540.54277
IT,R,2022,550.36275
IT,R,2023,653.49997
IT,R,2024,682.60308
LT,R,2020,16.58897
LT,R,2021,15.94753
LT,R,2022,16.21629
LT,R,2023,16.15435
LT,R,2024,18.80785
LU,R,2020,13.27594
LU,R,2021,15.30473
LU,R,2022,12.49512
LU,R,2023,10.67801
LU,R,2024,10.2849
LV,R,2020,12.50033
LV,R,2021,8.72523
LV,R,2022,20.76355
LV,R,2023,19.76809
LV,R,2024,20.23158
MT,R,2020,0.65227
MT,R,2021,0.86341
MT,R,2022,0.9516
MT,R,2023,0.77107
MT,R,2024,0.76516
NL,R,2020,420.91494
NL,R,2021,446.2934
NL,R,2022,412.63271
NL,R,2023,390.71181
NL,R,2024,362.21645
NO,R,2020,38.66595
NO,R,2021,53.17372
NO,R,2022,52.58112
NO,R,2023,56.67443
NO,R,2024,59.83821
PL,R,2020,241.73929
PL,R,2021,301.11485
PL,R,2022,268.64098
PL,R,2023,276.4424
PL,R,2024,260.51495
PT,R,2020,63.7287
PT,R,2021,68.8762
PT,R,2022,81.5181
PT,R,2023,99.3472
PT,R,2024,97.88849
RO,R,2020,145.8308
RO,R,2021,154.17136
RO,R,2022,163.431
RO,R,2023,168.80635
RO,R,2024,198.58066
RS,R,2020,27.19799
RS,R,2021,29.53331
RS,R,2022,35.03037
RS,R,2023,34.56584
SE,R,2020,132.79602
SE,R,2021,137.08868
SE,R,2022,127.13271
SE,R,2023,135.78141
SE,R,2024,167.86235
SI,R,2020,43.51411
SI,R,2021,40.58772
SI,R,2022,46.91523
SI,R,2023,50.54681
SI,R,2024,52.36313
SK,R,2020,124.31682
SK,R,2021,138.76685
SK,R,2022,132.38677
SK,R,2023,123.54006
SK,R,2024,117.7729
TR,R,2020,123.19964
TR,R,2021,130.3489
TR,R,2022,136.97014
TR,R,2023,140.18858
AT,R90-R92,2020,75.71264
AT,R90-R92,2021,80.97154
AT,R90-R92,2022,96.6046
AT,R90-R92,2023,98.44598
AT,R90-R92,2024,93.55601
BE,R90-R92,2020,165.37927
BE,R90-R92,2021,183.80938
BE,R90-R92,2022,138.13763
BE,R90-R92,2023,138.04973
BE,R90-R92,2024,140.70262
BG,R90-R92,2020,2.32204
BG,R90-R92,2021,2.6372
BG,R90-R92,2022,6.23142
BG,R90-R92,2023,6.21946
BG,R90-R92,2024,6.3923
CH,R90-R92,2020,32.15869
CH,R90-R92,2021,34.63724
CH,R90-R92,2022,34.20878
CH,R90-R92,2023,34.45268
CY,R90-R92,2020,2.45549
CY,R90-R92,2021,3.15987
CY,R90-R92,2022,2.42296
CY,R90-R92,2023,3.19702
CY,R90-R92,2024,3.21257
CZ,R90-R92,2020,27.29005
CZ,R90-R92,2021,24.39918
CZ,R90-R92,2022,24.46983
CZ,R90-R92,2023,22.73911
CZ,R90-R92,2024,23.00425
DE,R90-R92,2020,234.91445
DE,R90-R92,2021,222.59296
DE,R90-R92,2022,225.77945
DE,R90-R92,2023,217.51376
DE,R90-R92,2024,213.66858
DK,R90-R92,2020,45.21197
DK,R90-R92,2021,44.56475
DK,R90-R92,2022,39.11867
DK,R90-R92,2023,37.59702
DK,R90-R92,2024,36.23168
EE,R90-R92,2020,6.03408
EE,R90-R92,2021,4.43725
EE,R90-R92,2022,4.5041
EE,R90-R92,2023,4.34514
EE,R90-R92,2024,5.04085
EL,R90-R92,2020,15.45599
EL,R90-R92,2021,17.06751
EL,R90-R92,2022,18.71695
EL,R90-R92,2023,22.08944
EL,R90-R92,2024,22.04779
ES,R90-R92,2020,137.56872
ES,R90-R92,2021,149.70965
ES,R90-R92,2022,147.91911
ES,R90-R92,2023,129.69273
ES,R90-R92,2024,133.60592
EU27_2020,R90-R92,2020,2081.60669
EU27_2020,R90-R92,2021,2113.46489
EU27_2020,R90-R92,2022,2075.83902
EU27_2020,R90-R92,2023,2089.16952
EU27_2020,R90-R92,2024,2109.78155
FI,R90-R92,2020,19.70257
FI,R90-R92,2021,28.61748
FI,R90-R92,2022,28.36618
FI,R90-R92,2023,34.00495
FI,R90-R92,2024,31.25947
FR,R90-R92,2020,312.37276
FR,R90-R92,2021,309.78096
FR,R90-R92,2022,289.21282
FR,R90-R92,2023,245.51194
FR,R90-R92,2024,243.55251
HR,R90-R92,2020,20.59929
HR,R90-R92,2021,22.5601
HR,R90-R92,2022,22.26444
HR,R90-R92,2023,22.8908
HR,R90-R92,2024,23.93105
HU,R90-R92,2020,41.89196
HU,R90-R92,2021,46.46413
HU,R90-R92,2022,40.98114
HU,R90-R92,2023,34.30215
HU,R90-R92,2024,34.0648
IE,R90-R92,2020,18.67377
IE,R90-R92,2021,19.79218
IE,R90-R92,2022,34.60185
IE,R90-R92,2023,36.9991
IE,R90-R92,2024,36.65254
IS,R90-R92,2020,0.62049
IS,R90-R92,2021,0.63672
IS,R90-R92,2022,0.66435
IS,R90-R92,2023,0.68151
IS,R90-R92,2024,0.83582
IT,R90-R92,2020,319.38545
IT,R90-R92,2021,257.31094
IT,R90-R92,2022,276.22062
IT,R90-R92,2023,381.8646
IT,R90-R92,2024,399.25342
LT,R90-R92,2020,10.72112
LT,R90-R92,2021,10.60624
LT,R90-R92,2022,10.95459
LT,R90-R92,2023,10.63324
LT,R90-R92,2024,12.23929
LU,R90-R92,2020,3.92079
LU,R90-R92,2021,6.3391
LU,R90-R92,2022,5.13403
LU,R90-R92,2023,4.73297
LU,R90-R92,2024,4.56512
LV,R90-R92,2020,6.36097
LV,R90-R92,2021,4.04076
LV,R90-R92,2022,12.24901
LV,R90-R92,2023,4.53803
LV,R90-R92,2024,4.61554
MT,R90-R92,2020,0.42768
MT,R90-R92,2021,0.60564
MT,R90-R92,2022,0.67631
MT,R90-R92,2023,0.51732
MT,R90-R92,2024,0.51196
NL,R90-R92,2020,201.95022
NL,R90-R92,2021,217.17433
NL,R90-R92,2022,201.54318
NL,R90-R92,2023,191.5811
NL,R90-R92,2024,178.10173
NO,R90-R92,2020,1.137
NO,R90-R92,2021,6.93901
NO,R90-R92,2022,7.08846
NO,R90-R92,2023,7.96036
NO,R90-R92,2024,8.43835
PL,R90-R92,2020,156.94763
PL,R90-R92,2021,180.44932
PL,R90-R92,2022,166.73041
PL,R90-R92,2023,157.88563
PL,R90-R92,2024,149.03418
PT,R90-R92,2020,16.2811
PT,R90-R92,2021,16.9914
PT,R90-R92,2022,20.9821
PT,R90-R92,2023,24.3045
PT,R90-R92,2024,23.92874
RO,R90-R92,2020,71.05279
RO,R90-R92,2021,75.8539
RO,R90-R92,2022,80.93937
RO,R90-R92,2023,84.46173
RO,R90-R92,2024,107.53454
RS,R90-R92,2020,19.50436
RS,R90-R92,2021,21.49985
RS,R90-R92,2022,25.73006
RS,R90-R92,2023,25.37342
SE,R90-R92,2020,54.04754
SE,R90-R92,2021,54.96673
SE,R90-R92,2022,50.02914
SE,R90-R92,2023,49.92326
SE,R90-R92,2024,61.63992
SI,R90-R92,2020,18.37861
SI,R90-R92,2021,17.3735
SI,R90-R92,2022,19.80884
SI,R90-R92,2023,20.98679
SI,R90-R92,2024,21.78448
SK,R90-R92,2020,96.54772
SK,R90-R92,2021,111.1889
SK,R90-R92,2022,111.24029
SK,R90-R92,2023,104.14201
SK,R90-R92,2024,99.64967
TR,R90-R92,2020,33.40614
TR,R90-R92,2021,35.23279
TR,R90-R92,2022,37.11211
TR,R90-R92,2023,37.86999
AT,R93,2020,39.05197
AT,R93,2021,37.85846
AT,R93,2022,43.42121
AT,R93,2023,41.68297
AT,R93,2024,39.41273
BE,R93,2020,158.922
BE,R93,2021,181.6343
BE,R93,2022,159.25018
BE,R93,2023,161.14725
BE,R93,2024,164.44726
BG,R93,2020,5.28374
BG,R93,2021,7.2575
BG,R93,2022,6.70941
BG,R93,2023,6.59146
BG,R93,2024,6.74769
CH,R93,2020,181.57131
CH,R93,2021,191.59993
CH,R93,2022,171.52317
CH,R93,2023,178.97294
CY,R93,2020,6.4941
CY,R93,2021,6.73233
CY,R93,2022,8.61121
CY,R93,2023,8.35491
CY,R93,2024,8.37346
CZ,R93,2020,37.97429
CZ,R93,2021,34.47162
CZ,R93,2022,44.33201
CZ,R93,2023,27.63044
CZ,R93,2024,27.60268
DE,R93,2020,293.56757
DE,R93,2021,277.75533
DE,R93,2022,291.28108
DE,R93,2023,291.0698
DE,R93,2024,285.53531
DK,R93,2020,38.54577
DK,R93,2021,39.39878
DK,R93,2022,38.38854
DK,R93,2023,38.65914
DK,R93,2024,37.25385
EE,R93,2020,4.26502
EE,R93,2021,5.06775
EE,R93,2022,5.12592
EE,R93,2023,4.99702
EE,R93,2024,6.16486
EL,R93,2020,34.03729
EL,R93,2021,29.72865
EL,R93,2022,32.0769
EL,R93,2023,32.54357
EL,R93,2024,32.54165
ES,R93,2020,362.14755
ES,R93,2021,435.14229
ES,R93,2022,401.13512
ES,R93,2023,393.42745
ES,R93,2024,405.25173
EU27_2020,R93,2020,3305.78625
EU27_2020,R93,2021,3476.65059
EU27_2020,R93,2022,3360.52582
EU27_2020,R93,2023,3218.75335
EU27_2020,R93,2024,3227.71188
FI,R93,2020,50.77182
FI,R93,2021,49.93843
FI,R93,2022,57.34843
FI,R93,2023,74.76504
FI,R93,2024,68.14682
FR,R93,2020,1302.38234
FR,R93,2021,1288.74276
FR,R93,2022,1233.55582
FR,R93,2023,1039.15721
FR,R93,2024,1028.65953
HR,R93,2020,48.28458
HR,R93,2021,52.25339
HR,R93,2022,55.26134
HR,R93,2023,58.66765
HR,R93,2024,62.10383
HU,R93,2020,28.78101
HU,R93,2021,33.7534
HU,R93,2022,31.44078
HU,R93,2023,26.89948
HU,R93,2024,26.70639
IE,R93,2020,80.85086
IE,R93,2021,81.53362
IE,R93,2022,75.64892
IE,R93,2023,102.68363
IE,R93,2024,101.73117
IS,R93,2020,1.11097
IS,R93,2021,1.16339
IS,R93,2022,1.21659
IS,R93,2023,1.31347
IS,R93,2024,1.04845
IT,R93,2020,235.20433
IT,R93,2021,283.23184
IT,R93,2022,274.14214
IT,R93,2023,271.63537
IT,R93,2024,283.34965
LT,R93,2020,5.86785
LT,R93,2021,5.34129
LT,R93,2022,5.26169
LT,R93,2023,5.52111
LT,R93,2024,6.56856
LU,R93,2020,9.35515
LU,R93,2021,8.96563
LU,R93,2022,7.36109
LU,R93,2023,5.94504
LU,R93,2024,5.71977
LV,R93,2020,6.13936
LV,R93,2021,4.68447
LV,R93,2022,8.51454
LV,R93,2023,15.23005
LV,R93,2024,15.61605
MT,R93,2020,0.22459
MT,R93,2021,0.25776
MT,R93,2022,0.27529
MT,R93,2023,0.25375
MT,R93,2024,0.2532
NL,R93,2020,218.96472
NL,R93,2021,229.11907
NL,R93,2022,211.08953
NL,R93,2023,199.13071
NL,R93,2024,184.11471
NO,R93,2020,37.52896
NO,R93,2021,46.23471
NO,R93,2022,45.49266
NO,R93,2023,48.71408
NO,R93,2024,51.39986
PL,R93,2020,84.79166
PL,R93,2021,120.66553
PL,R93,2022,101.91057
PL,R93,2023,118.55676
PL,R93,2024,111.48077
PT,R93,2020,47.4476
PT,R93,2021,51.8848
PT,R93,2022,60.536
PT,R93,2023,75.0427
PT,R93,2024,73.95976
RO,R93,2020,74.77801
RO,R93,2021,78.31747
RO,R93,2022,82.49164
RO,R93,2023,84.34463
RO,R93,2024,91.04612
RS,R93,2020,7.69363
RS,R93,2021,8.03346
RS,R93,2022,9.30031
RS,R93,2023,9.19241
SE,R93,2020,78.74848
SE,R93,2021,82.12195
SE,R93,2022,77.10357
SE,R93,2023,85.85815
SE,R93,2024,106.22243
SI,R93,2020,25.1355
SI,R93,2021,23.21423
SI,R93,2022,27.1064
SI,R93,2023,29.56002
SI,R93,2024,30.57865
SK,R93,2020,27.7691
SK,R93,2021,27.57795
SK,R93,2022,21.14648
SK,R93,2023,19.39805
SK,R93,2024,18.12323
TR,R93,2020,89.79349
TR,R93,2021,95.11611
TR,R93,2022,99.85803
TR,R93,2023,102.31859
AT,S,2020,196.47268
AT,S,2021,145.86802
AT,S,2022,153.22084
AT,S,2023,142.10202
AT,S,2024,135.8767
BE,S,2020,633.40919
BE,S,2021,683.8755
BE,S,2022,657.04774
BE,S,2023,653.1306
BE,S,2024,662.60084
BG,S,2020,17.83463
BG,S,2021,21.30229
BG,S,2022,41.46979
BG,S,2023,41.95169
BG,S,2024,43.39615
CH,S,2020,255.06762
CH,S,2021,289.54536
CH,S,2022,270.75205
CH,S,2023,270.99425
CY,S,2020,15.35393
CY,S,2021,20.74726
CY,S,2022,20.0364
CY,S,2023,22.30902
CY,S,2024,22.36079
CZ,S,2020,30.05989
CZ,S,2021,29.27977
CZ,S,2022,33.83193
CZ,S,2023,34.07271
CZ,S,2024,34.88204
DE,S,2020,1446.43203
DE,S,2021,1398.50881
DE,S,2022,1336.78617
DE,S,2023,1266.67884
DE,S,2024,1244.82915
DK,S,2020,65.04446
DK,S,2021,66.58062
DK,S,2022,63.81492
DK,S,2023,61.89541
DK,S,2024,58.56603
EE,S,2020,13.11917
EE,S,2021,10.74987
EE,S,2022,12.75672
EE,S,2023,12.42569
EE,S,2024,14.57585
EL,S,2020,57.73807
EL,S,2021,48.80628
EL,S,2022,42.69936
EL,S,2023,47.60609
EL,S,2024,47.22833
ES,S,2020,565.97292
ES,S,2021,680.34474
ES,S,2022,693.63712
ES,S,2023,708.92929
ES,S,2024,729.37461
EU27_2020,S,2020,6562.13876
EU27_2020,S,2021,6900.86227
EU27_2020,S,2022,6845.1634
EU27_2020,S,2023,6633.96089
EU27_2020,S,2024,6711.31994
FI,S,2020,80.44334
FI,S,2021,63.73295
FI,S,2022,119.53459
FI,S,2023,127.03347
FI,S,2024,119.40822
FR,S,2020,1117.88819
FR,S,2021,1134.46325
FR,S,2022,1098.71577
FR,S,2023,972.75609
FR,S,2024,966.92787
HR,S,2020,104.87277
HR,S,2021,116.70869
HR,S,2022,118.81177
HR,S,2023,125.13677
HR,S,2024,130.88103
HU,S,2020,127.08868
HU,S,2021,137.70199
HU,S,2022,125.74509
HU,S,2023,106.09151
HU,S,2024,105.36473
IE,S,2020,82.98003
IE,S,2021,107.46584
IE,S,2022,125.68498
IE,S,2023,141.38081
IE,S,2024,140.03425
IS,S,2020,1.36745
IS,S,2021,1.46267
IS,S,2022,1.62862
IS,S,2023,1.68445
IS,S,2024,1.76139
IT,S,2020,509.10914
IT,S,2021,623.63985
IT,S,2022,605.07676
IT,S,2023,600.59912
IT,S,2024,612.42705
LT,S,2020,16.8612
LT,S,2021,17.80676
LT,S,2022,16.82249
LT,S,2023,18.24375
LT,S,2024,20.05847
LU,S,2020,8.76661
LU,S,2021,7.35207
LU,S,2022,7.1549
LU,S,2023,5.78389
LU,S,2024,5.59253
LV,S,2020,10.85143
LV,S,2021,8.94879
LV,S,2022,10.79489
LV,S,2023,16.61565
LV,S,2024,16.6538
MT,S,2020,11.40693
MT,S,2021,12.73718
MT,S,2022,16.31834
MT,S,2023,15.56284
MT,S,2024,15.39091
NL,S,2020,368.94984
NL,S,2021,389.14637
NL,S,2022,377.08746
NL,S,2023,355.9449
NL,S,2024,331.75524
NO,S,2020,44.40852
NO,S,2021,46.04124
NO,S,2022,51.55184
NO,S,2023,60.77262
NO,S,2024,61.98482
PL,S,2020,403.48385
PL,S,2021,468.96302
PL,S,2022,454.11638
PL,S,2023,430.92578
PL,S,2024,409.80631
PT,S,2020,56.2534
PT,S,2021,56.8753
PT,S,2022,56.8002
PT,S,2023,65.7052
PT,S,2024,64.66509
RO,S,2020,338.57379
RO,S,2021,362.69047
RO,S,2022,388.92976
RO,S,2023,401.97749
RO,S,2024,507.22879
RS,S,2020,33.94904
RS,S,2021,36.07754
RS,S,2022,41.24249
RS,S,2023,39.46248
SE,S,2020,92.8568
SE,S,2021,90.35588
SE,S,2022,79.02852
SE,S,2023,76.17115
SE,S,2024,91.2004
SI,S,2020,60.7214
SI,S,2021,56.07978
SI,S,2022,58.06607
SI,S,2023,61.33483
SI,S,2024,63.9312
SK,S,2020,129.59437
SK,S,2021,140.13092
SK,S,2022,131.17445
SK,S,2023,121.59628
SK,S,2024,116.30357
TR,S,2020,703.06235
TR,S,2021,741.65934
TR,S,2022,781.09683
TR,S,2023,797.21061
AT,S94,2020,103.79468
AT,S94,2021,77.61975
AT,S94,2022,82.01423
AT,S94,2023,76.95032
AT,S94,2024,73.70028
BE,S94,2020,112.56613
BE,S94,2021,129.21622
BE,S94,2022,145.19968
BE,S94,2023,151.06726
BE,S94,2024,153.2224
BG,S94,2020,8.61268
BG,S94,2021,9.23708
BG,S94,2022,21.60998
BG,S94,2023,22.18798
BG,S94,2024,22.99544
CH,S94,2020,142.43414
CH,S94,2021,165.08078
CH,S94,2022,134.83787
CH,S94,2023,142.13854
CY,S94,2020,4.59334
CY,S94,2021,2.946
CY,S94,2022,3.17539
CY,S94,2023,3.29913
CY,S94,2024,3.3077
CZ,S94,2020,6.9403
CZ,S94,2021,5.94775
CZ,S94,2022,7.40374
CZ,S94,2023,7.56115
CZ,S94,2024,7.76996
DE,S94,2020,717.30589
DE,S94,2021,680.3553
DE,S94,2022,664.71058
DE,S94,2023,630.88578
DE,S94,2024,619.76768
DK,S94,2020,17.92479
DK,S94,2021,19.72107
DK,S94,2022,17.56095
DK,S94,2023,17.03256
DK,S94,2024,16.11613
EE,S94,2020,3.64113
EE,S94,2021,2.34656
EE,S94,2022,2.43243
EE,S94,2023,2.38963
EE,S94,2024,2.745
EL,S94,2020,50.53227
EL,S94,2021,40.50233
EL,S94,2022,34.57844
EL,S94,2023,37.36689
EL,S94,2024,37.10318
ES,S94,2020,104.55713
ES,S94,2021,111.02936
ES,S94,2022,105.91029
ES,S94,2023,105.43557
ES,S94,2024,109.35249
EU27_2020,S94,2020,2126.28795
EU27_2020,S94,2021,2167.07697
EU27_2020,S94,2022,2151.83444
EU27_2020,S94,2023,2085.81931
EU27_2020,S94,2024,2067.49732
FI,S94,2020,40.20033
FI,S94,2021,52.43656
FI,S94,2022,75.54453
FI,S94,2023,83.42344
FI,S94,2024,78.8654
FR,S94,2020,294.29057
FR,S94,2021,299.01127
FR,S94,2022,281.05009
FR,S94,2023,251.71312
FR,S94,2024,251.35127
HR,S94,2020,11.97644
HR,S94,2021,13.21183
HR,S94,2022,13.00439
HR,S94,2023,13.26344
HR,S94,2024,13.87247
HU,S94,2020,35.95772
HU,S94,2021,41.07247
HU,S94,2022,41.54674
HU,S94,2023,36.32524
HU,S94,2024,36.06524
IE,S94,2020,15.092
IE,S94,2021,16.24318
IE,S94,2022,24.79732
IE,S94,2023,22.1042
IE,S94,2024,21.89862
IS,S94,2020,0.66038
IS,S94,2021,0.71425
IS,S94,2022,0.76693
IS,S94,2023,0.7385
IS,S94,2024,0.71173
IT,S94,2020,66.92889
IT,S94,2021,78.33276
IT,S94,2022,87.19132
IT,S94,2023,87.59557
IT,S94,2024,88.84064
LT,S94,2020,5.06793
LT,S94,2021,6.23289
LT,S94,2022,6.06353
LT,S94,2023,4.87809
LT,S94,2024,5.29004
LU,S94,2020,2.21506
LU,S94,2021,3.0201
LU,S94,2022,2.22122
LU,S94,2023,2.12121
LU,S94,2024,2.05282
LV,S94,2020,2.47839
LV,S94,2021,4.34031
LV,S94,2022,3.22988
LV,S94,2023,4.11369
LV,S94,2024,4.10024
MT,S94,2020,4.18744
MT,S94,2021,4.63398
MT,S94,2022,5.94994
MT,S94,2023,5.64712
MT,S94,2024,5.59618
NL,S94,2020,221.91425
NL,S94,2021,236.13679
NL,S94,2022,222.04659
NL,S94,2023,209.73432
NL,S94,2024,198.74368
NO,S94,2020,0.87394
NO,S94,2021,0.84759
NO,S94,2022,1.01222
NO,S94,2023,2.43616
NO,S94,2024,2.54948
PL,S94,2020,104.56464
PL,S94,2021,132.27847
PL,S94,2022,107.83554
PL,S94,2023,109.34943
PL,S94,2024,103.97751
PT,S94,2020,27.398
PT,S94,2021,24.6417
PT,S94,2022,26.8544
PT,S94,2023,37.056
PT,S94,2024,36.46695
RO,S94,2020,37.04564
RO,S94,2021,39.61703
RO,S94,2022,42.09301
RO,S94,2023,43.98087
RO,S94,2024,55.48583
RS,S94,2020,12.70082
RS,S94,2021,13.74976
RS,S94,2022,15.75361
RS,S94,2023,14.98667
SE,S94,2020,11.54114
SE,S94,2021,10.80798
SE,S94,2022,9.69998
SE,S94,2023,9.57304
SE,S94,2024,11.80739
SI,S94,2020,7.17288
SI,S94,2021,6.52817
SI,S94,2022,7.92691
SI,S94,2023,8.5872
SI,S94,2024,8.96002
SK,S94,2020,107.78829
SK,S94,2021,119.61006
SK,S94,2022,110.18335
SK,S94,2023,102.17705
SK,S94,2024,98.04278
TR,S94,2020,141.81461
TR,S94,2021,149.06143
TR,S94,2022,157.4216
TR,S94,2023,160.12128
AT,S95,2020,3.39771
AT,S95,2021,1.88221
AT,S95,2022,2.30686
AT,S95,2023,2.36017
AT,S95,2024,2.27861
BE,S95,2020,55.43889
BE,S95,2021,50.31805
BE,S95,2022,49.08923
BE,S95,2023,47.31625
BE,S95,2024,47.53175
BG,S95,2020,6.70191
BG,S95,2021,1.51145
BG,S95,2022,3.05851
BG,S95,2023,2.84698
BG,S95,2024,2.95564
CH,S95,2020,6.08343
CH,S95,2021,7.6377
CH,S95,2022,11.91267
CH,S95,2023,11.14101
CY,S95,2020,1.21295
CY,S95,2021,1.90151
CY,S95,2022,1.35603
CY,S95,2023,1.02131
CY,S95,2024,1.02361
CZ,S95,2020,1.81366
CZ,S95,2021,1.38766
CZ,S95,2022,2.22681
CZ,S95,2023,2.18617
CZ,S95,2024,2.29475
DE,S95,2020,40.52932
DE,S95,2021,40.21879
DE,S95,2022,37.91681
DE,S95,2023,34.14973
DE,S95,2024,33.6678
DK,S95,2020,17.23243
DK,S95,2021,17.12187
DK,S95,2022,16.71859
DK,S95,2023,15.77063
DK,S95,2024,14.92334
EE,S95,2020,0.76203
EE,S95,2021,0.754
EE,S95,2022,0.74223
EE,S95,2023,0.88437
EE,S95,2024,0.97613
EL,S95,2020,4.05897
EL,S95,2021,5.46885
EL,S95,2022,4.80554
EL,S95,2023,5.89833
EL,S95,2024,5.80201
ES,S95,2020,63.18623
ES,S95,2021,80.06693
ES,S95,2022,80.59104
ES,S95,2023,75.19015
ES,S95,2024,76.97505
EU27_2020,S95,2020,849.07895
EU27_2020,S95,2021,895.64333
EU27_2020,S95,2022,922.17836
EU27_2020,S95,2023,907.07002
EU27_2020,S95,2024,982.37587
FI,S95,2020,0.0
FI,S95,2021,0.0
FI,S95,2022,0.01644
FI,S95,2023,0.03067
FI,S95,2024,0.02893
FR,S95,2020,147.26253
FR,S95,2021,156.35377
FR,S95,2022,156.28517
FR,S95,2023,146.19157
FR,S95,2024,145.56202
HR,S95,2020,52.10732
HR,S95,2021,59.00745
HR,S95,2022,59.89743
HR,S95,2023,63.61447
HR,S95,2024,66.18268
HU,S95,2020,10.10442
HU,S95,2021,10.57322
HU,S95,2022,10.30805
HU,S95,2023,8.70199
HU,S95,2024,8.643
IE,S95,2020,2.18363
IE,S95,2021,1.38771
IE,S95,2022,2.96458
IE,S95,2023,5.18584
IE,S95,2024,5.1348
IS,S95,2020,0.17463
IS,S95,2021,0.16674
IS,S95,2022,0.17825
IS,S95,2023,0.24299
IS,S95,2024,0.14706
IT,S95,2020,83.44223
IT,S95,2021,103.96985
IT,S95,2022,100.85506
IT,S95,2023,100.98211
IT,S95,2024,104.10319
LT,S95,2020,1.37856
LT,S95,2021,1.2851
LT,S95,2022,1.61606
LT,S95,2023,1.61244
LT,S95,2024,1.59243
LU,S95,2020,1.41647
LU,S95,2021,0.60873
LU,S95,2022,0.60853
LU,S95,2023,0.14155
LU,S95,2024,0.13793
LV,S95,2020,0.39293
LV,S95,2021,0.48894
LV,S95,2022,0.70438
LV,S95,2023,0.70696
LV,S95,2024,0.67633
MT,S95,2020,0.60646
MT,S95,2021,0.68084
MT,S95,2022,0.87155
MT,S95,2023,0.83339
MT,S95,2024,0.83568
NL,S95,2020,19.78214
NL,S95,2021,16.08892
NL,S95,2022,16.11776
NL,S95,2023,16.82264
NL,S95,2024,15.791
NO,S95,2020,6.78963
NO,S95,2021,4.67535
NO,S95,2022,4.56351
NO,S95,2023,3.86104
NO,S95,2024,4.12979
PL,S95,2020,88.94778
PL,S95,2021,82.49234
PL,S95,2022,97.11393
PL,S95,2023,91.32494
PL,S95,2024,87.79785
PT,S95,2020,8.6283
PT,S95,2021,9.1049
PT,S95,2022,8.2813
PT,S95,2023,9.0603
PT,S95,2024,8.91886
RO,S95,2020,208.2543
RO,S95,2021,224.13622
RO,S95,2022,241.73251
RO,S95,2023,249.38911
RO,S95,2024,321.77514
RS,S95,2020,6.05598
RS,S95,2021,6.3457
RS,S95,2022,6.99088
RS,S95,2023,6.39701
SE,S95,2020,15.37567
SE,S95,2021,14.31179
SE,S95,2022,11.02888
SE,S95,2023,10.48794
SE,S95,2024,12.49971
SI,S95,2020,7.42579
SI,S95,2021,7.94729
SI,S95,2022,8.21042
SI,S95,2023,8.04069
SI,S95,2024,8.46741
SK,S95,2020,7.43633
SK,S95,2021,6.57496
SK,S95,2022,6.75466
SK,S95,2023,6.31933
SK,S95,2024,5.80019
TR,S95,2020,157.21382
TR,S95,2021,171.49001
TR,S95,2022,176.0559
TR,S95,2023,185.44924
AT,S96,2020,89.28029
AT,S96,2021,66.36606
AT,S96,2022,68.89976
AT,S96,2023,62.79152
AT,S96,2024,59.89781
BE,S96,2020,465.40417
BE,S96,2021,504.34124
BE,S96,2022,462.75883
BE,S96,2023,454.74709
BE,S96,2024,461.84669
BG,S96,2020,2.52004
BG,S96,2021,10.55377
BG,S96,2022,16.8013
BG,S96,2023,16.91674
BG,S96,2024,17.44508
CH,S96,2020,106.55005
CH,S96,2021,116.82688
CH,S96,2022,124.00151
CH,S96,2023,117.7147
CY,S96,2020,9.54764
CY,S96,2021,15.89975
CY,S96,2022,15.50499
CY,S96,2023,17.98858
CY,S96,2024,18.02949
CZ,S96,2020,21.30594
CZ,S96,2021,21.94437
CZ,S96,2022,24.20137
CZ,S96,2023,24.32539
CZ,S96,2024,24.81733
DE,S96,2020,688.59682
DE,S96,2021,677.93472
DE,S96,2022,634.15877
DE,S96,2023,601.64334
DE,S96,2024,591.39367
DK,S96,2020,29.88724
DK,S96,2021,29.73768
DK,S96,2022,29.53539
DK,S96,2023,29.09221
DK,S96,2024,27.52656
EE,S96,2020,8.71601
EE,S96,2021,7.64931
EE,S96,2022,9.58206
EE,S96,2023,9.15169
EE,S96,2024,10.85471
EL,S96,2020,3.14683
EL,S96,2021,2.8351
EL,S96,2022,3.31538
EL,S96,2023,4.34087
EL,S96,2024,4.32314
ES,S96,2020,398.22956
ES,S96,2021,489.24845
ES,S96,2022,507.13579
ES,S96,2023,528.30357
ES,S96,2024,543.04708
EU27_2020,S96,2020,3586.77186
EU27_2020,S96,2021,3838.14197
EU27_2020,S96,2022,3771.15061
EU27_2020,S96,2023,3641.07156
EU27_2020,S96,2024,3661.44676
FI,S96,2020,40.24301
FI,S96,2021,11.29639
FI,S96,2022,43.97361
FI,S96,2023,43.57936
FI,S96,2024,40.51388
FR,S96,2020,676.33509
FR,S96,2021,679.0982
FR,S96,2022,661.38051
FR,S96,2023,574.8514
FR,S96,2024,570.01457
HR,S96,2020,40.78902
HR,S96,2021,44.48941
HR,S96,2022,45.90995
HR,S96,2023,48.25886
HR,S96,2024,50.82588
HU,S96,2020,81.02654
HU,S96,2021,86.0563
HU,S96,2022,73.8903
HU,S96,2023,61.06429
HU,S96,2024,60.65649
IE,S96,2020,65.7044
IE,S96,2021,89.83495
IE,S96,2022,97.92308
IE,S96,2023,114.09076
IE,S96,2024,113.00084
IS,S96,2020,0.53243
IS,S96,2021,0.58167
IS,S96,2022,0.68344
IS,S96,2023,0.70296
IS,S96,2024,0.90259
IT,S96,2020,358.73802
IT,S96,2021,441.33725
IT,S96,2022,417.03038
IT,S96,2023,412.02145
IT,S96,2024,419.48322
LT,S96,2020,10.41472
LT,S96,2021,10.28877
LT,S96,2022,9.1429
LT,S96,2023,11.75322
LT,S96,2024,13.176
LU,S96,2020,5.13509
LU,S96,2021,3.72323
LU,S96,2022,4.32515
LU,S96,2023,3.52114
LU,S96,2024,3.40178
LV,S96,2020,7.98011
LV,S96,2021,4.11954
LV,S96,2022,6.86062
LV,S96,2023,11.795
LV,S96,2024,11.87723
MT,S96,2020,6.61302
MT,S96,2021,7.42236
MT,S96,2022,9.49686
MT,S96,2023,9.08234
MT,S96,2024,8.95905
NL,S96,2020,127.25344
NL,S96,2021,136.92066
NL,S96,2022,138.92312
NL,S96,2023,129.38793
NL,S96,2024,117.22056
NO,S96,2020,36.74495
NO,S96,2021,40.51831
NO,S96,2022,45.97611
NO,S96,2023,54.47541
NO,S96,2024,55.30556
PL,S96,2020,209.97143
PL,S96,2021,254.19221
PL,S96,2022,249.16691
PL,S96,2023,230.25141
PL,S96,2024,218.03094
PT,S96,2020,20.2271
PT,S96,2021,23.1287
PT,S96,2022,21.6645
PT,S96,2023,19.5889
PT,S96,2024,19.27928
RO,S96,2020,93.27386
RO,S96,2021,98.93722
RO,S96,2022,105.10425
RO,S96,2023,108.60752
RO,S96,2024,129.96782
RS,S96,2020,15.19223
RS,S96,2021,15.98209
RS,S96,2022,18.498
RS,S96,2023,18.07881
SE,S96,2020,65.93999
SE,S96,2021,65.23611
SE,S96,2022,58.29965
SE,S96,2023,56.11017
SE,S96,2024,66.8933
SI,S96,2020,46.12273
SI,S96,2021,41.60432
SI,S96,2022,41.92874
SI,S96,2023,44.70694
SI,S96,2024,46.50377
SK,S96,2020,14.36976
SK,S96,2021,13.9459
SK,S96,2022,14.23645
SK,S96,2023,13.0999
SK,S96,2024,12.4606
TR,S96,2020,404.03392
TR,S96,2021,421.1079
TR,S96,2022,447.61933
TR,S96,2023,451.64009
AT,T,2020,0.0
AT,T,2021,0.0
AT,T,2022,0.0
AT,T,2023,0.0
AT,T,2024,0.0
BE,T,2020,77.98227
BE,T,2021,94.12245
BE,T,2022,82.62372
BE,T,2023,84.37306
BE,T,2024,92.52851
BG,T,2020,0.0
BG,T,2021,0.0
BG,T,2022,0.0
BG,T,2023,0.0
BG,T,2024,0.0
CH,T,2020,0.0
CH,T,2021,0.0
CH,T,2022,0.0
CH,T,2023,0.0
CY,T,2020,3.33356
CY,T,2021,3.02266
CY,T,2022,3.25046
CY,T,2023,2.7782
CY,T,2024,2.78417
CZ,T,2020,0.0
CZ,T,2021,0.0
CZ,T,2022,0.0
CZ,T,2023,0.0
CZ,T,2024,0.0
DE,T,2020,55.73655
DE,T,2021,55.02201
DE,T,2022,52.59839
DE,T,2023,49.6905
DE,T,2024,50.17083
DK,T,2020,0.00077
DK,T,2021,0.00107
DK,T,2022,0.00094
DK,T,2023,0.00097
DK,T,2024,0.00101
EE,T,2020,0.0
EE,T,2021,0.0
EE,T,2022,0.0
EE,T,2023,0.0
EE,T,2024,0.0
EL,T,2020,0.0
EL,T,2021,0.0
EL,T,2022,0.0
EL,T,2023,0.0
EL,T,2024,0.0
ES,T,2020,43.95434
ES,T,2021,56.78406
ES,T,2022,58.47905
ES,T,2023,57.29899
ES,T,2024,58.50238
EU27_2020,T,2020,233.20379
EU27_2020,T,2021,261.53609
EU27_2020,T,2022,247.09461
EU27_2020,T,2023,244.41768
EU27_2020,T,2024,258.34608
FI,T,2020,0.04833
FI,T,2021,0.0519
FI,T,2022,0.03134
FI,T,2023,0.04846
FI,T,2024,0.04449
FR,T,2020,20.12519
FR,T,2021,18.86546
FR,T,2022,18.1293
FR,T,2023,17.25741
FR,T,2024,19.9607
HR,T,2020,31.38076
HR,T,2021,32.93534
HR,T,2022,31.46494
HR,T,2023,32.36855
HR,T,2024,33.85281
HU,T,2020,0.0305
HU,T,2021,0.02682
HU,T,2022,0.02532
HU,T,2023,0.02407
HU,T,2024,0.02348
IE,T,2020,0.0
IE,T,2021,0.0
IE,T,2022,0.0
IE,T,2023,0.0
IE,T,2024,0.0
IS,T,2020,0.0
IS,T,2021,0.0
IS,T,2022,0.0
IS,T,2023,0.0
IS,T,2024,0.0
IT,T,2020,0.0
IT,T,2021,0.0
IT,T,2022,0.0
IT,T,2023,0.0
IT,T,2024,0.0
LT,T,2020,0.25929
LT,T,2021,0.35425
LT,T,2022,0.14568
LT,T,2023,0.22673
LT,T,2024,0.17448
LU,T,2020,0.0
LU,T,2021,0.0
LU,T,2022,0.0
LU,T,2023,0.0
LU,T,2024,0.0
LV,T,2020,0.0
LV,T,2021,0.0
LV,T,2022,0.0
LV,T,2023,0.0
LV,T,2024,0.0
MT,T,2020,0.04339
MT,T,2021,0.04418
MT,T,2022,0.04786
MT,T,2023,0.0494
MT,T,2024,0.04974
NL,T,2020,0.0
NL,T,2021,0.0
NL,T,2022,0.0
NL,T,2023,0.0
NL,T,2024,0.0
NO,T,2020,0.19272
NO,T,2021,0.47602
NO,T,2022,0.34855
NO,T,2023,0.44405
NO,T,2024,0.82517
PL,T,2020,0.0
PL,T,2021,0.0
PL,T,2022,0.0
PL,T,2023,0.0
PL,T,2024,0.0
PT,T,2020,0.0
PT,T,2021,0.0
PT,T,2022,0.0
PT,T,2023,0.0
PT,T,2024,0.0
RO,T,2020,0.0
RO,T,2021,0.0
RO,T,2022,0.0
RO,T,2023,0.0
RO,T,2024,0.0
RS,T,2020,0.0
RS,T,2021,0.0
RS,T,2022,0.0
RS,T,2023,0.0
SE,T,2020,0.02048
SE,T,2021,0.02017
SE,T,2022,0.01428
SE,T,2023,0.01943
SE,T,2024,0.02316
SI,T,2020,0.0
SI,T,2021,0.0
SI,T,2022,0.0
SI,T,2023,0.0
SI,T,2024,0.0
SK,T,2020,0.28835
SK,T,2021,0.28572
SK,T,2022,0.28335
SK,T,2023,0.2819
SK,T,2024,0.23032
TR,T,2020,28.47774
TR,T,2021,30.18929
TR,T,2022,31.67451
TR,T,2023,32.479
AT,TOTAL,2020,54355.27752
AT,TOTAL,2021,56661.05573
AT,TOTAL,2022,57470.29325
AT,TOTAL,2023,54285.66668
AT,TOTAL,2024,54089.40246
BE,TOTAL,2020,86173.77439
BE,TOTAL,2021,87431.26996
BE,TOTAL,2022,84425.13592
BE,TOTAL,2023,79838.98101
BE,TOTAL,2024,81032.81545
BG,TOTAL,2020,45673.75936
BG,TOTAL,2021,51853.62555
BG,TOTAL,2022,54320.04032
BG,TOTAL,2023,41026.46458
BG,TOTAL,2024,40056.40597
CH,TOTAL,2020,30371.85686
CH,TOTAL,2021,31384.79959
CH,TOTAL,2022,31491.97192
CH,TOTAL,2023,31817.32016
CY,TOTAL,2020,6915.38945
CY,TOTAL,2021,6864.69796
CY,TOTAL,2022,6997.48169
CY,TOTAL,2023,7168.21215
CY,TOTAL,2024,7287.08434
CZ,TOTAL,2020,88494.1762
CZ,TOTAL,2021,93852.27654
CZ,TOTAL,2022,93560.73867
CZ,TOTAL,2023,82800.06065
CZ,TOTAL,2024,78695.32103
DE,TOTAL,2020,573924.23342
DE,TOTAL,2021,614397.64024
DE,TOTAL,2022,614452.34185
DE,TOTAL,2023,544981.89504
DE,TOTAL,2024,530134.37161
DK,TOTAL,2020,75261.26699
DK,TOTAL,2021,83374.1682
DK,TOTAL,2022,79112.3253
DK,TOTAL,2023,74989.75671
DK,TOTAL,2024,80406.75206
EE,TOTAL,2020,10552.52852
EE,TOTAL,2021,11737.73868
EE,TOTAL,2022,13358.66202
EE,TOTAL,2023,9946.27211
EE,TOTAL,2024,9596.50198
EL,TOTAL,2020,77389.95233
EL,TOTAL,2021,78284.46652
EL,TOTAL,2022,73572.99841
EL,TOTAL,2023,69905.11518
EL,TOTAL,2024,67876.10727
ES,TOTAL,2020,214960.66653
ES,TOTAL,2021,228806.44517
ES,TOTAL,2022,236508.60677
ES,TOTAL,2023,216647.57847
ES,TOTAL,2024,215732.40987
EU27_2020,TOTAL,2020,2766805.03651
EU27_2020,TOTAL,2021,2925261.18204
EU27_2020,TOTAL,2022,2895512.14546
EU27_2020,TOTAL,2023,2664596.80908
EU27_2020,TOTAL,2024,2625704.37328
FI,TOTAL,2020,43658.39844
FI,TOTAL,2021,43676.12663
FI,TOTAL,2022,42953.76374
FI,TOTAL,2023,39411.84649
FI,TOTAL,2024,37076.23342
FR,TOTAL,2020,318501.23263
FR,TOTAL,2021,334083.31776
FR,TOTAL,2022,327995.26339
FR,TOTAL,2023,308243.91928
FR,TOTAL,2024,304994.90689
HR,TOTAL,2020,18214.61999
HR,TOTAL,2021,18361.71821
HR,TOTAL,2022,18358.68988
HR,TOTAL,2023,18854.43167
HR,TOTAL,2024,17749.16966
HU,TOTAL,2020,50845.03345
HU,TOTAL,2021,51301.95859
HU,TOTAL,2022,49706.93322
HU,TOTAL,2023,44809.42421
HU,TOTAL,2024,46074.39273
IE,TOTAL,2020,53002.39855
IE,TOTAL,2021,55789.57254
IE,TOTAL,2022,63407.93421
IE,TOTAL,2023,61925.76252
IE,TOTAL,2024,60844.49572
IS,TOTAL,2020,4997.39076
IS,TOTAL,2021,5002.72337
IS,TOTAL,2022,6030.24211
IS,TOTAL,2023,6700.55755
IS,TOTAL,2024,5886.86749
IT,TOTAL,2020,293062.67711
IT,TOTAL,2021,312434.63788
IT,TOTAL,2022,314569.76529
IT,TOTAL,2023,295943.45423
IT,TOTAL,2024,282688.39917
LT,TOTAL,2020,22016.71656
LT,TOTAL,2021,22195.39912
LT,TOTAL,2022,20847.69367
LT,TOTAL,2023,20674.21414
LT,TOTAL,2024,20957.86009
LU,TOTAL,2020,8274.031
LU,TOTAL,2021,8306.7385
LU,TOTAL,2022,8348.56552
LU,TOTAL,2023,7786.63039
LU,TOTAL,2024,7957.53809
LV,TOTAL,2020,9427.83134
LV,TOTAL,2021,9805.77464
LV,TOTAL,2022,9721.97976
LV,TOTAL,2023,9715.67329
LV,TOTAL,2024,9576.62349
MT,TOTAL,2020,2448.98575
MT,TOTAL,2021,2947.11131
MT,TOTAL,2022,3520.52601
MT,TOTAL,2023,5021.98186
MT,TOTAL,2024,6589.38002
NL,TOTAL,2020,152960.06218
NL,TOTAL,2021,154241.73236
NL,TOTAL,2022,147296.78376
NL,TOTAL,2023,139355.70508
NL,TOTAL,2024,139408.44551
NO,TOTAL,2020,60311.82739
NO,TOTAL,2021,58135.89648
NO,TOTAL,2022,62748.62213
NO,TOTAL,2023,61374.55472
NO,TOTAL,2024,58470.39666
PL,TOTAL,2020,334097.94687
PL,TOTAL,2021,364929.43213
PL,TOTAL,2022,350928.24966
PL,TOTAL,2023,318972.74937
PL,TOTAL,2024,306209.62458
PT,TOTAL,2020,49777.99666
PT,TOTAL,2021,49490.4094
PT,TOTAL,2022,50241.18011
PT,TOTAL,2023,46263.78223
PT,TOTAL,2024,44815.63889
RO,TOTAL,2020,93614.75641
RO,TOTAL,2021,95730.55427
RO,TOTAL,2022,90399.7102
RO,TOTAL,2023,84163.16181
RO,TOTAL,2024,93872.22325
RS,TOTAL,2020,55547.30053
RS,TOTAL,2021,53157.88223
RS,TOTAL,2022,53555.56618
RS,TOTAL,2023,52992.23582
SE,TOTAL,2020,40258.93697
SE,TOTAL,2021,42267.02709
SE,TOTAL,2022,42051.30285
SE,TOTAL,2023,41463.98299
SE,TOTAL,2024,43568.40211
SI,TOTAL,2020,12694.09182
SI,TOTAL,2021,12408.4675
SI,TOTAL,2022,11378.68233
SI,TOTAL,2023,11032.27378
SI,TOTAL,2024,11562.1326
SK,TOTAL,2020,30248.29604
SK,TOTAL,2021,34027.81956
SK,TOTAL,2022,30006.49768
SK,TOTAL,2023,29367.81316
SK,TOTAL,2024,26851.73502
TR,TOTAL,2020,438762.37555
TR,TOTAL,2021,477932.87883
TR,TOTAL,2022,471954.63433
TR,TOTAL,2023,458937.9419
AT,TOTAL_HH,2020,69285.76064
AT,TOTAL_HH,2021,72863.97967
AT,TOTAL_HH,2022,72670.55343
AT,TOTAL_HH,2023,68812.94365
AT,TOTAL_HH,2024,67999.19506
AT,TOTAL_HH,2025,68368.814
BE,TOTAL_HH,2020,108514.32213
BE,TOTAL_HH,2021,110425.69227
BE,TOTAL_HH,2022,105462.01623
BE,TOTAL_HH,2023,101324.72867
BE,TOTAL_HH,2024,102804.11685
BE,TOTAL_HH,2025,105433.127
BG,TOTAL_HH,2020,49467.5739
BG,TOTAL_HH,2021,55903.37067
BG,TOTAL_HH,2022,60266.23428
BG,TOTAL_HH,2023,46932.36528
BG,TOTAL_HH,2024,46186.14908
BG,TOTAL_HH,2025,48591.642
CH,TOTAL_HH,2020,45319.60831
CH,TOTAL_HH,2021,48016.12807
CH,TOTAL_HH,2022,47094.91261
CH,TOTAL_HH,2023,46966.23497
CY,TOTAL_HH,2020,8545.99459
CY,TOTAL_HH,2021,8601.03559
CY,TOTAL_HH,2022,8773.07567
CY,TOTAL_HH,2023,8943.34775
CY,TOTAL_HH,2024,9065.14862
CY,TOTAL_HH,2025,9142.082
CZ,TOTAL_HH,2020,101982.64822
CZ,TOTAL_HH,2021,108111.60923
CZ,TOTAL_HH,2022,107070.65506
CZ,TOTAL_HH,2023,94837.62222
CZ,TOTAL_HH,2024,90851.00335
CZ,TOTAL_HH,2025,93166.421
DE,TOTAL_HH,2020,756236.62103
DE,TOTAL_HH,2021,793490.69425
DE,TOTAL_HH,2022,786316.61091
DE,TOTAL_HH,2023,710349.21068
DE,TOTAL_HH,2024,692801.3717
DE,TOTAL_HH,2025,696866.635
DK,TOTAL_HH,2020,82241.33479
DK,TOTAL_HH,2021,90207.94041
DK,TOTAL_HH,2022,85471.07466
DK,TOTAL_HH,2023,81204.5678
DK,TOTAL_HH,2024,86138.03622
DK,TOTAL_HH,2025,85885.293
EE,TOTAL_HH,2020,12349.75456
EE,TOTAL_HH,2021,13531.66053
EE,TOTAL_HH,2022,15123.95581
EE,TOTAL_HH,2023,11802.67075
EE,TOTAL_HH,2024,11643.01565
EE,TOTAL_HH,2025,11153.097
EL,TOTAL_HH,2020,89840.84129
EL,TOTAL_HH,2021,91001.14789
EL,TOTAL_HH,2022,87091.3476
EL,TOTAL_HH,2023,82000.65611
EL,TOTAL_HH,2024,79894.66332
EL,TOTAL_HH,2025,80188.512
ES,TOTAL_HH,2020,273911.25715
ES,TOTAL_HH,2021,293311.59518
ES,TOTAL_HH,2022,302397.6466
ES,TOTAL_HH,2023,280455.73304
ES,TOTAL_HH,2024,279908.95373
ES,TOTAL_HH,2025,285361.744
EU27_2020,TOTAL_HH,2020,3463646.22301
EU27_2020,TOTAL_HH,2021,3658438.37822
EU27_2020,TOTAL_HH,2022,3601287.49785
EU27_2020,TOTAL_HH,2023,3341204.64951
EU27_2020,TOTAL_HH,2024,3305379.99503
EU27_2020,TOTAL_HH,2025,3337014.778
FI,TOTAL_HH,2020,49303.81417
FI,TOTAL_HH,2021,49326.63004
FI,TOTAL_HH,2022,48432.67815
FI,TOTAL_HH,2023,44531.56991
FI,TOTAL_HH,2024,42294.89873
FI,TOTAL_HH,2025,40354.73
FR,TOTAL_HH,2020,421970.49189
FR,TOTAL_HH,2021,447215.20793
FR,TOTAL_HH,2022,434121.0488
FR,TOTAL_HH,2023,408224.01888
FR,TOTAL_HH,2024,404416.63621
FR,TOTAL_HH,2025,405089.004
HR,TOTAL_HH,2020,24151.30327
HR,TOTAL_HH,2021,24750.29301
HR,TOTAL_HH,2022,24940.84068
HR,TOTAL_HH,2023,25926.44175
HR,TOTAL_HH,2024,25124.87329
HR,TOTAL_HH,2025,24714.281
HU,TOTAL_HH,2020,66527.84276
HU,TOTAL_HH,2021,68460.89762
HU,TOTAL_HH,2022,66347.89025
HU,TOTAL_HH,2023,59630.39342
HU,TOTAL_HH,2024,60847.52032
HU,TOTAL_HH,2025,62508.995
IE,TOTAL_HH,2020,65856.61312
IE,TOTAL_HH,2021,68433.34989
IE,TOTAL_HH,2022,74825.21765
IE,TOTAL_HH,2023,72934.84234
IE,TOTAL_HH,2024,72035.88073
IE,TOTAL_HH,2025,72246.684
IS,TOTAL_HH,2020,5558.22865
IS,TOTAL_HH,2021,5577.77372
IS,TOTAL_HH,2022,6633.52146
IS,TOTAL_HH,2023,7262.35175
IS,TOTAL_HH,2024,6305.88581
IT,TOTAL_HH,2020,388916.45467
IT,TOTAL_HH,2021,422687.51349
IT,TOTAL_HH,2022,421920.8322
IT,TOTAL_HH,2023,397086.19998
IT,TOTAL_HH,2024,386098.64379
IT,TOTAL_HH,2025,385686.55
LT,TOTAL_HH,2020,26501.60556
LT,TOTAL_HH,2021,26779.0332
LT,TOTAL_HH,2022,25422.86532
LT,TOTAL_HH,2023,25140.87441
LT,TOTAL_HH,2024,25681.32536
LT,TOTAL_HH,2025,24976.299
LU,TOTAL_HH,2020,9928.8626
LU,TOTAL_HH,2021,9980.9101
LU,TOTAL_HH,2022,9908.45302
LU,TOTAL_HH,2023,9421.72669
LU,TOTAL_HH,2024,9538.88796
LU,TOTAL_HH,2025,9574.404
LV,TOTAL_HH,2020,11688.78154
LV,TOTAL_HH,2021,12051.37151
LV,TOTAL_HH,2022,11599.1384
LV,TOTAL_HH,2023,11575.00779
LV,TOTAL_HH,2024,11395.34176
LV,TOTAL_HH,2025,11328.283
MT,TOTAL_HH,2020,2754.99567
MT,TOTAL_HH,2021,3276.01158
MT,TOTAL_HH,2022,3871.22826
MT,TOTAL_HH,2023,5382.52527
MT,TOTAL_HH,2024,6951.28634
MT,TOTAL_HH,2025,7020.527
NL,TOTAL_HH,2020,181785.0715
NL,TOTAL_HH,2021,185481.10682
NL,TOTAL_HH,2022,175561.94299
NL,TOTAL_HH,2023,165633.1186
NL,TOTAL_HH,2024,165515.85123
NL,TOTAL_HH,2025,167954.831
NO,TOTAL_HH,2020,65415.69057
NO,TOTAL_HH,2021,63249.96585
NO,TOTAL_HH,2022,67736.12816
NO,TOTAL_HH,2023,65910.66036
NO,TOTAL_HH,2024,62814.16525
PL,TOTAL_HH,2020,388029.75517
PL,TOTAL_HH,2021,419431.90787
PL,TOTAL_HH,2022,402524.1903
PL,TOTAL_HH,2023,370624.17643
PL,TOTAL_HH,2024,355114.42145
PL,TOTAL_HH,2025,363631.992
PT,TOTAL_HH,2020,58751.83046
PT,TOTAL_HH,2021,58190.138
PT,TOTAL_HH,2022,57898.63491
PT,TOTAL_HH,2023,52725.74853
PT,TOTAL_HH,2024,51185.90599
PT,TOTAL_HH,2025,53155.447
RO,TOTAL_HH,2020,113649.4164
RO,TOTAL_HH,2021,117616.89896
RO,TOTAL_HH,2022,112045.84778
RO,TOTAL_HH,2023,106303.3756
RO,TOTAL_HH,2024,121442.31311
RO,TOTAL_HH,2025,125218.991
RS,TOTAL_HH,2020,63784.46633
RS,TOTAL_HH,2021,61987.47483
RS,TOTAL_HH,2022,62815.74379
RS,TOTAL_HH,2023,62538.12285
SE,TOTAL_HH,2020,48660.31615
SE,TOTAL_HH,2021,50681.9587
SE,TOTAL_HH,2022,49492.39685
SE,TOTAL_HH,2023,48754.01064
SE,TOTAL_HH,2024,51710.33767
SE,TOTAL_HH,2025,50997.711
SI,TOTAL_HH,2020,15819.94414
SI,TOTAL_HH,2021,15687.66101
SI,TOTAL_HH,2022,14832.40472
SI,TOTAL_HH,2023,14513.7267
SI,TOTAL_HH,2024,15223.71315
SI,TOTAL_HH,2025,14619.463
SK,TOTAL_HH,2020,36973.01563
SK,TOTAL_HH,2021,40938.76279
SK,TOTAL_HH,2022,36898.71731
SK,TOTAL_HH,2023,36133.04664
SK,TOTAL_HH,2024,33510.50434
SK,TOTAL_HH,2025,33779.223
TR,TOTAL_HH,2020,540781.95685
TR,TOTAL_HH,2021,586579.29203
TR,TOTAL_HH,2022,579336.43352
TR,TOTAL_HH,2023,569204.67393
AT,U,2020,0.0
AT,U,2021,0.0
AT,U,2022,0.0
AT,U,2023,0.0
AT,U,2024,0.0
BE,U,2020,0.0
BE,U,2021,0.0
BE,U,2022,0.0
BE,U,2023,0.0
BE,U,2024,0.0
BG,U,2020,6.35837
BG,U,2021,9.48081
BG,U,2022,8.44411
BG,U,2023,7.47837
BG,U,2024,7.47837
CH,U,2020,0.0
CH,U,2021,0.0
CH,U,2022,0.0
CH,U,2023,0.0
CY,U,2020,0.0
CY,U,2021,0.0
CY,U,2022,0.0
CY,U,2023,0.0
CY,U,2024,0.0
CZ,U,2020,0.0
CZ,U,2021,0.0
CZ,U,2022,0.0
CZ,U,2023,0.0
CZ,U,2024,0.0
DE,U,2020,0.0
DE,U,2021,0.0
DE,U,2022,0.0
DE,U,2023,0.0
DE,U,2024,0.0
DK,U,2020,0.0
DK,U,2021,0.0
DK,U,2022,0.0
DK,U,2023,0.0
DK,U,2024,0.0
EE,U,2020,0.0
EE,U,2021,0.0
EE,U,2022,0.0
EE,U,2023,0.0
EE,U,2024,0.0
EL,U,2020,0.0
EL,U,2021,0.0
EL,U,2022,0.0
EL,U,2023,0.0
EL,U,2024,0.0
ES,U,2020,0.0
ES,U,2021,0.0
ES,U,2022,0.0
ES,U,2023,0.0
ES,U,2024,0.0
EU27_2020,U,2020,9.97955
EU27_2020,U,2021,13.27156
EU27_2020,U,2022,12.42562
EU27_2020,U,2023,11.70197
EU27_2020,U,2024,11.64467
FI,U,2020,0.0
FI,U,2021,0.0
FI,U,2022,0.0
FI,U,2023,0.0
FI,U,2024,0.0
FR,U,2020,0.0
FR,U,2021,0.0
FR,U,2022,0.0
FR,U,2023,0.0
FR,U,2024,0.0
HR,U,2020,2.92109
HR,U,2021,3.15935
HR,U,2022,3.37957
HR,U,2023,3.60343
HR,U,2024,3.82183
HU,U,2020,0.0
HU,U,2021,0.0
HU,U,2022,0.0
HU,U,2023,0.0
HU,U,2024,0.0
IE,U,2020,0.0
IE,U,2021,0.0
IE,U,2022,0.0
IE,U,2023,0.0
IE,U,2024,0.0
IS,U,2020,0.20217
IS,U,2021,0.1842
IS,U,2022,0.17333
IS,U,2023,0.1793
IS,U,2024,0.10999
IT,U,2020,0.0
IT,U,2021,0.0
IT,U,2022,0.0
IT,U,2023,0.0
IT,U,2024,0.0
LT,U,2020,0.0
LT,U,2021,0.0
LT,U,2022,0.0
LT,U,2023,0.0
LT,U,2024,0.0
LU,U,2020,0.0
LU,U,2021,0.0
LU,U,2022,0.0
LU,U,2023,0.0
LU,U,2024,0.0
LV,U,2020,0.0
LV,U,2021,0.0
LV,U,2022,0.0
LV,U,2023,0.0
LV,U,2024,0.0
MT,U,2020,0.0
MT,U,2021,0.0
MT,U,2022,0.0
MT,U,2023,0.0
MT,U,2024,0.0
NL,U,2020,0.0
NL,U,2021,0.0
NL,U,2022,0.0
NL,U,2023,0.0
NL,U,2024,0.0
NO,U,2020,0.0
NO,U,2021,0.0
NO,U,2022,0.0
NO,U,2023,0.0
NO,U,2024,0.0
PL,U,2020,0.0
PL,U,2021,0.0
PL,U,2022,0.0
PL,U,2023,0.0
PL,U,2024,0.0
PT,U,2020,0.0
PT,U,2021,0.0
PT,U,2022,0.0
PT,U,2023,0.0
PT,U,2024,0.0
RO,U,2020,0.0
RO,U,2021,0.0
RO,U,2022,0.0
RO,U,2023,0.0
RO,U,2024,0.0
RS,U,2020,0.00172
RS,U,2021,0.00196
RS,U,2022,0.0021
RS,U,2023,0.00207
SE,U,2020,0.31542
SE,U,2021,0.29164
SE,U,2022,0.26814
SE,U,2023,0.28893
SE,U,2024,0.34447
SI,U,2020,0.0
SI,U,2021,0.0
SI,U,2022,0.0
SI,U,2023,0.0
SI,U,2024,0.0
SK,U,2020,0.38467
SK,U,2021,0.33976
SK,U,2022,0.3338
SK,U,2023,0.33124
SK,U,2024,0.0
TR,U,2020,11.59055
TR,U,2021,13.09536
TR,U,2022,13.09554
TR,U,2023,14.25195
