geo,prd_amo,time,value
AL,ADJ_P7,2014,0.0
AL,ADJ_P7,2016,0.0
AL,ADJ_P7,2017,0.0
AT,ADJ_P7,2014,0.0
AT,ADJ_P7,2015,0.0
AT,ADJ_P7,2016,0.0
BE,ADJ_P7,2014,0.0
BE,ADJ_P7,2015,0.0
BE,ADJ_P7,2016,0.0
BG,ADJ_P7,2014,0.0
CY,ADJ_P7,2014,0.0
CY,ADJ_P7,2015,0.0
CY,ADJ_P7,2016,0.0
CZ,ADJ_P7,2014,0.0
CZ,ADJ_P7,2015,0.0
CZ,ADJ_P7,2016,0.0
CZ,ADJ_P7,2017,0.0
CZ,ADJ_P7,2018,0.0
CZ,ADJ_P7,2019,0.0
DE,ADJ_P7,2015,0.0
DK,ADJ_P7,2014,0.0
DK,ADJ_P7,2015,0.0
DK,ADJ_P7,2016,0.0
EE,ADJ_P7,2014,0.0
EE,ADJ_P7,2015,0.0
EE,ADJ_P7,2016,0.0
EL,ADJ_P7,2014,0.0
EL,ADJ_P7,2015,0.0
EL,ADJ_P7,2016,0.0
ES,ADJ_P7,2014,0.0
ES,ADJ_P7,2015,0.0
ES,ADJ_P7,2016,0.0
EU27_2020,ADJ_P7,2014,0.0
EU27_2020,ADJ_P7,2015,0.0
EU27_2020,ADJ_P7,2016,0.0
EU27_2020,ADJ_P7,2018,0.0
FI,ADJ_P7,2014,0.0
FI,ADJ_P7,2015,0.0
FI,ADJ_P7,2016,0.0
FI,ADJ_P7,2017,0.0
FI,ADJ_P7,2018,0.0
FI,ADJ_P7,2019,0.0
FI,ADJ_P7,2020,0.0
FI,ADJ_P7,2021,0.0
FI,ADJ_P7,2022,0.0
FI,ADJ_P7,2023,0.0
HR,ADJ_P7,2014,0.0
HR,ADJ_P7,2015,0.0
HR,ADJ_P7,2016,0.0
HR,ADJ_P7,2017,0.0
HR,ADJ_P7,2018,0.0
HU,ADJ_P7,2014,0.0
HU,ADJ_P7,2015,0.0
HU,ADJ_P7,2016,0.0
HU,ADJ_P7,2017,0.0
IE,ADJ_P7,2014,0.0
IE,ADJ_P7,2015,0.0
IE,ADJ_P7,2016,0.0
IE,ADJ_P7,2017,0.0
IT,ADJ_P7,2014,0.0
IT,ADJ_P7,2015,0.0
IT,ADJ_P7,2016,0.0
LU,ADJ_P7,2014,0.0
LU,ADJ_P7,2015,0.0
LU,ADJ_P7,2016,0.0
LU,ADJ_P7,2017,0.0
LU,ADJ_P7,2018,0.0
LV,ADJ_P7,2014,0.0
LV,ADJ_P7,2015,0.0
LV,ADJ_P7,2016,0.0
MK,ADJ_P7,2015,0.0
MK,ADJ_P7,2016,0.0
MK,ADJ_P7,2017,0.0
MT,ADJ_P7,2014,0.0
MT,ADJ_P7,2015,0.0
NL,ADJ_P7,2014,0.0
NL,ADJ_P7,2015,0.0
NL,ADJ_P7,2016,0.0
NO,ADJ_P7,2014,0.0
NO,ADJ_P7,2015,0.0
NO,ADJ_P7,2016,0.0
NO,ADJ_P7,2017,0.0
NO,ADJ_P7,2018,0.0
NO,ADJ_P7,2019,0.0
NO,ADJ_P7,2020,0.0
NO,ADJ_P7,2021,0.0
NO,ADJ_P7,2022,0.0
NO,ADJ_P7,2023,0.0
PL,ADJ_P7,2014,0.0
PL,ADJ_P7,2015,0.0
PL,ADJ_P7,2016,0.0
PT,ADJ_P7,2014,0.0
PT,ADJ_P7,2015,0.0
PT,ADJ_P7,2016,0.0
PT,ADJ_P7,2017,0.0
RO,ADJ_P7,2014,0.0
RO,ADJ_P7,2015,0.0
RO,ADJ_P7,2016,0.0
RO,ADJ_P7,2017,0.0
RO,ADJ_P7,2019,0.0
RO,ADJ_P7,2021,0.0
RO,ADJ_P7,2022,0.0
RS,ADJ_P7,2015,0.0
RS,ADJ_P7,2016,0.0
RS,ADJ_P7,2017,0.0
RS,ADJ_P7,2018,0.0
SE,ADJ_P7,2014,0.0
SE,ADJ_P7,2015,0.0
SE,ADJ_P7,2016,0.0
SE,ADJ_P7,2017,0.0
SE,ADJ_P7,2018,0.0
SI,ADJ_P7,2014,0.0
SI,ADJ_P7,2015,0.0
SI,ADJ_P7,2016,0.0
SI,ADJ_P7,2017,0.0
SI,ADJ_P7,2023,0.0
SK,ADJ_P7,2014,0.0
SK,ADJ_P7,2015,0.0
SK,ADJ_P7,2016,0.0
AL,CPA_A01,2014,358.96
AL,CPA_A01,2015,397.85
AL,CPA_A01,2016,389.22
AL,CPA_A01,2017,381.24
AL,CPA_A01,2018,297.19
AL,CPA_A01,2019,388.1
AL,CPA_A01,2020,362.16
AL,CPA_A01,2021,405.06
AL,CPA_A01,2022,533.22
AL,CPA_A01,2023,651.07
AL,CPA_A01,2024,710.56
AT,CPA_A01,2014,1869.81
AT,CPA_A01,2015,1882.03
AT,CPA_A01,2016,1991.19
AT,CPA_A01,2017,1997.67
AT,CPA_A01,2018,2103.05
AT,CPA_A01,2019,2172.42
AT,CPA_A01,2020,2287.65
AT,CPA_A01,2021,2504.55
AT,CPA_A01,2022,2725.19
BE,CPA_A01,2014,4919.92
BE,CPA_A01,2015,4630.5
BE,CPA_A01,2016,4963.34
BE,CPA_A01,2017,5008.4
BE,CPA_A01,2018,5180.2
BE,CPA_A01,2019,5361.6
BE,CPA_A01,2020,4776.7
BE,CPA_A01,2021,5132.9
BE,CPA_A01,2022,5082.2
BG,CPA_A01,2014,693.4
BG,CPA_A01,2018,1186.91
BG,CPA_A01,2019,1120.31
BG,CPA_A01,2020,1228.18
BG,CPA_A01,2021,1473.6
BG,CPA_A01,2022,1208.99
CY,CPA_A01,2014,75.79
CY,CPA_A01,2015,83.29
CY,CPA_A01,2016,80.2
CY,CPA_A01,2017,86.8
CY,CPA_A01,2018,84.69
CY,CPA_A01,2019,89.4
CY,CPA_A01,2020,93.87
CY,CPA_A01,2021,105.69
CY,CPA_A01,2022,106.23
CZ,CPA_A01,2014,867.34
CZ,CPA_A01,2015,895.6
CZ,CPA_A01,2016,993.56
CZ,CPA_A01,2017,1166.95
CZ,CPA_A01,2018,1221.9
CZ,CPA_A01,2019,1364.78
CZ,CPA_A01,2020,1323.95
CZ,CPA_A01,2021,1456.32
CZ,CPA_A01,2022,1689.61
CZ,CPA_A01,2023,1846.4
CZ,CPA_A01,2024,1819.27
DE,CPA_A01,2014,16626.0
DE,CPA_A01,2015,17226.0
DE,CPA_A01,2016,17461.0
DE,CPA_A01,2017,18713.0
DE,CPA_A01,2018,18955.0
DE,CPA_A01,2019,20570.0
DE,CPA_A01,2020,20022.0
DE,CPA_A01,2021,23925.0
DE,CPA_A01,2022,28883.0
DK,CPA_A01,2014,1930.27
DK,CPA_A01,2015,1989.44
DK,CPA_A01,2016,1880.24
DK,CPA_A01,2017,2083.26
DK,CPA_A01,2018,2065.88
DK,CPA_A01,2019,2185.1
DK,CPA_A01,2020,2292.63
DK,CPA_A01,2021,2382.76
DK,CPA_A01,2022,2248.77
EA21,CPA_A01,2014,104256.31
EA21,CPA_A01,2015,104075.58
EA21,CPA_A01,2016,114283.27
EA21,CPA_A01,2017,120534.48
EA21,CPA_A01,2018,123859.85
EA21,CPA_A01,2019,127976.84
EA21,CPA_A01,2020,124494.45
EA21,CPA_A01,2021,125657.51
EA21,CPA_A01,2022,138870.56
EA21,CPA_A01,2023,148833.18
EA21,CPA_A01,2024,151325.02
EE,CPA_A01,2014,173.76
EE,CPA_A01,2015,177.27
EE,CPA_A01,2016,206.58
EE,CPA_A01,2017,209.24
EE,CPA_A01,2018,226.48
EE,CPA_A01,2019,283.07
EE,CPA_A01,2020,303.02
EE,CPA_A01,2021,291.43
EE,CPA_A01,2022,365.85
EL,CPA_A01,2014,2646.86
EL,CPA_A01,2015,3012.7
EL,CPA_A01,2016,2495.29
EL,CPA_A01,2017,2981.47
EL,CPA_A01,2018,2588.2
EL,CPA_A01,2019,2863.06
EL,CPA_A01,2020,2896.93
EL,CPA_A01,2021,2950.68
EL,CPA_A01,2022,3801.47
ES,CPA_A01,2014,12000.8
ES,CPA_A01,2015,13184.1
ES,CPA_A01,2016,16993.3
ES,CPA_A01,2017,18911.9
ES,CPA_A01,2018,20530.5
ES,CPA_A01,2019,20319.6
ES,CPA_A01,2020,21488.3
ES,CPA_A01,2021,18841.8
ES,CPA_A01,2022,18664.5
ES,CPA_A01,2023,20861.8
EU27_2020,CPA_A01,2014,120484.14
EU27_2020,CPA_A01,2015,120959.77
EU27_2020,CPA_A01,2016,131647.03
EU27_2020,CPA_A01,2017,139633.19
EU27_2020,CPA_A01,2018,142914.64
EU27_2020,CPA_A01,2019,147504.63
EU27_2020,CPA_A01,2020,144787.95
EU27_2020,CPA_A01,2021,147783.47
EU27_2020,CPA_A01,2022,164975.42
EU27_2020,CPA_A01,2023,176959.94
EU27_2020,CPA_A01,2024,180922.8
FI,CPA_A01,2014,1149.16
FI,CPA_A01,2015,1040.51
FI,CPA_A01,2016,996.58
FI,CPA_A01,2017,1000.66
FI,CPA_A01,2018,1007.98
FI,CPA_A01,2019,996.66
FI,CPA_A01,2020,1075.94
FI,CPA_A01,2021,1044.43
FI,CPA_A01,2022,1235.31
FI,CPA_A01,2023,1239.77
FR,CPA_A01,2014,20861.0
FR,CPA_A01,2015,19858.0
FR,CPA_A01,2016,20645.0
FR,CPA_A01,2017,21225.0
FR,CPA_A01,2018,20992.0
FR,CPA_A01,2019,22754.0
FR,CPA_A01,2020,19608.9
FR,CPA_A01,2021,20069.6
FR,CPA_A01,2022,22595.0
HR,CPA_A01,2014,406.3
HR,CPA_A01,2015,425.76
HR,CPA_A01,2016,470.33
HR,CPA_A01,2017,526.86
HR,CPA_A01,2018,562.83
HR,CPA_A01,2019,590.99
HR,CPA_A01,2020,490.28
HR,CPA_A01,2021,570.67
HR,CPA_A01,2022,996.63
HU,CPA_A01,2014,1365.23
HU,CPA_A01,2015,1461.4
HU,CPA_A01,2016,1418.0
HU,CPA_A01,2017,1646.73
HU,CPA_A01,2018,1554.96
HU,CPA_A01,2019,1705.28
HU,CPA_A01,2020,1630.7
HU,CPA_A01,2021,1844.48
HU,CPA_A01,2022,1978.28
HU,CPA_A01,2023,2161.36
IE,CPA_A01,2022,1251.48
IT,CPA_A01,2014,27652.47
IT,CPA_A01,2015,28225.9
IT,CPA_A01,2016,30576.8
IT,CPA_A01,2017,31435.0
IT,CPA_A01,2018,31728.2
IT,CPA_A01,2019,31885.1
IT,CPA_A01,2020,29751.5
IT,CPA_A01,2021,28896.6
IT,CPA_A01,2022,31821.5
LT,CPA_A01,2014,531.2
LT,CPA_A01,2015,616.17
LT,CPA_A01,2016,621.88
LT,CPA_A01,2017,639.05
LT,CPA_A01,2018,566.63
LT,CPA_A01,2019,683.4
LT,CPA_A01,2020,762.09
LT,CPA_A01,2021,828.11
LT,CPA_A01,2022,1168.92
LU,CPA_A01,2014,207.35
LU,CPA_A01,2015,208.73
LU,CPA_A01,2016,214.07
LU,CPA_A01,2017,214.11
LU,CPA_A01,2018,200.62
LU,CPA_A01,2019,221.73
LU,CPA_A01,2020,239.22
LU,CPA_A01,2021,273.31
LU,CPA_A01,2022,270.86
LV,CPA_A01,2014,293.25
LV,CPA_A01,2015,287.95
LV,CPA_A01,2016,305.24
LV,CPA_A01,2017,350.94
LV,CPA_A01,2018,371.94
LV,CPA_A01,2019,397.0
LV,CPA_A01,2020,449.57
LV,CPA_A01,2021,451.48
LV,CPA_A01,2022,541.61
LV,CPA_A01,2023,494.57
MK,CPA_A01,2014,222.35
MK,CPA_A01,2015,235.14
MK,CPA_A01,2016,242.6
MK,CPA_A01,2017,212.28
MK,CPA_A01,2018,254.99
MK,CPA_A01,2019,262.05
MK,CPA_A01,2020,312.99
MK,CPA_A01,2021,273.46
MK,CPA_A01,2022,296.07
MK,CPA_A01,2023,316.21
MT,CPA_A01,2014,48.12
MT,CPA_A01,2015,56.74
MT,CPA_A01,2016,56.11
MT,CPA_A01,2017,59.59
MT,CPA_A01,2018,59.86
MT,CPA_A01,2019,63.87
MT,CPA_A01,2020,54.61
MT,CPA_A01,2021,59.77
MT,CPA_A01,2022,68.92
NL,CPA_A01,2014,9483.0
NL,CPA_A01,2015,9487.0
NL,CPA_A01,2016,9962.0
NL,CPA_A01,2017,10235.0
NL,CPA_A01,2018,10892.0
NL,CPA_A01,2019,11422.0
NL,CPA_A01,2020,12306.0
NL,CPA_A01,2021,13353.0
NL,CPA_A01,2022,13769.0
NL,CPA_A01,2023,14394.0
NL,CPA_A01,2024,15484.0
NO,CPA_A01,2014,1567.08
NO,CPA_A01,2015,1585.21
NO,CPA_A01,2016,1589.13
NO,CPA_A01,2017,1592.74
NO,CPA_A01,2018,1572.29
NO,CPA_A01,2019,1571.6
NO,CPA_A01,2020,1592.49
NO,CPA_A01,2021,1739.3
NO,CPA_A01,2022,1524.76
NO,CPA_A01,2023,1357.14
PL,CPA_A01,2014,6925.13
PL,CPA_A01,2015,7154.31
PL,CPA_A01,2016,7010.16
PL,CPA_A01,2017,7741.72
PL,CPA_A01,2018,7683.3
PL,CPA_A01,2019,7837.92
PL,CPA_A01,2020,7629.36
PL,CPA_A01,2021,7085.85
PL,CPA_A01,2022,9332.91
PT,CPA_A01,2014,1926.32
PT,CPA_A01,2015,2004.02
PT,CPA_A01,2016,2150.85
PT,CPA_A01,2017,2238.36
PT,CPA_A01,2018,2266.28
PT,CPA_A01,2019,2269.54
PT,CPA_A01,2020,2356.0
PT,CPA_A01,2021,2619.06
PT,CPA_A01,2022,2894.38
PT,CPA_A01,2023,3317.83
PT,CPA_A01,2024,3383.59
RO,CPA_A01,2014,2977.56
RO,CPA_A01,2015,3113.78
RO,CPA_A01,2016,3428.71
RO,CPA_A01,2017,3957.32
RO,CPA_A01,2018,4389.79
RO,CPA_A01,2019,4449.5
RO,CPA_A01,2020,4309.76
RO,CPA_A01,2021,5773.95
RO,CPA_A01,2022,7478.17
RS,CPA_A01,2014,734.75
RS,CPA_A01,2015,677.43
RS,CPA_A01,2016,650.54
RS,CPA_A01,2017,668.9
RS,CPA_A01,2018,797.29
RS,CPA_A01,2019,810.56
RS,CPA_A01,2020,664.94
RS,CPA_A01,2021,712.47
RS,CPA_A01,2022,721.67
SE,CPA_A01,2014,2788.76
SE,CPA_A01,2015,2689.08
SE,CPA_A01,2016,2960.5
SE,CPA_A01,2017,2870.12
SE,CPA_A01,2018,2866.02
SE,CPA_A01,2019,2851.76
SE,CPA_A01,2020,3153.9
SE,CPA_A01,2021,3722.07
SE,CPA_A01,2022,3460.24
SE,CPA_A01,2023,3550.98
SI,CPA_A01,2014,280.43
SI,CPA_A01,2015,299.64
SI,CPA_A01,2016,307.02
SI,CPA_A01,2017,319.4
SI,CPA_A01,2018,336.65
SI,CPA_A01,2019,355.95
SI,CPA_A01,2020,338.9
SI,CPA_A01,2021,342.64
SI,CPA_A01,2022,374.99
SI,CPA_A01,2023,392.73
SK,CPA_A01,2014,450.12
SK,CPA_A01,2015,374.02
SK,CPA_A01,2016,438.96
SK,CPA_A01,2017,510.18
SK,CPA_A01,2018,485.87
SK,CPA_A01,2019,501.86
SK,CPA_A01,2020,584.92
SK,CPA_A01,2021,589.28
SK,CPA_A01,2022,700.09
TR,CPA_A01,2023,21097.65
XK,CPA_A01,2014,47435.0
XK,CPA_A01,2015,46529.0
XK,CPA_A01,2016,52133.0
XK,CPA_A01,2017,79058.0
XK,CPA_A01,2018,79607.0
XK,CPA_A01,2019,56968.0
AL,CPA_A02,2014,20.45
AL,CPA_A02,2015,22.12
AL,CPA_A02,2016,22.74
AL,CPA_A02,2017,22.18
AL,CPA_A02,2018,27.7
AL,CPA_A02,2019,10.71
AL,CPA_A02,2020,19.33
AL,CPA_A02,2021,14.93
AL,CPA_A02,2022,8.75
AL,CPA_A02,2023,8.76
AL,CPA_A02,2024,10.28
AT,CPA_A02,2014,504.46
AT,CPA_A02,2015,545.61
AT,CPA_A02,2016,559.12
AT,CPA_A02,2017,534.26
AT,CPA_A02,2018,569.34
AT,CPA_A02,2019,571.26
AT,CPA_A02,2020,539.75
AT,CPA_A02,2021,738.5
AT,CPA_A02,2022,800.89
BE,CPA_A02,2014,81.42
BE,CPA_A02,2015,71.8
BE,CPA_A02,2016,74.34
BE,CPA_A02,2017,79.4
BE,CPA_A02,2018,82.4
BE,CPA_A02,2019,85.9
BE,CPA_A02,2020,83.5
BE,CPA_A02,2021,100.4
BE,CPA_A02,2022,76.6
BG,CPA_A02,2014,47.01
BG,CPA_A02,2018,98.21
BG,CPA_A02,2019,86.73
BG,CPA_A02,2020,82.92
BG,CPA_A02,2021,98.68
BG,CPA_A02,2022,103.11
CY,CPA_A02,2014,0.14
CY,CPA_A02,2015,0.1
CY,CPA_A02,2016,0.11
CY,CPA_A02,2017,0.09
CY,CPA_A02,2018,0.1
CY,CPA_A02,2019,0.08
CY,CPA_A02,2020,0.05
CY,CPA_A02,2021,0.1
CY,CPA_A02,2022,0.14
CZ,CPA_A02,2014,32.36
CZ,CPA_A02,2015,36.58
CZ,CPA_A02,2016,35.7
CZ,CPA_A02,2017,38.97
CZ,CPA_A02,2018,38.68
CZ,CPA_A02,2019,53.06
CZ,CPA_A02,2020,60.22
CZ,CPA_A02,2021,73.63
CZ,CPA_A02,2022,89.11
CZ,CPA_A02,2023,82.11
CZ,CPA_A02,2024,86.98
DE,CPA_A02,2014,147.0
DE,CPA_A02,2015,116.0
DE,CPA_A02,2016,119.0
DE,CPA_A02,2017,140.0
DE,CPA_A02,2018,152.0
DE,CPA_A02,2019,187.0
DE,CPA_A02,2020,209.0
DE,CPA_A02,2021,105.0
DE,CPA_A02,2022,161.0
DK,CPA_A02,2014,42.5
DK,CPA_A02,2015,36.12
DK,CPA_A02,2016,28.59
DK,CPA_A02,2017,61.39
DK,CPA_A02,2018,69.2
DK,CPA_A02,2019,63.1
DK,CPA_A02,2020,72.32
DK,CPA_A02,2021,90.48
DK,CPA_A02,2022,109.1
EA21,CPA_A02,2014,4681.71
EA21,CPA_A02,2015,5326.09
EA21,CPA_A02,2016,5819.77
EA21,CPA_A02,2017,5625.47
EA21,CPA_A02,2018,6022.58
EA21,CPA_A02,2019,5653.87
EA21,CPA_A02,2020,5610.59
EA21,CPA_A02,2021,6422.47
EA21,CPA_A02,2022,7646.12
EA21,CPA_A02,2023,7179.29
EA21,CPA_A02,2024,7204.7
EE,CPA_A02,2014,98.97
EE,CPA_A02,2015,98.05
EE,CPA_A02,2016,108.18
EE,CPA_A02,2017,112.99
EE,CPA_A02,2018,153.52
EE,CPA_A02,2019,158.43
EE,CPA_A02,2020,144.12
EE,CPA_A02,2021,172.54
EE,CPA_A02,2022,201.87
EL,CPA_A02,2014,43.9
EL,CPA_A02,2015,60.89
EL,CPA_A02,2016,55.85
EL,CPA_A02,2017,59.5
EL,CPA_A02,2018,52.85
EL,CPA_A02,2019,43.27
EL,CPA_A02,2020,43.58
EL,CPA_A02,2021,50.79
EL,CPA_A02,2022,39.96
ES,CPA_A02,2014,235.2
ES,CPA_A02,2015,233.9
ES,CPA_A02,2016,219.0
ES,CPA_A02,2017,249.4
ES,CPA_A02,2018,212.0
ES,CPA_A02,2019,167.4
ES,CPA_A02,2020,176.3
ES,CPA_A02,2021,211.3
ES,CPA_A02,2022,240.6
ES,CPA_A02,2023,279.4
EU27_2020,CPA_A02,2014,5836.28
EU27_2020,CPA_A02,2015,6803.48
EU27_2020,CPA_A02,2016,7379.19
EU27_2020,CPA_A02,2017,7444.22
EU27_2020,CPA_A02,2018,8075.18
EU27_2020,CPA_A02,2019,7773.08
EU27_2020,CPA_A02,2020,7712.11
EU27_2020,CPA_A02,2021,8948.5
EU27_2020,CPA_A02,2022,10691.27
EU27_2020,CPA_A02,2023,9880.16
EU27_2020,CPA_A02,2024,9953.79
FI,CPA_A02,2014,913.43
FI,CPA_A02,2015,1078.74
FI,CPA_A02,2016,1042.57
FI,CPA_A02,2017,1147.1
FI,CPA_A02,2018,1256.88
FI,CPA_A02,2019,1128.94
FI,CPA_A02,2020,1152.76
FI,CPA_A02,2021,1297.92
FI,CPA_A02,2022,1509.57
FI,CPA_A02,2023,1608.01
FR,CPA_A02,2014,1784.0
FR,CPA_A02,2015,1684.0
FR,CPA_A02,2016,1943.0
FR,CPA_A02,2017,1967.0
FR,CPA_A02,2018,2039.0
FR,CPA_A02,2019,1939.0
FR,CPA_A02,2020,1662.2
FR,CPA_A02,2021,1990.8
FR,CPA_A02,2022,2491.8
HR,CPA_A02,2014,34.63
HR,CPA_A02,2015,36.35
HR,CPA_A02,2016,37.79
HR,CPA_A02,2017,46.8
HR,CPA_A02,2018,49.69
HR,CPA_A02,2019,52.22
HR,CPA_A02,2020,41.45
HR,CPA_A02,2021,50.36
HR,CPA_A02,2022,67.44
HU,CPA_A02,2014,102.16
HU,CPA_A02,2015,115.94
HU,CPA_A02,2016,117.48
HU,CPA_A02,2017,121.54
HU,CPA_A02,2018,130.62
HU,CPA_A02,2019,125.66
HU,CPA_A02,2020,112.11
HU,CPA_A02,2021,123.96
HU,CPA_A02,2022,144.37
HU,CPA_A02,2023,157.99
IE,CPA_A02,2022,28.25
IT,CPA_A02,2014,603.46
IT,CPA_A02,2015,942.0
IT,CPA_A02,2016,1084.0
IT,CPA_A02,2017,660.6
IT,CPA_A02,2018,649.4
IT,CPA_A02,2019,668.4
IT,CPA_A02,2020,627.5
IT,CPA_A02,2021,676.3
IT,CPA_A02,2022,913.3
LT,CPA_A02,2014,168.0
LT,CPA_A02,2015,165.51
LT,CPA_A02,2016,162.95
LT,CPA_A02,2017,150.06
LT,CPA_A02,2018,171.89
LT,CPA_A02,2019,168.18
LT,CPA_A02,2020,128.0
LT,CPA_A02,2021,189.01
LT,CPA_A02,2022,251.41
LU,CPA_A02,2014,4.2
LU,CPA_A02,2015,4.58
LU,CPA_A02,2016,4.58
LU,CPA_A02,2017,5.25
LU,CPA_A02,2018,5.26
LU,CPA_A02,2019,7.39
LU,CPA_A02,2020,5.99
LU,CPA_A02,2021,9.16
LU,CPA_A02,2022,9.98
LV,CPA_A02,2014,152.05
LV,CPA_A02,2015,146.33
LV,CPA_A02,2016,150.0
LV,CPA_A02,2017,159.63
LV,CPA_A02,2018,197.94
LV,CPA_A02,2019,201.13
LV,CPA_A02,2020,203.18
LV,CPA_A02,2021,285.73
LV,CPA_A02,2022,246.87
LV,CPA_A02,2023,232.41
MK,CPA_A02,2014,37.5
MK,CPA_A02,2015,27.61
MK,CPA_A02,2016,26.2
MK,CPA_A02,2017,25.51
MK,CPA_A02,2018,17.49
MK,CPA_A02,2019,18.5
MK,CPA_A02,2020,15.18
MK,CPA_A02,2021,15.73
MK,CPA_A02,2022,15.54
MK,CPA_A02,2023,17.27
MT,CPA_A02,2014,0.06
MT,CPA_A02,2015,0.08
MT,CPA_A02,2016,0.03
MT,CPA_A02,2017,0.03
MT,CPA_A02,2018,0.02
MT,CPA_A02,2019,0.02
MT,CPA_A02,2020,0.02
MT,CPA_A02,2021,0.02
MT,CPA_A02,2022,0.02
NL,CPA_A02,2014,63.0
NL,CPA_A02,2015,72.0
NL,CPA_A02,2016,73.0
NL,CPA_A02,2017,75.0
NL,CPA_A02,2018,81.0
NL,CPA_A02,2019,81.0
NL,CPA_A02,2020,91.0
NL,CPA_A02,2021,115.0
NL,CPA_A02,2022,93.0
NL,CPA_A02,2023,84.0
NL,CPA_A02,2024,83.0
NO,CPA_A02,2014,168.65
NO,CPA_A02,2015,171.96
NO,CPA_A02,2016,275.76
NO,CPA_A02,2017,276.68
NO,CPA_A02,2018,286.23
NO,CPA_A02,2019,311.44
NO,CPA_A02,2020,269.52
NO,CPA_A02,2021,367.7
NO,CPA_A02,2022,398.81
NO,CPA_A02,2023,322.46
PL,CPA_A02,2014,784.93
PL,CPA_A02,2015,817.74
PL,CPA_A02,2016,802.95
PL,CPA_A02,2017,878.86
PL,CPA_A02,2018,939.97
PL,CPA_A02,2019,953.15
PL,CPA_A02,2020,897.71
PL,CPA_A02,2021,920.28
PL,CPA_A02,2022,1188.6
PT,CPA_A02,2014,157.96
PT,CPA_A02,2015,147.55
PT,CPA_A02,2016,167.78
PT,CPA_A02,2017,159.52
PT,CPA_A02,2018,141.28
PT,CPA_A02,2019,145.91
PT,CPA_A02,2020,127.21
PT,CPA_A02,2021,125.0
PT,CPA_A02,2022,156.78
PT,CPA_A02,2023,158.4
PT,CPA_A02,2024,158.76
RO,CPA_A02,2014,398.7
RO,CPA_A02,2015,433.12
RO,CPA_A02,2016,482.63
RO,CPA_A02,2017,574.16
RO,CPA_A02,2018,613.32
RO,CPA_A02,2019,644.45
RO,CPA_A02,2020,635.64
RO,CPA_A02,2021,903.51
RO,CPA_A02,2022,1118.77
RS,CPA_A02,2014,7.13
RS,CPA_A02,2015,6.96
RS,CPA_A02,2016,5.44
RS,CPA_A02,2017,5.63
RS,CPA_A02,2018,5.93
RS,CPA_A02,2019,6.97
RS,CPA_A02,2020,19.31
RS,CPA_A02,2021,22.34
RS,CPA_A02,2022,14.61
SE,CPA_A02,2014,7.91
SE,CPA_A02,2015,160.89
SE,CPA_A02,2016,167.52
SE,CPA_A02,2017,187.2
SE,CPA_A02,2018,221.81
SE,CPA_A02,2019,251.48
SE,CPA_A02,2020,238.44
SE,CPA_A02,2021,408.22
SE,CPA_A02,2022,389.95
SE,CPA_A02,2023,350.21
SI,CPA_A02,2014,25.38
SI,CPA_A02,2015,26.98
SI,CPA_A02,2016,25.76
SI,CPA_A02,2017,27.39
SI,CPA_A02,2018,30.1
SI,CPA_A02,2019,27.29
SI,CPA_A02,2020,33.87
SI,CPA_A02,2021,38.26
SI,CPA_A02,2022,43.8
SI,CPA_A02,2023,44.67
SK,CPA_A02,2014,49.95
SK,CPA_A02,2015,41.97
SK,CPA_A02,2016,61.06
SK,CPA_A02,2017,71.51
SK,CPA_A02,2018,64.95
SK,CPA_A02,2019,67.77
SK,CPA_A02,2020,67.01
SK,CPA_A02,2021,76.91
SK,CPA_A02,2022,190.93
TR,CPA_A02,2023,177.31
XK,CPA_A02,2014,8541.0
XK,CPA_A02,2015,9429.0
XK,CPA_A02,2016,9046.0
XK,CPA_A02,2017,9543.0
XK,CPA_A02,2018,9620.0
XK,CPA_A02,2019,9476.0
AL,CPA_A03,2014,8.83
AL,CPA_A03,2015,10.45
AL,CPA_A03,2016,11.13
AL,CPA_A03,2017,17.08
AL,CPA_A03,2018,12.25
AL,CPA_A03,2019,18.51
AL,CPA_A03,2020,18.24
AL,CPA_A03,2021,20.5
AL,CPA_A03,2022,24.88
AL,CPA_A03,2023,28.81
AL,CPA_A03,2024,29.59
AT,CPA_A03,2014,59.39
AT,CPA_A03,2015,65.56
AT,CPA_A03,2016,73.34
AT,CPA_A03,2017,80.1
AT,CPA_A03,2018,87.74
AT,CPA_A03,2019,83.35
AT,CPA_A03,2020,79.97
AT,CPA_A03,2021,89.07
AT,CPA_A03,2022,97.78
BE,CPA_A03,2014,278.91
BE,CPA_A03,2015,237.6
BE,CPA_A03,2016,251.14
BE,CPA_A03,2017,257.6
BE,CPA_A03,2018,271.1
BE,CPA_A03,2019,283.8
BE,CPA_A03,2020,232.1
BE,CPA_A03,2021,247.7
BE,CPA_A03,2022,199.3
BG,CPA_A03,2014,6.55
BG,CPA_A03,2018,25.93
BG,CPA_A03,2019,29.54
BG,CPA_A03,2020,18.45
BG,CPA_A03,2021,19.94
BG,CPA_A03,2022,18.9
CY,CPA_A03,2014,9.11
CY,CPA_A03,2015,11.43
CY,CPA_A03,2016,12.61
CY,CPA_A03,2017,12.93
CY,CPA_A03,2018,13.18
CY,CPA_A03,2019,14.62
CY,CPA_A03,2020,12.61
CY,CPA_A03,2021,15.71
CY,CPA_A03,2022,16.63
CZ,CPA_A03,2014,0.8
CZ,CPA_A03,2015,1.87
CZ,CPA_A03,2016,2.29
CZ,CPA_A03,2017,2.58
CZ,CPA_A03,2018,2.46
CZ,CPA_A03,2019,2.84
CZ,CPA_A03,2020,3.4
CZ,CPA_A03,2021,3.74
CZ,CPA_A03,2022,4.97
CZ,CPA_A03,2023,4.37
CZ,CPA_A03,2024,5.49
DE,CPA_A03,2014,370.0
DE,CPA_A03,2015,195.0
DE,CPA_A03,2016,284.0
DE,CPA_A03,2017,342.0
DE,CPA_A03,2018,298.0
DE,CPA_A03,2019,299.0
DE,CPA_A03,2020,229.0
DE,CPA_A03,2021,258.0
DE,CPA_A03,2022,664.0
DK,CPA_A03,2014,222.97
DK,CPA_A03,2015,241.35
DK,CPA_A03,2016,287.17
DK,CPA_A03,2017,273.19
DK,CPA_A03,2018,268.82
DK,CPA_A03,2019,296.36
DK,CPA_A03,2020,282.18
DK,CPA_A03,2021,316.76
DK,CPA_A03,2022,370.97
EA21,CPA_A03,2014,9643.9
EA21,CPA_A03,2015,9345.56
EA21,CPA_A03,2016,8869.45
EA21,CPA_A03,2017,9009.4
EA21,CPA_A03,2018,8668.5
EA21,CPA_A03,2019,8886.51
EA21,CPA_A03,2020,9446.01
EA21,CPA_A03,2021,10193.86
EA21,CPA_A03,2022,11298.05
EA21,CPA_A03,2023,11878.28
EA21,CPA_A03,2024,12138.48
EE,CPA_A03,2014,10.28
EE,CPA_A03,2015,9.32
EE,CPA_A03,2016,18.21
EE,CPA_A03,2017,16.25
EE,CPA_A03,2018,17.27
EE,CPA_A03,2019,17.94
EE,CPA_A03,2020,17.7
EE,CPA_A03,2021,15.29
EE,CPA_A03,2022,20.36
EL,CPA_A03,2014,212.38
EL,CPA_A03,2015,225.31
EL,CPA_A03,2016,216.66
EL,CPA_A03,2017,242.66
EL,CPA_A03,2018,173.87
EL,CPA_A03,2019,236.5
EL,CPA_A03,2020,213.8
EL,CPA_A03,2021,212.88
EL,CPA_A03,2022,268.37
ES,CPA_A03,2014,2245.0
ES,CPA_A03,2015,2021.2
ES,CPA_A03,2016,1380.9
ES,CPA_A03,2017,1252.2
ES,CPA_A03,2018,1243.4
ES,CPA_A03,2019,1190.6
ES,CPA_A03,2020,1407.5
ES,CPA_A03,2021,1470.9
ES,CPA_A03,2022,1332.3
ES,CPA_A03,2023,1300.9
EU27_2020,CPA_A03,2014,10593.05
EU27_2020,CPA_A03,2015,10272.43
EU27_2020,CPA_A03,2016,9994.12
EU27_2020,CPA_A03,2017,10071.3
EU27_2020,CPA_A03,2018,9802.38
EU27_2020,CPA_A03,2019,9944.86
EU27_2020,CPA_A03,2020,10512.76
EU27_2020,CPA_A03,2021,11348.6
EU27_2020,CPA_A03,2022,12548.66
EU27_2020,CPA_A03,2023,13196.36
EU27_2020,CPA_A03,2024,13474.45
FI,CPA_A03,2014,77.66
FI,CPA_A03,2015,91.18
FI,CPA_A03,2016,92.48
FI,CPA_A03,2017,147.65
FI,CPA_A03,2018,163.75
FI,CPA_A03,2019,162.77
FI,CPA_A03,2020,162.38
FI,CPA_A03,2021,160.7
FI,CPA_A03,2022,223.88
FI,CPA_A03,2023,202.07
FR,CPA_A03,2014,2144.0
FR,CPA_A03,2015,2121.0
FR,CPA_A03,2016,1932.0
FR,CPA_A03,2017,1922.0
FR,CPA_A03,2018,1848.0
FR,CPA_A03,2019,1857.0
FR,CPA_A03,2020,2557.3
FR,CPA_A03,2021,3045.1
FR,CPA_A03,2022,3308.9
HR,CPA_A03,2014,54.68
HR,CPA_A03,2015,57.21
HR,CPA_A03,2016,82.42
HR,CPA_A03,2017,82.88
HR,CPA_A03,2018,89.18
HR,CPA_A03,2019,93.54
HR,CPA_A03,2020,81.57
HR,CPA_A03,2021,90.46
HR,CPA_A03,2022,124.05
HU,CPA_A03,2014,9.98
HU,CPA_A03,2015,10.76
HU,CPA_A03,2016,11.93
HU,CPA_A03,2017,7.82
HU,CPA_A03,2018,8.24
HU,CPA_A03,2019,8.89
HU,CPA_A03,2020,8.82
HU,CPA_A03,2021,9.35
HU,CPA_A03,2022,9.38
HU,CPA_A03,2023,11.6
IE,CPA_A03,2022,55.18
IT,CPA_A03,2014,2503.9
IT,CPA_A03,2015,2793.6
IT,CPA_A03,2016,2912.5
IT,CPA_A03,2017,2920.3
IT,CPA_A03,2018,2914.9
IT,CPA_A03,2019,3072.4
IT,CPA_A03,2020,2747.0
IT,CPA_A03,2021,2757.9
IT,CPA_A03,2022,3119.9
LT,CPA_A03,2014,123.15
LT,CPA_A03,2015,114.0
LT,CPA_A03,2016,137.8
LT,CPA_A03,2017,134.56
LT,CPA_A03,2018,72.05
LT,CPA_A03,2019,123.05
LT,CPA_A03,2020,116.55
LT,CPA_A03,2021,90.83
LT,CPA_A03,2022,98.97
LU,CPA_A03,2014,12.75
LU,CPA_A03,2015,13.81
LU,CPA_A03,2016,15.77
LU,CPA_A03,2017,16.32
LU,CPA_A03,2018,16.66
LU,CPA_A03,2019,18.83
LU,CPA_A03,2020,17.8
LU,CPA_A03,2021,22.91
LU,CPA_A03,2022,29.54
LV,CPA_A03,2014,21.55
LV,CPA_A03,2015,21.64
LV,CPA_A03,2016,23.77
LV,CPA_A03,2017,23.67
LV,CPA_A03,2018,27.58
LV,CPA_A03,2019,28.39
LV,CPA_A03,2020,29.59
LV,CPA_A03,2021,30.69
LV,CPA_A03,2022,26.28
LV,CPA_A03,2023,43.94
MK,CPA_A03,2014,1.3
MK,CPA_A03,2015,0.97
MK,CPA_A03,2016,1.1
MK,CPA_A03,2017,1.17
MK,CPA_A03,2018,1.46
MK,CPA_A03,2019,1.69
MK,CPA_A03,2020,1.79
MK,CPA_A03,2021,1.86
MK,CPA_A03,2022,2.13
MK,CPA_A03,2023,2.11
MT,CPA_A03,2014,2.94
MT,CPA_A03,2015,4.61
MT,CPA_A03,2016,6.5
MT,CPA_A03,2017,8.21
MT,CPA_A03,2018,9.29
MT,CPA_A03,2019,6.43
MT,CPA_A03,2020,5.36
MT,CPA_A03,2021,6.29
MT,CPA_A03,2022,10.33
NL,CPA_A03,2014,364.0
NL,CPA_A03,2015,289.0
NL,CPA_A03,2016,314.0
NL,CPA_A03,2017,324.0
NL,CPA_A03,2018,362.0
NL,CPA_A03,2019,362.0
NL,CPA_A03,2020,357.0
NL,CPA_A03,2021,375.0
NL,CPA_A03,2022,318.0
NL,CPA_A03,2023,348.0
NL,CPA_A03,2024,358.0
NO,CPA_A03,2014,575.27
NO,CPA_A03,2015,609.41
NO,CPA_A03,2016,746.13
NO,CPA_A03,2017,676.74
NO,CPA_A03,2018,715.37
NO,CPA_A03,2019,730.38
NO,CPA_A03,2020,689.93
NO,CPA_A03,2021,875.8
NO,CPA_A03,2022,1741.73
NO,CPA_A03,2023,2035.57
PL,CPA_A03,2014,223.02
PL,CPA_A03,2015,235.78
PL,CPA_A03,2016,291.8
PL,CPA_A03,2017,284.28
PL,CPA_A03,2018,307.05
PL,CPA_A03,2019,348.68
PL,CPA_A03,2020,340.36
PL,CPA_A03,2021,338.95
PL,CPA_A03,2022,360.76
PT,CPA_A03,2014,967.7
PT,CPA_A03,2015,971.41
PT,CPA_A03,2016,993.22
PT,CPA_A03,2017,1057.74
PT,CPA_A03,2018,1031.94
PT,CPA_A03,2019,1033.68
PT,CPA_A03,2020,1082.03
PT,CPA_A03,2021,1190.93
PT,CPA_A03,2022,1323.76
PT,CPA_A03,2023,1288.62
PT,CPA_A03,2024,1363.1
RO,CPA_A03,2014,37.6
RO,CPA_A03,2015,46.95
RO,CPA_A03,2016,58.32
RO,CPA_A03,2017,73.32
RO,CPA_A03,2018,83.67
RO,CPA_A03,2019,85.96
RO,CPA_A03,2020,113.7
RO,CPA_A03,2021,151.88
RO,CPA_A03,2022,134.1
RS,CPA_A03,2014,24.03
RS,CPA_A03,2015,21.47
RS,CPA_A03,2016,20.18
RS,CPA_A03,2017,26.8
RS,CPA_A03,2018,31.71
RS,CPA_A03,2019,34.17
RS,CPA_A03,2020,69.64
RS,CPA_A03,2021,91.64
RS,CPA_A03,2022,130.86
SE,CPA_A03,2014,414.1
SE,CPA_A03,2015,395.43
SE,CPA_A03,2016,480.5
SE,CPA_A03,2017,421.51
SE,CPA_A03,2018,479.78
SE,CPA_A03,2019,337.45
SE,CPA_A03,2020,322.28
SE,CPA_A03,2021,342.29
SE,CPA_A03,2022,376.31
SE,CPA_A03,2023,473.39
SI,CPA_A03,2014,8.18
SI,CPA_A03,2015,9.13
SI,CPA_A03,2016,11.37
SI,CPA_A03,2017,11.3
SI,CPA_A03,2018,12.18
SI,CPA_A03,2019,12.23
SI,CPA_A03,2020,11.82
SI,CPA_A03,2021,12.52
SI,CPA_A03,2022,13.99
SI,CPA_A03,2023,16.06
SK,CPA_A03,2014,17.48
SK,CPA_A03,2015,14.54
SK,CPA_A03,2016,12.02
SK,CPA_A03,2017,16.45
SK,CPA_A03,2018,8.54
SK,CPA_A03,2019,7.68
SK,CPA_A03,2020,5.61
SK,CPA_A03,2021,7.46
SK,CPA_A03,2022,4.9
TR,CPA_A03,2023,292.74
XK,CPA_A03,2014,2444.0
XK,CPA_A03,2015,2543.0
XK,CPA_A03,2016,2745.0
XK,CPA_A03,2017,2843.0
XK,CPA_A03,2018,3028.0
XK,CPA_A03,2019,3332.0
AL,CPA_B,2014,44.59
AL,CPA_B,2015,38.52
AL,CPA_B,2016,36.07
AL,CPA_B,2017,40.59
AL,CPA_B,2018,40.5
AL,CPA_B,2019,38.69
AL,CPA_B,2020,19.47
AL,CPA_B,2021,32.23
AL,CPA_B,2022,20.44
AL,CPA_B,2023,24.45
AL,CPA_B,2024,41.03
AT,CPA_B,2014,887.5
AT,CPA_B,2015,685.56
AT,CPA_B,2016,669.39
AT,CPA_B,2017,665.98
AT,CPA_B,2018,772.37
AT,CPA_B,2019,825.38
AT,CPA_B,2020,807.59
AT,CPA_B,2021,996.99
AT,CPA_B,2022,1335.79
BE,CPA_B,2014,830.8
BE,CPA_B,2015,901.0
BE,CPA_B,2016,966.78
BE,CPA_B,2017,994.2
BE,CPA_B,2018,1036.0
BE,CPA_B,2019,1067.4
BE,CPA_B,2020,761.7
BE,CPA_B,2021,928.3
BE,CPA_B,2022,1721.2
BG,CPA_B,2014,824.93
BG,CPA_B,2018,587.39
BG,CPA_B,2019,585.94
BG,CPA_B,2020,562.15
BG,CPA_B,2021,749.19
BG,CPA_B,2022,949.36
CY,CPA_B,2014,3.67
CY,CPA_B,2015,4.18
CY,CPA_B,2016,4.95
CY,CPA_B,2017,5.96
CY,CPA_B,2018,6.55
CY,CPA_B,2019,7.26
CY,CPA_B,2020,7.97
CY,CPA_B,2021,9.42
CY,CPA_B,2022,9.73
CZ,CPA_B,2014,302.26
CZ,CPA_B,2015,316.87
CZ,CPA_B,2016,266.29
CZ,CPA_B,2017,276.46
CZ,CPA_B,2018,292.82
CZ,CPA_B,2019,304.87
CZ,CPA_B,2020,291.25
CZ,CPA_B,2021,351.44
CZ,CPA_B,2022,440.36
CZ,CPA_B,2023,399.06
CZ,CPA_B,2024,358.04
DE,CPA_B,2014,12137.0
DE,CPA_B,2015,9868.0
DE,CPA_B,2016,14577.0
DE,CPA_B,2017,15452.0
DE,CPA_B,2018,17522.0
DE,CPA_B,2019,18303.0
DE,CPA_B,2020,19740.0
DE,CPA_B,2021,18751.0
DE,CPA_B,2022,21117.0
DK,CPA_B,2014,286.01
DK,CPA_B,2015,297.67
DK,CPA_B,2016,316.54
DK,CPA_B,2017,398.69
DK,CPA_B,2018,419.9
DK,CPA_B,2019,401.3
DK,CPA_B,2020,419.16
DK,CPA_B,2021,402.83
DK,CPA_B,2022,486.63
EA21,CPA_B,2014,39692.78
EA21,CPA_B,2015,38691.31
EA21,CPA_B,2016,42315.84
EA21,CPA_B,2017,45660.31
EA21,CPA_B,2018,51724.41
EA21,CPA_B,2019,51467.71
EA21,CPA_B,2020,48968.7
EA21,CPA_B,2021,60589.08
EA21,CPA_B,2022,88735.17
EA21,CPA_B,2023,83419.77
EA21,CPA_B,2024,81800.79
EE,CPA_B,2014,57.56
EE,CPA_B,2015,53.08
EE,CPA_B,2016,50.04
EE,CPA_B,2017,55.5
EE,CPA_B,2018,56.91
EE,CPA_B,2019,56.4
EE,CPA_B,2020,109.93
EE,CPA_B,2021,85.55
EE,CPA_B,2022,18.21
EL,CPA_B,2014,896.27
EL,CPA_B,2015,1159.51
EL,CPA_B,2016,1010.28
EL,CPA_B,2017,928.46
EL,CPA_B,2018,1192.67
EL,CPA_B,2019,513.74
EL,CPA_B,2020,386.38
EL,CPA_B,2021,1240.88
EL,CPA_B,2022,636.8
ES,CPA_B,2014,1119.7
ES,CPA_B,2015,1051.9
ES,CPA_B,2016,1105.6
ES,CPA_B,2017,1242.6
ES,CPA_B,2018,1251.2
ES,CPA_B,2019,2231.5
ES,CPA_B,2020,1797.4
ES,CPA_B,2021,1791.6
ES,CPA_B,2022,1922.7
ES,CPA_B,2023,1975.0
EU27_2020,CPA_B,2014,46950.65
EU27_2020,CPA_B,2015,45206.28
EU27_2020,CPA_B,2016,48961.52
EU27_2020,CPA_B,2017,52720.54
EU27_2020,CPA_B,2018,58702.69
EU27_2020,CPA_B,2019,58799.26
EU27_2020,CPA_B,2020,55615.03
EU27_2020,CPA_B,2021,69209.67
EU27_2020,CPA_B,2022,100647.99
EU27_2020,CPA_B,2023,93135.86
EU27_2020,CPA_B,2024,91699.07
FI,CPA_B,2014,279.53
FI,CPA_B,2015,487.55
FI,CPA_B,2016,427.05
FI,CPA_B,2017,471.88
FI,CPA_B,2018,440.64
FI,CPA_B,2019,499.5
FI,CPA_B,2020,488.18
FI,CPA_B,2021,508.99
FI,CPA_B,2022,552.47
FI,CPA_B,2023,458.53
FR,CPA_B,2014,3488.0
FR,CPA_B,2015,3329.0
FR,CPA_B,2016,3066.0
FR,CPA_B,2017,3719.0
FR,CPA_B,2018,4224.0
FR,CPA_B,2019,3137.0
FR,CPA_B,2020,3258.5
FR,CPA_B,2021,7037.9
FR,CPA_B,2022,17438.8
HR,CPA_B,2014,321.76
HR,CPA_B,2015,338.08
HR,CPA_B,2016,306.6
HR,CPA_B,2017,416.83
HR,CPA_B,2018,440.28
HR,CPA_B,2019,463.1
HR,CPA_B,2020,353.38
HR,CPA_B,2021,397.48
HR,CPA_B,2022,525.64
HU,CPA_B,2014,581.61
HU,CPA_B,2015,558.5
HU,CPA_B,2016,735.52
HU,CPA_B,2017,701.82
HU,CPA_B,2018,685.89
HU,CPA_B,2019,694.33
HU,CPA_B,2020,566.82
HU,CPA_B,2021,889.88
HU,CPA_B,2022,478.49
HU,CPA_B,2023,-1089.41
IE,CPA_B,2014,411.73
IE,CPA_B,2015,411.26
IE,CPA_B,2016,148.43
IE,CPA_B,2017,153.16
IE,CPA_B,2018,171.34
IE,CPA_B,2019,234.24
IE,CPA_B,2020,299.72
IE,CPA_B,2021,196.9
IE,CPA_B,2022,321.58
IT,CPA_B,2014,14286.73
IT,CPA_B,2015,15514.2
IT,CPA_B,2016,15012.3
IT,CPA_B,2017,15808.4
IT,CPA_B,2018,17675.7
IT,CPA_B,2019,17248.6
IT,CPA_B,2020,13801.2
IT,CPA_B,2021,19923.3
IT,CPA_B,2022,33565.7
LT,CPA_B,2014,305.85
LT,CPA_B,2015,289.03
LT,CPA_B,2016,233.07
LT,CPA_B,2017,290.46
LT,CPA_B,2018,331.83
LT,CPA_B,2019,325.68
LT,CPA_B,2020,231.66
LT,CPA_B,2021,368.51
LT,CPA_B,2022,757.93
LU,CPA_B,2014,12.58
LU,CPA_B,2015,11.91
LU,CPA_B,2016,13.41
LU,CPA_B,2017,13.53
LU,CPA_B,2018,20.77
LU,CPA_B,2019,20.93
LU,CPA_B,2020,15.6
LU,CPA_B,2021,21.9
LU,CPA_B,2022,24.2
LV,CPA_B,2014,96.84
LV,CPA_B,2015,102.99
LV,CPA_B,2016,118.72
LV,CPA_B,2017,150.76
LV,CPA_B,2018,153.94
LV,CPA_B,2019,154.77
LV,CPA_B,2020,133.03
LV,CPA_B,2021,171.41
LV,CPA_B,2022,182.85
LV,CPA_B,2023,123.99
MK,CPA_B,2014,48.6
MK,CPA_B,2015,40.84
MK,CPA_B,2016,37.21
MK,CPA_B,2017,36.83
MK,CPA_B,2018,69.3
MK,CPA_B,2019,80.15
MK,CPA_B,2020,73.55
MK,CPA_B,2021,66.27
MK,CPA_B,2022,69.91
MK,CPA_B,2023,66.8
MT,CPA_B,2014,2.19
MT,CPA_B,2015,2.68
MT,CPA_B,2016,2.63
MT,CPA_B,2017,2.84
MT,CPA_B,2018,2.81
MT,CPA_B,2019,8.98
MT,CPA_B,2020,9.2
MT,CPA_B,2021,9.79
MT,CPA_B,2022,10.89
NL,CPA_B,2014,4301.0
NL,CPA_B,2015,5401.0
NL,CPA_B,2016,5861.0
NL,CPA_B,2017,6596.0
NL,CPA_B,2018,6712.0
NL,CPA_B,2019,6846.0
NL,CPA_B,2020,5401.0
NL,CPA_B,2021,6360.0
NL,CPA_B,2022,6799.0
NL,CPA_B,2023,6000.0
NL,CPA_B,2024,5148.0
NO,CPA_B,2014,1677.44
NO,CPA_B,2015,1485.54
NO,CPA_B,2016,1356.64
NO,CPA_B,2017,1439.12
NO,CPA_B,2018,1546.46
NO,CPA_B,2019,4080.76
NO,CPA_B,2020,2723.64
NO,CPA_B,2021,2806.77
NO,CPA_B,2022,2524.5
NO,CPA_B,2023,3531.27
PL,CPA_B,2014,1963.53
PL,CPA_B,2015,1946.59
PL,CPA_B,2016,1850.53
PL,CPA_B,2017,2245.76
PL,CPA_B,2018,2435.43
PL,CPA_B,2019,2590.98
PL,CPA_B,2020,2219.79
PL,CPA_B,2021,2265.67
PL,CPA_B,2022,3715.88
PT,CPA_B,2014,278.5
PT,CPA_B,2015,285.33
PT,CPA_B,2016,281.78
PT,CPA_B,2017,203.03
PT,CPA_B,2018,170.64
PT,CPA_B,2019,239.71
PT,CPA_B,2020,203.68
PT,CPA_B,2021,194.66
PT,CPA_B,2022,384.12
PT,CPA_B,2023,368.0
PT,CPA_B,2024,503.55
RO,CPA_B,2014,2834.51
RO,CPA_B,2015,2744.5
RO,CPA_B,2016,2666.67
RO,CPA_B,2017,2489.12
RO,CPA_B,2018,2297.12
RO,CPA_B,2019,2434.83
RO,CPA_B,2020,2237.27
RO,CPA_B,2021,3345.61
RO,CPA_B,2022,4975.81
RS,CPA_B,2014,44.13
RS,CPA_B,2015,40.97
RS,CPA_B,2016,41.81
RS,CPA_B,2017,64.02
RS,CPA_B,2018,45.92
RS,CPA_B,2019,46.92
RS,CPA_B,2020,61.23
RS,CPA_B,2021,158.42
RS,CPA_B,2022,90.75
SE,CPA_B,2014,1126.98
SE,CPA_B,2015,661.93
SE,CPA_B,2016,820.08
SE,CPA_B,2017,929.45
SE,CPA_B,2018,977.99
SE,CPA_B,2019,1061.95
SE,CPA_B,2020,933.92
SE,CPA_B,2021,1382.84
SE,CPA_B,2022,1793.29
SE,CPA_B,2023,1574.38
SI,CPA_B,2014,221.77
SI,CPA_B,2015,226.34
SI,CPA_B,2016,212.66
SI,CPA_B,2017,231.22
SI,CPA_B,2018,250.32
SI,CPA_B,2019,248.47
SI,CPA_B,2020,204.13
SI,CPA_B,2021,260.42
SI,CPA_B,2022,425.33
SI,CPA_B,2023,434.6
SK,CPA_B,2014,355.71
SK,CPA_B,2015,341.34
SK,CPA_B,2016,407.62
SK,CPA_B,2017,245.79
SK,CPA_B,2018,261.99
SK,CPA_B,2019,238.97
SK,CPA_B,2020,178.26
SK,CPA_B,2021,270.87
SK,CPA_B,2022,418.67
TR,CPA_B,2023,3501.78
XK,CPA_B,2014,12195.0
XK,CPA_B,2015,12545.0
XK,CPA_B,2016,14132.0
XK,CPA_B,2017,14653.0
XK,CPA_B,2018,15031.0
XK,CPA_B,2019,15041.0
BE,CPA_B05,2015,14.6
BE,CPA_B05,2016,15.86
BE,CPA_B05,2019,17.8
BE,CPA_B05,2020,38.9
BE,CPA_B05,2021,45.6
BE,CPA_B05,2022,42.7
BG,CPA_B05,2018,40.18
BG,CPA_B05,2019,28.77
BG,CPA_B05,2020,39.41
BG,CPA_B05,2021,46.56
BG,CPA_B05,2022,4.11
CZ,CPA_B05,2014,178.78
CZ,CPA_B05,2015,172.55
CZ,CPA_B05,2016,153.66
CZ,CPA_B05,2017,167.86
CZ,CPA_B05,2018,172.69
CZ,CPA_B05,2019,175.54
CZ,CPA_B05,2020,161.97
CZ,CPA_B05,2021,205.77
CZ,CPA_B05,2022,259.38
CZ,CPA_B05,2023,272.41
CZ,CPA_B05,2024,218.59
DK,CPA_B05,2015,5.67
DK,CPA_B05,2016,4.74
DK,CPA_B05,2017,4.64
DK,CPA_B05,2018,4.39
DK,CPA_B05,2019,3.54
DK,CPA_B05,2020,2.83
DK,CPA_B05,2021,5.57
DK,CPA_B05,2022,3.67
FR,CPA_B05,2021,66.9
FR,CPA_B05,2022,179.6
HR,CPA_B05,2014,21.57
HR,CPA_B05,2015,22.57
HR,CPA_B05,2016,21.83
HR,CPA_B05,2017,22.82
HR,CPA_B05,2018,24.49
HR,CPA_B05,2019,25.7
HR,CPA_B05,2020,22.01
HR,CPA_B05,2021,24.84
HR,CPA_B05,2022,33.9
HU,CPA_B05,2016,8.48
HU,CPA_B05,2017,8.15
HU,CPA_B05,2018,8.66
HU,CPA_B05,2019,7.61
HU,CPA_B05,2020,7.42
HU,CPA_B05,2021,7.62
HU,CPA_B05,2022,9.14
HU,CPA_B05,2023,8.85
LT,CPA_B05,2020,4.98
LT,CPA_B05,2021,5.18
LT,CPA_B05,2022,18.35
RO,CPA_B05,2014,340.03
RO,CPA_B05,2015,436.43
RO,CPA_B05,2016,451.56
RO,CPA_B05,2017,398.18
RO,CPA_B05,2018,363.19
RO,CPA_B05,2019,403.83
RO,CPA_B05,2020,366.97
RO,CPA_B05,2021,408.92
RO,CPA_B05,2022,502.77
SK,CPA_B05,2014,49.85
SK,CPA_B05,2015,49.34
SK,CPA_B05,2016,46.81
SK,CPA_B05,2017,62.67
SK,CPA_B05,2018,67.47
SK,CPA_B05,2019,49.99
SK,CPA_B05,2020,45.55
SK,CPA_B05,2021,57.35
SK,CPA_B05,2022,193.28
BE,CPA_B06,2015,146.6
BE,CPA_B06,2016,157.95
BE,CPA_B06,2019,174.7
BE,CPA_B06,2020,187.0
BE,CPA_B06,2021,190.1
BE,CPA_B06,2022,377.6
BG,CPA_B06,2018,174.47
BG,CPA_B06,2019,222.35
BG,CPA_B06,2020,134.91
BG,CPA_B06,2021,219.54
BG,CPA_B06,2022,344.22
CZ,CPA_B06,2014,7.08
CZ,CPA_B06,2015,36.33
CZ,CPA_B06,2016,10.62
CZ,CPA_B06,2017,3.8
CZ,CPA_B06,2018,5.46
CZ,CPA_B06,2019,4.64
CZ,CPA_B06,2020,3.93
CZ,CPA_B06,2021,0.55
CZ,CPA_B06,2022,16.4
CZ,CPA_B06,2023,0.25
CZ,CPA_B06,2024,1.04
DK,CPA_B06,2015,0.0
DK,CPA_B06,2016,0.0
DK,CPA_B06,2017,0.0
DK,CPA_B06,2018,0.0
DK,CPA_B06,2019,0.0
DK,CPA_B06,2020,0.0
DK,CPA_B06,2021,0.0
DK,CPA_B06,2022,0.0
FR,CPA_B06,2021,4679.2
FR,CPA_B06,2022,14911.4
HR,CPA_B06,2014,224.96
HR,CPA_B06,2015,236.68
HR,CPA_B06,2016,159.51
HR,CPA_B06,2017,260.05
HR,CPA_B06,2018,272.25
HR,CPA_B06,2019,286.75
HR,CPA_B06,2020,203.73
HR,CPA_B06,2021,275.74
HR,CPA_B06,2022,359.78
HU,CPA_B06,2016,666.26
HU,CPA_B06,2017,624.08
HU,CPA_B06,2018,587.73
HU,CPA_B06,2019,575.64
HU,CPA_B06,2020,465.77
HU,CPA_B06,2021,778.77
HU,CPA_B06,2022,353.33
HU,CPA_B06,2023,-1200.95
LT,CPA_B06,2020,136.54
LT,CPA_B06,2021,237.23
LT,CPA_B06,2022,636.36
RO,CPA_B06,2014,1962.6
RO,CPA_B06,2015,1821.84
RO,CPA_B06,2016,1706.46
RO,CPA_B06,2017,1496.74
RO,CPA_B06,2018,1317.1
RO,CPA_B06,2019,1510.23
RO,CPA_B06,2020,1349.54
RO,CPA_B06,2021,2011.11
RO,CPA_B06,2022,3394.03
SK,CPA_B06,2014,182.13
SK,CPA_B06,2015,160.5
SK,CPA_B06,2016,237.46
SK,CPA_B06,2017,9.13
SK,CPA_B06,2018,24.33
SK,CPA_B06,2019,26.25
SK,CPA_B06,2020,3.99
SK,CPA_B06,2021,2.96
SK,CPA_B06,2022,3.47
BE,CPA_B07,2015,80.0
BE,CPA_B07,2016,85.56
BE,CPA_B07,2019,95.2
BE,CPA_B07,2020,89.1
BE,CPA_B07,2021,110.8
BE,CPA_B07,2022,12.0
BG,CPA_B07,2018,254.18
BG,CPA_B07,2019,213.1
BG,CPA_B07,2020,305.24
BG,CPA_B07,2021,385.06
BG,CPA_B07,2022,479.65
CZ,CPA_B07,2014,55.67
CZ,CPA_B07,2015,45.9
CZ,CPA_B07,2016,39.65
CZ,CPA_B07,2017,42.35
CZ,CPA_B07,2018,45.11
CZ,CPA_B07,2019,51.58
CZ,CPA_B07,2020,49.4
CZ,CPA_B07,2021,64.35
CZ,CPA_B07,2022,76.2
CZ,CPA_B07,2023,48.33
CZ,CPA_B07,2024,43.67
DK,CPA_B07,2015,2.19
DK,CPA_B07,2016,1.36
DK,CPA_B07,2017,1.07
DK,CPA_B07,2018,0.98
DK,CPA_B07,2019,0.5
DK,CPA_B07,2020,0.86
DK,CPA_B07,2021,0.45
DK,CPA_B07,2022,0.64
FR,CPA_B07,2021,598.2
FR,CPA_B07,2022,481.4
HR,CPA_B07,2014,0.89
HR,CPA_B07,2015,0.93
HR,CPA_B07,2016,1.02
HR,CPA_B07,2017,1.07
HR,CPA_B07,2018,1.15
HR,CPA_B07,2019,1.2
HR,CPA_B07,2020,1.03
HR,CPA_B07,2021,1.16
HR,CPA_B07,2022,1.59
HU,CPA_B07,2016,0.36
HU,CPA_B07,2017,0.34
HU,CPA_B07,2018,0.35
HU,CPA_B07,2019,0.39
HU,CPA_B07,2020,0.34
HU,CPA_B07,2021,0.31
HU,CPA_B07,2022,0.37
HU,CPA_B07,2023,0.25
LT,CPA_B07,2020,0.31
LT,CPA_B07,2021,0.17
LT,CPA_B07,2022,0.2
RO,CPA_B07,2014,398.43
RO,CPA_B07,2015,360.96
RO,CPA_B07,2016,382.86
RO,CPA_B07,2017,383.1
RO,CPA_B07,2018,445.9
RO,CPA_B07,2019,324.87
RO,CPA_B07,2020,310.67
RO,CPA_B07,2021,678.8
RO,CPA_B07,2022,693.57
SK,CPA_B07,2014,58.42
SK,CPA_B07,2015,43.36
SK,CPA_B07,2016,43.91
SK,CPA_B07,2017,66.31
SK,CPA_B07,2018,57.82
SK,CPA_B07,2019,55.04
SK,CPA_B07,2020,32.83
SK,CPA_B07,2021,111.3
SK,CPA_B07,2022,83.83
BE,CPA_B08,2015,659.7
BE,CPA_B08,2016,707.41
BE,CPA_B08,2019,779.7
BE,CPA_B08,2020,446.7
BE,CPA_B08,2021,581.8
BE,CPA_B08,2022,1288.9
BG,CPA_B08,2018,102.52
BG,CPA_B08,2019,106.5
BG,CPA_B08,2020,66.9
BG,CPA_B08,2021,88.06
BG,CPA_B08,2022,104.19
CZ,CPA_B08,2014,60.72
CZ,CPA_B08,2015,62.1
CZ,CPA_B08,2016,62.37
CZ,CPA_B08,2017,62.45
CZ,CPA_B08,2018,69.56
CZ,CPA_B08,2019,73.12
CZ,CPA_B08,2020,75.94
CZ,CPA_B08,2021,80.77
CZ,CPA_B08,2022,88.37
CZ,CPA_B08,2023,78.07
CZ,CPA_B08,2024,94.75
DK,CPA_B08,2015,289.81
DK,CPA_B08,2016,310.43
DK,CPA_B08,2017,392.98
DK,CPA_B08,2018,414.53
DK,CPA_B08,2019,397.26
DK,CPA_B08,2020,415.47
DK,CPA_B08,2021,396.81
DK,CPA_B08,2022,482.31
FR,CPA_B08,2021,1693.6
FR,CPA_B08,2022,1866.4
HR,CPA_B08,2014,47.09
HR,CPA_B08,2015,49.35
HR,CPA_B08,2016,82.58
HR,CPA_B08,2017,88.1
HR,CPA_B08,2018,94.42
HR,CPA_B08,2019,99.09
HR,CPA_B08,2020,84.06
HR,CPA_B08,2021,95.75
HR,CPA_B08,2022,130.37
HU,CPA_B08,2016,60.42
HU,CPA_B08,2017,69.26
HU,CPA_B08,2018,89.15
HU,CPA_B08,2019,110.69
HU,CPA_B08,2020,93.3
HU,CPA_B08,2021,103.17
HU,CPA_B08,2022,115.65
HU,CPA_B08,2023,102.44
LT,CPA_B08,2020,89.84
LT,CPA_B08,2021,125.94
LT,CPA_B08,2022,103.02
RO,CPA_B08,2014,98.75
RO,CPA_B08,2015,106.36
RO,CPA_B08,2016,116.67
RO,CPA_B08,2017,199.79
RO,CPA_B08,2018,158.7
RO,CPA_B08,2019,182.33
RO,CPA_B08,2020,191.53
RO,CPA_B08,2021,223.51
RO,CPA_B08,2022,368.16
SK,CPA_B08,2014,65.32
SK,CPA_B08,2015,88.13
SK,CPA_B08,2016,79.43
SK,CPA_B08,2017,107.68
SK,CPA_B08,2018,112.37
SK,CPA_B08,2019,107.69
SK,CPA_B08,2020,95.89
SK,CPA_B08,2021,99.26
SK,CPA_B08,2022,138.09
BE,CPA_B09,2015,0.0
BE,CPA_B09,2016,0.0
BE,CPA_B09,2019,0.0
BE,CPA_B09,2020,0.0
BE,CPA_B09,2021,0.0
BE,CPA_B09,2022,0.0
BG,CPA_B09,2018,16.04
BG,CPA_B09,2019,15.22
BG,CPA_B09,2020,15.69
BG,CPA_B09,2021,9.97
BG,CPA_B09,2022,17.2
CZ,CPA_B09,2014,0.0
CZ,CPA_B09,2015,0.0
CZ,CPA_B09,2016,0.0
CZ,CPA_B09,2017,0.0
CZ,CPA_B09,2018,0.0
CZ,CPA_B09,2019,0.0
CZ,CPA_B09,2020,0.0
CZ,CPA_B09,2021,0.0
CZ,CPA_B09,2022,0.0
CZ,CPA_B09,2023,0.0
CZ,CPA_B09,2024,0.0
DK,CPA_B09,2015,0.0
DK,CPA_B09,2016,0.0
DK,CPA_B09,2017,0.0
DK,CPA_B09,2018,0.0
DK,CPA_B09,2019,0.0
DK,CPA_B09,2020,0.0
DK,CPA_B09,2021,0.0
DK,CPA_B09,2022,0.0
FR,CPA_B09,2021,0.0
FR,CPA_B09,2022,0.0
HR,CPA_B09,2014,27.25
HR,CPA_B09,2015,28.55
HR,CPA_B09,2016,41.66
HR,CPA_B09,2017,44.79
HR,CPA_B09,2018,47.98
HR,CPA_B09,2019,50.36
HR,CPA_B09,2020,42.56
HU,CPA_B09,2016,0.0
HU,CPA_B09,2017,0.0
HU,CPA_B09,2018,0.0
HU,CPA_B09,2019,0.0
HU,CPA_B09,2020,0.0
HU,CPA_B09,2021,0.0
HU,CPA_B09,2022,0.0
HU,CPA_B09,2023,0.0
RO,CPA_B09,2014,34.7
RO,CPA_B09,2015,18.92
RO,CPA_B09,2016,9.11
RO,CPA_B09,2017,11.32
RO,CPA_B09,2018,12.23
RO,CPA_B09,2019,13.57
RO,CPA_B09,2020,18.56
RO,CPA_B09,2021,23.27
RO,CPA_B09,2022,17.28
SK,CPA_B09,2014,0.0
SK,CPA_B09,2015,0.0
SK,CPA_B09,2016,0.0
SK,CPA_B09,2017,0.0
SK,CPA_B09,2018,0.0
SK,CPA_B09,2019,0.0
SK,CPA_B09,2020,0.0
SK,CPA_B09,2021,0.0
SK,CPA_B09,2022,0.0
BE,CPA_C10,2015,12857.0
BE,CPA_C10,2016,13836.97
BE,CPA_C10,2019,15068.5
BE,CPA_C10,2020,14073.5
BE,CPA_C10,2021,15154.2
BE,CPA_C10,2022,15649.6
BG,CPA_C10,2018,1792.48
BG,CPA_C10,2019,1899.42
BG,CPA_C10,2020,1969.41
BG,CPA_C10,2021,2082.94
BG,CPA_C10,2022,2785.91
CZ,CPA_C10,2014,3272.12
CZ,CPA_C10,2015,3446.79
CZ,CPA_C10,2016,3579.64
CZ,CPA_C10,2017,4025.41
CZ,CPA_C10,2018,4123.84
CZ,CPA_C10,2019,4448.15
CZ,CPA_C10,2020,4396.64
CZ,CPA_C10,2021,4723.44
CZ,CPA_C10,2022,5575.31
CZ,CPA_C10,2023,6120.81
CZ,CPA_C10,2024,5910.23
DK,CPA_C10,2015,5709.69
DK,CPA_C10,2016,5908.0
DK,CPA_C10,2017,6187.27
DK,CPA_C10,2018,6207.65
DK,CPA_C10,2019,6525.36
DK,CPA_C10,2020,6578.79
DK,CPA_C10,2021,6854.61
DK,CPA_C10,2022,7474.31
FR,CPA_C10,2021,64330.0
FR,CPA_C10,2022,67447.4
HR,CPA_C10,2014,1524.73
HR,CPA_C10,2015,1595.97
HR,CPA_C10,2016,1505.53
HR,CPA_C10,2017,1605.81
HR,CPA_C10,2018,1720.94
HR,CPA_C10,2019,1824.46
HR,CPA_C10,2020,1548.59
HR,CPA_C10,2021,1806.57
HR,CPA_C10,2022,2332.79
HU,CPA_C10,2016,3352.49
HU,CPA_C10,2017,3643.69
HU,CPA_C10,2018,3844.14
HU,CPA_C10,2019,4188.26
HU,CPA_C10,2020,4053.99
HU,CPA_C10,2021,4393.56
HU,CPA_C10,2022,4584.15
HU,CPA_C10,2023,5541.69
LT,CPA_C10,2020,2381.86
LT,CPA_C10,2021,2229.35
LT,CPA_C10,2022,2707.45
RO,CPA_C10,2014,4821.59
RO,CPA_C10,2015,4572.7
RO,CPA_C10,2016,6115.09
RO,CPA_C10,2017,6983.21
RO,CPA_C10,2018,9349.4
RO,CPA_C10,2019,9074.52
RO,CPA_C10,2020,9658.33
RO,CPA_C10,2021,10796.65
RO,CPA_C10,2022,14083.93
SK,CPA_C10,2014,1508.5
SK,CPA_C10,2015,1411.03
SK,CPA_C10,2016,1601.82
SK,CPA_C10,2017,1817.14
SK,CPA_C10,2018,1816.34
SK,CPA_C10,2019,1874.54
SK,CPA_C10,2020,2207.5
SK,CPA_C10,2021,2176.68
SK,CPA_C10,2022,2384.67
AL,CPA_C10-12,2014,455.61
AL,CPA_C10-12,2015,493.69
AL,CPA_C10-12,2016,489.87
AL,CPA_C10-12,2017,520.7
AL,CPA_C10-12,2018,603.03
AL,CPA_C10-12,2019,566.13
AL,CPA_C10-12,2020,427.07
AL,CPA_C10-12,2021,592.21
AL,CPA_C10-12,2022,714.5
AL,CPA_C10-12,2023,971.46
AL,CPA_C10-12,2024,1130.33
AT,CPA_C10-12,2014,8790.36
AT,CPA_C10-12,2015,9018.1
AT,CPA_C10-12,2016,9606.39
AT,CPA_C10-12,2017,9092.15
AT,CPA_C10-12,2018,9737.18
AT,CPA_C10-12,2019,10354.43
AT,CPA_C10-12,2020,10628.44
AT,CPA_C10-12,2021,10987.94
AT,CPA_C10-12,2022,11697.07
BE,CPA_C10-12,2014,14594.71
BE,CPA_C10-12,2015,15831.2
BE,CPA_C10-12,2016,16995.3
BE,CPA_C10-12,2017,17313.1
BE,CPA_C10-12,2018,17936.6
BE,CPA_C10-12,2019,18639.4
BE,CPA_C10-12,2020,18219.8
BE,CPA_C10-12,2021,19633.8
BE,CPA_C10-12,2022,20492.9
BG,CPA_C10-12,2014,1605.49
BG,CPA_C10-12,2018,2149.75
BG,CPA_C10-12,2019,2277.09
BG,CPA_C10-12,2020,2345.09
BG,CPA_C10-12,2021,2429.97
BG,CPA_C10-12,2022,3147.15
CY,CPA_C10-12,2014,553.77
CY,CPA_C10-12,2015,576.85
CY,CPA_C10-12,2016,612.23
CY,CPA_C10-12,2017,642.28
CY,CPA_C10-12,2018,661.03
CY,CPA_C10-12,2019,704.47
CY,CPA_C10-12,2020,658.65
CY,CPA_C10-12,2021,747.72
CY,CPA_C10-12,2022,819.58
CZ,CPA_C10-12,2014,4509.04
CZ,CPA_C10-12,2015,4811.58
CZ,CPA_C10-12,2016,5067.36
CZ,CPA_C10-12,2017,5666.0
CZ,CPA_C10-12,2018,5895.08
CZ,CPA_C10-12,2019,6353.21
CZ,CPA_C10-12,2020,6263.2
CZ,CPA_C10-12,2021,6807.25
CZ,CPA_C10-12,2022,7809.94
CZ,CPA_C10-12,2023,8533.74
CZ,CPA_C10-12,2024,8311.43
DE,CPA_C10-12,2014,70576.0
DE,CPA_C10-12,2015,73163.0
DE,CPA_C10-12,2016,79263.0
DE,CPA_C10-12,2017,82642.0
DE,CPA_C10-12,2018,85813.0
DE,CPA_C10-12,2019,90316.0
DE,CPA_C10-12,2020,95242.0
DE,CPA_C10-12,2021,111135.0
DE,CPA_C10-12,2022,121630.0
DK,CPA_C10-12,2014,7235.24
DK,CPA_C10-12,2015,7362.28
DK,CPA_C10-12,2016,7722.22
DK,CPA_C10-12,2017,8051.98
DK,CPA_C10-12,2018,8151.6
DK,CPA_C10-12,2019,8498.98
DK,CPA_C10-12,2020,8633.86
DK,CPA_C10-12,2021,9027.95
DK,CPA_C10-12,2022,9582.94
EA21,CPA_C10-12,2014,338096.42
EA21,CPA_C10-12,2015,349184.56
EA21,CPA_C10-12,2016,355204.68
EA21,CPA_C10-12,2017,367887.3
EA21,CPA_C10-12,2018,380527.52
EA21,CPA_C10-12,2019,395327.03
EA21,CPA_C10-12,2020,398564.16
EA21,CPA_C10-12,2021,416302.12
EA21,CPA_C10-12,2022,452982.3
EA21,CPA_C10-12,2023,467307.62
EA21,CPA_C10-12,2024,472580.71
EE,CPA_C10-12,2014,793.84
EE,CPA_C10-12,2015,765.69
EE,CPA_C10-12,2016,797.67
EE,CPA_C10-12,2017,855.1
EE,CPA_C10-12,2018,952.56
EE,CPA_C10-12,2019,1117.35
EE,CPA_C10-12,2020,1027.84
EE,CPA_C10-12,2021,1131.72
EE,CPA_C10-12,2022,1272.87
EL,CPA_C10-12,2014,6153.02
EL,CPA_C10-12,2015,6152.3
EL,CPA_C10-12,2016,5578.87
EL,CPA_C10-12,2017,6303.64
EL,CPA_C10-12,2018,6207.23
EL,CPA_C10-12,2019,6097.39
EL,CPA_C10-12,2020,5949.19
EL,CPA_C10-12,2021,6199.33
EL,CPA_C10-12,2022,7935.8
ES,CPA_C10-12,2014,37740.3
ES,CPA_C10-12,2015,37432.1
ES,CPA_C10-12,2016,38685.4
ES,CPA_C10-12,2017,36726.0
ES,CPA_C10-12,2018,37757.9
ES,CPA_C10-12,2019,39173.9
ES,CPA_C10-12,2020,38768.1
ES,CPA_C10-12,2021,37369.7
ES,CPA_C10-12,2022,42293.2
ES,CPA_C10-12,2023,44917.0
EU27_2020,CPA_C10-12,2014,394204.34
EU27_2020,CPA_C10-12,2015,406686.14
EU27_2020,CPA_C10-12,2016,416385.74
EU27_2020,CPA_C10-12,2017,432346.88
EU27_2020,CPA_C10-12,2018,449427.6
EU27_2020,CPA_C10-12,2019,466358.85
EU27_2020,CPA_C10-12,2020,470734.13
EU27_2020,CPA_C10-12,2021,493206.47
EU27_2020,CPA_C10-12,2022,539538.17
EU27_2020,CPA_C10-12,2023,558007.29
EU27_2020,CPA_C10-12,2024,568179.29
FI,CPA_C10-12,2014,6075.44
FI,CPA_C10-12,2015,6560.55
FI,CPA_C10-12,2016,6055.69
FI,CPA_C10-12,2017,6200.9
FI,CPA_C10-12,2018,6146.7
FI,CPA_C10-12,2019,6325.41
FI,CPA_C10-12,2020,6675.15
FI,CPA_C10-12,2021,6728.42
FI,CPA_C10-12,2022,7063.94
FI,CPA_C10-12,2023,7813.31
FR,CPA_C10-12,2014,75166.15
FR,CPA_C10-12,2015,77387.25
FR,CPA_C10-12,2016,79687.58
FR,CPA_C10-12,2017,82034.72
FR,CPA_C10-12,2018,85097.88
FR,CPA_C10-12,2019,87229.17
FR,CPA_C10-12,2020,84446.6
FR,CPA_C10-12,2021,87321.7
FR,CPA_C10-12,2022,91904.4
HR,CPA_C10-12,2014,2274.61
HR,CPA_C10-12,2015,2380.31
HR,CPA_C10-12,2016,2294.12
HR,CPA_C10-12,2017,2401.23
HR,CPA_C10-12,2018,2576.67
HR,CPA_C10-12,2019,2722.05
HR,CPA_C10-12,2020,2330.14
HR,CPA_C10-12,2021,2674.55
HR,CPA_C10-12,2022,3397.7
HU,CPA_C10-12,2014,4146.52
HU,CPA_C10-12,2015,4333.86
HU,CPA_C10-12,2016,4508.23
HU,CPA_C10-12,2017,4994.51
HU,CPA_C10-12,2018,5258.07
HU,CPA_C10-12,2019,5723.73
HU,CPA_C10-12,2020,5471.73
HU,CPA_C10-12,2021,5913.98
HU,CPA_C10-12,2022,6191.01
HU,CPA_C10-12,2023,7395.13
IE,CPA_C10-12,2014,7689.25
IE,CPA_C10-12,2015,8120.59
IE,CPA_C10-12,2016,6212.0
IE,CPA_C10-12,2017,7556.17
IE,CPA_C10-12,2018,9258.4
IE,CPA_C10-12,2019,9447.43
IE,CPA_C10-12,2020,8112.73
IE,CPA_C10-12,2021,7929.5
IE,CPA_C10-12,2022,7136.44
IT,CPA_C10-12,2014,58965.38
IT,CPA_C10-12,2015,62633.5
IT,CPA_C10-12,2016,62922.5
IT,CPA_C10-12,2017,65516.1
IT,CPA_C10-12,2018,64904.3
IT,CPA_C10-12,2019,66632.1
IT,CPA_C10-12,2020,63376.7
IT,CPA_C10-12,2021,63706.2
IT,CPA_C10-12,2022,71936.8
LT,CPA_C10-12,2014,2362.73
LT,CPA_C10-12,2015,2527.08
LT,CPA_C10-12,2016,2685.14
LT,CPA_C10-12,2017,2676.53
LT,CPA_C10-12,2018,2240.84
LT,CPA_C10-12,2019,2504.56
LT,CPA_C10-12,2020,2770.17
LT,CPA_C10-12,2021,2598.31
LT,CPA_C10-12,2022,3090.52
LU,CPA_C10-12,2014,951.27
LU,CPA_C10-12,2015,952.67
LU,CPA_C10-12,2016,973.61
LU,CPA_C10-12,2017,1000.41
LU,CPA_C10-12,2018,1032.77
LU,CPA_C10-12,2019,1124.39
LU,CPA_C10-12,2020,1108.12
LU,CPA_C10-12,2021,1265.98
LU,CPA_C10-12,2022,1428.58
LV,CPA_C10-12,2014,951.69
LV,CPA_C10-12,2015,965.3
LV,CPA_C10-12,2016,1002.99
LV,CPA_C10-12,2017,1060.9
LV,CPA_C10-12,2018,1187.85
LV,CPA_C10-12,2019,1313.03
LV,CPA_C10-12,2020,1438.05
LV,CPA_C10-12,2021,1392.19
LV,CPA_C10-12,2022,1405.98
LV,CPA_C10-12,2023,1776.08
MK,CPA_C10-12,2014,518.89
MK,CPA_C10-12,2015,569.38
MK,CPA_C10-12,2016,594.03
MK,CPA_C10-12,2017,616.73
MK,CPA_C10-12,2018,613.47
MK,CPA_C10-12,2019,654.57
MK,CPA_C10-12,2020,711.66
MK,CPA_C10-12,2021,722.32
MK,CPA_C10-12,2022,731.14
MK,CPA_C10-12,2023,825.12
MT,CPA_C10-12,2014,394.34
MT,CPA_C10-12,2015,430.48
MT,CPA_C10-12,2016,432.21
MT,CPA_C10-12,2017,463.28
MT,CPA_C10-12,2018,476.32
MT,CPA_C10-12,2019,507.02
MT,CPA_C10-12,2020,436.5
MT,CPA_C10-12,2021,473.91
MT,CPA_C10-12,2022,564.37
NL,CPA_C10-12,2014,26060.0
NL,CPA_C10-12,2015,27162.0
NL,CPA_C10-12,2016,28265.0
NL,CPA_C10-12,2017,29688.0
NL,CPA_C10-12,2018,31279.0
NL,CPA_C10-12,2019,32782.0
NL,CPA_C10-12,2020,33367.0
NL,CPA_C10-12,2021,36490.0
NL,CPA_C10-12,2022,39061.0
NL,CPA_C10-12,2023,41262.0
NL,CPA_C10-12,2024,43295.0
NO,CPA_C10-12,2014,5882.41
NO,CPA_C10-12,2015,5470.97
NO,CPA_C10-12,2016,5525.69
NO,CPA_C10-12,2017,5501.9
NO,CPA_C10-12,2018,5601.72
NO,CPA_C10-12,2019,5615.92
NO,CPA_C10-12,2020,5312.42
NO,CPA_C10-12,2021,6215.99
NO,CPA_C10-12,2022,6830.72
NO,CPA_C10-12,2023,6163.26
PL,CPA_C10-12,2014,20577.6
PL,CPA_C10-12,2015,21272.86
PL,CPA_C10-12,2016,21333.33
PL,CPA_C10-12,2017,22855.3
PL,CPA_C10-12,2018,24354.95
PL,CPA_C10-12,2019,25367.74
PL,CPA_C10-12,2020,24176.11
PL,CPA_C10-12,2021,24690.37
PL,CPA_C10-12,2022,29422.74
PT,CPA_C10-12,2014,8174.93
PT,CPA_C10-12,2015,8373.03
PT,CPA_C10-12,2016,8690.27
PT,CPA_C10-12,2017,8850.79
PT,CPA_C10-12,2018,9301.78
PT,CPA_C10-12,2019,9638.98
PT,CPA_C10-12,2020,9535.3
PT,CPA_C10-12,2021,9858.94
PT,CPA_C10-12,2022,11214.73
PT,CPA_C10-12,2023,13185.12
PT,CPA_C10-12,2024,13738.15
RO,CPA_C10-12,2014,8914.04
RO,CPA_C10-12,2015,9009.63
RO,CPA_C10-12,2016,10791.07
RO,CPA_C10-12,2017,11217.54
RO,CPA_C10-12,2018,14770.18
RO,CPA_C10-12,2019,14489.12
RO,CPA_C10-12,2020,14800.07
RO,CPA_C10-12,2021,16561.15
RO,CPA_C10-12,2022,19791.58
RS,CPA_C10-12,2014,1960.22
RS,CPA_C10-12,2015,1965.36
RS,CPA_C10-12,2016,1958.71
RS,CPA_C10-12,2017,2121.14
RS,CPA_C10-12,2018,2608.71
RS,CPA_C10-12,2019,2706.52
RS,CPA_C10-12,2020,3066.79
RS,CPA_C10-12,2021,2785.94
RS,CPA_C10-12,2022,3536.63
SE,CPA_C10-12,2014,9800.18
SE,CPA_C10-12,2015,10767.78
SE,CPA_C10-12,2016,11680.92
SE,CPA_C10-12,2017,11524.9
SE,CPA_C10-12,2018,11506.97
SE,CPA_C10-12,2019,11935.62
SE,CPA_C10-12,2020,12692.66
SE,CPA_C10-12,2021,13939.19
SE,CPA_C10-12,2022,13583.48
SE,CPA_C10-12,2023,14795.19
SI,CPA_C10-12,2014,1189.04
SI,CPA_C10-12,2015,1227.37
SI,CPA_C10-12,2016,1251.55
SI,CPA_C10-12,2017,1279.82
SI,CPA_C10-12,2018,1328.36
SI,CPA_C10-12,2019,1422.37
SI,CPA_C10-12,2020,1468.37
SI,CPA_C10-12,2021,1475.65
SI,CPA_C10-12,2022,1689.49
SI,CPA_C10-12,2023,1958.79
SK,CPA_C10-12,2014,2064.36
SK,CPA_C10-12,2015,1980.77
SK,CPA_C10-12,2016,2205.66
SK,CPA_C10-12,2017,2449.74
SK,CPA_C10-12,2018,2500.74
SK,CPA_C10-12,2019,2548.65
SK,CPA_C10-12,2020,2917.8
SK,CPA_C10-12,2021,2907.88
SK,CPA_C10-12,2022,3439.98
TR,CPA_C10-12,2023,38186.09
XK,CPA_C10-12,2014,420214.0
XK,CPA_C10-12,2015,417559.0
XK,CPA_C10-12,2016,427578.0
XK,CPA_C10-12,2017,454132.0
XK,CPA_C10-12,2018,503257.0
XK,CPA_C10-12,2019,507657.0
BE,CPA_C11,2015,2104.5
BE,CPA_C11,2016,2091.8
BE,CPA_C11,2019,2328.5
BE,CPA_C11,2020,2512.0
BE,CPA_C11,2021,2723.8
BE,CPA_C11,2022,2881.8
BG,CPA_C11,2018,248.65
BG,CPA_C11,2019,262.31
BG,CPA_C11,2020,266.49
BG,CPA_C11,2021,246.41
BG,CPA_C11,2022,297.34
CZ,CPA_C11,2014,628.23
CZ,CPA_C11,2015,670.04
CZ,CPA_C11,2016,699.79
CZ,CPA_C11,2017,758.38
CZ,CPA_C11,2018,850.51
CZ,CPA_C11,2019,930.04
CZ,CPA_C11,2020,940.77
CZ,CPA_C11,2021,1005.54
CZ,CPA_C11,2022,1087.11
CZ,CPA_C11,2023,1169.39
CZ,CPA_C11,2024,1179.82
DK,CPA_C11,2015,1220.23
DK,CPA_C11,2016,1303.26
DK,CPA_C11,2017,1376.57
DK,CPA_C11,2018,1442.23
DK,CPA_C11,2019,1475.58
DK,CPA_C11,2020,1575.62
DK,CPA_C11,2021,1712.64
DK,CPA_C11,2022,1704.66
FR,CPA_C11,2021,19702.6
FR,CPA_C11,2022,20276.3
HR,CPA_C11,2014,446.71
HR,CPA_C11,2015,467.35
HR,CPA_C11,2016,595.28
HR,CPA_C11,2017,601.67
HR,CPA_C11,2018,647.19
HR,CPA_C11,2019,678.87
HR,CPA_C11,2020,590.53
HR,CPA_C11,2021,656.46
HR,CPA_C11,2022,839.18
HU,CPA_C11,2016,748.28
HU,CPA_C11,2017,810.69
HU,CPA_C11,2018,882.06
HU,CPA_C11,2019,930.14
HU,CPA_C11,2020,864.05
HU,CPA_C11,2021,885.78
HU,CPA_C11,2022,908.32
HU,CPA_C11,2023,1084.89
RO,CPA_C11,2014,1056.44
RO,CPA_C11,2015,1075.18
RO,CPA_C11,2016,1141.66
RO,CPA_C11,2017,1208.96
RO,CPA_C11,2018,1555.2
RO,CPA_C11,2019,1448.25
RO,CPA_C11,2020,1713.16
RO,CPA_C11,2021,1848.52
RO,CPA_C11,2022,2335.73
SK,CPA_C11,2014,402.94
SK,CPA_C11,2015,418.28
SK,CPA_C11,2016,441.5
SK,CPA_C11,2017,457.13
SK,CPA_C11,2018,482.01
SK,CPA_C11,2019,456.63
SK,CPA_C11,2020,493.03
SK,CPA_C11,2021,470.24
SK,CPA_C11,2022,580.56
BE,CPA_C12,2015,869.7
BE,CPA_C12,2016,1066.54
BE,CPA_C12,2019,1242.4
BE,CPA_C12,2020,1634.3
BE,CPA_C12,2021,1755.8
BE,CPA_C12,2022,1961.5
BG,CPA_C12,2018,108.62
BG,CPA_C12,2019,115.36
BG,CPA_C12,2020,109.19
BG,CPA_C12,2021,100.62
BG,CPA_C12,2022,63.9
CZ,CPA_C12,2014,608.69
CZ,CPA_C12,2015,694.75
CZ,CPA_C12,2016,787.93
CZ,CPA_C12,2017,882.21
CZ,CPA_C12,2018,920.73
CZ,CPA_C12,2019,975.03
CZ,CPA_C12,2020,925.8
CZ,CPA_C12,2021,1078.28
CZ,CPA_C12,2022,1147.52
CZ,CPA_C12,2023,1243.54
CZ,CPA_C12,2024,1221.38
DK,CPA_C12,2015,432.36
DK,CPA_C12,2016,510.96
DK,CPA_C12,2017,488.14
DK,CPA_C12,2018,501.72
DK,CPA_C12,2019,498.03
DK,CPA_C12,2020,479.46
DK,CPA_C12,2021,460.69
DK,CPA_C12,2022,403.97
FR,CPA_C12,2021,3289.1
FR,CPA_C12,2022,4180.7
HR,CPA_C12,2014,303.17
HR,CPA_C12,2015,316.99
HR,CPA_C12,2016,193.31
HR,CPA_C12,2017,193.75
HR,CPA_C12,2018,208.53
HR,CPA_C12,2019,218.72
HR,CPA_C12,2020,191.02
HR,CPA_C12,2021,211.53
HR,CPA_C12,2022,225.73
HU,CPA_C12,2016,407.46
HU,CPA_C12,2017,540.13
HU,CPA_C12,2018,531.87
HU,CPA_C12,2019,605.33
HU,CPA_C12,2020,553.69
HU,CPA_C12,2021,634.63
HU,CPA_C12,2022,698.54
HU,CPA_C12,2023,768.55
RO,CPA_C12,2014,3036.01
RO,CPA_C12,2015,3361.74
RO,CPA_C12,2016,3534.32
RO,CPA_C12,2017,3025.37
RO,CPA_C12,2018,3865.58
RO,CPA_C12,2019,3966.35
RO,CPA_C12,2020,3428.58
RO,CPA_C12,2021,3915.98
RO,CPA_C12,2022,3371.91
SK,CPA_C12,2014,152.92
SK,CPA_C12,2015,151.46
SK,CPA_C12,2016,162.34
SK,CPA_C12,2017,175.47
SK,CPA_C12,2018,202.39
SK,CPA_C12,2019,217.48
SK,CPA_C12,2020,217.28
SK,CPA_C12,2021,260.97
SK,CPA_C12,2022,474.74
BE,CPA_C13,2015,1128.4
BE,CPA_C13,2016,1140.28
BE,CPA_C13,2019,1222.2
BE,CPA_C13,2020,1083.5
BE,CPA_C13,2021,1225.3
BE,CPA_C13,2022,715.0
BG,CPA_C13,2018,512.36
BG,CPA_C13,2019,590.91
BG,CPA_C13,2020,449.01
BG,CPA_C13,2021,525.12
BG,CPA_C13,2022,566.1
CZ,CPA_C13,2014,744.01
CZ,CPA_C13,2015,778.03
CZ,CPA_C13,2016,827.29
CZ,CPA_C13,2017,889.46
CZ,CPA_C13,2018,940.27
CZ,CPA_C13,2019,974.44
CZ,CPA_C13,2020,990.25
CZ,CPA_C13,2021,1098.09
CZ,CPA_C13,2022,1230.44
CZ,CPA_C13,2023,1231.42
CZ,CPA_C13,2024,1233.92
DK,CPA_C13,2015,783.58
DK,CPA_C13,2016,727.94
DK,CPA_C13,2017,759.3
DK,CPA_C13,2018,734.92
DK,CPA_C13,2019,726.83
DK,CPA_C13,2020,823.92
DK,CPA_C13,2021,859.92
DK,CPA_C13,2022,914.81
FR,CPA_C13,2021,5138.6
FR,CPA_C13,2022,5610.2
HR,CPA_C13,2014,215.04
HR,CPA_C13,2015,225.05
HR,CPA_C13,2016,221.45
HR,CPA_C13,2017,232.34
HR,CPA_C13,2018,249.28
HR,CPA_C13,2019,261.58
HR,CPA_C13,2020,223.6
HR,CPA_C13,2021,252.81
HR,CPA_C13,2022,214.45
HU,CPA_C13,2016,244.51
HU,CPA_C13,2017,279.04
HU,CPA_C13,2018,313.27
HU,CPA_C13,2019,334.8
HU,CPA_C13,2020,399.61
HU,CPA_C13,2021,346.74
HU,CPA_C13,2022,350.21
HU,CPA_C13,2023,400.95
LT,CPA_C13,2020,134.19
LT,CPA_C13,2021,197.35
LT,CPA_C13,2022,218.08
RO,CPA_C13,2014,876.3
RO,CPA_C13,2015,943.9
RO,CPA_C13,2016,890.61
RO,CPA_C13,2017,1096.39
RO,CPA_C13,2018,1230.4
RO,CPA_C13,2019,1306.09
RO,CPA_C13,2020,1326.4
RO,CPA_C13,2021,1585.82
RO,CPA_C13,2022,1826.07
SK,CPA_C13,2014,303.99
SK,CPA_C13,2015,295.39
SK,CPA_C13,2016,369.03
SK,CPA_C13,2017,508.86
SK,CPA_C13,2018,263.06
SK,CPA_C13,2019,170.89
SK,CPA_C13,2020,311.17
SK,CPA_C13,2021,283.03
SK,CPA_C13,2022,359.57
AL,CPA_C13-15,2014,126.42
AL,CPA_C13-15,2015,127.3
AL,CPA_C13-15,2016,139.75
AL,CPA_C13-15,2017,100.8
AL,CPA_C13-15,2018,141.58
AL,CPA_C13-15,2019,223.42
AL,CPA_C13-15,2020,191.99
AL,CPA_C13-15,2021,182.09
AL,CPA_C13-15,2022,206.12
AL,CPA_C13-15,2023,255.52
AL,CPA_C13-15,2024,328.87
AT,CPA_C13-15,2014,6012.64
AT,CPA_C13-15,2015,5843.55
AT,CPA_C13-15,2016,6018.28
AT,CPA_C13-15,2017,6064.6
AT,CPA_C13-15,2018,6062.93
AT,CPA_C13-15,2019,6057.14
AT,CPA_C13-15,2020,4920.97
AT,CPA_C13-15,2021,5671.93
AT,CPA_C13-15,2022,6454.04
BE,CPA_C13-15,2014,5894.64
BE,CPA_C13-15,2015,6614.5
BE,CPA_C13-15,2016,6650.27
BE,CPA_C13-15,2017,6404.1
BE,CPA_C13-15,2018,6384.0
BE,CPA_C13-15,2019,6488.3
BE,CPA_C13-15,2020,5094.1
BE,CPA_C13-15,2021,5992.4
BE,CPA_C13-15,2022,5943.4
BG,CPA_C13-15,2014,747.93
BG,CPA_C13-15,2018,1418.32
BG,CPA_C13-15,2019,1729.87
BG,CPA_C13-15,2020,1405.95
BG,CPA_C13-15,2021,1439.54
BG,CPA_C13-15,2022,1630.72
CY,CPA_C13-15,2014,257.04
CY,CPA_C13-15,2015,260.03
CY,CPA_C13-15,2016,265.67
CY,CPA_C13-15,2017,283.27
CY,CPA_C13-15,2018,294.22
CY,CPA_C13-15,2019,308.52
CY,CPA_C13-15,2020,269.05
CY,CPA_C13-15,2021,346.97
CY,CPA_C13-15,2022,397.77
CZ,CPA_C13-15,2014,2727.99
CZ,CPA_C13-15,2015,2839.77
CZ,CPA_C13-15,2016,3049.01
CZ,CPA_C13-15,2017,3493.24
CZ,CPA_C13-15,2018,3674.35
CZ,CPA_C13-15,2019,3836.23
CZ,CPA_C13-15,2020,3579.13
CZ,CPA_C13-15,2021,3865.13
CZ,CPA_C13-15,2022,4805.42
CZ,CPA_C13-15,2023,5026.75
CZ,CPA_C13-15,2024,5106.49
DE,CPA_C13-15,2014,47762.0
DE,CPA_C13-15,2015,51469.0
DE,CPA_C13-15,2016,50847.0
DE,CPA_C13-15,2017,53813.0
DE,CPA_C13-15,2018,53840.0
DE,CPA_C13-15,2019,51563.0
DE,CPA_C13-15,2020,48574.0
DE,CPA_C13-15,2021,53070.0
DE,CPA_C13-15,2022,61375.0
DK,CPA_C13-15,2014,4113.79
DK,CPA_C13-15,2015,4346.17
DK,CPA_C13-15,2016,4498.91
DK,CPA_C13-15,2017,4642.85
DK,CPA_C13-15,2018,4776.2
DK,CPA_C13-15,2019,4812.92
DK,CPA_C13-15,2020,4715.74
DK,CPA_C13-15,2021,4897.16
DK,CPA_C13-15,2022,5577.05
EA21,CPA_C13-15,2014,185137.77
EA21,CPA_C13-15,2015,195614.67
EA21,CPA_C13-15,2016,188144.57
EA21,CPA_C13-15,2017,194674.41
EA21,CPA_C13-15,2018,199384.47
EA21,CPA_C13-15,2019,202039.14
EA21,CPA_C13-15,2020,183497.92
EA21,CPA_C13-15,2021,192441.33
EA21,CPA_C13-15,2022,221775.55
EA21,CPA_C13-15,2023,230542.88
EA21,CPA_C13-15,2024,233208.83
EE,CPA_C13-15,2014,428.35
EE,CPA_C13-15,2015,430.34
EE,CPA_C13-15,2016,483.66
EE,CPA_C13-15,2017,483.59
EE,CPA_C13-15,2018,537.72
EE,CPA_C13-15,2019,541.3
EE,CPA_C13-15,2020,539.03
EE,CPA_C13-15,2021,606.03
EE,CPA_C13-15,2022,652.98
EL,CPA_C13-15,2014,2559.24
EL,CPA_C13-15,2015,2546.89
EL,CPA_C13-15,2016,2551.16
EL,CPA_C13-15,2017,2412.81
EL,CPA_C13-15,2018,2431.82
EL,CPA_C13-15,2019,2316.72
EL,CPA_C13-15,2020,1718.32
EL,CPA_C13-15,2021,1856.3
EL,CPA_C13-15,2022,2127.77
ES,CPA_C13-15,2014,21518.4
ES,CPA_C13-15,2015,22233.2
ES,CPA_C13-15,2016,13770.9
ES,CPA_C13-15,2017,12800.7
ES,CPA_C13-15,2018,12608.7
ES,CPA_C13-15,2019,13235.3
ES,CPA_C13-15,2020,11203.7
ES,CPA_C13-15,2021,11054.8
ES,CPA_C13-15,2022,14081.5
ES,CPA_C13-15,2023,16959.1
EU27_2020,CPA_C13-15,2014,213874.21
EU27_2020,CPA_C13-15,2015,227868.41
EU27_2020,CPA_C13-15,2016,219572.76
EU27_2020,CPA_C13-15,2017,227613.39
EU27_2020,CPA_C13-15,2018,233611.25
EU27_2020,CPA_C13-15,2019,238529.84
EU27_2020,CPA_C13-15,2020,218163.91
EU27_2020,CPA_C13-15,2021,233558.17
EU27_2020,CPA_C13-15,2022,268565.96
EU27_2020,CPA_C13-15,2023,278003.61
EU27_2020,CPA_C13-15,2024,283172.99
FI,CPA_C13-15,2014,2733.06
FI,CPA_C13-15,2015,2925.01
FI,CPA_C13-15,2016,2825.72
FI,CPA_C13-15,2017,2926.06
FI,CPA_C13-15,2018,2872.67
FI,CPA_C13-15,2019,2923.99
FI,CPA_C13-15,2020,2682.93
FI,CPA_C13-15,2021,2929.79
FI,CPA_C13-15,2022,3232.3
FI,CPA_C13-15,2023,3191.12
FR,CPA_C13-15,2014,33549.0
FR,CPA_C13-15,2015,34037.0
FR,CPA_C13-15,2016,33906.0
FR,CPA_C13-15,2017,34756.0
FR,CPA_C13-15,2018,34785.0
FR,CPA_C13-15,2019,35563.0
FR,CPA_C13-15,2020,37402.4
FR,CPA_C13-15,2021,41517.2
FR,CPA_C13-15,2022,45191.0
HR,CPA_C13-15,2014,719.81
HR,CPA_C13-15,2015,753.17
HR,CPA_C13-15,2016,856.41
HR,CPA_C13-15,2017,878.47
HR,CPA_C13-15,2018,943.97
HR,CPA_C13-15,2019,990.31
HR,CPA_C13-15,2020,855.5
HR,CPA_C13-15,2021,957.42
HR,CPA_C13-15,2022,1179.27
HU,CPA_C13-15,2014,861.39
HU,CPA_C13-15,2015,997.92
HU,CPA_C13-15,2016,1052.38
HU,CPA_C13-15,2017,1175.77
HU,CPA_C13-15,2018,1276.23
HU,CPA_C13-15,2019,1342.47
HU,CPA_C13-15,2020,1253.82
HU,CPA_C13-15,2021,1305.56
HU,CPA_C13-15,2022,1293.88
HU,CPA_C13-15,2023,1607.89
IE,CPA_C13-15,2014,2032.91
IE,CPA_C13-15,2015,1993.89
IE,CPA_C13-15,2016,2109.95
IE,CPA_C13-15,2017,1687.09
IE,CPA_C13-15,2018,4477.84
IE,CPA_C13-15,2019,4278.33
IE,CPA_C13-15,2020,3012.43
IE,CPA_C13-15,2021,3279.62
IE,CPA_C13-15,2022,3725.2
IT,CPA_C13-15,2014,41283.57
IT,CPA_C13-15,2015,40309.9
IT,CPA_C13-15,2016,41256.2
IT,CPA_C13-15,2017,42269.7
IT,CPA_C13-15,2018,43589.1
IT,CPA_C13-15,2019,46509.8
IT,CPA_C13-15,2020,36430.9
IT,CPA_C13-15,2021,38092.0
IT,CPA_C13-15,2022,46880.0
LT,CPA_C13-15,2014,672.82
LT,CPA_C13-15,2015,700.59
LT,CPA_C13-15,2016,744.18
LT,CPA_C13-15,2017,759.13
LT,CPA_C13-15,2018,684.26
LT,CPA_C13-15,2019,712.45
LT,CPA_C13-15,2020,660.74
LT,CPA_C13-15,2021,722.24
LT,CPA_C13-15,2022,812.36
LU,CPA_C13-15,2014,587.2
LU,CPA_C13-15,2015,611.38
LU,CPA_C13-15,2016,610.14
LU,CPA_C13-15,2017,613.72
LU,CPA_C13-15,2018,609.48
LU,CPA_C13-15,2019,621.92
LU,CPA_C13-15,2020,589.24
LU,CPA_C13-15,2021,701.72
LU,CPA_C13-15,2022,751.93
LV,CPA_C13-15,2014,338.04
LV,CPA_C13-15,2015,372.15
LV,CPA_C13-15,2016,361.18
LV,CPA_C13-15,2017,384.85
LV,CPA_C13-15,2018,410.3
LV,CPA_C13-15,2019,474.6
LV,CPA_C13-15,2020,465.96
LV,CPA_C13-15,2021,465.37
LV,CPA_C13-15,2022,550.35
LV,CPA_C13-15,2023,483.03
MK,CPA_C13-15,2014,124.5
MK,CPA_C13-15,2015,126.42
MK,CPA_C13-15,2016,123.34
MK,CPA_C13-15,2017,129.53
MK,CPA_C13-15,2018,182.08
MK,CPA_C13-15,2019,185.92
MK,CPA_C13-15,2020,187.92
MK,CPA_C13-15,2021,188.27
MK,CPA_C13-15,2022,181.97
MK,CPA_C13-15,2023,190.56
MT,CPA_C13-15,2014,118.91
MT,CPA_C13-15,2015,139.8
MT,CPA_C13-15,2016,128.95
MT,CPA_C13-15,2017,143.3
MT,CPA_C13-15,2018,152.51
MT,CPA_C13-15,2019,182.76
MT,CPA_C13-15,2020,135.88
MT,CPA_C13-15,2021,149.05
MT,CPA_C13-15,2022,179.27
NL,CPA_C13-15,2014,12572.0
NL,CPA_C13-15,2015,12735.0
NL,CPA_C13-15,2016,13172.0
NL,CPA_C13-15,2017,13910.0
NL,CPA_C13-15,2018,14472.0
NL,CPA_C13-15,2019,15272.0
NL,CPA_C13-15,2020,14445.0
NL,CPA_C13-15,2021,16647.0
NL,CPA_C13-15,2022,18986.0
NL,CPA_C13-15,2023,19888.0
NL,CPA_C13-15,2024,21099.0
NO,CPA_C13-15,2014,2407.95
NO,CPA_C13-15,2015,1793.15
NO,CPA_C13-15,2016,4261.73
NO,CPA_C13-15,2017,4192.7
NO,CPA_C13-15,2018,3977.87
NO,CPA_C13-15,2019,3777.24
NO,CPA_C13-15,2020,3183.68
NO,CPA_C13-15,2021,3439.93
NO,CPA_C13-15,2022,3209.87
NO,CPA_C13-15,2023,2724.34
PL,CPA_C13-15,2014,6733.83
PL,CPA_C13-15,2015,7671.81
PL,CPA_C13-15,2016,7833.02
PL,CPA_C13-15,2017,8392.63
PL,CPA_C13-15,2018,9577.63
PL,CPA_C13-15,2019,10344.41
PL,CPA_C13-15,2020,9559.97
PL,CPA_C13-15,2021,10216.91
PL,CPA_C13-15,2022,11093.26
PT,CPA_C13-15,2014,4159.38
PT,CPA_C13-15,2015,4250.73
PT,CPA_C13-15,2016,4142.26
PT,CPA_C13-15,2017,4105.99
PT,CPA_C13-15,2018,4262.1
PT,CPA_C13-15,2019,4205.35
PT,CPA_C13-15,2020,3803.21
PT,CPA_C13-15,2021,3950.16
PT,CPA_C13-15,2022,4496.41
PT,CPA_C13-15,2023,4651.07
PT,CPA_C13-15,2024,4860.79
RO,CPA_C13-15,2014,3849.0
RO,CPA_C13-15,2015,4079.68
RO,CPA_C13-15,2016,4287.08
RO,CPA_C13-15,2017,5290.47
RO,CPA_C13-15,2018,6010.23
RO,CPA_C13-15,2019,6526.52
RO,CPA_C13-15,2020,6149.64
RO,CPA_C13-15,2021,7908.97
RO,CPA_C13-15,2022,11313.75
RS,CPA_C13-15,2014,303.45
RS,CPA_C13-15,2015,306.01
RS,CPA_C13-15,2016,303.51
RS,CPA_C13-15,2017,384.92
RS,CPA_C13-15,2018,438.36
RS,CPA_C13-15,2019,464.8
RS,CPA_C13-15,2020,1028.99
RS,CPA_C13-15,2021,943.67
RS,CPA_C13-15,2022,1228.75
SE,CPA_C13-15,2014,9534.15
SE,CPA_C13-15,2015,12135.25
SE,CPA_C13-15,2016,10616.31
SE,CPA_C13-15,2017,9829.95
SE,CPA_C13-15,2018,9261.13
SE,CPA_C13-15,2019,10201.55
SE,CPA_C13-15,2020,9299.75
SE,CPA_C13-15,2021,12974.03
SE,CPA_C13-15,2022,12586.74
SE,CPA_C13-15,2023,11101.6
SI,CPA_C13-15,2014,498.06
SI,CPA_C13-15,2015,503.05
SI,CPA_C13-15,2016,566.55
SI,CPA_C13-15,2017,581.36
SI,CPA_C13-15,2018,613.25
SI,CPA_C13-15,2019,665.61
SI,CPA_C13-15,2020,634.22
SI,CPA_C13-15,2021,733.46
SI,CPA_C13-15,2022,766.13
SI,CPA_C13-15,2023,787.22
SK,CPA_C13-15,2014,999.4
SK,CPA_C13-15,2015,972.92
SK,CPA_C13-15,2016,1025.21
SK,CPA_C13-15,2017,1265.13
SK,CPA_C13-15,2018,1170.05
SK,CPA_C13-15,2019,1052.71
SK,CPA_C13-15,2020,1100.39
SK,CPA_C13-15,2021,1185.41
SK,CPA_C13-15,2022,1230.51
TR,CPA_C13-15,2023,31941.72
XK,CPA_C13-15,2014,53638.0
XK,CPA_C13-15,2015,51329.0
XK,CPA_C13-15,2016,58079.0
XK,CPA_C13-15,2017,58631.0
XK,CPA_C13-15,2018,64796.0
XK,CPA_C13-15,2019,72362.0
BE,CPA_C14,2015,4344.0
BE,CPA_C14,2016,4432.58
BE,CPA_C14,2019,4409.8
BE,CPA_C14,2020,3119.6
BE,CPA_C14,2021,3676.2
BE,CPA_C14,2022,4404.6
BG,CPA_C14,2018,713.29
BG,CPA_C14,2019,905.02
BG,CPA_C14,2020,775.5
BG,CPA_C14,2021,713.68
BG,CPA_C14,2022,929.1
CZ,CPA_C14,2014,1432.85
CZ,CPA_C14,2015,1525.02
CZ,CPA_C14,2016,1614.37
CZ,CPA_C14,2017,1877.5
CZ,CPA_C14,2018,1959.02
CZ,CPA_C14,2019,2052.67
CZ,CPA_C14,2020,1865.7
CZ,CPA_C14,2021,2044.5
CZ,CPA_C14,2022,2673.74
CZ,CPA_C14,2023,2805.91
CZ,CPA_C14,2024,2830.21
DK,CPA_C14,2015,2767.15
DK,CPA_C14,2016,2904.48
DK,CPA_C14,2017,3037.35
DK,CPA_C14,2018,3168.22
DK,CPA_C14,2019,3210.26
DK,CPA_C14,2020,3120.89
DK,CPA_C14,2021,3221.49
DK,CPA_C14,2022,3728.42
FR,CPA_C14,2021,24419.5
FR,CPA_C14,2022,26258.2
HR,CPA_C14,2014,367.34
HR,CPA_C14,2015,384.27
HR,CPA_C14,2016,394.08
HR,CPA_C14,2017,400.57
HR,CPA_C14,2018,430.71
HR,CPA_C14,2019,451.81
HR,CPA_C14,2020,391.98
HR,CPA_C14,2021,436.86
HR,CPA_C14,2022,598.28
HU,CPA_C14,2016,525.27
HU,CPA_C14,2017,580.18
HU,CPA_C14,2018,641.52
HU,CPA_C14,2019,670.96
HU,CPA_C14,2020,577.67
HU,CPA_C14,2021,657.99
HU,CPA_C14,2022,630.93
HU,CPA_C14,2023,883.26
LT,CPA_C14,2020,388.93
LT,CPA_C14,2021,408.36
LT,CPA_C14,2022,422.15
RO,CPA_C14,2014,1814.16
RO,CPA_C14,2015,2020.45
RO,CPA_C14,2016,2205.55
RO,CPA_C14,2017,2715.64
RO,CPA_C14,2018,3031.48
RO,CPA_C14,2019,3321.12
RO,CPA_C14,2020,2925.74
RO,CPA_C14,2021,3623.67
RO,CPA_C14,2022,4646.75
SK,CPA_C14,2014,379.36
SK,CPA_C14,2015,362.45
SK,CPA_C14,2016,329.96
SK,CPA_C14,2017,528.51
SK,CPA_C14,2018,525.77
SK,CPA_C14,2019,572.42
SK,CPA_C14,2020,459.09
SK,CPA_C14,2021,559.07
SK,CPA_C14,2022,566.83
BE,CPA_C15,2015,1142.1
BE,CPA_C15,2016,1077.41
BE,CPA_C15,2019,856.3
BE,CPA_C15,2020,891.0
BE,CPA_C15,2021,1090.9
BE,CPA_C15,2022,823.8
BG,CPA_C15,2018,192.67
BG,CPA_C15,2019,233.93
BG,CPA_C15,2020,181.44
BG,CPA_C15,2021,200.74
BG,CPA_C15,2022,135.52
CZ,CPA_C15,2014,551.13
CZ,CPA_C15,2015,536.71
CZ,CPA_C15,2016,607.35
CZ,CPA_C15,2017,726.28
CZ,CPA_C15,2018,775.06
CZ,CPA_C15,2019,809.12
CZ,CPA_C15,2020,723.19
CZ,CPA_C15,2021,722.54
CZ,CPA_C15,2022,901.25
CZ,CPA_C15,2023,989.42
CZ,CPA_C15,2024,1042.36
DK,CPA_C15,2015,795.45
DK,CPA_C15,2016,866.48
DK,CPA_C15,2017,846.2
DK,CPA_C15,2018,873.06
DK,CPA_C15,2019,875.83
DK,CPA_C15,2020,770.92
DK,CPA_C15,2021,815.75
DK,CPA_C15,2022,933.82
FR,CPA_C15,2021,11959.1
FR,CPA_C15,2022,13322.6
HR,CPA_C15,2014,137.42
HR,CPA_C15,2015,143.84
HR,CPA_C15,2016,240.88
HR,CPA_C15,2017,245.56
HR,CPA_C15,2018,263.98
HR,CPA_C15,2019,276.92
HR,CPA_C15,2020,239.92
HR,CPA_C15,2021,267.74
HR,CPA_C15,2022,366.54
HU,CPA_C15,2016,282.59
HU,CPA_C15,2017,316.56
HU,CPA_C15,2018,321.44
HU,CPA_C15,2019,336.7
HU,CPA_C15,2020,276.54
HU,CPA_C15,2021,300.83
HU,CPA_C15,2022,312.74
HU,CPA_C15,2023,323.68
LT,CPA_C15,2020,137.61
LT,CPA_C15,2021,116.53
LT,CPA_C15,2022,172.13
RO,CPA_C15,2014,1158.54
RO,CPA_C15,2015,1115.33
RO,CPA_C15,2016,1190.92
RO,CPA_C15,2017,1478.44
RO,CPA_C15,2018,1748.35
RO,CPA_C15,2019,1899.31
RO,CPA_C15,2020,1897.51
RO,CPA_C15,2021,2699.48
RO,CPA_C15,2022,4840.93
SK,CPA_C15,2014,316.05
SK,CPA_C15,2015,315.08
SK,CPA_C15,2016,326.22
SK,CPA_C15,2017,227.75
SK,CPA_C15,2018,381.23
SK,CPA_C15,2019,309.4
SK,CPA_C15,2020,330.13
SK,CPA_C15,2021,343.3
SK,CPA_C15,2022,304.12
AL,CPA_C16,2014,36.89
AL,CPA_C16,2015,33.8
AL,CPA_C16,2016,34.38
AL,CPA_C16,2017,31.93
AL,CPA_C16,2018,41.3
AL,CPA_C16,2019,48.55
AL,CPA_C16,2020,42.89
AL,CPA_C16,2021,47.06
AL,CPA_C16,2022,65.88
AL,CPA_C16,2023,69.89
AL,CPA_C16,2024,88.58
AT,CPA_C16,2014,1057.97
AT,CPA_C16,2015,1081.65
AT,CPA_C16,2016,1199.02
AT,CPA_C16,2017,1253.45
AT,CPA_C16,2018,1398.11
AT,CPA_C16,2019,1482.74
AT,CPA_C16,2020,1428.37
AT,CPA_C16,2021,1846.78
AT,CPA_C16,2022,1906.19
BE,CPA_C16,2014,568.12
BE,CPA_C16,2015,878.1
BE,CPA_C16,2016,938.51
BE,CPA_C16,2017,969.0
BE,CPA_C16,2018,944.1
BE,CPA_C16,2019,969.8
BE,CPA_C16,2020,1167.1
BE,CPA_C16,2021,1396.9
BE,CPA_C16,2022,1139.5
BG,CPA_C16,2014,89.32
BG,CPA_C16,2018,257.76
BG,CPA_C16,2019,249.52
BG,CPA_C16,2020,243.71
BG,CPA_C16,2021,281.44
BG,CPA_C16,2022,373.75
CY,CPA_C16,2014,17.36
CY,CPA_C16,2015,18.79
CY,CPA_C16,2016,21.75
CY,CPA_C16,2017,23.62
CY,CPA_C16,2018,28.01
CY,CPA_C16,2019,30.95
CY,CPA_C16,2020,30.9
CY,CPA_C16,2021,37.64
CY,CPA_C16,2022,48.06
CZ,CPA_C16,2014,331.49
CZ,CPA_C16,2015,350.64
CZ,CPA_C16,2016,376.64
CZ,CPA_C16,2017,426.57
CZ,CPA_C16,2018,440.01
CZ,CPA_C16,2019,460.5
CZ,CPA_C16,2020,438.4
CZ,CPA_C16,2021,523.79
CZ,CPA_C16,2022,601.97
CZ,CPA_C16,2023,552.24
CZ,CPA_C16,2024,541.88
DE,CPA_C16,2014,4968.0
DE,CPA_C16,2015,5424.0
DE,CPA_C16,2016,5665.0
DE,CPA_C16,2017,5993.0
DE,CPA_C16,2018,6537.0
DE,CPA_C16,2019,7114.0
DE,CPA_C16,2020,8033.0
DE,CPA_C16,2021,8543.0
DE,CPA_C16,2022,10400.0
DK,CPA_C16,2014,1668.66
DK,CPA_C16,2015,1917.55
DK,CPA_C16,2016,1911.76
DK,CPA_C16,2017,2014.37
DK,CPA_C16,2018,2092.35
DK,CPA_C16,2019,2080.45
DK,CPA_C16,2020,2309.0
DK,CPA_C16,2021,2865.05
DK,CPA_C16,2022,2734.94
EA21,CPA_C16,2014,20217.19
EA21,CPA_C16,2015,21278.99
EA21,CPA_C16,2016,21115.13
EA21,CPA_C16,2017,22449.56
EA21,CPA_C16,2018,24147.59
EA21,CPA_C16,2019,25235.08
EA21,CPA_C16,2020,25926.42
EA21,CPA_C16,2021,29150.8
EA21,CPA_C16,2022,32609.7
EA21,CPA_C16,2023,34233.67
EA21,CPA_C16,2024,34798.24
EE,CPA_C16,2014,236.11
EE,CPA_C16,2015,234.39
EE,CPA_C16,2016,276.71
EE,CPA_C16,2017,287.97
EE,CPA_C16,2018,330.93
EE,CPA_C16,2019,376.24
EE,CPA_C16,2020,312.79
EE,CPA_C16,2021,395.55
EE,CPA_C16,2022,399.48
EL,CPA_C16,2014,114.62
EL,CPA_C16,2015,103.3
EL,CPA_C16,2016,85.07
EL,CPA_C16,2017,108.35
EL,CPA_C16,2018,109.81
EL,CPA_C16,2019,111.9
EL,CPA_C16,2020,113.88
EL,CPA_C16,2021,149.97
EL,CPA_C16,2022,183.12
ES,CPA_C16,2014,2598.0
ES,CPA_C16,2015,2788.1
ES,CPA_C16,2016,1591.5
ES,CPA_C16,2017,1741.8
ES,CPA_C16,2018,2030.2
ES,CPA_C16,2019,2195.0
ES,CPA_C16,2020,2023.8
ES,CPA_C16,2021,2266.7
ES,CPA_C16,2022,2561.1
ES,CPA_C16,2023,2808.2
EU27_2020,CPA_C16,2014,25898.91
EU27_2020,CPA_C16,2015,27779.55
EU27_2020,CPA_C16,2016,27661.67
EU27_2020,CPA_C16,2017,29390.91
EU27_2020,CPA_C16,2018,31253.81
EU27_2020,CPA_C16,2019,32814.02
EU27_2020,CPA_C16,2020,33879.44
EU27_2020,CPA_C16,2021,38649.1
EU27_2020,CPA_C16,2022,42570.51
EU27_2020,CPA_C16,2023,45086.3
EU27_2020,CPA_C16,2024,45835.05
FI,CPA_C16,2014,766.08
FI,CPA_C16,2015,1013.91
FI,CPA_C16,2016,973.58
FI,CPA_C16,2017,1103.8
FI,CPA_C16,2018,1022.25
FI,CPA_C16,2019,1035.68
FI,CPA_C16,2020,1003.47
FI,CPA_C16,2021,1220.92
FI,CPA_C16,2022,1407.14
FI,CPA_C16,2023,1061.31
FR,CPA_C16,2014,3415.0
FR,CPA_C16,2015,3410.0
FR,CPA_C16,2016,3448.0
FR,CPA_C16,2017,3558.0
FR,CPA_C16,2018,3719.0
FR,CPA_C16,2019,3854.0
FR,CPA_C16,2020,4160.2
FR,CPA_C16,2021,4915.4
FR,CPA_C16,2022,5371.6
HR,CPA_C16,2014,109.23
HR,CPA_C16,2015,114.42
HR,CPA_C16,2016,230.05
HR,CPA_C16,2017,238.42
HR,CPA_C16,2018,256.01
HR,CPA_C16,2019,268.61
HR,CPA_C16,2020,230.93
HR,CPA_C16,2021,259.65
HR,CPA_C16,2022,354.75
HU,CPA_C16,2014,173.97
HU,CPA_C16,2015,202.36
HU,CPA_C16,2016,208.74
HU,CPA_C16,2017,247.27
HU,CPA_C16,2018,277.32
HU,CPA_C16,2019,313.53
HU,CPA_C16,2020,296.79
HU,CPA_C16,2021,357.99
HU,CPA_C16,2022,405.04
HU,CPA_C16,2023,361.67
IE,CPA_C16,2014,198.02
IE,CPA_C16,2015,124.6
IE,CPA_C16,2016,32.09
IE,CPA_C16,2017,87.29
IE,CPA_C16,2018,500.31
IE,CPA_C16,2019,534.14
IE,CPA_C16,2020,390.56
IE,CPA_C16,2021,460.49
IE,CPA_C16,2022,493.37
IT,CPA_C16,2014,3075.04
IT,CPA_C16,2015,2749.9
IT,CPA_C16,2016,2990.9
IT,CPA_C16,2017,3030.5
IT,CPA_C16,2018,2961.6
IT,CPA_C16,2019,2768.7
IT,CPA_C16,2020,2131.2
IT,CPA_C16,2021,2498.3
IT,CPA_C16,2022,2756.3
LT,CPA_C16,2014,223.98
LT,CPA_C16,2015,267.91
LT,CPA_C16,2016,257.37
LT,CPA_C16,2017,276.31
LT,CPA_C16,2018,301.52
LT,CPA_C16,2019,303.37
LT,CPA_C16,2020,374.7
LT,CPA_C16,2021,545.67
LT,CPA_C16,2022,745.05
LU,CPA_C16,2014,29.41
LU,CPA_C16,2015,26.84
LU,CPA_C16,2016,25.42
LU,CPA_C16,2017,28.57
LU,CPA_C16,2018,42.0
LU,CPA_C16,2019,37.13
LU,CPA_C16,2020,40.11
LU,CPA_C16,2021,54.79
LU,CPA_C16,2022,52.15
LV,CPA_C16,2014,187.43
LV,CPA_C16,2015,196.43
LV,CPA_C16,2016,210.54
LV,CPA_C16,2017,219.81
LV,CPA_C16,2018,253.53
LV,CPA_C16,2019,287.19
LV,CPA_C16,2020,289.93
LV,CPA_C16,2021,346.77
LV,CPA_C16,2022,404.12
LV,CPA_C16,2023,314.46
MK,CPA_C16,2014,4.9
MK,CPA_C16,2015,8.38
MK,CPA_C16,2016,9.59
MK,CPA_C16,2017,10.65
MK,CPA_C16,2018,11.98
MK,CPA_C16,2019,13.79
MK,CPA_C16,2020,12.79
MK,CPA_C16,2021,14.33
MK,CPA_C16,2022,14.04
MK,CPA_C16,2023,13.7
MT,CPA_C16,2014,8.41
MT,CPA_C16,2015,9.14
MT,CPA_C16,2016,10.69
MT,CPA_C16,2017,11.55
MT,CPA_C16,2018,11.61
MT,CPA_C16,2019,14.15
MT,CPA_C16,2020,12.72
MT,CPA_C16,2021,14.58
MT,CPA_C16,2022,18.91
NL,CPA_C16,2014,1697.0
NL,CPA_C16,2015,1946.0
NL,CPA_C16,2016,2155.0
NL,CPA_C16,2017,2315.0
NL,CPA_C16,2018,2417.0
NL,CPA_C16,2019,2544.0
NL,CPA_C16,2020,2773.0
NL,CPA_C16,2021,3080.0
NL,CPA_C16,2022,3125.0
NL,CPA_C16,2023,3116.0
NL,CPA_C16,2024,3264.0
NO,CPA_C16,2014,1452.29
NO,CPA_C16,2015,1498.5
NO,CPA_C16,2016,1485.26
NO,CPA_C16,2017,1538.28
NO,CPA_C16,2018,1585.63
NO,CPA_C16,2019,1568.96
NO,CPA_C16,2020,1470.79
NO,CPA_C16,2021,1743.23
NO,CPA_C16,2022,1964.05
NO,CPA_C16,2023,1592.5
PL,CPA_C16,2014,2186.18
PL,CPA_C16,2015,2202.01
PL,CPA_C16,2016,2183.72
PL,CPA_C16,2017,2344.67
PL,CPA_C16,2018,2462.52
PL,CPA_C16,2019,2736.75
PL,CPA_C16,2020,2728.98
PL,CPA_C16,2021,3236.43
PL,CPA_C16,2022,3542.76
PT,CPA_C16,2014,271.82
PT,CPA_C16,2015,286.76
PT,CPA_C16,2016,300.74
PT,CPA_C16,2017,312.84
PT,CPA_C16,2018,321.41
PT,CPA_C16,2019,329.45
PT,CPA_C16,2020,304.81
PT,CPA_C16,2021,324.56
PT,CPA_C16,2022,396.84
PT,CPA_C16,2023,395.82
PT,CPA_C16,2024,394.28
RO,CPA_C16,2014,501.32
RO,CPA_C16,2015,508.68
RO,CPA_C16,2016,487.57
RO,CPA_C16,2017,526.83
RO,CPA_C16,2018,546.0
RO,CPA_C16,2019,629.97
RO,CPA_C16,2020,632.23
RO,CPA_C16,2021,845.11
RO,CPA_C16,2022,872.0
RS,CPA_C16,2014,64.1
RS,CPA_C16,2015,61.04
RS,CPA_C16,2016,59.94
RS,CPA_C16,2017,66.37
RS,CPA_C16,2018,83.41
RS,CPA_C16,2019,86.32
RS,CPA_C16,2020,133.42
RS,CPA_C16,2021,110.17
RS,CPA_C16,2022,131.41
SE,CPA_C16,2014,658.14
SE,CPA_C16,2015,1413.87
SE,CPA_C16,2016,1450.36
SE,CPA_C16,2017,1460.12
SE,CPA_C16,2018,1429.79
SE,CPA_C16,2019,1533.44
SE,CPA_C16,2020,1555.68
SE,CPA_C16,2021,1695.46
SE,CPA_C16,2022,1787.37
SE,CPA_C16,2023,1892.71
SI,CPA_C16,2014,97.92
SI,CPA_C16,2015,104.21
SI,CPA_C16,2016,110.13
SI,CPA_C16,2017,117.9
SI,CPA_C16,2018,128.25
SI,CPA_C16,2019,129.92
SI,CPA_C16,2020,116.34
SI,CPA_C16,2021,137.12
SI,CPA_C16,2022,159.32
SI,CPA_C16,2023,163.89
SK,CPA_C16,2014,260.02
SK,CPA_C16,2015,236.12
SK,CPA_C16,2016,203.25
SK,CPA_C16,2017,246.98
SK,CPA_C16,2018,200.38
SK,CPA_C16,2019,170.5
SK,CPA_C16,2020,216.35
SK,CPA_C16,2021,250.05
SK,CPA_C16,2022,387.98
TR,CPA_C16,2023,2661.94
XK,CPA_C16,2014,14931.0
XK,CPA_C16,2015,15795.0
XK,CPA_C16,2016,17826.0
XK,CPA_C16,2017,19021.0
XK,CPA_C16,2018,20799.0
XK,CPA_C16,2019,20679.0
AL,CPA_C17,2014,32.56
AL,CPA_C17,2015,38.9
AL,CPA_C17,2016,37.82
AL,CPA_C17,2017,33.44
AL,CPA_C17,2018,30.12
AL,CPA_C17,2019,51.56
AL,CPA_C17,2020,38.72
AL,CPA_C17,2021,35.58
AL,CPA_C17,2022,54.53
AL,CPA_C17,2023,54.02
AL,CPA_C17,2024,52.23
AT,CPA_C17,2014,1640.47
AT,CPA_C17,2015,1965.73
AT,CPA_C17,2016,1643.9
AT,CPA_C17,2017,1966.03
AT,CPA_C17,2018,3033.12
AT,CPA_C17,2019,1702.87
AT,CPA_C17,2020,2208.62
AT,CPA_C17,2021,3710.8
AT,CPA_C17,2022,5861.52
BE,CPA_C17,2014,1688.31
BE,CPA_C17,2015,1636.9
BE,CPA_C17,2016,1756.23
BE,CPA_C17,2017,1790.8
BE,CPA_C17,2018,1801.5
BE,CPA_C17,2019,1872.4
BE,CPA_C17,2020,1289.7
BE,CPA_C17,2021,1411.3
BE,CPA_C17,2022,1694.2
BG,CPA_C17,2014,162.76
BG,CPA_C17,2018,380.83
BG,CPA_C17,2019,333.32
BG,CPA_C17,2020,358.43
BG,CPA_C17,2021,402.73
BG,CPA_C17,2022,510.99
CY,CPA_C17,2014,25.18
CY,CPA_C17,2015,27.22
CY,CPA_C17,2016,28.18
CY,CPA_C17,2017,29.69
CY,CPA_C17,2018,30.38
CY,CPA_C17,2019,31.94
CY,CPA_C17,2020,33.23
CY,CPA_C17,2021,34.94
CY,CPA_C17,2022,42.6
CZ,CPA_C17,2014,489.32
CZ,CPA_C17,2015,519.78
CZ,CPA_C17,2016,530.26
CZ,CPA_C17,2017,596.71
CZ,CPA_C17,2018,635.94
CZ,CPA_C17,2019,664.59
CZ,CPA_C17,2020,587.83
CZ,CPA_C17,2021,690.83
CZ,CPA_C17,2022,846.94
CZ,CPA_C17,2023,899.6
CZ,CPA_C17,2024,845.5
DE,CPA_C17,2014,9570.0
DE,CPA_C17,2015,9525.0
DE,CPA_C17,2016,9822.0
DE,CPA_C17,2017,10026.0
DE,CPA_C17,2018,10847.0
DE,CPA_C17,2019,11121.0
DE,CPA_C17,2020,12325.0
DE,CPA_C17,2021,12705.0
DE,CPA_C17,2022,13685.0
DK,CPA_C17,2014,753.48
DK,CPA_C17,2015,760.59
DK,CPA_C17,2016,727.07
DK,CPA_C17,2017,715.95
DK,CPA_C17,2018,737.71
DK,CPA_C17,2019,752.24
DK,CPA_C17,2020,744.26
DK,CPA_C17,2021,833.27
DK,CPA_C17,2022,859.6
EA21,CPA_C17,2014,29014.17
EA21,CPA_C17,2015,29835.42
EA21,CPA_C17,2016,31680.4
EA21,CPA_C17,2017,33675.94
EA21,CPA_C17,2018,36357.44
EA21,CPA_C17,2019,35972.9
EA21,CPA_C17,2020,35299.76
EA21,CPA_C17,2021,37415.01
EA21,CPA_C17,2022,44224.5
EA21,CPA_C17,2023,47072.51
EA21,CPA_C17,2024,47698.23
EE,CPA_C17,2014,54.17
EE,CPA_C17,2015,59.32
EE,CPA_C17,2016,70.66
EE,CPA_C17,2017,72.86
EE,CPA_C17,2018,68.89
EE,CPA_C17,2019,81.75
EE,CPA_C17,2020,79.29
EE,CPA_C17,2021,85.36
EE,CPA_C17,2022,108.59
EL,CPA_C17,2014,929.97
EL,CPA_C17,2015,903.57
EL,CPA_C17,2016,955.67
EL,CPA_C17,2017,903.14
EL,CPA_C17,2018,900.07
EL,CPA_C17,2019,877.92
EL,CPA_C17,2020,768.83
EL,CPA_C17,2021,902.18
EL,CPA_C17,2022,1143.3
ES,CPA_C17,2014,1910.0
ES,CPA_C17,2015,2113.9
ES,CPA_C17,2016,3517.7
ES,CPA_C17,2017,3681.4
ES,CPA_C17,2018,3890.2
ES,CPA_C17,2019,3974.3
ES,CPA_C17,2020,3795.6
ES,CPA_C17,2021,3614.9
ES,CPA_C17,2022,4155.6
ES,CPA_C17,2023,4927.1
EU27_2020,CPA_C17,2014,35150.88
EU27_2020,CPA_C17,2015,35682.17
EU27_2020,CPA_C17,2016,37678.32
EU27_2020,CPA_C17,2017,39950.62
EU27_2020,CPA_C17,2018,42934.08
EU27_2020,CPA_C17,2019,42852.5
EU27_2020,CPA_C17,2020,41892.28
EU27_2020,CPA_C17,2021,44785.07
EU27_2020,CPA_C17,2022,52516.53
EU27_2020,CPA_C17,2023,56556.41
EU27_2020,CPA_C17,2024,57487.15
FI,CPA_C17,2014,1090.52
FI,CPA_C17,2015,1166.12
FI,CPA_C17,2016,1342.52
FI,CPA_C17,2017,1562.47
FI,CPA_C17,2018,1587.87
FI,CPA_C17,2019,1716.03
FI,CPA_C17,2020,1574.66
FI,CPA_C17,2021,1494.91
FI,CPA_C17,2022,1768.33
FI,CPA_C17,2023,1943.94
FR,CPA_C17,2014,4001.0
FR,CPA_C17,2015,4089.0
FR,CPA_C17,2016,4147.0
FR,CPA_C17,2017,4219.0
FR,CPA_C17,2018,4489.0
FR,CPA_C17,2019,4633.0
FR,CPA_C17,2020,3570.5
FR,CPA_C17,2021,3885.3
FR,CPA_C17,2022,4252.7
HR,CPA_C17,2014,279.11
HR,CPA_C17,2015,292.21
HR,CPA_C17,2016,337.83
HR,CPA_C17,2017,357.72
HR,CPA_C17,2018,383.55
HR,CPA_C17,2019,402.51
HR,CPA_C17,2020,342.62
HR,CPA_C17,2021,388.97
HR,CPA_C17,2022,530.08
HU,CPA_C17,2014,391.27
HU,CPA_C17,2015,424.06
HU,CPA_C17,2016,473.1
HU,CPA_C17,2017,471.16
HU,CPA_C17,2018,494.09
HU,CPA_C17,2019,495.91
HU,CPA_C17,2020,482.5
HU,CPA_C17,2021,513.8
HU,CPA_C17,2022,555.17
HU,CPA_C17,2023,635.5
IE,CPA_C17,2014,97.64
IE,CPA_C17,2015,129.69
IE,CPA_C17,2016,15.18
IE,CPA_C17,2017,487.67
IE,CPA_C17,2018,549.78
IE,CPA_C17,2019,813.1
IE,CPA_C17,2020,583.73
IE,CPA_C17,2021,498.15
IE,CPA_C17,2022,619.04
IT,CPA_C17,2014,3502.0
IT,CPA_C17,2015,3700.6
IT,CPA_C17,2016,3556.3
IT,CPA_C17,2017,3840.3
IT,CPA_C17,2018,3578.3
IT,CPA_C17,2019,3506.8
IT,CPA_C17,2020,2909.4
IT,CPA_C17,2021,3229.2
IT,CPA_C17,2022,4096.9
LT,CPA_C17,2014,143.81
LT,CPA_C17,2015,155.68
LT,CPA_C17,2016,143.17
LT,CPA_C17,2017,137.27
LT,CPA_C17,2018,144.62
LT,CPA_C17,2019,148.45
LT,CPA_C17,2020,200.19
LT,CPA_C17,2021,186.56
LT,CPA_C17,2022,260.27
LU,CPA_C17,2014,39.84
LU,CPA_C17,2015,39.52
LU,CPA_C17,2016,41.36
LU,CPA_C17,2017,40.28
LU,CPA_C17,2018,46.45
LU,CPA_C17,2019,46.43
LU,CPA_C17,2020,47.05
LU,CPA_C17,2021,58.54
LU,CPA_C17,2022,62.76
LV,CPA_C17,2014,86.9
LV,CPA_C17,2015,90.01
LV,CPA_C17,2016,88.72
LV,CPA_C17,2017,92.59
LV,CPA_C17,2018,99.0
LV,CPA_C17,2019,119.32
LV,CPA_C17,2020,121.8
LV,CPA_C17,2021,122.56
LV,CPA_C17,2022,140.93
LV,CPA_C17,2023,103.2
MK,CPA_C17,2014,35.2
MK,CPA_C17,2015,30.5
MK,CPA_C17,2016,33.1
MK,CPA_C17,2017,33.11
MK,CPA_C17,2018,32.32
MK,CPA_C17,2019,36.17
MK,CPA_C17,2020,25.11
MK,CPA_C17,2021,27.33
MK,CPA_C17,2022,29.19
MK,CPA_C17,2023,29.15
MT,CPA_C17,2014,22.23
MT,CPA_C17,2015,24.57
MT,CPA_C17,2016,26.33
MT,CPA_C17,2017,28.39
MT,CPA_C17,2018,28.46
MT,CPA_C17,2019,34.31
MT,CPA_C17,2020,31.85
MT,CPA_C17,2021,33.42
MT,CPA_C17,2022,39.49
NL,CPA_C17,2014,2650.0
NL,CPA_C17,2015,2634.0
NL,CPA_C17,2016,2700.0
NL,CPA_C17,2017,2777.0
NL,CPA_C17,2018,2824.0
NL,CPA_C17,2019,2895.0
NL,CPA_C17,2020,2915.0
NL,CPA_C17,2021,3281.0
NL,CPA_C17,2022,3560.0
NL,CPA_C17,2023,3560.0
NL,CPA_C17,2024,3795.0
NO,CPA_C17,2014,780.79
NO,CPA_C17,2015,812.77
NO,CPA_C17,2016,788.97
NO,CPA_C17,2017,798.62
NO,CPA_C17,2018,841.82
NO,CPA_C17,2019,817.47
NO,CPA_C17,2020,836.44
NO,CPA_C17,2021,898.92
NO,CPA_C17,2022,1044.68
NO,CPA_C17,2023,980.41
PL,CPA_C17,2014,2172.28
PL,CPA_C17,2015,2387.25
PL,CPA_C17,2016,2473.23
PL,CPA_C17,2017,2563.49
PL,CPA_C17,2018,2779.97
PL,CPA_C17,2019,2961.87
PL,CPA_C17,2020,2751.38
PL,CPA_C17,2021,2934.82
PL,CPA_C17,2022,3531.28
PT,CPA_C17,2014,745.47
PT,CPA_C17,2015,776.72
PT,CPA_C17,2016,758.34
PT,CPA_C17,2017,764.27
PT,CPA_C17,2018,795.38
PT,CPA_C17,2019,786.93
PT,CPA_C17,2020,701.87
PT,CPA_C17,2021,780.8
PT,CPA_C17,2022,1019.77
PT,CPA_C17,2023,917.39
PT,CPA_C17,2024,923.06
RO,CPA_C17,2014,340.23
RO,CPA_C17,2015,371.44
RO,CPA_C17,2016,392.57
RO,CPA_C17,2017,483.32
RO,CPA_C17,2018,554.68
RO,CPA_C17,2019,568.82
RO,CPA_C17,2020,494.72
RO,CPA_C17,2021,674.71
RO,CPA_C17,2022,698.52
RS,CPA_C17,2014,125.37
RS,CPA_C17,2015,132.64
RS,CPA_C17,2016,130.02
RS,CPA_C17,2017,127.08
RS,CPA_C17,2018,136.64
RS,CPA_C17,2019,155.56
RS,CPA_C17,2020,161.7
RS,CPA_C17,2021,189.66
RS,CPA_C17,2022,195.33
SE,CPA_C17,2014,1843.05
SE,CPA_C17,2015,1443.48
SE,CPA_C17,2016,1446.24
SE,CPA_C17,2017,1469.77
SE,CPA_C17,2018,1486.73
SE,CPA_C17,2019,1571.15
SE,CPA_C17,2020,1531.65
SE,CPA_C17,2021,1747.1
SE,CPA_C17,2022,1797.81
SE,CPA_C17,2023,2364.88
SI,CPA_C17,2014,116.22
SI,CPA_C17,2015,119.81
SI,CPA_C17,2016,124.73
SI,CPA_C17,2017,132.4
SI,CPA_C17,2018,140.32
SI,CPA_C17,2019,143.13
SI,CPA_C17,2020,145.37
SI,CPA_C17,2021,157.92
SI,CPA_C17,2022,195.49
SI,CPA_C17,2023,201.5
SK,CPA_C17,2014,272.37
SK,CPA_C17,2015,277.17
SK,CPA_C17,2016,284.59
SK,CPA_C17,2017,316.67
SK,CPA_C17,2018,296.82
SK,CPA_C17,2019,319.72
SK,CPA_C17,2020,342.54
SK,CPA_C17,2021,379.32
SK,CPA_C17,2022,497.03
TR,CPA_C17,2023,4325.64
XK,CPA_C17,2014,5835.0
XK,CPA_C17,2015,5559.0
XK,CPA_C17,2016,6112.0
XK,CPA_C17,2017,6533.0
XK,CPA_C17,2018,7260.0
XK,CPA_C17,2019,7363.0
AL,CPA_C18,2014,2.25
AL,CPA_C18,2015,2.91
AL,CPA_C18,2016,3.15
AL,CPA_C18,2017,2.63
AL,CPA_C18,2018,4.29
AL,CPA_C18,2019,8.01
AL,CPA_C18,2020,5.83
AL,CPA_C18,2021,5.1
AL,CPA_C18,2022,7.56
AL,CPA_C18,2023,3.96
AL,CPA_C18,2024,3.09
AT,CPA_C18,2014,1.6
AT,CPA_C18,2015,1.85
AT,CPA_C18,2016,1.56
AT,CPA_C18,2017,1.92
AT,CPA_C18,2018,1.62
AT,CPA_C18,2019,1.79
AT,CPA_C18,2020,1.79
AT,CPA_C18,2021,2.03
AT,CPA_C18,2022,2.58
BE,CPA_C18,2014,0.0
BE,CPA_C18,2015,11.9
BE,CPA_C18,2016,12.96
BE,CPA_C18,2017,13.5
BE,CPA_C18,2018,14.1
BE,CPA_C18,2019,14.8
BE,CPA_C18,2020,5.7
BE,CPA_C18,2021,6.1
BE,CPA_C18,2022,10.4
BG,CPA_C18,2014,43.26
BG,CPA_C18,2018,52.99
BG,CPA_C18,2019,57.08
BG,CPA_C18,2020,45.08
BG,CPA_C18,2021,33.07
BG,CPA_C18,2022,39.36
CY,CPA_C18,2014,0.0
CY,CPA_C18,2015,0.0
CY,CPA_C18,2016,0.0
CY,CPA_C18,2017,0.0
CY,CPA_C18,2018,0.0
CY,CPA_C18,2019,0.0
CY,CPA_C18,2020,0.0
CY,CPA_C18,2021,0.0
CY,CPA_C18,2022,0.0
CZ,CPA_C18,2014,109.28
CZ,CPA_C18,2015,120.24
CZ,CPA_C18,2016,132.28
CZ,CPA_C18,2017,140.09
CZ,CPA_C18,2018,147.58
CZ,CPA_C18,2019,164.9
CZ,CPA_C18,2020,153.32
CZ,CPA_C18,2021,172.93
CZ,CPA_C18,2022,206.06
CZ,CPA_C18,2023,248.5
CZ,CPA_C18,2024,231.81
DE,CPA_C18,2014,63.0
DE,CPA_C18,2015,191.0
DE,CPA_C18,2016,234.0
DE,CPA_C18,2017,185.0
DE,CPA_C18,2018,70.0
DE,CPA_C18,2019,73.0
DE,CPA_C18,2020,82.0
DE,CPA_C18,2021,98.0
DE,CPA_C18,2022,89.0
DK,CPA_C18,2014,2.94
DK,CPA_C18,2015,2.59
DK,CPA_C18,2016,2.25
DK,CPA_C18,2017,2.51
DK,CPA_C18,2018,2.62
DK,CPA_C18,2019,2.32
DK,CPA_C18,2020,2.1
DK,CPA_C18,2021,2.43
DK,CPA_C18,2022,2.45
EA21,CPA_C18,2014,4521.74
EA21,CPA_C18,2015,4652.62
EA21,CPA_C18,2016,4518.89
EA21,CPA_C18,2017,4018.99
EA21,CPA_C18,2018,3504.48
EA21,CPA_C18,2019,3506.82
EA21,CPA_C18,2020,3612.77
EA21,CPA_C18,2021,3828.67
EA21,CPA_C18,2022,4194.53
EA21,CPA_C18,2023,4738.56
EA21,CPA_C18,2024,4999.28
EE,CPA_C18,2014,0.14
EE,CPA_C18,2015,0.16
EE,CPA_C18,2016,0.17
EE,CPA_C18,2017,0.12
EE,CPA_C18,2018,0.08
EE,CPA_C18,2019,0.08
EE,CPA_C18,2020,0.07
EE,CPA_C18,2021,0.02
EE,CPA_C18,2022,0.03
EL,CPA_C18,2014,72.06
EL,CPA_C18,2015,79.28
EL,CPA_C18,2016,77.83
EL,CPA_C18,2017,69.81
EL,CPA_C18,2018,65.68
EL,CPA_C18,2019,84.6
EL,CPA_C18,2020,77.43
EL,CPA_C18,2021,75.43
EL,CPA_C18,2022,97.76
ES,CPA_C18,2014,41.6
ES,CPA_C18,2015,41.0
ES,CPA_C18,2016,64.4
ES,CPA_C18,2017,48.7
ES,CPA_C18,2018,57.8
ES,CPA_C18,2019,53.5
ES,CPA_C18,2020,46.6
ES,CPA_C18,2021,0.2
ES,CPA_C18,2022,0.2
ES,CPA_C18,2023,0.2
EU27_2020,CPA_C18,2014,4814.51
EU27_2020,CPA_C18,2015,4944.05
EU27_2020,CPA_C18,2016,4899.59
EU27_2020,CPA_C18,2017,4411.33
EU27_2020,CPA_C18,2018,3938.23
EU27_2020,CPA_C18,2019,3893.52
EU27_2020,CPA_C18,2020,3955.64
EU27_2020,CPA_C18,2021,4264.09
EU27_2020,CPA_C18,2022,4643.24
EU27_2020,CPA_C18,2023,5275.8
EU27_2020,CPA_C18,2024,5580.3
FI,CPA_C18,2014,305.49
FI,CPA_C18,2015,191.45
FI,CPA_C18,2016,153.47
FI,CPA_C18,2017,154.27
FI,CPA_C18,2018,150.92
FI,CPA_C18,2019,139.4
FI,CPA_C18,2020,123.44
FI,CPA_C18,2021,112.87
FI,CPA_C18,2022,146.55
FI,CPA_C18,2023,141.07
FR,CPA_C18,2014,2411.0
FR,CPA_C18,2015,2427.0
FR,CPA_C18,2016,2461.0
FR,CPA_C18,2017,2451.0
FR,CPA_C18,2018,2399.0
FR,CPA_C18,2019,2444.0
FR,CPA_C18,2020,3046.3
FR,CPA_C18,2021,3299.0
FR,CPA_C18,2022,3511.1
HR,CPA_C18,2014,63.55
HR,CPA_C18,2015,66.5
HR,CPA_C18,2016,83.34
HR,CPA_C18,2017,84.74
HR,CPA_C18,2018,91.11
HR,CPA_C18,2019,95.57
HR,CPA_C18,2020,82.91
HR,CPA_C18,2021,92.41
HR,CPA_C18,2022,126.55
HU,CPA_C18,2014,19.45
HU,CPA_C18,2015,17.77
HU,CPA_C18,2016,24.45
HU,CPA_C18,2017,30.53
HU,CPA_C18,2018,30.55
HU,CPA_C18,2019,32.51
HU,CPA_C18,2020,27.17
HU,CPA_C18,2021,31.15
HU,CPA_C18,2022,33.96
HU,CPA_C18,2023,39.73
IE,CPA_C18,2014,673.35
IE,CPA_C18,2015,822.16
IE,CPA_C18,2016,911.67
IE,CPA_C18,2017,521.73
IE,CPA_C18,2018,24.36
IE,CPA_C18,2019,8.31
IE,CPA_C18,2020,35.28
IE,CPA_C18,2021,13.89
IE,CPA_C18,2022,22.29
IT,CPA_C18,2014,15.77
IT,CPA_C18,2015,18.1
IT,CPA_C18,2016,18.4
IT,CPA_C18,2017,16.7
IT,CPA_C18,2018,15.2
IT,CPA_C18,2019,15.0
IT,CPA_C18,2020,13.1
IT,CPA_C18,2021,12.0
IT,CPA_C18,2022,12.0
LU,CPA_C18,2014,0.18
LU,CPA_C18,2015,0.15
LU,CPA_C18,2016,0.22
LU,CPA_C18,2017,0.6
LU,CPA_C18,2018,0.4
LU,CPA_C18,2019,0.33
LU,CPA_C18,2020,0.4
LU,CPA_C18,2021,0.35
LU,CPA_C18,2022,0.42
LV,CPA_C18,2014,3.42
LV,CPA_C18,2015,2.73
LV,CPA_C18,2016,3.49
LV,CPA_C18,2017,3.92
LV,CPA_C18,2018,3.85
LV,CPA_C18,2019,4.39
LV,CPA_C18,2020,5.61
LV,CPA_C18,2021,6.23
LV,CPA_C18,2022,0.69
LV,CPA_C18,2023,0.9
MK,CPA_C18,2022,0.0
MK,CPA_C18,2023,0.0
MT,CPA_C18,2014,0.13
MT,CPA_C18,2015,0.63
MT,CPA_C18,2016,0.82
MT,CPA_C18,2017,0.88
MT,CPA_C18,2018,0.88
MT,CPA_C18,2019,0.99
MT,CPA_C18,2020,0.91
MT,CPA_C18,2021,0.97
MT,CPA_C18,2022,1.14
NL,CPA_C18,2014,0.0
NL,CPA_C18,2015,0.0
NL,CPA_C18,2016,0.0
NL,CPA_C18,2017,0.0
NL,CPA_C18,2018,0.0
NL,CPA_C18,2019,0.0
NL,CPA_C18,2020,0.0
NL,CPA_C18,2021,0.0
NL,CPA_C18,2022,0.0
NL,CPA_C18,2023,0.0
NL,CPA_C18,2024,0.0
NO,CPA_C18,2014,8.62
NO,CPA_C18,2015,8.16
NO,CPA_C18,2016,7.64
NO,CPA_C18,2017,7.83
NO,CPA_C18,2018,5.83
NO,CPA_C18,2019,4.87
NO,CPA_C18,2020,5.22
NO,CPA_C18,2021,6.4
NO,CPA_C18,2022,6.04
NO,CPA_C18,2023,5.08
PL,CPA_C18,2014,0.0
PL,CPA_C18,2015,0.0
PL,CPA_C18,2016,0.0
PL,CPA_C18,2017,0.0
PL,CPA_C18,2018,0.0
PL,CPA_C18,2019,0.0
PL,CPA_C18,2020,0.0
PL,CPA_C18,2021,0.0
PL,CPA_C18,2022,0.0
PT,CPA_C18,2014,3.34
PT,CPA_C18,2015,3.46
PT,CPA_C18,2016,3.34
PT,CPA_C18,2017,2.51
PT,CPA_C18,2018,2.26
PT,CPA_C18,2019,2.22
PT,CPA_C18,2020,1.44
PT,CPA_C18,2021,1.6
PT,CPA_C18,2022,1.75
PT,CPA_C18,2023,1.77
PT,CPA_C18,2024,1.86
RO,CPA_C18,2014,132.82
RO,CPA_C18,2015,137.56
RO,CPA_C18,2016,153.55
RO,CPA_C18,2017,200.05
RO,CPA_C18,2018,173.1
RO,CPA_C18,2019,180.12
RO,CPA_C18,2020,161.05
RO,CPA_C18,2021,218.06
RO,CPA_C18,2022,201.1
RS,CPA_C18,2014,0.91
RS,CPA_C18,2015,0.88
RS,CPA_C18,2016,0.83
RS,CPA_C18,2017,0.0
RS,CPA_C18,2018,0.0
RS,CPA_C18,2019,0.0
RS,CPA_C18,2020,0.0
RS,CPA_C18,2021,0.0
RS,CPA_C18,2022,0.0
SE,CPA_C18,2014,21.99
SE,CPA_C18,2015,28.76
SE,CPA_C18,2016,97.92
SE,CPA_C18,2017,26.05
SE,CPA_C18,2018,124.02
SE,CPA_C18,2019,26.19
SE,CPA_C18,2020,25.75
SE,CPA_C18,2021,11.53
SE,CPA_C18,2022,4.42
SE,CPA_C18,2023,3.83
SI,CPA_C18,2014,2.36
SI,CPA_C18,2015,2.41
SI,CPA_C18,2016,2.42
SI,CPA_C18,2017,2.49
SI,CPA_C18,2018,2.6
SI,CPA_C18,2019,2.68
SI,CPA_C18,2020,1.93
SI,CPA_C18,2021,2.06
SI,CPA_C18,2022,2.31
SI,CPA_C18,2023,2.33
SK,CPA_C18,2014,11.6
SK,CPA_C18,2015,15.29
SK,CPA_C18,2016,23.09
SK,CPA_C18,2017,26.4
SK,CPA_C18,2018,26.14
SK,CPA_C18,2019,23.99
SK,CPA_C18,2020,15.13
SK,CPA_C18,2021,15.41
SK,CPA_C18,2022,70.38
TR,CPA_C18,2023,99.24
XK,CPA_C18,2014,0.0
XK,CPA_C18,2015,0.0
XK,CPA_C18,2016,0.0
XK,CPA_C18,2017,0.0
XK,CPA_C18,2018,0.0
XK,CPA_C18,2019,0.0
AL,CPA_C19,2014,147.68
AL,CPA_C19,2015,108.35
AL,CPA_C19,2016,123.84
AL,CPA_C19,2017,125.65
AL,CPA_C19,2018,150.21
AL,CPA_C19,2019,185.73
AL,CPA_C19,2020,120.98
AL,CPA_C19,2021,109.0
AL,CPA_C19,2022,252.86
AL,CPA_C19,2023,231.46
AL,CPA_C19,2024,364.43
AT,CPA_C19,2014,2992.46
AT,CPA_C19,2015,3019.4
AT,CPA_C19,2016,3176.1
AT,CPA_C19,2017,3040.85
AT,CPA_C19,2018,3215.72
AT,CPA_C19,2019,3352.03
AT,CPA_C19,2020,2992.75
AT,CPA_C19,2021,2492.35
AT,CPA_C19,2022,3106.41
BE,CPA_C19,2014,2892.52
BE,CPA_C19,2015,2413.6
BE,CPA_C19,2016,2582.15
BE,CPA_C19,2017,2663.2
BE,CPA_C19,2018,2763.6
BE,CPA_C19,2019,2858.6
BE,CPA_C19,2020,2356.5
BE,CPA_C19,2021,3455.5
BE,CPA_C19,2022,4245.4
BG,CPA_C19,2014,1610.62
BG,CPA_C19,2018,477.78
BG,CPA_C19,2019,638.86
BG,CPA_C19,2020,382.64
BG,CPA_C19,2021,249.8
BG,CPA_C19,2022,1504.59
CY,CPA_C19,2014,573.52
CY,CPA_C19,2015,508.52
CY,CPA_C19,2016,491.05
CY,CPA_C19,2017,558.72
CY,CPA_C19,2018,571.17
CY,CPA_C19,2019,539.48
CY,CPA_C19,2020,383.14
CY,CPA_C19,2021,891.75
CY,CPA_C19,2022,1220.1
CZ,CPA_C19,2014,1482.17
CZ,CPA_C19,2015,1373.07
CZ,CPA_C19,2016,1329.25
CZ,CPA_C19,2017,1538.21
CZ,CPA_C19,2018,1702.07
CZ,CPA_C19,2019,1859.6
CZ,CPA_C19,2020,1416.1
CZ,CPA_C19,2021,1795.83
CZ,CPA_C19,2022,2408.78
CZ,CPA_C19,2023,2190.84
CZ,CPA_C19,2024,2329.42
DE,CPA_C19,2014,10963.0
DE,CPA_C19,2015,12072.0
DE,CPA_C19,2016,11502.0
DE,CPA_C19,2017,12435.0
DE,CPA_C19,2018,14101.0
DE,CPA_C19,2019,12470.0
DE,CPA_C19,2020,14992.0
DE,CPA_C19,2021,15577.0
DE,CPA_C19,2022,21034.0
DK,CPA_C19,2014,910.73
DK,CPA_C19,2015,747.64
DK,CPA_C19,2016,629.21
DK,CPA_C19,2017,779.22
DK,CPA_C19,2018,806.61
DK,CPA_C19,2019,791.84
DK,CPA_C19,2020,943.11
DK,CPA_C19,2021,1181.89
DK,CPA_C19,2022,972.23
EA21,CPA_C19,2014,58160.98
EA21,CPA_C19,2015,56935.88
EA21,CPA_C19,2016,53422.55
EA21,CPA_C19,2017,52698.43
EA21,CPA_C19,2018,58276.71
EA21,CPA_C19,2019,57830.8
EA21,CPA_C19,2020,54463.9
EA21,CPA_C19,2021,60072.68
EA21,CPA_C19,2022,78140.92
EA21,CPA_C19,2023,83574.65
EA21,CPA_C19,2024,84992.37
EE,CPA_C19,2014,298.11
EE,CPA_C19,2015,237.48
EE,CPA_C19,2016,192.68
EE,CPA_C19,2017,240.85
EE,CPA_C19,2018,261.2
EE,CPA_C19,2019,396.14
EE,CPA_C19,2020,348.07
EE,CPA_C19,2021,423.16
EE,CPA_C19,2022,803.8
EL,CPA_C19,2014,2548.75
EL,CPA_C19,2015,3180.59
EL,CPA_C19,2016,3462.25
EL,CPA_C19,2017,3189.06
EL,CPA_C19,2018,3606.01
EL,CPA_C19,2019,2896.77
EL,CPA_C19,2020,2285.17
EL,CPA_C19,2021,3632.65
EL,CPA_C19,2022,3394.76
ES,CPA_C19,2014,9338.4
ES,CPA_C19,2015,7673.7
ES,CPA_C19,2016,7732.7
ES,CPA_C19,2017,4788.2
ES,CPA_C19,2018,5234.2
ES,CPA_C19,2019,4866.4
ES,CPA_C19,2020,2949.3
ES,CPA_C19,2021,4675.2
ES,CPA_C19,2022,5596.6
ES,CPA_C19,2023,4670.8
EU27_2020,CPA_C19,2014,72095.04
EU27_2020,CPA_C19,2015,68584.71
EU27_2020,CPA_C19,2016,64064.03
EU27_2020,CPA_C19,2017,65246.01
EU27_2020,CPA_C19,2018,72991.65
EU27_2020,CPA_C19,2019,72823.55
EU27_2020,CPA_C19,2020,65765.13
EU27_2020,CPA_C19,2021,76955.69
EU27_2020,CPA_C19,2022,102459.28
EU27_2020,CPA_C19,2023,107555.59
EU27_2020,CPA_C19,2024,110586.41
FI,CPA_C19,2014,1328.7
FI,CPA_C19,2015,1419.69
FI,CPA_C19,2016,1510.14
FI,CPA_C19,2017,1294.57
FI,CPA_C19,2018,1417.54
FI,CPA_C19,2019,1352.18
FI,CPA_C19,2020,1079.04
FI,CPA_C19,2021,1333.4
FI,CPA_C19,2022,1220.31
FI,CPA_C19,2023,1499.33
FR,CPA_C19,2014,8420.0
FR,CPA_C19,2015,7623.0
FR,CPA_C19,2016,7365.0
FR,CPA_C19,2017,7960.0
FR,CPA_C19,2018,9089.0
FR,CPA_C19,2019,9330.0
FR,CPA_C19,2020,8019.3
FR,CPA_C19,2021,9633.8
FR,CPA_C19,2022,14025.5
HR,CPA_C19,2014,696.71
HR,CPA_C19,2015,729.54
HR,CPA_C19,2016,634.72
HR,CPA_C19,2017,701.49
HR,CPA_C19,2018,750.03
HR,CPA_C19,2019,787.45
HR,CPA_C19,2020,657.25
HR,CPA_C19,2021,765.53
HR,CPA_C19,2022,1037.22
HU,CPA_C19,2014,734.27
HU,CPA_C19,2015,867.45
HU,CPA_C19,2016,822.86
HU,CPA_C19,2017,894.36
HU,CPA_C19,2018,1004.34
HU,CPA_C19,2019,1043.65
HU,CPA_C19,2020,787.3
HU,CPA_C19,2021,939.71
HU,CPA_C19,2022,1197.17
HU,CPA_C19,2023,1223.85
IT,CPA_C19,2014,9520.29
IT,CPA_C19,2015,7848.4
IT,CPA_C19,2016,6545.2
IT,CPA_C19,2017,6786.6
IT,CPA_C19,2018,7222.6
IT,CPA_C19,2019,7367.2
IT,CPA_C19,2020,7030.0
IT,CPA_C19,2021,6530.2
IT,CPA_C19,2022,9056.7
LU,CPA_C19,2014,369.08
LU,CPA_C19,2015,388.42
LU,CPA_C19,2016,377.12
LU,CPA_C19,2017,367.36
LU,CPA_C19,2018,380.57
LU,CPA_C19,2019,406.09
LU,CPA_C19,2020,354.76
LU,CPA_C19,2021,422.57
LU,CPA_C19,2022,435.41
LV,CPA_C19,2014,369.83
LV,CPA_C19,2015,434.76
LV,CPA_C19,2016,426.14
LV,CPA_C19,2017,471.13
LV,CPA_C19,2018,452.7
LV,CPA_C19,2019,404.01
LV,CPA_C19,2020,342.76
LV,CPA_C19,2021,449.16
LV,CPA_C19,2022,451.58
LV,CPA_C19,2023,404.07
MK,CPA_C19,2014,111.61
MK,CPA_C19,2015,86.75
MK,CPA_C19,2016,79.08
MK,CPA_C19,2017,76.05
MK,CPA_C19,2018,106.03
MK,CPA_C19,2019,116.87
MK,CPA_C19,2020,82.78
MK,CPA_C19,2021,112.19
MK,CPA_C19,2022,176.59
MK,CPA_C19,2023,154.92
MT,CPA_C19,2014,85.48
MT,CPA_C19,2015,103.83
MT,CPA_C19,2016,83.6
MT,CPA_C19,2017,151.32
MT,CPA_C19,2018,112.23
MT,CPA_C19,2019,140.75
MT,CPA_C19,2020,147.7
MT,CPA_C19,2021,173.6
MT,CPA_C19,2022,183.4
NL,CPA_C19,2014,2553.0
NL,CPA_C19,2015,3011.0
NL,CPA_C19,2016,3094.0
NL,CPA_C19,2017,3056.0
NL,CPA_C19,2018,3143.0
NL,CPA_C19,2019,3661.0
NL,CPA_C19,2020,3653.0
NL,CPA_C19,2021,3899.0
NL,CPA_C19,2022,4683.0
NL,CPA_C19,2023,4920.0
NL,CPA_C19,2024,4689.0
NO,CPA_C19,2014,3219.26
NO,CPA_C19,2015,2700.12
NO,CPA_C19,2016,2471.21
NO,CPA_C19,2017,2589.67
NO,CPA_C19,2018,2791.28
NO,CPA_C19,2019,2821.0
NO,CPA_C19,2020,2031.75
NO,CPA_C19,2021,2615.98
NO,CPA_C19,2022,2495.3
NO,CPA_C19,2023,2403.46
PL,CPA_C19,2014,6496.45
PL,CPA_C19,2015,5443.51
PL,CPA_C19,2016,4838.05
PL,CPA_C19,2017,6034.55
PL,CPA_C19,2018,7889.76
PL,CPA_C19,2019,7678.38
PL,CPA_C19,2020,5158.18
PL,CPA_C19,2021,7750.66
PL,CPA_C19,2022,12013.04
PT,CPA_C19,2014,1347.35
PT,CPA_C19,2015,1502.34
PT,CPA_C19,2016,1235.84
PT,CPA_C19,2017,1504.94
PT,CPA_C19,2018,1456.43
PT,CPA_C19,2019,1655.25
PT,CPA_C19,2020,1651.05
PT,CPA_C19,2021,1891.02
PT,CPA_C19,2022,1396.97
PT,CPA_C19,2023,1310.71
PT,CPA_C19,2024,1379.66
RO,CPA_C19,2014,2045.82
RO,CPA_C19,2015,2181.9
RO,CPA_C19,2016,1989.02
RO,CPA_C19,2017,2167.94
RO,CPA_C19,2018,2306.38
RO,CPA_C19,2019,2566.1
RO,CPA_C19,2020,1936.73
RO,CPA_C19,2021,2987.24
RO,CPA_C19,2022,4573.54
RS,CPA_C19,2014,1187.92
RS,CPA_C19,2015,972.33
RS,CPA_C19,2016,975.49
RS,CPA_C19,2017,1224.62
RS,CPA_C19,2018,1352.26
RS,CPA_C19,2019,1334.41
RS,CPA_C19,2020,427.1
RS,CPA_C19,2021,466.7
RS,CPA_C19,2022,533.69
SE,CPA_C19,2014,2126.22
SE,CPA_C19,2015,1210.54
SE,CPA_C19,2016,1061.86
SE,CPA_C19,2017,1184.82
SE,CPA_C19,2018,1465.67
SE,CPA_C19,2019,1549.94
SE,CPA_C19,2020,1130.02
SE,CPA_C19,2021,2242.94
SE,CPA_C19,2022,3131.16
SE,CPA_C19,2023,3037.51
SI,CPA_C19,2014,444.32
SI,CPA_C19,2015,399.29
SI,CPA_C19,2016,392.55
SI,CPA_C19,2017,421.06
SI,CPA_C19,2018,471.99
SI,CPA_C19,2019,496.2
SI,CPA_C19,2020,417.88
SI,CPA_C19,2021,504.17
SI,CPA_C19,2022,689.18
SI,CPA_C19,2023,666.59
SK,CPA_C19,2014,450.72
SK,CPA_C19,2015,391.71
SK,CPA_C19,2016,338.8
SK,CPA_C19,2017,282.03
SK,CPA_C19,2018,541.68
SK,CPA_C19,2019,569.25
SK,CPA_C19,2020,430.11
SK,CPA_C19,2021,537.23
SK,CPA_C19,2022,718.35
TR,CPA_C19,2023,21018.35
XK,CPA_C19,2014,34265.0
XK,CPA_C19,2015,25860.0
XK,CPA_C19,2016,22544.0
XK,CPA_C19,2017,24136.0
XK,CPA_C19,2018,27024.0
XK,CPA_C19,2019,35404.0
AL,CPA_C20,2014,103.24
AL,CPA_C20,2015,109.85
AL,CPA_C20,2016,118.86
AL,CPA_C20,2017,126.09
AL,CPA_C20,2018,111.21
AL,CPA_C20,2019,179.07
AL,CPA_C20,2020,158.33
AL,CPA_C20,2021,188.38
AL,CPA_C20,2022,153.53
AL,CPA_C20,2023,247.4
AL,CPA_C20,2024,211.06
AT,CPA_C20,2014,3531.05
AT,CPA_C20,2015,3641.23
AT,CPA_C20,2016,3444.84
AT,CPA_C20,2017,3476.65
AT,CPA_C20,2018,3600.05
AT,CPA_C20,2019,3868.79
AT,CPA_C20,2020,3869.6
AT,CPA_C20,2021,4364.28
AT,CPA_C20,2022,4936.33
BE,CPA_C20,2014,7794.34
BE,CPA_C20,2015,7204.7
BE,CPA_C20,2016,7757.96
BE,CPA_C20,2017,7955.3
BE,CPA_C20,2018,8141.7
BE,CPA_C20,2019,8406.9
BE,CPA_C20,2020,6962.0
BE,CPA_C20,2021,8483.8
BE,CPA_C20,2022,8135.4
BG,CPA_C20,2014,899.53
BG,CPA_C20,2018,833.87
BG,CPA_C20,2019,893.59
BG,CPA_C20,2020,950.86
BG,CPA_C20,2021,1408.46
BG,CPA_C20,2022,1790.73
CY,CPA_C20,2014,109.16
CY,CPA_C20,2015,116.6
CY,CPA_C20,2016,122.72
CY,CPA_C20,2017,125.78
CY,CPA_C20,2018,127.93
CY,CPA_C20,2019,147.06
CY,CPA_C20,2020,167.23
CY,CPA_C20,2021,228.34
CY,CPA_C20,2022,254.88
CZ,CPA_C20,2014,1960.49
CZ,CPA_C20,2015,2014.41
CZ,CPA_C20,2016,2108.53
CZ,CPA_C20,2017,2336.7
CZ,CPA_C20,2018,2570.87
CZ,CPA_C20,2019,2686.25
CZ,CPA_C20,2020,2520.58
CZ,CPA_C20,2021,3191.89
CZ,CPA_C20,2022,3918.99
CZ,CPA_C20,2023,4215.26
CZ,CPA_C20,2024,4013.22
DE,CPA_C20,2014,26321.0
DE,CPA_C20,2015,30900.0
DE,CPA_C20,2016,31031.0
DE,CPA_C20,2017,33009.0
DE,CPA_C20,2018,31144.0
DE,CPA_C20,2019,31925.0
DE,CPA_C20,2020,34018.0
DE,CPA_C20,2021,28471.0
DE,CPA_C20,2022,36517.0
DK,CPA_C20,2014,2082.0
DK,CPA_C20,2015,2025.04
DK,CPA_C20,2016,2174.99
DK,CPA_C20,2017,2380.46
DK,CPA_C20,2018,2450.19
DK,CPA_C20,2019,2479.15
DK,CPA_C20,2020,2855.28
DK,CPA_C20,2021,3176.68
DK,CPA_C20,2022,3266.56
EA21,CPA_C20,2014,118833.91
EA21,CPA_C20,2015,124524.53
EA21,CPA_C20,2016,127525.24
EA21,CPA_C20,2017,135117.73
EA21,CPA_C20,2018,138845.23
EA21,CPA_C20,2019,143188.4
EA21,CPA_C20,2020,135897.71
EA21,CPA_C20,2021,145616.66
EA21,CPA_C20,2022,167324.31
EA21,CPA_C20,2023,170453.16
EA21,CPA_C20,2024,171683.91
EE,CPA_C20,2014,294.22
EE,CPA_C20,2015,278.02
EE,CPA_C20,2016,278.89
EE,CPA_C20,2017,297.11
EE,CPA_C20,2018,322.25
EE,CPA_C20,2019,340.41
EE,CPA_C20,2020,348.5
EE,CPA_C20,2021,373.34
EE,CPA_C20,2022,425.41
EL,CPA_C20,2014,3224.79
EL,CPA_C20,2015,2800.88
EL,CPA_C20,2016,2952.51
EL,CPA_C20,2017,2999.79
EL,CPA_C20,2018,3070.54
EL,CPA_C20,2019,3182.58
EL,CPA_C20,2020,3219.17
EL,CPA_C20,2021,3490.58
EL,CPA_C20,2022,3924.45
ES,CPA_C20,2014,14351.9
ES,CPA_C20,2015,14428.5
ES,CPA_C20,2016,18531.9
ES,CPA_C20,2017,19747.6
ES,CPA_C20,2018,20274.2
ES,CPA_C20,2019,20620.9
ES,CPA_C20,2020,19085.9
ES,CPA_C20,2021,24690.7
ES,CPA_C20,2022,27183.1
ES,CPA_C20,2023,25817.2
EU27_2020,CPA_C20,2014,134313.88
EU27_2020,CPA_C20,2015,140984.0
EU27_2020,CPA_C20,2016,144521.52
EU27_2020,CPA_C20,2017,153383.82
EU27_2020,CPA_C20,2018,157617.78
EU27_2020,CPA_C20,2019,163213.48
EU27_2020,CPA_C20,2020,155982.12
EU27_2020,CPA_C20,2021,170231.28
EU27_2020,CPA_C20,2022,196266.87
EU27_2020,CPA_C20,2023,201510.78
EU27_2020,CPA_C20,2024,203423.83
FI,CPA_C20,2014,1132.88
FI,CPA_C20,2015,1116.48
FI,CPA_C20,2016,1032.77
FI,CPA_C20,2017,1201.51
FI,CPA_C20,2018,1159.15
FI,CPA_C20,2019,1205.9
FI,CPA_C20,2020,1204.23
FI,CPA_C20,2021,1247.63
FI,CPA_C20,2022,1576.96
FI,CPA_C20,2023,1316.01
FR,CPA_C20,2014,31907.0
FR,CPA_C20,2015,32877.0
FR,CPA_C20,2016,32356.0
FR,CPA_C20,2017,34181.0
FR,CPA_C20,2018,36056.0
FR,CPA_C20,2019,37006.0
FR,CPA_C20,2020,30466.9
FR,CPA_C20,2021,33026.3
FR,CPA_C20,2022,37305.5
HR,CPA_C20,2014,312.54
HR,CPA_C20,2015,327.17
HR,CPA_C20,2016,403.35
HR,CPA_C20,2017,421.23
HR,CPA_C20,2018,452.08
HR,CPA_C20,2019,474.36
HR,CPA_C20,2020,406.37
HR,CPA_C20,2021,458.49
HR,CPA_C20,2022,625.85
HU,CPA_C20,2014,850.22
HU,CPA_C20,2015,926.54
HU,CPA_C20,2016,957.98
HU,CPA_C20,2017,1031.16
HU,CPA_C20,2018,1081.71
HU,CPA_C20,2019,1091.95
HU,CPA_C20,2020,1055.95
HU,CPA_C20,2021,1313.15
HU,CPA_C20,2022,1456.19
HU,CPA_C20,2023,1577.87
IE,CPA_C20,2014,398.7
IE,CPA_C20,2015,898.51
IE,CPA_C20,2016,506.77
IE,CPA_C20,2017,704.83
IE,CPA_C20,2018,2982.83
IE,CPA_C20,2019,4050.65
IE,CPA_C20,2020,2513.72
IT,CPA_C20,2014,14157.4
IT,CPA_C20,2015,14604.2
IT,CPA_C20,2016,14709.9
IT,CPA_C20,2017,15091.2
IT,CPA_C20,2018,14316.0
IT,CPA_C20,2019,14287.2
IT,CPA_C20,2020,15116.6
IT,CPA_C20,2021,16755.2
IT,CPA_C20,2022,20778.7
LT,CPA_C20,2014,687.26
LT,CPA_C20,2015,616.61
LT,CPA_C20,2016,602.0
LT,CPA_C20,2017,668.4
LT,CPA_C20,2018,745.15
LT,CPA_C20,2019,781.6
LT,CPA_C20,2020,859.97
LT,CPA_C20,2021,1278.27
LT,CPA_C20,2022,1395.86
LU,CPA_C20,2014,216.03
LU,CPA_C20,2015,250.1
LU,CPA_C20,2016,265.04
LU,CPA_C20,2017,276.69
LU,CPA_C20,2018,306.53
LU,CPA_C20,2019,269.72
LU,CPA_C20,2020,246.28
LU,CPA_C20,2021,261.08
LU,CPA_C20,2022,304.7
LV,CPA_C20,2014,306.56
LV,CPA_C20,2015,349.83
LV,CPA_C20,2016,301.12
LV,CPA_C20,2017,354.86
LV,CPA_C20,2018,369.68
LV,CPA_C20,2019,358.7
LV,CPA_C20,2020,186.45
LV,CPA_C20,2021,338.04
LV,CPA_C20,2022,589.0
LV,CPA_C20,2023,616.34
MK,CPA_C20,2014,199.17
MK,CPA_C20,2015,186.87
MK,CPA_C20,2016,217.19
MK,CPA_C20,2017,301.47
MK,CPA_C20,2018,280.32
MK,CPA_C20,2019,313.51
MK,CPA_C20,2020,234.65
MK,CPA_C20,2021,298.08
MK,CPA_C20,2022,292.71
MK,CPA_C20,2023,286.54
MT,CPA_C20,2014,123.11
MT,CPA_C20,2015,129.26
MT,CPA_C20,2016,121.72
MT,CPA_C20,2017,131.27
MT,CPA_C20,2018,138.28
MT,CPA_C20,2019,161.26
MT,CPA_C20,2020,151.54
MT,CPA_C20,2021,167.06
MT,CPA_C20,2022,198.86
NL,CPA_C20,2014,10027.0
NL,CPA_C20,2015,11011.0
NL,CPA_C20,2016,11378.0
NL,CPA_C20,2017,12603.0
NL,CPA_C20,2018,13016.0
NL,CPA_C20,2019,13369.0
NL,CPA_C20,2020,12366.0
NL,CPA_C20,2021,14702.0
NL,CPA_C20,2022,15144.0
NL,CPA_C20,2023,14674.0
NL,CPA_C20,2024,15530.0
NO,CPA_C20,2014,2955.81
NO,CPA_C20,2015,2844.04
NO,CPA_C20,2016,2479.39
NO,CPA_C20,2017,2533.93
NO,CPA_C20,2018,2604.73
NO,CPA_C20,2019,2590.88
NO,CPA_C20,2020,2295.39
NO,CPA_C20,2021,2729.53
NO,CPA_C20,2022,3274.5
NO,CPA_C20,2023,2759.26
PL,CPA_C20,2014,5684.45
PL,CPA_C20,2015,5977.42
PL,CPA_C20,2016,6034.09
PL,CPA_C20,2017,6441.82
PL,CPA_C20,2018,6752.49
PL,CPA_C20,2019,7302.02
PL,CPA_C20,2020,6986.7
PL,CPA_C20,2021,7894.43
PL,CPA_C20,2022,9679.05
PT,CPA_C20,2014,1612.03
PT,CPA_C20,2015,1622.11
PT,CPA_C20,2016,1616.7
PT,CPA_C20,2017,1618.15
PT,CPA_C20,2018,1654.21
PT,CPA_C20,2019,1695.08
PT,CPA_C20,2020,1579.91
PT,CPA_C20,2021,1699.29
PT,CPA_C20,2022,2070.23
PT,CPA_C20,2023,2103.13
PT,CPA_C20,2024,2214.71
RO,CPA_C20,2014,1804.76
RO,CPA_C20,2015,1884.24
RO,CPA_C20,2016,2045.94
RO,CPA_C20,2017,2405.69
RO,CPA_C20,2018,2552.36
RO,CPA_C20,2019,2773.14
RO,CPA_C20,2020,2929.42
RO,CPA_C20,2021,3887.9
RO,CPA_C20,2022,4592.52
RS,CPA_C20,2014,538.63
RS,CPA_C20,2015,581.94
RS,CPA_C20,2016,561.71
RS,CPA_C20,2017,638.66
RS,CPA_C20,2018,732.09
RS,CPA_C20,2019,773.74
RS,CPA_C20,2020,956.64
RS,CPA_C20,2021,1131.67
RS,CPA_C20,2022,1737.46
SE,CPA_C20,2014,2822.73
SE,CPA_C20,2015,3702.72
SE,CPA_C20,2016,3780.9
SE,CPA_C20,2017,3758.38
SE,CPA_C20,2018,3704.69
SE,CPA_C20,2019,4095.05
SE,CPA_C20,2020,3801.41
SE,CPA_C20,2021,5215.89
SE,CPA_C20,2022,6045.66
SE,CPA_C20,2023,6299.61
SI,CPA_C20,2014,344.34
SI,CPA_C20,2015,344.28
SI,CPA_C20,2016,351.35
SI,CPA_C20,2017,380.32
SI,CPA_C20,2018,411.74
SI,CPA_C20,2019,431.49
SI,CPA_C20,2020,465.98
SI,CPA_C20,2021,531.4
SI,CPA_C20,2022,614.58
SI,CPA_C20,2023,643.1
SK,CPA_C20,2014,987.08
SK,CPA_C20,2015,1112.42
SK,CPA_C20,2016,1148.5
SK,CPA_C20,2017,1190.06
SK,CPA_C20,2018,1294.39
SK,CPA_C20,2019,1242.77
SK,CPA_C20,2020,1178.83
SK,CPA_C20,2021,1443.95
SK,CPA_C20,2022,1328.62
TR,CPA_C20,2023,13526.27
XK,CPA_C20,2014,16680.0
XK,CPA_C20,2015,16379.0
XK,CPA_C20,2016,17131.0
XK,CPA_C20,2017,18368.0
XK,CPA_C20,2018,20300.0
XK,CPA_C20,2019,20378.0
AL,CPA_C21,2014,60.02
AL,CPA_C21,2015,54.46
AL,CPA_C21,2016,56.16
AL,CPA_C21,2017,60.5
AL,CPA_C21,2018,62.91
AL,CPA_C21,2019,88.5
AL,CPA_C21,2020,164.71
AL,CPA_C21,2021,109.23
AL,CPA_C21,2022,118.85
AL,CPA_C21,2023,124.23
AL,CPA_C21,2024,143.16
AT,CPA_C21,2014,3257.66
AT,CPA_C21,2015,3397.94
AT,CPA_C21,2016,3385.88
AT,CPA_C21,2017,3622.2
AT,CPA_C21,2018,3650.37
AT,CPA_C21,2019,4123.32
AT,CPA_C21,2020,4454.34
AT,CPA_C21,2021,4296.71
AT,CPA_C21,2022,4363.32
BE,CPA_C21,2014,4931.36
BE,CPA_C21,2015,4386.4
BE,CPA_C21,2016,4458.42
BE,CPA_C21,2017,4651.2
BE,CPA_C21,2018,4924.4
BE,CPA_C21,2019,5081.5
BE,CPA_C21,2020,4877.0
BE,CPA_C21,2021,5760.3
BE,CPA_C21,2022,10118.7
BG,CPA_C21,2014,313.15
BG,CPA_C21,2018,788.33
BG,CPA_C21,2019,921.48
BG,CPA_C21,2020,916.08
BG,CPA_C21,2021,932.42
BG,CPA_C21,2022,1018.76
CY,CPA_C21,2014,125.44
CY,CPA_C21,2015,145.92
CY,CPA_C21,2016,151.97
CY,CPA_C21,2017,166.68
CY,CPA_C21,2018,179.85
CY,CPA_C21,2019,207.89
CY,CPA_C21,2020,238.55
CY,CPA_C21,2021,230.9
CY,CPA_C21,2022,254.91
CZ,CPA_C21,2014,737.14
CZ,CPA_C21,2015,789.84
CZ,CPA_C21,2016,786.64
CZ,CPA_C21,2017,832.64
CZ,CPA_C21,2018,862.01
CZ,CPA_C21,2019,979.28
CZ,CPA_C21,2020,1006.62
CZ,CPA_C21,2021,1164.86
CZ,CPA_C21,2022,1208.54
CZ,CPA_C21,2023,1404.72
CZ,CPA_C21,2024,1377.63
DE,CPA_C21,2014,29912.0
DE,CPA_C21,2015,29604.0
DE,CPA_C21,2016,29757.0
DE,CPA_C21,2017,30738.0
DE,CPA_C21,2018,34738.0
DE,CPA_C21,2019,38782.0
DE,CPA_C21,2020,39868.0
DE,CPA_C21,2021,41346.0
DE,CPA_C21,2022,45735.0
DK,CPA_C21,2014,2014.44
DK,CPA_C21,2015,1977.0
DK,CPA_C21,2016,1935.42
DK,CPA_C21,2017,1959.79
DK,CPA_C21,2018,1953.89
DK,CPA_C21,2019,2124.44
DK,CPA_C21,2020,2770.16
DK,CPA_C21,2021,2710.82
DK,CPA_C21,2022,3109.95
EA21,CPA_C21,2014,123322.06
EA21,CPA_C21,2015,124520.98
EA21,CPA_C21,2016,121693.71
EA21,CPA_C21,2017,126824.51
EA21,CPA_C21,2018,134787.67
EA21,CPA_C21,2019,144548.34
EA21,CPA_C21,2020,146521.57
EA21,CPA_C21,2021,151651.03
EA21,CPA_C21,2022,169117.74
EA21,CPA_C21,2023,171664.36
EA21,CPA_C21,2024,171471.09
EE,CPA_C21,2014,114.29
EE,CPA_C21,2015,119.21
EE,CPA_C21,2016,144.17
EE,CPA_C21,2017,143.53
EE,CPA_C21,2018,175.57
EE,CPA_C21,2019,184.94
EE,CPA_C21,2020,197.29
EE,CPA_C21,2021,211.0
EE,CPA_C21,2022,218.89
EL,CPA_C21,2014,1658.04
EL,CPA_C21,2015,1448.44
EL,CPA_C21,2016,1709.43
EL,CPA_C21,2017,1843.25
EL,CPA_C21,2018,1938.63
EL,CPA_C21,2019,1860.0
EL,CPA_C21,2020,2102.62
EL,CPA_C21,2021,2115.52
EL,CPA_C21,2022,2075.67
ES,CPA_C21,2014,17393.4
ES,CPA_C21,2015,17541.6
ES,CPA_C21,2016,14885.1
ES,CPA_C21,2017,16364.4
ES,CPA_C21,2018,15928.9
ES,CPA_C21,2019,15617.9
ES,CPA_C21,2020,15895.1
ES,CPA_C21,2021,16377.3
ES,CPA_C21,2022,18247.6
ES,CPA_C21,2023,16514.9
EU27_2020,CPA_C21,2014,137603.73
EU27_2020,CPA_C21,2015,138742.68
EU27_2020,CPA_C21,2016,136510.81
EU27_2020,CPA_C21,2017,143172.16
EU27_2020,CPA_C21,2018,151162.98
EU27_2020,CPA_C21,2019,163703.17
EU27_2020,CPA_C21,2020,168318.17
EU27_2020,CPA_C21,2021,173967.83
EU27_2020,CPA_C21,2022,193406.67
EU27_2020,CPA_C21,2023,194256.97
EU27_2020,CPA_C21,2024,195184.47
FI,CPA_C21,2014,1330.23
FI,CPA_C21,2015,1411.26
FI,CPA_C21,2016,1381.6
FI,CPA_C21,2017,1366.34
FI,CPA_C21,2018,1338.58
FI,CPA_C21,2019,1424.19
FI,CPA_C21,2020,1503.89
FI,CPA_C21,2021,1467.21
FI,CPA_C21,2022,1609.67
FI,CPA_C21,2023,1669.47
FR,CPA_C21,2014,26926.0
FR,CPA_C21,2015,30328.0
FR,CPA_C21,2016,30637.0
FR,CPA_C21,2017,30738.0
FR,CPA_C21,2018,31392.0
FR,CPA_C21,2019,33524.0
FR,CPA_C21,2020,35690.2
FR,CPA_C21,2021,38070.1
FR,CPA_C21,2022,40578.5
HR,CPA_C21,2014,505.18
HR,CPA_C21,2015,528.53
HR,CPA_C21,2016,519.28
HR,CPA_C21,2017,534.09
HR,CPA_C21,2018,573.8
HR,CPA_C21,2019,601.99
HR,CPA_C21,2020,519.38
HR,CPA_C21,2021,581.97
HR,CPA_C21,2022,795.86
HU,CPA_C21,2014,992.43
HU,CPA_C21,2015,1042.27
HU,CPA_C21,2016,1097.96
HU,CPA_C21,2017,1192.84
HU,CPA_C21,2018,1222.13
HU,CPA_C21,2019,1296.34
HU,CPA_C21,2020,1383.21
HU,CPA_C21,2021,1333.91
HU,CPA_C21,2022,1267.56
HU,CPA_C21,2023,1514.48
IE,CPA_C21,2014,4093.33
IT,CPA_C21,2014,21704.2
IT,CPA_C21,2015,18471.8
IT,CPA_C21,2016,19091.9
IT,CPA_C21,2017,20265.1
IT,CPA_C21,2018,20596.7
IT,CPA_C21,2019,21302.3
IT,CPA_C21,2020,20140.7
IT,CPA_C21,2021,20518.2
IT,CPA_C21,2022,22575.5
LT,CPA_C21,2014,513.45
LT,CPA_C21,2015,581.06
LT,CPA_C21,2016,630.45
LT,CPA_C21,2017,716.66
LT,CPA_C21,2018,578.78
LT,CPA_C21,2019,614.28
LU,CPA_C21,2014,153.97
LU,CPA_C21,2015,155.42
LU,CPA_C21,2016,157.14
LU,CPA_C21,2017,146.84
LU,CPA_C21,2018,146.34
LU,CPA_C21,2019,172.96
LU,CPA_C21,2020,173.81
LU,CPA_C21,2021,220.98
LU,CPA_C21,2022,206.79
LV,CPA_C21,2014,221.93
LV,CPA_C21,2015,234.7
LV,CPA_C21,2016,241.83
LV,CPA_C21,2017,256.06
LV,CPA_C21,2018,292.83
LV,CPA_C21,2019,337.52
LV,CPA_C21,2020,353.41
LV,CPA_C21,2021,366.36
LV,CPA_C21,2022,389.98
LV,CPA_C21,2023,461.47
MK,CPA_C21,2014,23.77
MK,CPA_C21,2015,33.09
MK,CPA_C21,2016,38.9
MK,CPA_C21,2017,41.33
MK,CPA_C21,2018,62.17
MK,CPA_C21,2019,71.86
MK,CPA_C21,2020,80.43
MK,CPA_C21,2021,84.28
MK,CPA_C21,2022,81.79
MK,CPA_C21,2023,90.47
MT,CPA_C21,2014,63.44
MT,CPA_C21,2015,85.74
MT,CPA_C21,2016,82.4
MT,CPA_C21,2017,83.9
MT,CPA_C21,2018,120.4
MT,CPA_C21,2019,154.24
MT,CPA_C21,2020,176.29
MT,CPA_C21,2021,185.99
MT,CPA_C21,2022,230.61
NL,CPA_C21,2014,6841.0
NL,CPA_C21,2015,7569.0
NL,CPA_C21,2016,7157.0
NL,CPA_C21,2017,7435.0
NL,CPA_C21,2018,7900.0
NL,CPA_C21,2019,8322.0
NL,CPA_C21,2020,8420.0
NL,CPA_C21,2021,9101.0
NL,CPA_C21,2022,10492.0
NL,CPA_C21,2023,11308.0
NL,CPA_C21,2024,11658.0
NO,CPA_C21,2014,1707.96
NO,CPA_C21,2015,1611.8
NO,CPA_C21,2016,2019.89
NO,CPA_C21,2017,2053.36
NO,CPA_C21,2018,2059.76
NO,CPA_C21,2019,2093.37
NO,CPA_C21,2020,1879.27
NO,CPA_C21,2021,2171.93
NO,CPA_C21,2022,2177.16
NO,CPA_C21,2023,2167.22
PL,CPA_C21,2014,4229.56
PL,CPA_C21,2015,3839.97
PL,CPA_C21,2016,4355.19
PL,CPA_C21,2017,4808.68
PL,CPA_C21,2018,4806.71
PL,CPA_C21,2019,5319.33
PL,CPA_C21,2020,5825.66
PL,CPA_C21,2021,5943.74
PL,CPA_C21,2022,5925.11
PT,CPA_C21,2014,1664.18
PT,CPA_C21,2015,1745.38
PT,CPA_C21,2016,2028.01
PT,CPA_C21,2017,1975.13
PT,CPA_C21,2018,1992.43
PT,CPA_C21,2019,2156.82
PT,CPA_C21,2020,2226.89
PT,CPA_C21,2021,2464.79
PT,CPA_C21,2022,2680.32
PT,CPA_C21,2023,2749.65
PT,CPA_C21,2024,3035.73
RO,CPA_C21,2014,2618.27
RO,CPA_C21,2015,2573.49
RO,CPA_C21,2016,2590.53
RO,CPA_C21,2017,3068.6
RO,CPA_C21,2018,3135.63
RO,CPA_C21,2019,3620.74
RO,CPA_C21,2020,4034.23
RO,CPA_C21,2021,3713.79
RO,CPA_C21,2022,5512.44
RS,CPA_C21,2014,412.11
RS,CPA_C21,2015,409.42
RS,CPA_C21,2016,395.1
RS,CPA_C21,2017,459.22
RS,CPA_C21,2018,556.9
RS,CPA_C21,2019,565.78
RS,CPA_C21,2020,802.06
RS,CPA_C21,2021,744.01
RS,CPA_C21,2022,1198.9
SE,CPA_C21,2014,3359.62
SE,CPA_C21,2015,3955.86
SE,CPA_C21,2016,4023.95
SE,CPA_C21,2017,4432.97
SE,CPA_C21,2018,4594.54
SE,CPA_C21,2019,6085.78
SE,CPA_C21,2020,6589.54
SE,CPA_C21,2021,7499.73
SE,CPA_C21,2022,7288.23
SE,CPA_C21,2023,4713.12
SI,CPA_C21,2014,474.07
SI,CPA_C21,2015,438.45
SI,CPA_C21,2016,461.46
SI,CPA_C21,2017,478.52
SI,CPA_C21,2018,494.16
SI,CPA_C21,2019,522.73
SI,CPA_C21,2020,571.71
SI,CPA_C21,2021,596.79
SI,CPA_C21,2022,666.38
SI,CPA_C21,2023,759.45
SK,CPA_C21,2014,250.44
SK,CPA_C21,2015,268.81
SK,CPA_C21,2016,310.67
SK,CPA_C21,2017,307.1
SK,CPA_C21,2018,312.7
SK,CPA_C21,2019,344.66
SK,CPA_C21,2020,377.99
SK,CPA_C21,2021,385.91
SK,CPA_C21,2022,546.95
TR,CPA_C21,2023,5388.16
XK,CPA_C21,2014,20084.0
XK,CPA_C21,2015,20787.0
XK,CPA_C21,2016,21662.0
XK,CPA_C21,2017,15682.0
XK,CPA_C21,2018,18290.0
XK,CPA_C21,2019,22245.0
AL,CPA_C22,2014,42.23
AL,CPA_C22,2015,49.07
AL,CPA_C22,2016,51.52
AL,CPA_C22,2017,52.87
AL,CPA_C22,2018,73.33
AL,CPA_C22,2019,59.87
AL,CPA_C22,2020,60.42
AL,CPA_C22,2021,62.53
AL,CPA_C22,2022,79.38
AL,CPA_C22,2023,90.28
AL,CPA_C22,2024,133.48
AT,CPA_C22,2014,1629.55
AT,CPA_C22,2015,1547.0
AT,CPA_C22,2016,1609.78
AT,CPA_C22,2017,1500.66
AT,CPA_C22,2018,1779.77
AT,CPA_C22,2019,1726.17
AT,CPA_C22,2020,1726.76
AT,CPA_C22,2021,2125.39
AT,CPA_C22,2022,2254.41
BE,CPA_C22,2014,2147.63
BE,CPA_C22,2015,1912.3
BE,CPA_C22,2016,1973.3
BE,CPA_C22,2017,1978.2
BE,CPA_C22,2018,2022.7
BE,CPA_C22,2019,2087.6
BE,CPA_C22,2020,2496.4
BE,CPA_C22,2021,2756.8
BE,CPA_C22,2022,3240.7
BG,CPA_C22,2014,365.8
BG,CPA_C22,2018,680.91
BG,CPA_C22,2019,677.35
BG,CPA_C22,2020,720.85
BG,CPA_C22,2021,779.04
BG,CPA_C22,2022,685.33
CY,CPA_C22,2014,51.85
CY,CPA_C22,2015,50.63
CY,CPA_C22,2016,54.39
CY,CPA_C22,2017,58.1
CY,CPA_C22,2018,60.73
CY,CPA_C22,2019,63.89
CY,CPA_C22,2020,66.11
CY,CPA_C22,2021,82.69
CY,CPA_C22,2022,94.49
CZ,CPA_C22,2014,755.48
CZ,CPA_C22,2015,808.02
CZ,CPA_C22,2016,862.84
CZ,CPA_C22,2017,951.26
CZ,CPA_C22,2018,981.67
CZ,CPA_C22,2019,1045.11
CZ,CPA_C22,2020,992.93
CZ,CPA_C22,2021,1133.7
CZ,CPA_C22,2022,1258.32
CZ,CPA_C22,2023,1292.03
CZ,CPA_C22,2024,1226.27
DE,CPA_C22,2014,8634.0
DE,CPA_C22,2015,12533.0
DE,CPA_C22,2016,13206.0
DE,CPA_C22,2017,13951.0
DE,CPA_C22,2018,14947.0
DE,CPA_C22,2019,15627.0
DE,CPA_C22,2020,16883.0
DE,CPA_C22,2021,18121.0
DE,CPA_C22,2022,21329.0
DK,CPA_C22,2014,1835.42
DK,CPA_C22,2015,1852.36
DK,CPA_C22,2016,1871.13
DK,CPA_C22,2017,1951.54
DK,CPA_C22,2018,2007.16
DK,CPA_C22,2019,2025.99
DK,CPA_C22,2020,2152.27
DK,CPA_C22,2021,2442.44
DK,CPA_C22,2022,2577.23
EA21,CPA_C22,2014,38871.75
EA21,CPA_C22,2015,42540.91
EA21,CPA_C22,2016,48645.34
EA21,CPA_C22,2017,52308.2
EA21,CPA_C22,2018,56852.86
EA21,CPA_C22,2019,58331.28
EA21,CPA_C22,2020,56571.39
EA21,CPA_C22,2021,59095.49
EA21,CPA_C22,2022,66688.08
EA21,CPA_C22,2023,70028.82
EA21,CPA_C22,2024,70880.33
EE,CPA_C22,2014,85.84
EE,CPA_C22,2015,90.76
EE,CPA_C22,2016,99.88
EE,CPA_C22,2017,103.08
EE,CPA_C22,2018,115.13
EE,CPA_C22,2019,118.26
EE,CPA_C22,2020,121.28
EE,CPA_C22,2021,121.82
EE,CPA_C22,2022,146.37
EL,CPA_C22,2014,1254.76
EL,CPA_C22,2015,1374.19
EL,CPA_C22,2016,1612.83
EL,CPA_C22,2017,1472.47
EL,CPA_C22,2018,1565.31
EL,CPA_C22,2019,1512.41
EL,CPA_C22,2020,1376.39
EL,CPA_C22,2021,1562.58
EL,CPA_C22,2022,1718.7
ES,CPA_C22,2014,3082.9
ES,CPA_C22,2015,3229.7
ES,CPA_C22,2016,7425.0
ES,CPA_C22,2017,9354.6
ES,CPA_C22,2018,9998.2
ES,CPA_C22,2019,10521.9
ES,CPA_C22,2020,9845.0
ES,CPA_C22,2021,8480.9
ES,CPA_C22,2022,8527.2
ES,CPA_C22,2023,9465.8
EU27_2020,CPA_C22,2014,48923.98
EU27_2020,CPA_C22,2015,53626.86
EU27_2020,CPA_C22,2016,60202.39
EU27_2020,CPA_C22,2017,64677.05
EU27_2020,CPA_C22,2018,69610.32
EU27_2020,CPA_C22,2019,71771.93
EU27_2020,CPA_C22,2020,70140.4
EU27_2020,CPA_C22,2021,74945.51
EU27_2020,CPA_C22,2022,83454.76
EU27_2020,CPA_C22,2023,88522.72
EU27_2020,CPA_C22,2024,90114.21
FI,CPA_C22,2014,883.65
FI,CPA_C22,2015,915.72
FI,CPA_C22,2016,1114.84
FI,CPA_C22,2017,1086.91
FI,CPA_C22,2018,1091.03
FI,CPA_C22,2019,1122.66
FI,CPA_C22,2020,1158.09
FI,CPA_C22,2021,1236.34
FI,CPA_C22,2022,1403.88
FI,CPA_C22,2023,1219.61
FR,CPA_C22,2014,9492.0
FR,CPA_C22,2015,9694.0
FR,CPA_C22,2016,9783.0
FR,CPA_C22,2017,10089.0
FR,CPA_C22,2018,10670.0
FR,CPA_C22,2019,10669.0
FR,CPA_C22,2020,9438.4
FR,CPA_C22,2021,10820.5
FR,CPA_C22,2022,11704.7
HR,CPA_C22,2014,407.45
HR,CPA_C22,2015,426.21
HR,CPA_C22,2016,437.12
HR,CPA_C22,2017,443.67
HR,CPA_C22,2018,477.09
HR,CPA_C22,2019,500.46
HR,CPA_C22,2020,434.49
HR,CPA_C22,2021,483.91
HR,CPA_C22,2022,662.83
HU,CPA_C22,2014,331.98
HU,CPA_C22,2015,380.44
HU,CPA_C22,2016,442.05
HU,CPA_C22,2017,465.16
HU,CPA_C22,2018,508.51
HU,CPA_C22,2019,511.16
HU,CPA_C22,2020,497.18
HU,CPA_C22,2021,596.26
HU,CPA_C22,2022,645.59
HU,CPA_C22,2023,665.57
IE,CPA_C22,2014,136.88
IE,CPA_C22,2015,228.72
IE,CPA_C22,2016,36.07
IE,CPA_C22,2017,50.82
IE,CPA_C22,2018,1726.01
IE,CPA_C22,2019,1594.42
IE,CPA_C22,2020,954.33
IE,CPA_C22,2021,1015.16
IE,CPA_C22,2022,1210.74
IT,CPA_C22,2014,5145.88
IT,CPA_C22,2015,4770.2
IT,CPA_C22,2016,4985.7
IT,CPA_C22,2017,5036.3
IT,CPA_C22,2018,4938.3
IT,CPA_C22,2019,5093.6
IT,CPA_C22,2020,4183.7
IT,CPA_C22,2021,4742.7
IT,CPA_C22,2022,5704.5
LT,CPA_C22,2014,262.83
LT,CPA_C22,2015,243.01
LT,CPA_C22,2016,255.37
LT,CPA_C22,2017,258.38
LT,CPA_C22,2018,258.28
LT,CPA_C22,2019,249.5
LT,CPA_C22,2020,339.88
LT,CPA_C22,2021,346.58
LT,CPA_C22,2022,395.2
LU,CPA_C22,2014,171.16
LU,CPA_C22,2015,189.86
LU,CPA_C22,2016,190.82
LU,CPA_C22,2017,197.76
LU,CPA_C22,2018,187.84
LU,CPA_C22,2019,202.72
LU,CPA_C22,2020,197.62
LU,CPA_C22,2021,239.08
LU,CPA_C22,2022,268.28
LV,CPA_C22,2014,112.25
LV,CPA_C22,2015,124.11
LV,CPA_C22,2016,126.57
LV,CPA_C22,2017,127.86
LV,CPA_C22,2018,141.16
LV,CPA_C22,2019,150.79
LV,CPA_C22,2020,171.12
LV,CPA_C22,2021,175.78
LV,CPA_C22,2022,248.27
LV,CPA_C22,2023,220.3
MK,CPA_C22,2014,38.46
MK,CPA_C22,2015,35.72
MK,CPA_C22,2016,40.8
MK,CPA_C22,2017,42.92
MK,CPA_C22,2018,42.67
MK,CPA_C22,2019,48.02
MK,CPA_C22,2020,46.58
MK,CPA_C22,2021,51.63
MK,CPA_C22,2022,53.34
MK,CPA_C22,2023,57.23
MT,CPA_C22,2014,25.36
MT,CPA_C22,2015,27.21
MT,CPA_C22,2016,28.49
MT,CPA_C22,2017,29.29
MT,CPA_C22,2018,28.56
MT,CPA_C22,2019,32.44
MT,CPA_C22,2020,30.12
MT,CPA_C22,2021,30.78
MT,CPA_C22,2022,33.51
NL,CPA_C22,2014,2447.0
NL,CPA_C22,2015,2570.0
NL,CPA_C22,2016,2786.0
NL,CPA_C22,2017,2957.0
NL,CPA_C22,2018,3157.0
NL,CPA_C22,2019,3374.0
NL,CPA_C22,2020,3641.0
NL,CPA_C22,2021,3936.0
NL,CPA_C22,2022,4118.0
NL,CPA_C22,2023,3960.0
NL,CPA_C22,2024,4066.0
NO,CPA_C22,2014,969.43
NO,CPA_C22,2015,903.06
NO,CPA_C22,2016,859.58
NO,CPA_C22,2017,885.88
NO,CPA_C22,2018,881.92
NO,CPA_C22,2019,913.81
NO,CPA_C22,2020,884.38
NO,CPA_C22,2021,1008.73
NO,CPA_C22,2022,1157.13
NO,CPA_C22,2023,1057.09
PL,CPA_C22,2014,4874.96
PL,CPA_C22,2015,5088.87
PL,CPA_C22,2016,5277.75
PL,CPA_C22,2017,5688.32
PL,CPA_C22,2018,6069.02
PL,CPA_C22,2019,6502.12
PL,CPA_C22,2020,6263.72
PL,CPA_C22,2021,7121.7
PL,CPA_C22,2022,7529.78
PT,CPA_C22,2014,516.46
PT,CPA_C22,2015,578.49
PT,CPA_C22,2016,602.86
PT,CPA_C22,2017,605.19
PT,CPA_C22,2018,611.61
PT,CPA_C22,2019,641.37
PT,CPA_C22,2020,586.27
PT,CPA_C22,2021,643.64
PT,CPA_C22,2022,745.67
PT,CPA_C22,2023,725.24
PT,CPA_C22,2024,712.92
RO,CPA_C22,2014,1304.21
RO,CPA_C22,2015,1251.23
RO,CPA_C22,2016,1307.32
RO,CPA_C22,2017,1496.13
RO,CPA_C22,2018,1619.96
RO,CPA_C22,2019,1747.2
RO,CPA_C22,2020,1858.69
RO,CPA_C22,2021,2547.05
RO,CPA_C22,2022,2874.86
RS,CPA_C22,2014,138.4
RS,CPA_C22,2015,153.26
RS,CPA_C22,2016,154.65
RS,CPA_C22,2017,162.3
RS,CPA_C22,2018,224.76
RS,CPA_C22,2019,265.38
RS,CPA_C22,2020,395.64
RS,CPA_C22,2021,611.35
RS,CPA_C22,2022,593.65
SE,CPA_C22,2014,913.83
SE,CPA_C22,2015,1832.38
SE,CPA_C22,2016,1961.7
SE,CPA_C22,2017,1954.89
SE,CPA_C22,2018,1938.63
SE,CPA_C22,2019,2037.84
SE,CPA_C22,2020,1930.22
SE,CPA_C22,2021,2124.38
SE,CPA_C22,2022,1940.99
SE,CPA_C22,2023,2312.35
SI,CPA_C22,2014,367.42
SI,CPA_C22,2015,384.35
SI,CPA_C22,2016,415.62
SI,CPA_C22,2017,454.92
SI,CPA_C22,2018,481.22
SI,CPA_C22,2019,491.85
SI,CPA_C22,2020,564.07
SI,CPA_C22,2021,645.87
SI,CPA_C22,2022,700.13
SI,CPA_C22,2023,761.48
SK,CPA_C22,2014,832.19
SK,CPA_C22,2015,817.44
SK,CPA_C22,2016,947.43
SK,CPA_C22,2017,1152.22
SK,CPA_C22,2018,1023.21
SK,CPA_C22,2019,1178.64
SK,CPA_C22,2020,1008.0
SK,CPA_C22,2021,1072.28
SK,CPA_C22,2022,1141.69
TR,CPA_C22,2023,7821.86
XK,CPA_C22,2014,16296.0
XK,CPA_C22,2015,16643.0
XK,CPA_C22,2016,19572.0
XK,CPA_C22,2017,20947.0
XK,CPA_C22,2018,23033.0
XK,CPA_C22,2019,22288.0
AL,CPA_C23,2014,168.42
AL,CPA_C23,2015,173.98
AL,CPA_C23,2016,170.61
AL,CPA_C23,2017,108.82
AL,CPA_C23,2018,196.91
AL,CPA_C23,2019,164.97
AL,CPA_C23,2020,155.81
AL,CPA_C23,2021,142.55
AL,CPA_C23,2022,257.97
AL,CPA_C23,2023,302.96
AL,CPA_C23,2024,226.39
AT,CPA_C23,2014,1470.66
AT,CPA_C23,2015,1373.03
AT,CPA_C23,2016,1462.65
AT,CPA_C23,2017,1452.19
AT,CPA_C23,2018,1849.55
AT,CPA_C23,2019,1782.78
AT,CPA_C23,2020,1758.28
AT,CPA_C23,2021,1951.37
AT,CPA_C23,2022,2465.33
BE,CPA_C23,2014,2573.42
BE,CPA_C23,2015,2148.6
BE,CPA_C23,2016,2200.6
BE,CPA_C23,2017,2250.3
BE,CPA_C23,2018,2335.9
BE,CPA_C23,2019,2408.1
BE,CPA_C23,2020,2473.4
BE,CPA_C23,2021,2849.2
BE,CPA_C23,2022,3930.8
BG,CPA_C23,2014,190.84
BG,CPA_C23,2018,691.35
BG,CPA_C23,2019,825.22
BG,CPA_C23,2020,734.67
BG,CPA_C23,2021,727.28
BG,CPA_C23,2022,890.95
CY,CPA_C23,2014,47.55
CY,CPA_C23,2015,50.42
CY,CPA_C23,2016,57.34
CY,CPA_C23,2017,68.87
CY,CPA_C23,2018,77.19
CY,CPA_C23,2019,89.06
CY,CPA_C23,2020,93.79
CY,CPA_C23,2021,110.05
CY,CPA_C23,2022,120.93
CZ,CPA_C23,2014,582.15
CZ,CPA_C23,2015,618.39
CZ,CPA_C23,2016,649.63
CZ,CPA_C23,2017,716.21
CZ,CPA_C23,2018,780.72
CZ,CPA_C23,2019,879.12
CZ,CPA_C23,2020,819.69
CZ,CPA_C23,2021,962.95
CZ,CPA_C23,2022,1124.56
CZ,CPA_C23,2023,1220.59
CZ,CPA_C23,2024,1193.55
DE,CPA_C23,2014,9498.0
DE,CPA_C23,2015,10763.0
DE,CPA_C23,2016,10866.0
DE,CPA_C23,2017,11468.0
DE,CPA_C23,2018,12354.0
DE,CPA_C23,2019,13155.0
DE,CPA_C23,2020,13359.0
DE,CPA_C23,2021,16296.0
DE,CPA_C23,2022,21055.0
DK,CPA_C23,2014,1145.0
DK,CPA_C23,2015,1246.19
DK,CPA_C23,2016,1323.96
DK,CPA_C23,2017,1388.56
DK,CPA_C23,2018,1433.13
DK,CPA_C23,2019,1559.16
DK,CPA_C23,2020,1631.25
DK,CPA_C23,2021,1843.19
DK,CPA_C23,2022,2114.66
EA21,CPA_C23,2014,41224.67
EA21,CPA_C23,2015,41161.79
EA21,CPA_C23,2016,44962.18
EA21,CPA_C23,2017,47595.81
EA21,CPA_C23,2018,51061.42
EA21,CPA_C23,2019,54307.84
EA21,CPA_C23,2020,50524.62
EA21,CPA_C23,2021,56908.38
EA21,CPA_C23,2022,66091.05
EA21,CPA_C23,2023,67754.3
EA21,CPA_C23,2024,69266.31
EE,CPA_C23,2014,149.22
EE,CPA_C23,2015,143.11
EE,CPA_C23,2016,162.27
EE,CPA_C23,2017,180.68
EE,CPA_C23,2018,207.69
EE,CPA_C23,2019,195.95
EE,CPA_C23,2020,211.13
EE,CPA_C23,2021,200.92
EE,CPA_C23,2022,239.53
EL,CPA_C23,2014,597.7
EL,CPA_C23,2015,449.38
EL,CPA_C23,2016,372.5
EL,CPA_C23,2017,387.93
EL,CPA_C23,2018,346.14
EL,CPA_C23,2019,476.42
EL,CPA_C23,2020,418.22
EL,CPA_C23,2021,516.92
EL,CPA_C23,2022,621.09
ES,CPA_C23,2014,3790.0
ES,CPA_C23,2015,3805.7
ES,CPA_C23,2016,6423.7
ES,CPA_C23,2017,6640.5
ES,CPA_C23,2018,7616.3
ES,CPA_C23,2019,8734.1
ES,CPA_C23,2020,8306.2
ES,CPA_C23,2021,8825.9
ES,CPA_C23,2022,9555.8
ES,CPA_C23,2023,10739.2
EU27_2020,CPA_C23,2014,50385.75
EU27_2020,CPA_C23,2015,50569.24
EU27_2020,CPA_C23,2016,54605.15
EU27_2020,CPA_C23,2017,57967.96
EU27_2020,CPA_C23,2018,62086.64
EU27_2020,CPA_C23,2019,66366.07
EU27_2020,CPA_C23,2020,62942.02
EU27_2020,CPA_C23,2021,70534.47
EU27_2020,CPA_C23,2022,81352.22
EU27_2020,CPA_C23,2023,84785.22
EU27_2020,CPA_C23,2024,87329.9
FI,CPA_C23,2014,681.8
FI,CPA_C23,2015,897.37
FI,CPA_C23,2016,896.93
FI,CPA_C23,2017,1004.33
FI,CPA_C23,2018,986.99
FI,CPA_C23,2019,995.01
FI,CPA_C23,2020,998.8
FI,CPA_C23,2021,984.5
FI,CPA_C23,2022,1178.22
FI,CPA_C23,2023,1016.67
FR,CPA_C23,2014,10799.0
FR,CPA_C23,2015,10499.0
FR,CPA_C23,2016,10851.0
FR,CPA_C23,2017,11407.0
FR,CPA_C23,2018,11972.0
FR,CPA_C23,2019,12595.0
FR,CPA_C23,2020,9445.7
FR,CPA_C23,2021,10643.5
FR,CPA_C23,2022,10631.0
HR,CPA_C23,2014,394.58
HR,CPA_C23,2015,413.28
HR,CPA_C23,2016,388.18
HR,CPA_C23,2017,432.06
HR,CPA_C23,2018,461.74
HR,CPA_C23,2019,484.81
HR,CPA_C23,2020,403.36
HR,CPA_C23,2021,468.19
HR,CPA_C23,2022,634.35
HU,CPA_C23,2014,275.2
HU,CPA_C23,2015,315.0
HU,CPA_C23,2016,307.09
HU,CPA_C23,2017,362.44
HU,CPA_C23,2018,425.6
HU,CPA_C23,2019,532.38
HU,CPA_C23,2020,463.93
HU,CPA_C23,2021,562.93
HU,CPA_C23,2022,611.2
HU,CPA_C23,2023,671.27
IE,CPA_C23,2014,215.14
IE,CPA_C23,2015,338.2
IE,CPA_C23,2016,74.99
IE,CPA_C23,2017,585.01
IE,CPA_C23,2018,545.57
IE,CPA_C23,2019,710.22
IE,CPA_C23,2020,518.35
IE,CPA_C23,2021,730.48
IE,CPA_C23,2022,781.44
IT,CPA_C23,2014,4893.16
IT,CPA_C23,2015,4551.0
IT,CPA_C23,2016,4761.9
IT,CPA_C23,2017,4602.3
IT,CPA_C23,2018,4514.3
IT,CPA_C23,2019,4400.2
IT,CPA_C23,2020,3847.5
IT,CPA_C23,2021,4498.8
IT,CPA_C23,2022,5096.3
LT,CPA_C23,2014,217.18
LT,CPA_C23,2015,233.14
LT,CPA_C23,2016,251.58
LT,CPA_C23,2017,250.01
LT,CPA_C23,2018,263.11
LT,CPA_C23,2019,295.42
LT,CPA_C23,2020,307.46
LT,CPA_C23,2021,394.75
LT,CPA_C23,2022,488.02
LU,CPA_C23,2014,121.04
LU,CPA_C23,2015,118.23
LU,CPA_C23,2016,121.17
LU,CPA_C23,2017,118.48
LU,CPA_C23,2018,140.77
LU,CPA_C23,2019,137.52
LU,CPA_C23,2020,124.93
LU,CPA_C23,2021,159.32
LU,CPA_C23,2022,169.21
LV,CPA_C23,2014,230.36
LV,CPA_C23,2015,242.72
LV,CPA_C23,2016,233.87
LV,CPA_C23,2017,243.38
LV,CPA_C23,2018,264.52
LV,CPA_C23,2019,284.45
LV,CPA_C23,2020,302.93
LV,CPA_C23,2021,311.92
LV,CPA_C23,2022,280.19
LV,CPA_C23,2023,248.36
MK,CPA_C23,2014,59.75
MK,CPA_C23,2015,77.78
MK,CPA_C23,2016,92.13
MK,CPA_C23,2017,93.67
MK,CPA_C23,2018,118.51
MK,CPA_C23,2019,128.87
MK,CPA_C23,2020,118.76
MK,CPA_C23,2021,130.28
MK,CPA_C23,2022,138.55
MK,CPA_C23,2023,140.37
MT,CPA_C23,2014,22.93
MT,CPA_C23,2015,38.36
MT,CPA_C23,2016,45.68
MT,CPA_C23,2017,49.53
MT,CPA_C23,2018,49.23
MT,CPA_C23,2019,75.56
MT,CPA_C23,2020,64.89
MT,CPA_C23,2021,71.46
MT,CPA_C23,2022,83.77
NL,CPA_C23,2014,3391.0
NL,CPA_C23,2015,3474.0
NL,CPA_C23,2016,3676.0
NL,CPA_C23,2017,3844.0
NL,CPA_C23,2018,4146.0
NL,CPA_C23,2019,4411.0
NL,CPA_C23,2020,4635.0
NL,CPA_C23,2021,5129.0
NL,CPA_C23,2022,5564.0
NL,CPA_C23,2023,5138.0
NL,CPA_C23,2024,5194.0
NO,CPA_C23,2014,1892.78
NO,CPA_C23,2015,1817.73
NO,CPA_C23,2016,1633.05
NO,CPA_C23,2017,1622.97
NO,CPA_C23,2018,1660.62
NO,CPA_C23,2019,1726.0
NO,CPA_C23,2020,1574.12
NO,CPA_C23,2021,1753.27
NO,CPA_C23,2022,1996.42
NO,CPA_C23,2023,1753.64
PL,CPA_C23,2014,3441.51
PL,CPA_C23,2015,3621.0
PL,CPA_C23,2016,3612.87
PL,CPA_C23,2017,3875.04
PL,CPA_C23,2018,4357.75
PL,CPA_C23,2019,4865.6
PL,CPA_C23,2020,4873.51
PL,CPA_C23,2021,4967.48
PL,CPA_C23,2022,5700.84
PT,CPA_C23,2014,559.35
PT,CPA_C23,2015,543.98
PT,CPA_C23,2016,548.25
PT,CPA_C23,2017,545.04
PT,CPA_C23,2018,581.1
PT,CPA_C23,2019,623.29
PT,CPA_C23,2020,583.45
PT,CPA_C23,2021,560.63
PT,CPA_C23,2022,693.07
PT,CPA_C23,2023,734.93
PT,CPA_C23,2024,730.37
RO,CPA_C23,2014,2469.41
RO,CPA_C23,2015,2405.5
RO,CPA_C23,2016,2518.77
RO,CPA_C23,2017,2767.73
RO,CPA_C23,2018,2999.63
RO,CPA_C23,2019,3204.35
RO,CPA_C23,2020,3376.89
RO,CPA_C23,2021,4209.18
RO,CPA_C23,2022,4540.28
RS,CPA_C23,2014,215.78
RS,CPA_C23,2015,217.48
RS,CPA_C23,2016,220.91
RS,CPA_C23,2017,244.97
RS,CPA_C23,2018,259.3
RS,CPA_C23,2019,274.9
RS,CPA_C23,2020,230.02
RS,CPA_C23,2021,343.9
RS,CPA_C23,2022,221.74
SE,CPA_C23,2014,987.37
SE,CPA_C23,2015,1239.73
SE,CPA_C23,2016,1282.1
SE,CPA_C23,2017,1269.29
SE,CPA_C23,2018,1264.24
SE,CPA_C23,2019,1333.87
SE,CPA_C23,2020,1361.97
SE,CPA_C23,2021,1159.12
SE,CPA_C23,2022,1209.92
SE,CPA_C23,2023,1479.77
SI,CPA_C23,2014,228.82
SI,CPA_C23,2015,228.76
SI,CPA_C23,2016,224.99
SI,CPA_C23,2017,242.22
SI,CPA_C23,2018,269.19
SI,CPA_C23,2019,287.8
SI,CPA_C23,2020,285.47
SI,CPA_C23,2021,316.2
SI,CPA_C23,2022,369.03
SI,CPA_C23,2023,437.85
SK,CPA_C23,2014,484.51
SK,CPA_C23,2015,494.92
SK,CPA_C23,2016,551.4
SK,CPA_C23,2017,613.87
SK,CPA_C23,2018,621.27
SK,CPA_C23,2019,646.14
SK,CPA_C23,2020,662.86
SK,CPA_C23,2021,603.29
SK,CPA_C23,2022,678.51
TR,CPA_C23,2023,7016.34
XK,CPA_C23,2014,24156.0
XK,CPA_C23,2015,24113.0
XK,CPA_C23,2016,24601.0
XK,CPA_C23,2017,21370.0
XK,CPA_C23,2018,23611.0
XK,CPA_C23,2019,27913.0
AL,CPA_C24,2014,64.38
AL,CPA_C24,2015,59.14
AL,CPA_C24,2016,81.35
AL,CPA_C24,2017,74.22
AL,CPA_C24,2018,44.83
AL,CPA_C24,2019,63.97
AL,CPA_C24,2020,73.82
AL,CPA_C24,2021,104.07
AL,CPA_C24,2022,140.44
AL,CPA_C24,2023,93.58
AL,CPA_C24,2024,95.6
AT,CPA_C24,2014,1318.86
AT,CPA_C24,2015,1450.96
AT,CPA_C24,2016,1424.82
AT,CPA_C24,2017,1359.56
AT,CPA_C24,2018,1262.13
AT,CPA_C24,2019,980.01
AT,CPA_C24,2020,1092.01
AT,CPA_C24,2021,1303.84
AT,CPA_C24,2022,1664.03
BE,CPA_C24,2014,1926.92
BE,CPA_C24,2015,1765.0
BE,CPA_C24,2016,1895.29
BE,CPA_C24,2017,1913.9
BE,CPA_C24,2018,1987.9
BE,CPA_C24,2019,2055.7
BE,CPA_C24,2020,1173.9
BE,CPA_C24,2021,1553.4
BE,CPA_C24,2022,2107.1
BG,CPA_C24,2014,762.1
BG,CPA_C24,2018,554.75
BG,CPA_C24,2019,450.8
BG,CPA_C24,2020,603.27
BG,CPA_C24,2021,659.12
BG,CPA_C24,2022,793.16
CY,CPA_C24,2014,36.99
CY,CPA_C24,2015,42.4
CY,CPA_C24,2016,41.89
CY,CPA_C24,2017,55.73
CY,CPA_C24,2018,65.58
CY,CPA_C24,2019,73.42
CY,CPA_C24,2020,79.43
CY,CPA_C24,2021,118.43
CY,CPA_C24,2022,141.13
CZ,CPA_C24,2014,725.34
CZ,CPA_C24,2015,760.88
CZ,CPA_C24,2016,758.79
CZ,CPA_C24,2017,857.86
CZ,CPA_C24,2018,932.08
CZ,CPA_C24,2019,912.78
CZ,CPA_C24,2020,820.15
CZ,CPA_C24,2021,1123.24
CZ,CPA_C24,2022,1309.09
CZ,CPA_C24,2023,1204.26
CZ,CPA_C24,2024,1158.04
DE,CPA_C24,2014,6937.0
DE,CPA_C24,2015,5449.0
DE,CPA_C24,2016,6461.0
DE,CPA_C24,2017,7595.0
DE,CPA_C24,2018,8594.0
DE,CPA_C24,2019,6805.0
DE,CPA_C24,2020,5915.0
DE,CPA_C24,2021,8969.0
DE,CPA_C24,2022,13954.0
DK,CPA_C24,2014,731.39
DK,CPA_C24,2015,727.62
DK,CPA_C24,2016,669.62
DK,CPA_C24,2017,771.42
DK,CPA_C24,2018,813.58
DK,CPA_C24,2019,807.24
DK,CPA_C24,2020,856.08
DK,CPA_C24,2021,1199.49
DK,CPA_C24,2022,1326.79
EA21,CPA_C24,2014,28223.7
EA21,CPA_C24,2015,27119.62
EA21,CPA_C24,2016,32144.73
EA21,CPA_C24,2017,35833.37
EA21,CPA_C24,2018,38482.84
EA21,CPA_C24,2019,35770.22
EA21,CPA_C24,2020,30433.08
EA21,CPA_C24,2021,39826.2
EA21,CPA_C24,2022,49407.95
EA21,CPA_C24,2023,51007.23
EA21,CPA_C24,2024,51421.75
EE,CPA_C24,2014,58.16
EE,CPA_C24,2015,55.54
EE,CPA_C24,2016,68.69
EE,CPA_C24,2017,107.16
EE,CPA_C24,2018,74.67
EE,CPA_C24,2019,82.78
EE,CPA_C24,2020,85.85
EE,CPA_C24,2021,122.13
EE,CPA_C24,2022,148.05
EL,CPA_C24,2014,345.52
EL,CPA_C24,2015,411.72
EL,CPA_C24,2016,220.52
EL,CPA_C24,2017,314.45
EL,CPA_C24,2018,373.48
EL,CPA_C24,2019,429.05
EL,CPA_C24,2020,422.2
EL,CPA_C24,2021,515.55
EL,CPA_C24,2022,695.88
ES,CPA_C24,2014,2537.0
ES,CPA_C24,2015,2469.6
ES,CPA_C24,2016,7716.2
ES,CPA_C24,2017,8999.3
ES,CPA_C24,2018,9802.6
ES,CPA_C24,2019,9655.8
ES,CPA_C24,2020,8301.1
ES,CPA_C24,2021,10200.0
ES,CPA_C24,2022,11112.2
ES,CPA_C24,2023,11019.1
EU27_2020,CPA_C24,2014,35334.56
EU27_2020,CPA_C24,2015,34048.69
EU27_2020,CPA_C24,2016,39022.78
EU27_2020,CPA_C24,2017,43831.02
EU27_2020,CPA_C24,2018,46778.66
EU27_2020,CPA_C24,2019,44092.53
EU27_2020,CPA_C24,2020,38393.25
EU27_2020,CPA_C24,2021,52061.13
EU27_2020,CPA_C24,2022,62802.43
EU27_2020,CPA_C24,2023,65962.33
EU27_2020,CPA_C24,2024,66766.78
FI,CPA_C24,2014,65.6
FI,CPA_C24,2015,152.23
FI,CPA_C24,2016,131.84
FI,CPA_C24,2017,181.34
FI,CPA_C24,2018,200.1
FI,CPA_C24,2019,158.37
FI,CPA_C24,2020,160.54
FI,CPA_C24,2021,220.26
FI,CPA_C24,2022,292.25
FI,CPA_C24,2023,214.99
FR,CPA_C24,2014,4004.0
FR,CPA_C24,2015,4153.0
FR,CPA_C24,2016,3990.0
FR,CPA_C24,2017,4558.0
FR,CPA_C24,2018,4908.0
FR,CPA_C24,2019,4581.0
FR,CPA_C24,2020,3707.2
FR,CPA_C24,2021,4848.2
FR,CPA_C24,2022,5065.1
HR,CPA_C24,2014,358.26
HR,CPA_C24,2015,375.1
HR,CPA_C24,2016,53.18
HR,CPA_C24,2017,97.41
HR,CPA_C24,2018,101.48
HR,CPA_C24,2019,106.97
HR,CPA_C24,2020,72.86
HR,CPA_C24,2021,102.75
HR,CPA_C24,2022,132.82
HU,CPA_C24,2014,386.57
HU,CPA_C24,2015,382.37
HU,CPA_C24,2016,386.14
HU,CPA_C24,2017,472.64
HU,CPA_C24,2018,534.88
HU,CPA_C24,2019,513.93
HU,CPA_C24,2020,437.14
HU,CPA_C24,2021,621.28
HU,CPA_C24,2022,726.84
HU,CPA_C24,2023,576.49
IE,CPA_C24,2014,445.6
IE,CPA_C24,2015,497.01
IE,CPA_C24,2016,800.38
IE,CPA_C24,2017,387.73
IE,CPA_C24,2018,420.62
IE,CPA_C24,2019,426.37
IE,CPA_C24,2020,401.12
IE,CPA_C24,2021,430.42
IE,CPA_C24,2022,548.78
IT,CPA_C24,2014,4433.04
IT,CPA_C24,2015,4213.1
IT,CPA_C24,2016,3922.9
IT,CPA_C24,2017,4469.4
IT,CPA_C24,2018,4733.5
IT,CPA_C24,2019,4643.3
IT,CPA_C24,2020,3366.9
IT,CPA_C24,2021,5446.7
IT,CPA_C24,2022,6589.5
LT,CPA_C24,2014,103.63
LT,CPA_C24,2015,102.37
LT,CPA_C24,2016,108.54
LT,CPA_C24,2017,133.6
LT,CPA_C24,2018,143.45
LT,CPA_C24,2019,127.52
LT,CPA_C24,2020,151.04
LT,CPA_C24,2021,229.19
LT,CPA_C24,2022,307.75
LU,CPA_C24,2014,151.11
LU,CPA_C24,2015,143.2
LU,CPA_C24,2016,101.76
LU,CPA_C24,2017,112.25
LU,CPA_C24,2018,100.44
LU,CPA_C24,2019,108.98
LU,CPA_C24,2020,103.89
LU,CPA_C24,2021,128.08
LU,CPA_C24,2022,129.76
LV,CPA_C24,2014,126.49
LV,CPA_C24,2015,146.83
LV,CPA_C24,2016,158.54
LV,CPA_C24,2017,168.02
LV,CPA_C24,2018,203.69
LV,CPA_C24,2019,211.72
LV,CPA_C24,2020,236.63
LV,CPA_C24,2021,184.49
LV,CPA_C24,2022,175.46
LV,CPA_C24,2023,162.5
MK,CPA_C24,2014,92.92
MK,CPA_C24,2015,118.79
MK,CPA_C24,2016,125.5
MK,CPA_C24,2017,122.68
MK,CPA_C24,2018,126.14
MK,CPA_C24,2019,140.49
MK,CPA_C24,2020,120.2
MK,CPA_C24,2021,150.26
MK,CPA_C24,2022,165.7
MK,CPA_C24,2023,148.69
MT,CPA_C24,2014,4.28
MT,CPA_C24,2015,4.02
MT,CPA_C24,2016,3.61
MT,CPA_C24,2017,3.92
MT,CPA_C24,2018,3.82
MT,CPA_C24,2019,4.22
MT,CPA_C24,2020,3.85
MT,CPA_C24,2021,4.27
MT,CPA_C24,2022,6.26
NL,CPA_C24,2014,2522.0
NL,CPA_C24,2015,2927.0
NL,CPA_C24,2016,3173.0
NL,CPA_C24,2017,3218.0
NL,CPA_C24,2018,3100.0
NL,CPA_C24,2019,3083.0
NL,CPA_C24,2020,3159.0
NL,CPA_C24,2021,3520.0
NL,CPA_C24,2022,3618.0
NL,CPA_C24,2023,3545.0
NL,CPA_C24,2024,3702.0
NO,CPA_C24,2014,1386.22
NO,CPA_C24,2015,1307.77
NO,CPA_C24,2016,964.42
NO,CPA_C24,2017,1191.5
NO,CPA_C24,2018,1224.61
NO,CPA_C24,2019,1408.07
NO,CPA_C24,2020,1153.62
NO,CPA_C24,2021,2116.04
NO,CPA_C24,2022,2055.51
NO,CPA_C24,2023,1734.38
PL,CPA_C24,2014,2727.72
PL,CPA_C24,2015,2836.7
PL,CPA_C24,2016,2815.44
PL,CPA_C24,2017,3374.0
PL,CPA_C24,2018,3639.26
PL,CPA_C24,2019,3656.09
PL,CPA_C24,2020,3374.62
PL,CPA_C24,2021,4838.13
PL,CPA_C24,2022,5318.42
PT,CPA_C24,2014,293.77
PT,CPA_C24,2015,249.2
PT,CPA_C24,2016,249.85
PT,CPA_C24,2017,278.87
PT,CPA_C24,2018,305.66
PT,CPA_C24,2019,313.96
PT,CPA_C24,2020,280.02
PT,CPA_C24,2021,416.31
PT,CPA_C24,2022,513.62
PT,CPA_C24,2023,466.19
PT,CPA_C24,2024,472.85
RO,CPA_C24,2014,736.32
RO,CPA_C24,2015,784.97
RO,CPA_C24,2016,791.56
RO,CPA_C24,2017,785.24
RO,CPA_C24,2018,790.76
RO,CPA_C24,2019,826.29
RO,CPA_C24,2020,845.36
RO,CPA_C24,2021,1463.4
RO,CPA_C24,2022,1405.98
RS,CPA_C24,2014,256.05
RS,CPA_C24,2015,301.58
RS,CPA_C24,2016,295.59
RS,CPA_C24,2017,252.42
RS,CPA_C24,2018,317.07
RS,CPA_C24,2019,334.38
RS,CPA_C24,2020,180.27
RS,CPA_C24,2021,275.68
RS,CPA_C24,2022,270.37
SE,CPA_C24,2014,1687.06
SE,CPA_C24,2015,1486.67
SE,CPA_C24,2016,1503.49
SE,CPA_C24,2017,1785.74
SE,CPA_C24,2018,1730.57
SE,CPA_C24,2019,1788.08
SE,CPA_C24,2020,1629.69
SE,CPA_C24,2021,3039.87
SE,CPA_C24,2022,3331.92
SE,CPA_C24,2023,4310.12
SI,CPA_C24,2014,230.83
SI,CPA_C24,2015,243.78
SI,CPA_C24,2016,238.17
SI,CPA_C24,2017,299.23
SI,CPA_C24,2018,334.36
SI,CPA_C24,2019,319.07
SI,CPA_C24,2020,323.38
SI,CPA_C24,2021,439.38
SI,CPA_C24,2022,522.94
SI,CPA_C24,2023,487.13
SK,CPA_C24,2014,377.74
SK,CPA_C24,2015,453.81
SK,CPA_C24,2016,466.99
SK,CPA_C24,2017,531.73
SK,CPA_C24,2018,549.94
SK,CPA_C24,2019,468.19
SK,CPA_C24,2020,471.21
SK,CPA_C24,2021,681.86
SK,CPA_C24,2022,1066.49
TR,CPA_C24,2023,12010.55
XK,CPA_C24,2014,10457.0
XK,CPA_C24,2015,10708.0
XK,CPA_C24,2016,10734.0
XK,CPA_C24,2017,11172.0
XK,CPA_C24,2018,12049.0
XK,CPA_C24,2019,14138.0
AL,CPA_C25,2014,38.32
AL,CPA_C25,2015,45.33
AL,CPA_C25,2016,44.06
AL,CPA_C25,2017,46.56
AL,CPA_C25,2018,67.26
AL,CPA_C25,2019,53.15
AL,CPA_C25,2020,53.07
AL,CPA_C25,2021,66.23
AL,CPA_C25,2022,83.8
AL,CPA_C25,2023,99.16
AL,CPA_C25,2024,116.66
AT,CPA_C25,2014,2152.97
AT,CPA_C25,2015,2230.0
AT,CPA_C25,2016,2500.8
AT,CPA_C25,2017,2477.16
AT,CPA_C25,2018,2662.05
AT,CPA_C25,2019,2454.3
AT,CPA_C25,2020,2407.91
AT,CPA_C25,2021,2758.06
AT,CPA_C25,2022,2872.56
BE,CPA_C25,2014,1590.6
BE,CPA_C25,2015,1774.6
BE,CPA_C25,2016,1904.75
BE,CPA_C25,2017,1944.1
BE,CPA_C25,2018,2022.6
BE,CPA_C25,2019,2095.2
BE,CPA_C25,2020,2383.6
BE,CPA_C25,2021,2665.9
BE,CPA_C25,2022,1949.8
BG,CPA_C25,2014,458.66
BG,CPA_C25,2018,232.33
BG,CPA_C25,2019,184.99
BG,CPA_C25,2020,247.93
BG,CPA_C25,2021,309.19
BG,CPA_C25,2022,360.69
CY,CPA_C25,2014,31.76
CY,CPA_C25,2015,32.25
CY,CPA_C25,2016,35.73
CY,CPA_C25,2017,43.39
CY,CPA_C25,2018,50.42
CY,CPA_C25,2019,59.64
CY,CPA_C25,2020,63.73
CY,CPA_C25,2021,78.06
CY,CPA_C25,2022,81.89
CZ,CPA_C25,2014,1176.1
CZ,CPA_C25,2015,1340.19
CZ,CPA_C25,2016,1411.52
CZ,CPA_C25,2017,1650.12
CZ,CPA_C25,2018,1764.49
CZ,CPA_C25,2019,1872.69
CZ,CPA_C25,2020,1714.69
CZ,CPA_C25,2021,2015.48
CZ,CPA_C25,2022,2393.55
CZ,CPA_C25,2023,2698.34
CZ,CPA_C25,2024,2489.69
DE,CPA_C25,2014,17262.0
DE,CPA_C25,2015,13219.0
DE,CPA_C25,2016,12954.0
DE,CPA_C25,2017,14281.0
DE,CPA_C25,2018,15670.0
DE,CPA_C25,2019,16063.0
DE,CPA_C25,2020,17453.0
DE,CPA_C25,2021,21993.0
DE,CPA_C25,2022,24050.0
DK,CPA_C25,2014,2023.43
DK,CPA_C25,2015,2068.69
DK,CPA_C25,2016,2042.48
DK,CPA_C25,2017,2080.65
DK,CPA_C25,2018,2060.11
DK,CPA_C25,2019,2008.53
DK,CPA_C25,2020,2076.08
DK,CPA_C25,2021,2366.19
DK,CPA_C25,2022,2499.69
EA21,CPA_C25,2014,55995.49
EA21,CPA_C25,2015,52759.83
EA21,CPA_C25,2016,61260.47
EA21,CPA_C25,2017,66519.42
EA21,CPA_C25,2018,71381.83
EA21,CPA_C25,2019,73585.04
EA21,CPA_C25,2020,72903.58
EA21,CPA_C25,2021,82453.06
EA21,CPA_C25,2022,89998.73
EA21,CPA_C25,2023,93072.69
EA21,CPA_C25,2024,94414.82
EE,CPA_C25,2014,173.1
EE,CPA_C25,2015,166.11
EE,CPA_C25,2016,180.61
EE,CPA_C25,2017,192.21
EE,CPA_C25,2018,230.01
EE,CPA_C25,2019,225.87
EE,CPA_C25,2020,225.34
EE,CPA_C25,2021,254.86
EE,CPA_C25,2022,283.01
EL,CPA_C25,2014,733.16
EL,CPA_C25,2015,737.62
EL,CPA_C25,2016,622.24
EL,CPA_C25,2017,693.62
EL,CPA_C25,2018,656.16
EL,CPA_C25,2019,828.17
EL,CPA_C25,2020,825.76
EL,CPA_C25,2021,962.18
EL,CPA_C25,2022,1120.31
ES,CPA_C25,2014,5346.9
ES,CPA_C25,2015,5225.7
ES,CPA_C25,2016,13345.2
ES,CPA_C25,2017,15364.4
ES,CPA_C25,2018,15842.1
ES,CPA_C25,2019,16803.3
ES,CPA_C25,2020,15215.9
ES,CPA_C25,2021,15684.0
ES,CPA_C25,2022,16139.4
ES,CPA_C25,2023,17656.6
EU27_2020,CPA_C25,2014,65825.7
EU27_2020,CPA_C25,2015,63632.2
EU27_2020,CPA_C25,2016,72505.16
EU27_2020,CPA_C25,2017,78652.2
EU27_2020,CPA_C25,2018,83754.6
EU27_2020,CPA_C25,2019,86412.45
EU27_2020,CPA_C25,2020,85777.83
EU27_2020,CPA_C25,2021,97283.31
EU27_2020,CPA_C25,2022,106196.78
EU27_2020,CPA_C25,2023,111112.4
EU27_2020,CPA_C25,2024,112736.14
FI,CPA_C25,2014,912.8
FI,CPA_C25,2015,965.65
FI,CPA_C25,2016,966.19
FI,CPA_C25,2017,982.08
FI,CPA_C25,2018,1013.74
FI,CPA_C25,2019,1059.82
FI,CPA_C25,2020,1137.84
FI,CPA_C25,2021,1171.82
FI,CPA_C25,2022,1559.24
FI,CPA_C25,2023,1385.01
FR,CPA_C25,2014,10429.0
FR,CPA_C25,2015,10732.0
FR,CPA_C25,2016,11240.0
FR,CPA_C25,2017,11554.0
FR,CPA_C25,2018,12322.0
FR,CPA_C25,2019,12598.0
FR,CPA_C25,2020,11983.7
FR,CPA_C25,2021,13628.7
FR,CPA_C25,2022,14616.7
HR,CPA_C25,2014,462.41
HR,CPA_C25,2015,483.92
HR,CPA_C25,2016,479.73
HR,CPA_C25,2017,502.33
HR,CPA_C25,2018,539.01
HR,CPA_C25,2019,565.6
HR,CPA_C25,2020,483.93
HR,CPA_C25,2021,546.65
HR,CPA_C25,2022,745.96
HU,CPA_C25,2014,504.62
HU,CPA_C25,2015,501.64
HU,CPA_C25,2016,536.06
HU,CPA_C25,2017,579.53
HU,CPA_C25,2018,685.38
HU,CPA_C25,2019,647.35
HU,CPA_C25,2020,596.28
HU,CPA_C25,2021,784.51
HU,CPA_C25,2022,832.21
HU,CPA_C25,2023,783.98
IE,CPA_C25,2014,503.57
IE,CPA_C25,2015,440.97
IE,CPA_C25,2016,61.03
IE,CPA_C25,2017,358.43
IE,CPA_C25,2018,1219.61
IE,CPA_C25,2019,1336.21
IE,CPA_C25,2020,772.92
IE,CPA_C25,2021,854.86
IE,CPA_C25,2022,953.43
IT,CPA_C25,2014,9488.48
IT,CPA_C25,2015,10083.8
IT,CPA_C25,2016,10019.5
IT,CPA_C25,2017,10504.6
IT,CPA_C25,2018,10546.3
IT,CPA_C25,2019,10685.0
IT,CPA_C25,2020,10229.2
IT,CPA_C25,2021,12143.6
IT,CPA_C25,2022,14562.5
LT,CPA_C25,2014,336.64
LT,CPA_C25,2015,374.81
LT,CPA_C25,2016,446.63
LT,CPA_C25,2017,475.34
LT,CPA_C25,2018,491.11
LT,CPA_C25,2019,549.77
LT,CPA_C25,2020,582.59
LT,CPA_C25,2021,769.41
LT,CPA_C25,2022,742.77
LU,CPA_C25,2014,169.68
LU,CPA_C25,2015,168.4
LU,CPA_C25,2016,179.18
LU,CPA_C25,2017,176.83
LU,CPA_C25,2018,208.44
LU,CPA_C25,2019,175.53
LU,CPA_C25,2020,169.41
LU,CPA_C25,2021,250.89
LU,CPA_C25,2022,250.06
LV,CPA_C25,2014,117.73
LV,CPA_C25,2015,123.42
LV,CPA_C25,2016,120.58
LV,CPA_C25,2017,134.16
LV,CPA_C25,2018,151.93
LV,CPA_C25,2019,153.07
LV,CPA_C25,2020,157.01
LV,CPA_C25,2021,162.47
LV,CPA_C25,2022,149.74
LV,CPA_C25,2023,184.74
MK,CPA_C25,2014,31.81
MK,CPA_C25,2015,38.29
MK,CPA_C25,2016,40.88
MK,CPA_C25,2017,40.58
MK,CPA_C25,2018,34.45
MK,CPA_C25,2019,41.99
MK,CPA_C25,2020,41.96
MK,CPA_C25,2021,47.97
MK,CPA_C25,2022,49.03
MK,CPA_C25,2023,53.18
MT,CPA_C25,2014,23.66
MT,CPA_C25,2015,26.61
MT,CPA_C25,2016,26.56
MT,CPA_C25,2017,28.72
MT,CPA_C25,2018,28.26
MT,CPA_C25,2019,31.68
MT,CPA_C25,2020,26.88
MT,CPA_C25,2021,32.91
MT,CPA_C25,2022,37.92
NL,CPA_C25,2014,3761.0
NL,CPA_C25,2015,4041.0
NL,CPA_C25,2016,4279.0
NL,CPA_C25,2017,4584.0
NL,CPA_C25,2018,4794.0
NL,CPA_C25,2019,5036.0
NL,CPA_C25,2020,5350.0
NL,CPA_C25,2021,5915.0
NL,CPA_C25,2022,6228.0
NL,CPA_C25,2023,6415.0
NL,CPA_C25,2024,6866.0
NO,CPA_C25,2014,2470.32
NO,CPA_C25,2015,2481.34
NO,CPA_C25,2016,2202.01
NO,CPA_C25,2017,2184.79
NO,CPA_C25,2018,2166.01
NO,CPA_C25,2019,2260.15
NO,CPA_C25,2020,2072.13
NO,CPA_C25,2021,2292.17
NO,CPA_C25,2022,2692.87
NO,CPA_C25,2023,2298.25
PL,CPA_C25,2014,3468.34
PL,CPA_C25,2015,3793.57
PL,CPA_C25,2016,3976.48
PL,CPA_C25,2017,4340.9
PL,CPA_C25,2018,4550.18
PL,CPA_C25,2019,4992.48
PL,CPA_C25,2020,4689.3
PL,CPA_C25,2021,5309.45
PL,CPA_C25,2022,5616.19
PT,CPA_C25,2014,799.29
PT,CPA_C25,2015,806.12
PT,CPA_C25,2016,840.99
PT,CPA_C25,2017,881.45
PT,CPA_C25,2018,921.66
PT,CPA_C25,2019,969.46
PT,CPA_C25,2020,888.43
PT,CPA_C25,2021,990.44
PT,CPA_C25,2022,1219.93
PT,CPA_C25,2023,1222.92
PT,CPA_C25,2024,1313.16
RO,CPA_C25,2014,1086.71
RO,CPA_C25,2015,1189.84
RO,CPA_C25,2016,1210.03
RO,CPA_C25,2017,1351.1
RO,CPA_C25,2018,1363.64
RO,CPA_C25,2019,1276.65
RO,CPA_C25,2020,1463.37
RO,CPA_C25,2021,2064.59
RO,CPA_C25,2022,2284.73
RS,CPA_C25,2014,137.55
RS,CPA_C25,2015,141.01
RS,CPA_C25,2016,135.99
RS,CPA_C25,2017,187.07
RS,CPA_C25,2018,210.98
RS,CPA_C25,2019,179.93
RS,CPA_C25,2020,173.47
RS,CPA_C25,2021,311.5
RS,CPA_C25,2022,202.37
SE,CPA_C25,2014,1522.72
SE,CPA_C25,2015,2172.01
SE,CPA_C25,2016,2299.38
SE,CPA_C25,2017,2354.5
SE,CPA_C25,2018,2275.97
SE,CPA_C25,2019,2427.29
SE,CPA_C25,2020,2433.24
SE,CPA_C25,2021,2367.32
SE,CPA_C25,2022,2596.15
SE,CPA_C25,2023,3152.07
SI,CPA_C25,2014,189.08
SI,CPA_C25,2015,190.73
SI,CPA_C25,2016,201.32
SI,CPA_C25,2017,222.54
SI,CPA_C25,2018,240.62
SI,CPA_C25,2019,243.34
SI,CPA_C25,2020,249.54
SI,CPA_C25,2021,298.69
SI,CPA_C25,2022,338.31
SI,CPA_C25,2023,363.62
SK,CPA_C25,2014,1115.84
SK,CPA_C25,2015,1081.99
SK,CPA_C25,2016,1030.11
SK,CPA_C25,2017,1274.62
SK,CPA_C25,2018,1401.31
SK,CPA_C25,2019,1306.97
SK,CPA_C25,2020,1086.63
SK,CPA_C25,2021,1306.94
SK,CPA_C25,2022,1663.67
TR,CPA_C25,2023,9534.19
XK,CPA_C25,2014,23395.0
XK,CPA_C25,2015,24826.0
XK,CPA_C25,2016,27697.0
XK,CPA_C25,2017,29403.0
XK,CPA_C25,2018,32179.0
XK,CPA_C25,2019,31944.0
AL,CPA_C26,2014,36.63
AL,CPA_C26,2015,40.69
AL,CPA_C26,2016,49.51
AL,CPA_C26,2017,46.56
AL,CPA_C26,2018,39.68
AL,CPA_C26,2019,46.51
AL,CPA_C26,2020,47.48
AL,CPA_C26,2021,48.89
AL,CPA_C26,2022,68.55
AL,CPA_C26,2023,89.42
AL,CPA_C26,2024,72.92
AT,CPA_C26,2014,3081.58
AT,CPA_C26,2015,3183.3
AT,CPA_C26,2016,3143.11
AT,CPA_C26,2017,3206.51
AT,CPA_C26,2018,3390.42
AT,CPA_C26,2019,3485.36
AT,CPA_C26,2020,3085.92
AT,CPA_C26,2021,3548.62
AT,CPA_C26,2022,3641.0
BE,CPA_C26,2014,5512.77
BE,CPA_C26,2015,4920.3
BE,CPA_C26,2016,5281.3
BE,CPA_C26,2017,5254.2
BE,CPA_C26,2018,5365.3
BE,CPA_C26,2019,5415.7
BE,CPA_C26,2020,4375.3
BE,CPA_C26,2021,4306.1
BE,CPA_C26,2022,4791.1
BG,CPA_C26,2014,279.33
BG,CPA_C26,2018,454.71
BG,CPA_C26,2019,631.49
BG,CPA_C26,2020,506.17
BG,CPA_C26,2021,799.17
BG,CPA_C26,2022,939.59
CY,CPA_C26,2014,88.75
CY,CPA_C26,2015,114.67
CY,CPA_C26,2016,105.6
CY,CPA_C26,2017,114.96
CY,CPA_C26,2018,126.38
CY,CPA_C26,2019,126.31
CY,CPA_C26,2020,128.45
CY,CPA_C26,2021,163.06
CY,CPA_C26,2022,164.18
CZ,CPA_C26,2014,1174.43
CZ,CPA_C26,2015,1395.25
CZ,CPA_C26,2016,1365.35
CZ,CPA_C26,2017,1511.55
CZ,CPA_C26,2018,1673.26
CZ,CPA_C26,2019,1854.62
CZ,CPA_C26,2020,1968.89
CZ,CPA_C26,2021,2253.67
CZ,CPA_C26,2022,2378.29
CZ,CPA_C26,2023,2364.36
CZ,CPA_C26,2024,2528.58
DE,CPA_C26,2014,33928.0
DE,CPA_C26,2015,34229.0
DE,CPA_C26,2016,34922.0
DE,CPA_C26,2017,38517.0
DE,CPA_C26,2018,41023.0
DE,CPA_C26,2019,38932.0
DE,CPA_C26,2020,40071.0
DE,CPA_C26,2021,44928.0
DE,CPA_C26,2022,51117.0
DK,CPA_C26,2014,3104.53
DK,CPA_C26,2015,3537.11
DK,CPA_C26,2016,3695.07
DK,CPA_C26,2017,3748.35
DK,CPA_C26,2018,3587.18
DK,CPA_C26,2019,3599.91
DK,CPA_C26,2020,3984.42
DK,CPA_C26,2021,4599.44
DK,CPA_C26,2022,4491.79
EA21,CPA_C26,2014,107161.4
EA21,CPA_C26,2015,113174.55
EA21,CPA_C26,2016,114580.29
EA21,CPA_C26,2017,122445.64
EA21,CPA_C26,2018,131229.7
EA21,CPA_C26,2019,129073.0
EA21,CPA_C26,2020,136385.69
EA21,CPA_C26,2021,143232.86
EA21,CPA_C26,2022,155922.49
EA21,CPA_C26,2023,161861.73
EA21,CPA_C26,2024,163591.3
EE,CPA_C26,2014,186.68
EE,CPA_C26,2015,195.38
EE,CPA_C26,2016,180.6
EE,CPA_C26,2017,180.09
EE,CPA_C26,2018,262.86
EE,CPA_C26,2019,283.61
EE,CPA_C26,2020,344.06
EE,CPA_C26,2021,327.21
EE,CPA_C26,2022,292.81
EL,CPA_C26,2014,1724.54
EL,CPA_C26,2015,1718.81
EL,CPA_C26,2016,1754.45
EL,CPA_C26,2017,1835.77
EL,CPA_C26,2018,2139.52
EL,CPA_C26,2019,2161.73
EL,CPA_C26,2020,2007.35
EL,CPA_C26,2021,2477.56
EL,CPA_C26,2022,2950.17
ES,CPA_C26,2014,9267.1
ES,CPA_C26,2015,9150.8
ES,CPA_C26,2016,10514.9
ES,CPA_C26,2017,10644.5
ES,CPA_C26,2018,10925.4
ES,CPA_C26,2019,11176.0
ES,CPA_C26,2020,11062.7
ES,CPA_C26,2021,11062.3
ES,CPA_C26,2022,11673.6
ES,CPA_C26,2023,13528.8
EU27_2020,CPA_C26,2014,123464.51
EU27_2020,CPA_C26,2015,131755.74
EU27_2020,CPA_C26,2016,133340.81
EU27_2020,CPA_C26,2017,142316.86
EU27_2020,CPA_C26,2018,151226.12
EU27_2020,CPA_C26,2019,150057.68
EU27_2020,CPA_C26,2020,158252.26
EU27_2020,CPA_C26,2021,168224.82
EU27_2020,CPA_C26,2022,180947.3
EU27_2020,CPA_C26,2023,187810.15
EU27_2020,CPA_C26,2024,190615.45
FI,CPA_C26,2014,1851.03
FI,CPA_C26,2015,1661.67
FI,CPA_C26,2016,1565.11
FI,CPA_C26,2017,1880.08
FI,CPA_C26,2018,1913.83
FI,CPA_C26,2019,1984.95
FI,CPA_C26,2020,2003.72
FI,CPA_C26,2021,1957.41
FI,CPA_C26,2022,2241.11
FI,CPA_C26,2023,2138.94
FR,CPA_C26,2014,17438.0
FR,CPA_C26,2015,18692.0
FR,CPA_C26,2016,18596.0
FR,CPA_C26,2017,19314.0
FR,CPA_C26,2018,19498.0
FR,CPA_C26,2019,20463.0
FR,CPA_C26,2020,23007.7
FR,CPA_C26,2021,25665.0
FR,CPA_C26,2022,26698.5
HR,CPA_C26,2014,671.64
HR,CPA_C26,2015,702.71
HR,CPA_C26,2016,613.36
HR,CPA_C26,2017,637.86
HR,CPA_C26,2018,684.76
HR,CPA_C26,2019,718.49
HR,CPA_C26,2020,616.71
HR,CPA_C26,2021,694.49
HR,CPA_C26,2022,948.47
HU,CPA_C26,2014,1057.44
HU,CPA_C26,2015,1012.49
HU,CPA_C26,2016,1015.48
HU,CPA_C26,2017,1146.0
HU,CPA_C26,2018,1271.62
HU,CPA_C26,2019,1419.94
HU,CPA_C26,2020,1409.55
HU,CPA_C26,2021,1434.69
HU,CPA_C26,2022,1420.4
HU,CPA_C26,2023,1769.94
IE,CPA_C26,2014,346.81
IT,CPA_C26,2014,13654.95
IT,CPA_C26,2015,15027.6
IT,CPA_C26,2016,15179.2
IT,CPA_C26,2017,16238.8
IT,CPA_C26,2018,16314.9
IT,CPA_C26,2019,16982.1
IT,CPA_C26,2020,18040.4
IT,CPA_C26,2021,17788.0
IT,CPA_C26,2022,19387.9
LT,CPA_C26,2014,504.43
LT,CPA_C26,2015,595.32
LT,CPA_C26,2016,626.79
LT,CPA_C26,2017,710.92
LT,CPA_C26,2018,586.01
LT,CPA_C26,2019,716.07
LT,CPA_C26,2020,798.84
LT,CPA_C26,2021,880.81
LT,CPA_C26,2022,1011.78
LU,CPA_C26,2014,173.78
LU,CPA_C26,2015,179.39
LU,CPA_C26,2016,189.17
LU,CPA_C26,2017,186.8
LU,CPA_C26,2018,222.72
LU,CPA_C26,2019,220.39
LU,CPA_C26,2020,250.27
LU,CPA_C26,2021,262.47
LU,CPA_C26,2022,276.18
LV,CPA_C26,2014,244.81
LV,CPA_C26,2015,258.85
LV,CPA_C26,2016,266.65
LV,CPA_C26,2017,275.98
LV,CPA_C26,2018,261.27
LV,CPA_C26,2019,298.35
LV,CPA_C26,2020,340.82
LV,CPA_C26,2021,353.35
LV,CPA_C26,2022,359.97
LV,CPA_C26,2023,528.1
MK,CPA_C26,2014,77.37
MK,CPA_C26,2015,83.85
MK,CPA_C26,2016,89.73
MK,CPA_C26,2017,96.71
MK,CPA_C26,2018,86.57
MK,CPA_C26,2019,97.18
MK,CPA_C26,2020,75.15
MK,CPA_C26,2021,86.96
MK,CPA_C26,2022,104.13
MK,CPA_C26,2023,111.49
MT,CPA_C26,2014,61.74
MT,CPA_C26,2015,63.77
MT,CPA_C26,2016,60.53
MT,CPA_C26,2017,66.83
MT,CPA_C26,2018,65.99
MT,CPA_C26,2019,78.1
MT,CPA_C26,2020,70.23
MT,CPA_C26,2021,82.68
MT,CPA_C26,2022,97.46
NL,CPA_C26,2014,14678.0
NL,CPA_C26,2015,16436.0
NL,CPA_C26,2016,16883.0
NL,CPA_C26,2017,17310.0
NL,CPA_C26,2018,17855.0
NL,CPA_C26,2019,18219.0
NL,CPA_C26,2020,18119.0
NL,CPA_C26,2021,20096.0
NL,CPA_C26,2022,21250.0
NL,CPA_C26,2023,21229.0
NL,CPA_C26,2024,21928.0
NO,CPA_C26,2014,3609.71
NO,CPA_C26,2015,3527.09
NO,CPA_C26,2016,3366.63
NO,CPA_C26,2017,3265.33
NO,CPA_C26,2018,3534.98
NO,CPA_C26,2019,3803.94
NO,CPA_C26,2020,3749.86
NO,CPA_C26,2021,4562.1
NO,CPA_C26,2022,4478.06
NO,CPA_C26,2023,4630.8
PL,CPA_C26,2014,4520.64
PL,CPA_C26,2015,5087.93
PL,CPA_C26,2016,4881.61
PL,CPA_C26,2017,5242.96
PL,CPA_C26,2018,5479.04
PL,CPA_C26,2019,6044.39
PL,CPA_C26,2020,5950.29
PL,CPA_C26,2021,6634.35
PL,CPA_C26,2022,6501.01
PT,CPA_C26,2014,988.09
PT,CPA_C26,2015,1037.24
PT,CPA_C26,2016,1096.01
PT,CPA_C26,2017,1178.13
PT,CPA_C26,2018,1199.91
PT,CPA_C26,2019,1246.47
PT,CPA_C26,2020,1153.39
PT,CPA_C26,2021,1196.11
PT,CPA_C26,2022,1254.9
PT,CPA_C26,2023,1356.49
PT,CPA_C26,2024,1450.82
RO,CPA_C26,2014,1405.05
RO,CPA_C26,2015,1520.63
RO,CPA_C26,2016,1462.97
RO,CPA_C26,2017,1925.19
RO,CPA_C26,2018,2218.39
RO,CPA_C26,2019,2114.58
RO,CPA_C26,2020,2192.22
RO,CPA_C26,2021,2849.58
RO,CPA_C26,2022,3695.84
RS,CPA_C26,2014,289.72
RS,CPA_C26,2015,260.72
RS,CPA_C26,2016,254.65
RS,CPA_C26,2017,316.19
RS,CPA_C26,2018,397.53
RS,CPA_C26,2019,403.55
RS,CPA_C26,2020,355.02
RS,CPA_C26,2021,531.11
RS,CPA_C26,2022,386.99
SE,CPA_C26,2014,4480.22
SE,CPA_C26,2015,6244.81
SE,CPA_C26,2016,6548.32
SE,CPA_C26,2017,6477.72
SE,CPA_C26,2018,6111.4
SE,CPA_C26,2019,6403.65
SE,CPA_C26,2020,6427.3
SE,CPA_C26,2021,7342.14
SE,CPA_C26,2022,6622.92
SE,CPA_C26,2023,6272.26
SI,CPA_C26,2014,287.39
SI,CPA_C26,2015,309.9
SI,CPA_C26,2016,329.16
SI,CPA_C26,2017,353.09
SI,CPA_C26,2018,364.03
SI,CPA_C26,2019,394.91
SI,CPA_C26,2020,487.93
SI,CPA_C26,2021,659.99
SI,CPA_C26,2022,661.06
SI,CPA_C26,2023,734.24
SK,CPA_C26,2014,1064.61
SK,CPA_C26,2015,1174.09
SK,CPA_C26,2016,1232.43
SK,CPA_C26,2017,1052.44
SK,CPA_C26,2018,1088.03
SK,CPA_C26,2019,1055.23
SK,CPA_C26,2020,946.66
SK,CPA_C26,2021,1018.43
SK,CPA_C26,2022,1040.82
TR,CPA_C26,2023,8490.66
XK,CPA_C26,2014,38681.0
XK,CPA_C26,2015,33733.0
XK,CPA_C26,2016,38614.0
XK,CPA_C26,2017,41317.0
XK,CPA_C26,2018,46190.0
XK,CPA_C26,2019,47253.0
AL,CPA_C27,2014,54.78
AL,CPA_C27,2015,61.43
AL,CPA_C27,2016,65.48
AL,CPA_C27,2017,76.14
AL,CPA_C27,2018,56.38
AL,CPA_C27,2019,126.59
AL,CPA_C27,2020,80.33
AL,CPA_C27,2021,128.03
AL,CPA_C27,2022,115.19
AL,CPA_C27,2023,141.13
AL,CPA_C27,2024,159.79
AT,CPA_C27,2014,2198.61
AT,CPA_C27,2015,2232.33
AT,CPA_C27,2016,2235.87
AT,CPA_C27,2017,2426.65
AT,CPA_C27,2018,2639.24
AT,CPA_C27,2019,2738.03
AT,CPA_C27,2020,2643.42
AT,CPA_C27,2021,3213.14
AT,CPA_C27,2022,3383.45
BE,CPA_C27,2014,3091.39
BE,CPA_C27,2015,2963.8
BE,CPA_C27,2016,3192.89
BE,CPA_C27,2017,3081.4
BE,CPA_C27,2018,3201.8
BE,CPA_C27,2019,3297.0
BE,CPA_C27,2020,2682.6
BE,CPA_C27,2021,2860.2
BE,CPA_C27,2022,3724.3
BG,CPA_C27,2014,416.65
BG,CPA_C27,2018,637.16
BG,CPA_C27,2019,890.13
BG,CPA_C27,2020,870.44
BG,CPA_C27,2021,1024.24
BG,CPA_C27,2022,1216.26
CY,CPA_C27,2014,42.76
CY,CPA_C27,2015,40.53
CY,CPA_C27,2016,44.74
CY,CPA_C27,2017,49.78
CY,CPA_C27,2018,57.01
CY,CPA_C27,2019,66.91
CY,CPA_C27,2020,66.75
CY,CPA_C27,2021,87.42
CY,CPA_C27,2022,97.67
CZ,CPA_C27,2014,933.54
CZ,CPA_C27,2015,1133.07
CZ,CPA_C27,2016,1179.44
CZ,CPA_C27,2017,1300.05
CZ,CPA_C27,2018,1398.29
CZ,CPA_C27,2019,1562.84
CZ,CPA_C27,2020,1530.26
CZ,CPA_C27,2021,1833.66
CZ,CPA_C27,2022,2324.8
CZ,CPA_C27,2023,2967.17
CZ,CPA_C27,2024,2563.3
DE,CPA_C27,2014,22615.0
DE,CPA_C27,2015,23512.0
DE,CPA_C27,2016,24822.0
DE,CPA_C27,2017,26118.0
DE,CPA_C27,2018,27372.0
DE,CPA_C27,2019,27057.0
DE,CPA_C27,2020,28520.0
DE,CPA_C27,2021,33531.0
DE,CPA_C27,2022,42646.0
DK,CPA_C27,2014,2106.17
DK,CPA_C27,2015,2531.61
DK,CPA_C27,2016,2243.01
DK,CPA_C27,2017,2358.71
DK,CPA_C27,2018,2315.32
DK,CPA_C27,2019,2419.53
DK,CPA_C27,2020,2447.49
DK,CPA_C27,2021,2608.21
DK,CPA_C27,2022,2692.14
EA21,CPA_C27,2014,62522.4
EA21,CPA_C27,2015,62963.18
EA21,CPA_C27,2016,70151.27
EA21,CPA_C27,2017,73136.49
EA21,CPA_C27,2018,78036.14
EA21,CPA_C27,2019,80761.48
EA21,CPA_C27,2020,81670.45
EA21,CPA_C27,2021,93516.75
EA21,CPA_C27,2022,107217.78
EA21,CPA_C27,2023,112119.9
EA21,CPA_C27,2024,112501.53
EE,CPA_C27,2014,82.97
EE,CPA_C27,2015,82.5
EE,CPA_C27,2016,104.2
EE,CPA_C27,2017,100.16
EE,CPA_C27,2018,115.65
EE,CPA_C27,2019,132.78
EE,CPA_C27,2020,130.43
EE,CPA_C27,2021,132.59
EE,CPA_C27,2022,164.88
EL,CPA_C27,2014,659.55
EL,CPA_C27,2015,833.95
EL,CPA_C27,2016,786.18
EL,CPA_C27,2017,861.49
EL,CPA_C27,2018,1075.89
EL,CPA_C27,2019,1316.8
EL,CPA_C27,2020,1182.33
EL,CPA_C27,2021,1293.42
EL,CPA_C27,2022,1505.07
ES,CPA_C27,2014,5091.3
ES,CPA_C27,2015,5511.6
ES,CPA_C27,2016,10275.8
ES,CPA_C27,2017,10412.0
ES,CPA_C27,2018,10886.4
ES,CPA_C27,2019,11526.4
ES,CPA_C27,2020,11265.9
ES,CPA_C27,2021,13384.8
ES,CPA_C27,2022,13449.5
ES,CPA_C27,2023,15765.4
EU27_2020,CPA_C27,2014,74356.68
EU27_2020,CPA_C27,2015,77054.71
EU27_2020,CPA_C27,2016,84107.4
EU27_2020,CPA_C27,2017,88281.03
EU27_2020,CPA_C27,2018,93681.46
EU27_2020,CPA_C27,2019,97821.02
EU27_2020,CPA_C27,2020,98830.13
EU27_2020,CPA_C27,2021,112990.58
EU27_2020,CPA_C27,2022,127913.87
EU27_2020,CPA_C27,2023,134968.14
EU27_2020,CPA_C27,2024,135755.63
FI,CPA_C27,2014,1230.17
FI,CPA_C27,2015,1415.94
FI,CPA_C27,2016,1375.78
FI,CPA_C27,2017,1501.0
FI,CPA_C27,2018,1567.46
FI,CPA_C27,2019,1568.35
FI,CPA_C27,2020,1664.42
FI,CPA_C27,2021,1796.82
FI,CPA_C27,2022,2038.45
FI,CPA_C27,2023,2155.77
FR,CPA_C27,2014,12833.0
FR,CPA_C27,2015,13232.0
FR,CPA_C27,2016,13370.0
FR,CPA_C27,2017,14070.0
FR,CPA_C27,2018,14423.0
FR,CPA_C27,2019,15017.0
FR,CPA_C27,2020,14068.2
FR,CPA_C27,2021,15877.2
FR,CPA_C27,2022,16287.0
HR,CPA_C27,2014,228.05
HR,CPA_C27,2015,238.58
HR,CPA_C27,2016,467.15
HR,CPA_C27,2017,463.21
HR,CPA_C27,2018,498.94
HR,CPA_C27,2019,523.25
HR,CPA_C27,2020,459.3
HR,CPA_C27,2021,506.11
HR,CPA_C27,2022,567.08
HU,CPA_C27,2014,857.3
HU,CPA_C27,2015,850.2
HU,CPA_C27,2016,860.83
HU,CPA_C27,2017,981.1
HU,CPA_C27,2018,1077.96
HU,CPA_C27,2019,1204.33
HU,CPA_C27,2020,1115.74
HU,CPA_C27,2021,1222.95
HU,CPA_C27,2022,1401.98
HU,CPA_C27,2023,1546.6
IE,CPA_C27,2014,508.68
IE,CPA_C27,2015,382.35
IE,CPA_C27,2016,410.57
IE,CPA_C27,2017,150.74
IE,CPA_C27,2018,1749.23
IE,CPA_C27,2019,1796.08
IE,CPA_C27,2020,1536.18
IE,CPA_C27,2021,1494.62
IE,CPA_C27,2022,1603.78
IT,CPA_C27,2014,6518.02
IT,CPA_C27,2015,6397.1
IT,CPA_C27,2016,6683.5
IT,CPA_C27,2017,6848.8
IT,CPA_C27,2018,6548.7
IT,CPA_C27,2019,6825.0
IT,CPA_C27,2020,6383.2
IT,CPA_C27,2021,7856.8
IT,CPA_C27,2022,9131.4
LT,CPA_C27,2014,152.97
LT,CPA_C27,2015,137.9
LT,CPA_C27,2016,180.51
LT,CPA_C27,2017,184.38
LT,CPA_C27,2018,209.58
LT,CPA_C27,2019,283.19
LT,CPA_C27,2020,327.6
LT,CPA_C27,2021,431.64
LT,CPA_C27,2022,491.07
LU,CPA_C27,2014,173.31
LU,CPA_C27,2015,182.71
LU,CPA_C27,2016,180.53
LU,CPA_C27,2017,185.11
LU,CPA_C27,2018,182.37
LU,CPA_C27,2019,200.98
LU,CPA_C27,2020,191.59
LU,CPA_C27,2021,225.27
LU,CPA_C27,2022,245.69
LV,CPA_C27,2014,109.22
LV,CPA_C27,2015,115.62
LV,CPA_C27,2016,114.13
LV,CPA_C27,2017,127.05
LV,CPA_C27,2018,141.33
LV,CPA_C27,2019,151.05
LV,CPA_C27,2020,158.99
LV,CPA_C27,2021,183.92
LV,CPA_C27,2022,184.92
LV,CPA_C27,2023,218.65
MK,CPA_C27,2014,42.47
MK,CPA_C27,2015,56.4
MK,CPA_C27,2016,51.79
MK,CPA_C27,2017,42.79
MK,CPA_C27,2018,60.02
MK,CPA_C27,2019,59.37
MK,CPA_C27,2020,55.94
MK,CPA_C27,2021,67.27
MK,CPA_C27,2022,81.03
MK,CPA_C27,2023,95.24
MT,CPA_C27,2014,44.18
MT,CPA_C27,2015,48.16
MT,CPA_C27,2016,48.2
MT,CPA_C27,2017,52.05
MT,CPA_C27,2018,51.56
MT,CPA_C27,2019,58.62
MT,CPA_C27,2020,54.28
MT,CPA_C27,2021,63.04
MT,CPA_C27,2022,73.59
NL,CPA_C27,2014,3876.0
NL,CPA_C27,2015,3747.0
NL,CPA_C27,2016,4008.0
NL,CPA_C27,2017,4217.0
NL,CPA_C27,2018,4584.0
NL,CPA_C27,2019,5008.0
NL,CPA_C27,2020,5428.0
NL,CPA_C27,2021,5970.0
NL,CPA_C27,2022,6598.0
NL,CPA_C27,2023,6867.0
NL,CPA_C27,2024,7064.0
NO,CPA_C27,2014,3188.26
NO,CPA_C27,2015,3077.12
NO,CPA_C27,2016,2892.92
NO,CPA_C27,2017,2858.31
NO,CPA_C27,2018,2990.54
NO,CPA_C27,2019,3404.7
NO,CPA_C27,2020,3222.57
NO,CPA_C27,2021,3634.74
NO,CPA_C27,2022,3950.47
NO,CPA_C27,2023,3650.22
PL,CPA_C27,2014,4880.73
PL,CPA_C27,2015,5453.26
PL,CPA_C27,2016,5414.1
PL,CPA_C27,2017,5681.13
PL,CPA_C27,2018,6340.24
PL,CPA_C27,2019,7075.64
PL,CPA_C27,2020,6837.99
PL,CPA_C27,2021,7912.28
PL,CPA_C27,2022,8386.65
PT,CPA_C27,2014,750.8
PT,CPA_C27,2015,779.77
PT,CPA_C27,2016,810.3
PT,CPA_C27,2017,848.98
PT,CPA_C27,2018,826.26
PT,CPA_C27,2019,844.75
PT,CPA_C27,2020,832.59
PT,CPA_C27,2021,886.71
PT,CPA_C27,2022,977.2
PT,CPA_C27,2023,1045.25
PT,CPA_C27,2024,1070.78
RO,CPA_C27,2014,1297.16
RO,CPA_C27,2015,1464.73
RO,CPA_C27,2016,1450.98
RO,CPA_C27,2017,1706.42
RO,CPA_C27,2018,2004.49
RO,CPA_C27,2019,2004.83
RO,CPA_C27,2020,1943.72
RO,CPA_C27,2021,2309.34
RO,CPA_C27,2022,2438.75
RS,CPA_C27,2014,255.87
RS,CPA_C27,2015,259.15
RS,CPA_C27,2016,258.04
RS,CPA_C27,2017,315.14
RS,CPA_C27,2018,320.12
RS,CPA_C27,2019,358.73
RS,CPA_C27,2020,390.31
RS,CPA_C27,2021,569.25
RS,CPA_C27,2022,329.06
SE,CPA_C27,2014,1769.4
SE,CPA_C27,2015,3055.65
SE,CPA_C27,2016,3143.55
SE,CPA_C27,2017,3385.54
SE,CPA_C27,2018,3126.04
SE,CPA_C27,2019,3316.92
SE,CPA_C27,2020,3394.91
SE,CPA_C27,2021,3728.28
SE,CPA_C27,2022,3492.89
SE,CPA_C27,2023,3974.81
SI,CPA_C27,2014,323.39
SI,CPA_C27,2015,319.76
SI,CPA_C27,2016,338.25
SI,CPA_C27,2017,364.4
SI,CPA_C27,2018,367.73
SI,CPA_C27,2019,385.13
SI,CPA_C27,2020,450.84
SI,CPA_C27,2021,506.85
SI,CPA_C27,2022,522.06
SI,CPA_C27,2023,543.65
SK,CPA_C27,2014,1069.8
SK,CPA_C27,2015,1048.67
SK,CPA_C27,2016,1190.55
SK,CPA_C27,2017,1207.72
SK,CPA_C27,2018,1214.37
SK,CPA_C27,2019,1496.58
SK,CPA_C27,2020,1779.09
SK,CPA_C27,2021,2167.78
SK,CPA_C27,2022,2214.22
TR,CPA_C27,2023,9904.96
XK,CPA_C27,2014,47708.0
XK,CPA_C27,2015,50457.0
XK,CPA_C27,2016,59244.0
XK,CPA_C27,2017,60070.0
XK,CPA_C27,2018,67383.0
XK,CPA_C27,2019,62630.0
AL,CPA_C28,2014,41.86
AL,CPA_C28,2015,53.68
AL,CPA_C28,2016,57.58
AL,CPA_C28,2017,59.89
AL,CPA_C28,2018,85.73
AL,CPA_C28,2019,79.34
AL,CPA_C28,2020,79.74
AL,CPA_C28,2021,91.98
AL,CPA_C28,2022,122.41
AL,CPA_C28,2023,159.37
AL,CPA_C28,2024,134.11
AT,CPA_C28,2014,4332.51
AT,CPA_C28,2015,4312.7
AT,CPA_C28,2016,4252.17
AT,CPA_C28,2017,4346.69
AT,CPA_C28,2018,4575.15
AT,CPA_C28,2019,4761.5
AT,CPA_C28,2020,4418.61
AT,CPA_C28,2021,5136.71
AT,CPA_C28,2022,5463.99
BE,CPA_C28,2014,4928.07
BE,CPA_C28,2015,3510.4
BE,CPA_C28,2016,3776.02
BE,CPA_C28,2017,3683.1
BE,CPA_C28,2018,3739.0
BE,CPA_C28,2019,3867.4
BE,CPA_C28,2020,4932.0
BE,CPA_C28,2021,5565.1
BE,CPA_C28,2022,4679.0
BG,CPA_C28,2014,530.55
BG,CPA_C28,2018,523.07
BG,CPA_C28,2019,1109.83
BG,CPA_C28,2020,932.05
BG,CPA_C28,2021,1110.16
BG,CPA_C28,2022,1466.35
CY,CPA_C28,2014,26.75
CY,CPA_C28,2015,31.78
CY,CPA_C28,2016,45.47
CY,CPA_C28,2017,54.59
CY,CPA_C28,2018,60.3
CY,CPA_C28,2019,68.72
CY,CPA_C28,2020,81.92
CY,CPA_C28,2021,89.57
CY,CPA_C28,2022,100.27
CZ,CPA_C28,2014,1908.85
CZ,CPA_C28,2015,2119.25
CZ,CPA_C28,2016,2270.14
CZ,CPA_C28,2017,2387.41
CZ,CPA_C28,2018,2694.55
CZ,CPA_C28,2019,2845.58
CZ,CPA_C28,2020,2298.24
CZ,CPA_C28,2021,2563.53
CZ,CPA_C28,2022,3141.17
CZ,CPA_C28,2023,3640.56
CZ,CPA_C28,2024,3238.18
DE,CPA_C28,2014,24684.0
DE,CPA_C28,2015,24457.0
DE,CPA_C28,2016,26216.0
DE,CPA_C28,2017,28952.0
DE,CPA_C28,2018,32264.0
DE,CPA_C28,2019,32922.0
DE,CPA_C28,2020,31580.0
DE,CPA_C28,2021,45849.0
DE,CPA_C28,2022,50826.0
DK,CPA_C28,2014,4174.91
DK,CPA_C28,2015,3838.27
DK,CPA_C28,2016,3759.35
DK,CPA_C28,2017,3746.72
DK,CPA_C28,2018,3831.15
DK,CPA_C28,2019,4012.03
DK,CPA_C28,2020,3908.69
DK,CPA_C28,2021,4396.84
DK,CPA_C28,2022,4738.92
EA21,CPA_C28,2014,96980.17
EA21,CPA_C28,2015,95471.41
EA21,CPA_C28,2016,95625.42
EA21,CPA_C28,2017,104334.52
EA21,CPA_C28,2018,114830.12
EA21,CPA_C28,2019,121135.99
EA21,CPA_C28,2020,111523.59
EA21,CPA_C28,2021,131824.45
EA21,CPA_C28,2022,144612.97
EA21,CPA_C28,2023,145918.18
EA21,CPA_C28,2024,147112.18
EE,CPA_C28,2014,165.64
EE,CPA_C28,2015,155.42
EE,CPA_C28,2016,163.3
EE,CPA_C28,2017,197.58
EE,CPA_C28,2018,239.5
EE,CPA_C28,2019,204.45
EE,CPA_C28,2020,194.98
EE,CPA_C28,2021,246.14
EE,CPA_C28,2022,268.88
EL,CPA_C28,2014,706.78
EL,CPA_C28,2015,945.83
EL,CPA_C28,2016,869.94
EL,CPA_C28,2017,735.13
EL,CPA_C28,2018,1116.91
EL,CPA_C28,2019,1158.14
EL,CPA_C28,2020,1133.65
EL,CPA_C28,2021,1102.68
EL,CPA_C28,2022,1322.48
ES,CPA_C28,2014,8783.4
ES,CPA_C28,2015,9073.1
ES,CPA_C28,2016,7665.5
ES,CPA_C28,2017,9234.6
ES,CPA_C28,2018,9880.7
ES,CPA_C28,2019,11345.2
ES,CPA_C28,2020,10599.7
ES,CPA_C28,2021,8730.6
ES,CPA_C28,2022,9797.5
ES,CPA_C28,2023,10458.8
EU27_2020,CPA_C28,2014,114102.28
EU27_2020,CPA_C28,2015,114203.49
EU27_2020,CPA_C28,2016,113880.22
EU27_2020,CPA_C28,2017,123616.34
EU27_2020,CPA_C28,2018,135095.14
EU27_2020,CPA_C28,2019,142326.04
EU27_2020,CPA_C28,2020,132042.69
EU27_2020,CPA_C28,2021,153464.52
EU27_2020,CPA_C28,2022,169113.33
EU27_2020,CPA_C28,2023,174101.91
EU27_2020,CPA_C28,2024,175605.46
FI,CPA_C28,2014,1579.82
FI,CPA_C28,2015,1639.09
FI,CPA_C28,2016,1720.2
FI,CPA_C28,2017,1912.41
FI,CPA_C28,2018,1876.29
FI,CPA_C28,2019,1987.36
FI,CPA_C28,2020,1946.23
FI,CPA_C28,2021,2252.92
FI,CPA_C28,2022,2785.06
FI,CPA_C28,2023,2310.31
FR,CPA_C28,2014,25633.0
FR,CPA_C28,2015,26039.0
FR,CPA_C28,2016,26588.0
FR,CPA_C28,2017,28166.0
FR,CPA_C28,2018,30126.0
FR,CPA_C28,2019,32003.0
FR,CPA_C28,2020,25677.1
FR,CPA_C28,2021,28950.4
FR,CPA_C28,2022,30815.9
HR,CPA_C28,2014,485.87
HR,CPA_C28,2015,508.53
HR,CPA_C28,2016,426.75
HR,CPA_C28,2017,458.6
HR,CPA_C28,2018,491.24
HR,CPA_C28,2019,515.6
HR,CPA_C28,2020,435.9
HR,CPA_C28,2021,498.16
HR,CPA_C28,2022,677.69
HU,CPA_C28,2014,1879.01
HU,CPA_C28,2015,2060.11
HU,CPA_C28,2016,1252.89
HU,CPA_C28,2017,1365.26
HU,CPA_C28,2018,1529.42
HU,CPA_C28,2019,1624.86
HU,CPA_C28,2020,1561.43
HU,CPA_C28,2021,1809.42
HU,CPA_C28,2022,2280.43
HU,CPA_C28,2023,2467.36
IE,CPA_C28,2014,1526.36
IE,CPA_C28,2021,1565.45
IE,CPA_C28,2022,1904.43
IT,CPA_C28,2014,12627.94
IT,CPA_C28,2015,13060.5
IT,CPA_C28,2016,13803.6
IT,CPA_C28,2017,14834.0
IT,CPA_C28,2018,15797.5
IT,CPA_C28,2019,16105.5
IT,CPA_C28,2020,13964.8
IT,CPA_C28,2021,15721.2
IT,CPA_C28,2022,18520.2
LT,CPA_C28,2014,432.03
LT,CPA_C28,2015,334.78
LT,CPA_C28,2016,380.52
LT,CPA_C28,2017,419.4
LT,CPA_C28,2018,444.62
LT,CPA_C28,2019,426.82
LT,CPA_C28,2020,456.83
LT,CPA_C28,2021,615.25
LT,CPA_C28,2022,609.02
LU,CPA_C28,2014,136.67
LU,CPA_C28,2015,141.84
LU,CPA_C28,2016,231.7
LU,CPA_C28,2017,275.69
LU,CPA_C28,2018,252.61
LU,CPA_C28,2019,225.93
LU,CPA_C28,2020,255.01
LU,CPA_C28,2021,295.78
LU,CPA_C28,2022,322.19
LV,CPA_C28,2014,161.81
LV,CPA_C28,2015,181.94
LV,CPA_C28,2016,168.3
LV,CPA_C28,2017,187.19
LV,CPA_C28,2018,224.07
LV,CPA_C28,2019,219.92
LV,CPA_C28,2020,201.76
LV,CPA_C28,2021,201.45
LV,CPA_C28,2022,251.91
LV,CPA_C28,2023,535.82
MK,CPA_C28,2014,83.13
MK,CPA_C28,2015,57.75
MK,CPA_C28,2016,70.17
MK,CPA_C28,2017,70.99
MK,CPA_C28,2018,71.01
MK,CPA_C28,2019,92.15
MK,CPA_C28,2020,121.6
MK,CPA_C28,2021,151.27
MK,CPA_C28,2022,163.88
MK,CPA_C28,2023,173.28
MT,CPA_C28,2014,45.0
MT,CPA_C28,2015,52.05
MT,CPA_C28,2016,51.47
MT,CPA_C28,2017,66.22
MT,CPA_C28,2018,64.96
MT,CPA_C28,2019,76.27
MT,CPA_C28,2020,68.93
MT,CPA_C28,2021,87.08
MT,CPA_C28,2022,102.23
NL,CPA_C28,2014,6571.0
NL,CPA_C28,2015,6581.0
NL,CPA_C28,2016,6764.0
NL,CPA_C28,2017,7647.0
NL,CPA_C28,2018,8380.0
NL,CPA_C28,2019,8915.0
NL,CPA_C28,2020,8767.0
NL,CPA_C28,2021,10051.0
NL,CPA_C28,2022,11182.0
NL,CPA_C28,2023,11718.0
NL,CPA_C28,2024,12044.0
NO,CPA_C28,2014,5135.5
NO,CPA_C28,2015,4469.7
NO,CPA_C28,2016,3791.9
NO,CPA_C28,2017,3692.62
NO,CPA_C28,2018,4119.21
NO,CPA_C28,2019,4829.92
NO,CPA_C28,2020,3957.36
NO,CPA_C28,2021,4442.26
NO,CPA_C28,2022,4698.39
NO,CPA_C28,2023,4775.75
PL,CPA_C28,2014,2451.93
PL,CPA_C28,2015,2727.42
PL,CPA_C28,2016,2604.28
PL,CPA_C28,2017,2847.7
PL,CPA_C28,2018,3193.83
PL,CPA_C28,2019,3552.31
PL,CPA_C28,2020,3347.35
PL,CPA_C28,2021,3720.58
PL,CPA_C28,2022,3888.19
PT,CPA_C28,2014,593.14
PT,CPA_C28,2015,620.59
PT,CPA_C28,2016,680.75
PT,CPA_C28,2017,773.03
PT,CPA_C28,2018,831.78
PT,CPA_C28,2019,808.48
PT,CPA_C28,2020,755.37
PT,CPA_C28,2021,864.1
PT,CPA_C28,2022,974.87
PT,CPA_C28,2023,1048.32
PT,CPA_C28,2024,1075.7
RO,CPA_C28,2014,1418.71
RO,CPA_C28,2015,1683.29
RO,CPA_C28,2016,1606.07
RO,CPA_C28,2017,1991.0
RO,CPA_C28,2018,2102.02
RO,CPA_C28,2019,2236.72
RO,CPA_C28,2020,2132.55
RO,CPA_C28,2021,2629.73
RO,CPA_C28,2022,3642.95
RS,CPA_C28,2014,122.24
RS,CPA_C28,2015,163.86
RS,CPA_C28,2016,161.64
RS,CPA_C28,2017,187.49
RS,CPA_C28,2018,197.66
RS,CPA_C28,2019,199.78
RS,CPA_C28,2020,257.06
RS,CPA_C28,2021,496.5
RS,CPA_C28,2022,374.7
SE,CPA_C28,2014,4986.77
SE,CPA_C28,2015,6468.77
SE,CPA_C28,2016,6919.17
SE,CPA_C28,2017,7126.58
SE,CPA_C28,2018,7105.08
SE,CPA_C28,2019,7366.01
SE,CPA_C28,2020,7369.33
SE,CPA_C28,2021,6619.13
SE,CPA_C28,2022,6927.07
SE,CPA_C28,2023,9139.37
SI,CPA_C28,2014,253.49
SI,CPA_C28,2015,269.49
SI,CPA_C28,2016,294.74
SI,CPA_C28,2017,342.56
SI,CPA_C28,2018,389.24
SI,CPA_C28,2019,400.81
SI,CPA_C28,2020,394.9
SI,CPA_C28,2021,444.24
SI,CPA_C28,2022,458.71
SI,CPA_C28,2023,524.91
SK,CPA_C28,2014,1339.2
SK,CPA_C28,2015,1398.07
SK,CPA_C28,2016,1573.17
SK,CPA_C28,2017,1593.3
SK,CPA_C28,2018,1760.82
SK,CPA_C28,2019,1775.59
SK,CPA_C28,2020,1669.38
SK,CPA_C28,2021,1969.8
SK,CPA_C28,2022,1904.48
TR,CPA_C28,2023,13895.53
XK,CPA_C28,2014,22282.0
XK,CPA_C28,2015,22351.0
XK,CPA_C28,2016,25208.0
XK,CPA_C28,2017,27033.0
XK,CPA_C28,2018,30251.0
XK,CPA_C28,2019,33832.0
AL,CPA_C29,2014,31.16
AL,CPA_C29,2015,31.77
AL,CPA_C29,2016,36.81
AL,CPA_C29,2017,42.67
AL,CPA_C29,2018,98.24
AL,CPA_C29,2019,56.95
AL,CPA_C29,2020,66.77
AL,CPA_C29,2021,70.68
AL,CPA_C29,2022,86.85
AL,CPA_C29,2023,151.65
AL,CPA_C29,2024,198.57
AT,CPA_C29,2014,2727.49
AT,CPA_C29,2015,2819.73
AT,CPA_C29,2016,3089.36
AT,CPA_C29,2017,3347.63
AT,CPA_C29,2018,3267.92
AT,CPA_C29,2019,3336.46
AT,CPA_C29,2020,2635.81
AT,CPA_C29,2021,2925.91
AT,CPA_C29,2022,3246.92
BE,CPA_C29,2014,4745.3
BE,CPA_C29,2015,5307.3
BE,CPA_C29,2016,5527.54
BE,CPA_C29,2017,5639.6
BE,CPA_C29,2018,5851.1
BE,CPA_C29,2019,6025.5
BE,CPA_C29,2020,5515.8
BE,CPA_C29,2021,6020.0
BE,CPA_C29,2022,6352.6
BG,CPA_C29,2014,467.21
BG,CPA_C29,2018,617.61
BG,CPA_C29,2019,222.54
BG,CPA_C29,2020,228.75
BG,CPA_C29,2021,289.08
BG,CPA_C29,2022,342.23
CY,CPA_C29,2014,72.02
CY,CPA_C29,2015,73.61
CY,CPA_C29,2016,83.87
CY,CPA_C29,2017,92.4
CY,CPA_C29,2018,99.05
CY,CPA_C29,2019,102.35
CY,CPA_C29,2020,96.7
CY,CPA_C29,2021,109.24
CY,CPA_C29,2022,125.16
CZ,CPA_C29,2014,2210.12
CZ,CPA_C29,2015,2507.46
CZ,CPA_C29,2016,2688.5
CZ,CPA_C29,2017,2913.62
CZ,CPA_C29,2018,3073.65
CZ,CPA_C29,2019,3108.92
CZ,CPA_C29,2020,2978.87
CZ,CPA_C29,2021,3436.31
CZ,CPA_C29,2022,3803.51
CZ,CPA_C29,2023,4471.59
CZ,CPA_C29,2024,4393.19
DE,CPA_C29,2014,36876.0
DE,CPA_C29,2015,40439.0
DE,CPA_C29,2016,41016.0
DE,CPA_C29,2017,38632.0
DE,CPA_C29,2018,44392.0
DE,CPA_C29,2019,51651.0
DE,CPA_C29,2020,43749.0
DE,CPA_C29,2021,60407.0
DE,CPA_C29,2022,96480.0
DK,CPA_C29,2014,2747.0
DK,CPA_C29,2015,2987.89
DK,CPA_C29,2016,3108.53
DK,CPA_C29,2017,3219.34
DK,CPA_C29,2018,3356.03
DK,CPA_C29,2019,3254.97
DK,CPA_C29,2020,3303.05
DK,CPA_C29,2021,3665.46
DK,CPA_C29,2022,3663.62
EA21,CPA_C29,2014,107829.04
EA21,CPA_C29,2015,122629.26
EA21,CPA_C29,2016,125034.68
EA21,CPA_C29,2017,130304.13
EA21,CPA_C29,2018,137283.72
EA21,CPA_C29,2019,144985.16
EA21,CPA_C29,2020,130525.79
EA21,CPA_C29,2021,159410.68
EA21,CPA_C29,2022,199695.78
EA21,CPA_C29,2023,202573.04
EA21,CPA_C29,2024,204095.01
EE,CPA_C29,2014,281.34
EE,CPA_C29,2015,281.75
EE,CPA_C29,2016,344.63
EE,CPA_C29,2017,365.88
EE,CPA_C29,2018,380.46
EE,CPA_C29,2019,432.05
EE,CPA_C29,2020,359.24
EE,CPA_C29,2021,403.54
EE,CPA_C29,2022,419.55
EL,CPA_C29,2014,1448.99
EL,CPA_C29,2015,1678.25
EL,CPA_C29,2016,1879.65
EL,CPA_C29,2017,1895.27
EL,CPA_C29,2018,2067.45
EL,CPA_C29,2019,2080.4
EL,CPA_C29,2020,1464.37
EL,CPA_C29,2021,1561.46
EL,CPA_C29,2022,1628.98
ES,CPA_C29,2014,10242.0
ES,CPA_C29,2015,12618.3
ES,CPA_C29,2016,10033.7
ES,CPA_C29,2017,11192.0
ES,CPA_C29,2018,10516.6
ES,CPA_C29,2019,10089.2
ES,CPA_C29,2020,8022.0
ES,CPA_C29,2021,14989.0
ES,CPA_C29,2022,13610.5
ES,CPA_C29,2023,15302.1
EU27_2020,CPA_C29,2014,131407.11
EU27_2020,CPA_C29,2015,149346.95
EU27_2020,CPA_C29,2016,152896.32
EU27_2020,CPA_C29,2017,159880.44
EU27_2020,CPA_C29,2018,168186.41
EU27_2020,CPA_C29,2019,178244.09
EU27_2020,CPA_C29,2020,157689.0
EU27_2020,CPA_C29,2021,191311.37
EU27_2020,CPA_C29,2022,235669.04
EU27_2020,CPA_C29,2023,241156.2
EU27_2020,CPA_C29,2024,244100.0
FI,CPA_C29,2014,1030.78
FI,CPA_C29,2015,1236.67
FI,CPA_C29,2016,1332.99
FI,CPA_C29,2017,1417.25
FI,CPA_C29,2018,1494.83
FI,CPA_C29,2019,1421.88
FI,CPA_C29,2020,1423.2
FI,CPA_C29,2021,1466.85
FI,CPA_C29,2022,1518.99
FI,CPA_C29,2023,1602.29
FR,CPA_C29,2014,28596.0
FR,CPA_C29,2015,31342.0
FR,CPA_C29,2016,33983.0
FR,CPA_C29,2017,35948.0
FR,CPA_C29,2018,37264.0
FR,CPA_C29,2019,37080.0
FR,CPA_C29,2020,30371.1
FR,CPA_C29,2021,34206.6
FR,CPA_C29,2022,36410.1
HR,CPA_C29,2014,317.09
HR,CPA_C29,2015,331.42
HR,CPA_C29,2016,370.26
HR,CPA_C29,2017,355.49
HR,CPA_C29,2018,383.8
HR,CPA_C29,2019,402.36
HR,CPA_C29,2020,358.67
HR,CPA_C29,2021,389.37
HR,CPA_C29,2022,537.04
HU,CPA_C29,2014,1295.97
HU,CPA_C29,2015,1128.71
HU,CPA_C29,2016,1316.15
HU,CPA_C29,2017,1430.9
HU,CPA_C29,2018,1450.74
HU,CPA_C29,2019,1577.09
HU,CPA_C29,2020,1299.71
HU,CPA_C29,2021,1652.32
HU,CPA_C29,2022,1739.67
HU,CPA_C29,2023,1948.16
IE,CPA_C29,2014,1245.34
IT,CPA_C29,2014,12803.09
IT,CPA_C29,2015,14582.3
IT,CPA_C29,2016,16187.5
IT,CPA_C29,2017,17335.6
IT,CPA_C29,2018,16548.7
IT,CPA_C29,2019,16892.1
IT,CPA_C29,2020,18624.4
IT,CPA_C29,2021,17707.4
IT,CPA_C29,2022,18797.3
LT,CPA_C29,2014,331.77
LT,CPA_C29,2015,386.31
LT,CPA_C29,2016,440.77
LT,CPA_C29,2017,626.76
LT,CPA_C29,2018,668.85
LT,CPA_C29,2019,770.62
LT,CPA_C29,2020,714.46
LT,CPA_C29,2021,1031.37
LT,CPA_C29,2022,1316.3
LU,CPA_C29,2014,386.01
LU,CPA_C29,2015,404.03
LU,CPA_C29,2016,422.09
LU,CPA_C29,2017,425.27
LU,CPA_C29,2018,423.84
LU,CPA_C29,2019,470.27
LU,CPA_C29,2020,432.63
LU,CPA_C29,2021,441.99
LU,CPA_C29,2022,502.81
LV,CPA_C29,2014,289.58
LV,CPA_C29,2015,193.8
LV,CPA_C29,2016,291.79
LV,CPA_C29,2017,324.2
LV,CPA_C29,2018,356.83
LV,CPA_C29,2019,354.33
LV,CPA_C29,2020,359.11
LV,CPA_C29,2021,411.35
LV,CPA_C29,2022,563.96
LV,CPA_C29,2023,613.47
MK,CPA_C29,2014,97.82
MK,CPA_C29,2015,86.06
MK,CPA_C29,2016,98.19
MK,CPA_C29,2017,154.97
MK,CPA_C29,2018,170.52
MK,CPA_C29,2019,194.16
MK,CPA_C29,2020,122.05
MK,CPA_C29,2021,138.32
MK,CPA_C29,2022,136.82
MK,CPA_C29,2023,194.66
MT,CPA_C29,2014,51.04
MT,CPA_C29,2015,70.14
MT,CPA_C29,2016,72.0
MT,CPA_C29,2017,77.86
MT,CPA_C29,2018,85.19
MT,CPA_C29,2019,93.13
MT,CPA_C29,2020,85.17
MT,CPA_C29,2021,93.46
MT,CPA_C29,2022,106.0
NL,CPA_C29,2014,7078.0
NL,CPA_C29,2015,8443.0
NL,CPA_C29,2016,8392.0
NL,CPA_C29,2017,8836.0
NL,CPA_C29,2018,9741.0
NL,CPA_C29,2019,9943.0
NL,CPA_C29,2020,8600.0
NL,CPA_C29,2021,9134.0
NL,CPA_C29,2022,9979.0
NL,CPA_C29,2023,10360.0
NL,CPA_C29,2024,10945.0
NO,CPA_C29,2014,2679.79
NO,CPA_C29,2015,2875.77
NO,CPA_C29,2016,2188.02
NO,CPA_C29,2017,2724.52
NO,CPA_C29,2018,2807.32
NO,CPA_C29,2019,3075.7
NO,CPA_C29,2020,2928.25
NO,CPA_C29,2021,3919.89
NO,CPA_C29,2022,3489.0
NO,CPA_C29,2023,2721.62
PL,CPA_C29,2014,9129.3
PL,CPA_C29,2015,8790.72
PL,CPA_C29,2016,8932.39
PL,CPA_C29,2017,9575.68
PL,CPA_C29,2018,9684.83
PL,CPA_C29,2019,10004.61
PL,CPA_C29,2020,8033.11
PL,CPA_C29,2021,9034.4
PL,CPA_C29,2022,10143.76
PT,CPA_C29,2014,1143.65
PT,CPA_C29,2015,1308.68
PT,CPA_C29,2016,1361.34
PT,CPA_C29,2017,1499.96
PT,CPA_C29,2018,1593.68
PT,CPA_C29,2019,1598.65
PT,CPA_C29,2020,1430.89
PT,CPA_C29,2021,1603.28
PT,CPA_C29,2022,1893.6
PT,CPA_C29,2023,2493.85
PT,CPA_C29,2024,2265.0
RO,CPA_C29,2014,2411.28
RO,CPA_C29,2015,2924.06
RO,CPA_C29,2016,3236.5
RO,CPA_C29,2017,3600.95
RO,CPA_C29,2018,3703.22
RO,CPA_C29,2019,4388.47
RO,CPA_C29,2020,3324.27
RO,CPA_C29,2021,5007.66
RO,CPA_C29,2022,5712.1
RS,CPA_C29,2014,408.15
RS,CPA_C29,2015,371.96
RS,CPA_C29,2016,403.27
RS,CPA_C29,2017,453.87
RS,CPA_C29,2018,527.07
RS,CPA_C29,2019,545.99
RS,CPA_C29,2020,512.16
RS,CPA_C29,2021,598.42
RS,CPA_C29,2022,597.12
SE,CPA_C29,2014,5606.32
SE,CPA_C29,2015,8689.1
SE,CPA_C29,2016,8890.48
SE,CPA_C29,2017,9094.23
SE,CPA_C29,2018,10177.5
SE,CPA_C29,2019,11646.72
SE,CPA_C29,2020,8172.4
SE,CPA_C29,2021,9176.56
SE,CPA_C29,2022,10917.91
SE,CPA_C29,2023,11916.58
SI,CPA_C29,2014,473.49
SI,CPA_C29,2015,556.99
SI,CPA_C29,2016,638.4
SI,CPA_C29,2017,727.78
SI,CPA_C29,2018,792.09
SI,CPA_C29,2019,843.96
SI,CPA_C29,2020,743.67
SI,CPA_C29,2021,915.42
SI,CPA_C29,2022,828.27
SI,CPA_C29,2023,1002.57
SK,CPA_C29,2014,1243.31
SK,CPA_C29,2015,1482.49
SK,CPA_C29,2016,1553.95
SK,CPA_C29,2017,1608.22
SK,CPA_C29,2018,1943.73
SK,CPA_C29,2019,2165.32
SK,CPA_C29,2020,1764.76
SK,CPA_C29,2021,1579.34
SK,CPA_C29,2022,2624.13
TR,CPA_C29,2023,26659.07
XK,CPA_C29,2014,62845.0
XK,CPA_C29,2015,67082.0
XK,CPA_C29,2016,88915.0
XK,CPA_C29,2017,85373.0
XK,CPA_C29,2018,97063.0
XK,CPA_C29,2019,130336.0
AL,CPA_C30,2014,5.15
AL,CPA_C30,2015,4.79
AL,CPA_C30,2016,2.46
AL,CPA_C30,2017,2.81
AL,CPA_C30,2018,4.52
AL,CPA_C30,2019,2.98
AL,CPA_C30,2020,3.6
AL,CPA_C30,2021,3.94
AL,CPA_C30,2022,0.76
AL,CPA_C30,2023,25.3
AL,CPA_C30,2024,9.79
AT,CPA_C30,2014,411.55
AT,CPA_C30,2015,503.97
AT,CPA_C30,2016,510.96
AT,CPA_C30,2017,496.58
AT,CPA_C30,2018,585.82
AT,CPA_C30,2019,637.61
AT,CPA_C30,2020,644.83
AT,CPA_C30,2021,1022.13
AT,CPA_C30,2022,1162.5
BE,CPA_C30,2014,344.86
BE,CPA_C30,2015,251.6
BE,CPA_C30,2016,272.57
BE,CPA_C30,2017,275.4
BE,CPA_C30,2018,284.4
BE,CPA_C30,2019,297.9
BE,CPA_C30,2020,446.2
BE,CPA_C30,2021,590.6
BE,CPA_C30,2022,379.6
BG,CPA_C30,2014,47.6
BG,CPA_C30,2018,345.54
BG,CPA_C30,2019,435.32
BG,CPA_C30,2020,470.98
BG,CPA_C30,2021,568.09
BG,CPA_C30,2022,811.51
CY,CPA_C30,2014,19.72
CY,CPA_C30,2015,22.63
CY,CPA_C30,2016,51.79
CY,CPA_C30,2017,31.63
CY,CPA_C30,2018,36.61
CY,CPA_C30,2019,18.11
CY,CPA_C30,2020,33.91
CY,CPA_C30,2021,37.93
CY,CPA_C30,2022,25.79
CZ,CPA_C30,2014,46.48
CZ,CPA_C30,2015,62.14
CZ,CPA_C30,2016,74.46
CZ,CPA_C30,2017,91.92
CZ,CPA_C30,2018,105.7
CZ,CPA_C30,2019,118.39
CZ,CPA_C30,2020,134.42
CZ,CPA_C30,2021,162.75
CZ,CPA_C30,2022,177.85
CZ,CPA_C30,2023,191.43
CZ,CPA_C30,2024,206.73
DE,CPA_C30,2014,4433.0
DE,CPA_C30,2015,5526.0
DE,CPA_C30,2016,5589.0
DE,CPA_C30,2017,6095.0
DE,CPA_C30,2018,6572.0
DE,CPA_C30,2019,7233.0
DE,CPA_C30,2020,8879.0
DE,CPA_C30,2021,8517.0
DE,CPA_C30,2022,9087.0
DK,CPA_C30,2014,183.08
DK,CPA_C30,2015,203.0
DK,CPA_C30,2016,213.98
DK,CPA_C30,2017,223.91
DK,CPA_C30,2018,226.65
DK,CPA_C30,2019,243.01
DK,CPA_C30,2020,235.5
DK,CPA_C30,2021,254.46
DK,CPA_C30,2022,278.81
EA21,CPA_C30,2014,19908.3
EA21,CPA_C30,2015,23381.63
EA21,CPA_C30,2016,25767.39
EA21,CPA_C30,2017,27058.8
EA21,CPA_C30,2018,27621.13
EA21,CPA_C30,2019,30429.16
EA21,CPA_C30,2020,28727.36
EA21,CPA_C30,2021,29168.83
EA21,CPA_C30,2022,30859.22
EA21,CPA_C30,2023,30219.62
EA21,CPA_C30,2024,30406.21
EE,CPA_C30,2014,32.19
EE,CPA_C30,2015,35.33
EE,CPA_C30,2016,33.78
EE,CPA_C30,2017,36.97
EE,CPA_C30,2018,35.61
EE,CPA_C30,2019,27.82
EE,CPA_C30,2020,51.68
EE,CPA_C30,2021,62.93
EE,CPA_C30,2022,62.03
EL,CPA_C30,2014,276.73
EL,CPA_C30,2015,269.33
EL,CPA_C30,2016,218.01
EL,CPA_C30,2017,271.82
EL,CPA_C30,2018,246.31
EL,CPA_C30,2019,302.9
EL,CPA_C30,2020,214.55
EL,CPA_C30,2021,354.85
EL,CPA_C30,2022,405.43
ES,CPA_C30,2014,932.0
ES,CPA_C30,2015,997.0
ES,CPA_C30,2016,3440.7
ES,CPA_C30,2017,3531.9
ES,CPA_C30,2018,3336.1
ES,CPA_C30,2019,3742.8
ES,CPA_C30,2020,3463.8
ES,CPA_C30,2021,2692.1
ES,CPA_C30,2022,3209.4
ES,CPA_C30,2023,3296.8
EU27_2020,CPA_C30,2014,21943.94
EU27_2020,CPA_C30,2015,25580.46
EU27_2020,CPA_C30,2016,27861.32
EU27_2020,CPA_C30,2017,29263.34
EU27_2020,CPA_C30,2018,30181.1
EU27_2020,CPA_C30,2019,33447.69
EU27_2020,CPA_C30,2020,31780.57
EU27_2020,CPA_C30,2021,32393.68
EU27_2020,CPA_C30,2022,34715.2
EU27_2020,CPA_C30,2023,34296.53
EU27_2020,CPA_C30,2024,34650.3
FI,CPA_C30,2014,234.3
FI,CPA_C30,2015,295.07
FI,CPA_C30,2016,282.03
FI,CPA_C30,2017,361.08
FI,CPA_C30,2018,299.88
FI,CPA_C30,2019,323.25
FI,CPA_C30,2020,339.36
FI,CPA_C30,2021,393.68
FI,CPA_C30,2022,425.15
FI,CPA_C30,2023,420.4
FR,CPA_C30,2014,9179.0
FR,CPA_C30,2015,10239.0
FR,CPA_C30,2016,10434.0
FR,CPA_C30,2017,10390.0
FR,CPA_C30,2018,10490.0
FR,CPA_C30,2019,11194.0
FR,CPA_C30,2020,5779.9
FR,CPA_C30,2021,6424.7
FR,CPA_C30,2022,6882.9
HR,CPA_C30,2014,161.76
HR,CPA_C30,2015,169.42
HR,CPA_C30,2016,219.48
HR,CPA_C30,2017,234.75
HR,CPA_C30,2018,251.53
HR,CPA_C30,2019,263.99
HR,CPA_C30,2020,223.67
HR,CPA_C30,2021,255.08
HR,CPA_C30,2022,347.2
HU,CPA_C30,2014,162.65
HU,CPA_C30,2015,206.47
HU,CPA_C30,2016,146.06
HU,CPA_C30,2017,106.84
HU,CPA_C30,2018,134.72
HU,CPA_C30,2019,139.75
HU,CPA_C30,2020,149.77
HU,CPA_C30,2021,224.41
HU,CPA_C30,2022,288.78
HU,CPA_C30,2023,241.39
IE,CPA_C30,2014,183.19
IT,CPA_C30,2014,2922.4
IT,CPA_C30,2015,4081.0
IT,CPA_C30,2016,3598.5
IT,CPA_C30,2017,3881.6
IT,CPA_C30,2018,3793.8
IT,CPA_C30,2019,4066.5
IT,CPA_C30,2020,4266.9
IT,CPA_C30,2021,4478.3
IT,CPA_C30,2022,4094.3
LT,CPA_C30,2014,170.66
LT,CPA_C30,2015,143.36
LT,CPA_C30,2016,141.04
LT,CPA_C30,2017,133.94
LT,CPA_C30,2018,130.21
LT,CPA_C30,2019,193.03
LT,CPA_C30,2020,193.88
LT,CPA_C30,2021,211.93
LT,CPA_C30,2022,217.68
LU,CPA_C30,2014,28.72
LU,CPA_C30,2015,31.08
LU,CPA_C30,2016,29.78
LU,CPA_C30,2017,34.02
LU,CPA_C30,2018,46.54
LU,CPA_C30,2019,29.24
LU,CPA_C30,2020,38.99
LU,CPA_C30,2021,37.52
LU,CPA_C30,2022,41.53
LV,CPA_C30,2014,42.26
LV,CPA_C30,2015,39.7
LV,CPA_C30,2016,43.69
LV,CPA_C30,2017,54.99
LV,CPA_C30,2018,62.68
LV,CPA_C30,2019,53.86
LV,CPA_C30,2020,61.35
LV,CPA_C30,2021,73.05
LV,CPA_C30,2022,87.47
LV,CPA_C30,2023,53.57
MK,CPA_C30,2014,2.74
MK,CPA_C30,2015,4.38
MK,CPA_C30,2016,5.58
MK,CPA_C30,2017,4.34
MK,CPA_C30,2018,5.36
MK,CPA_C30,2019,6.64
MK,CPA_C30,2020,7.71
MK,CPA_C30,2021,8.54
MK,CPA_C30,2022,7.77
MK,CPA_C30,2023,11.6
MT,CPA_C30,2014,8.37
MT,CPA_C30,2015,9.34
MT,CPA_C30,2016,11.05
MT,CPA_C30,2017,11.18
MT,CPA_C30,2018,10.89
MT,CPA_C30,2019,17.8
MT,CPA_C30,2020,13.65
MT,CPA_C30,2021,20.1
MT,CPA_C30,2022,31.23
NL,CPA_C30,2014,1417.0
NL,CPA_C30,2015,1594.0
NL,CPA_C30,2016,1703.0
NL,CPA_C30,2017,1896.0
NL,CPA_C30,2018,1978.0
NL,CPA_C30,2019,2065.0
NL,CPA_C30,2020,2239.0
NL,CPA_C30,2021,2437.0
NL,CPA_C30,2022,2571.0
NL,CPA_C30,2023,2397.0
NL,CPA_C30,2024,2587.0
NO,CPA_C30,2014,424.81
NO,CPA_C30,2015,344.93
NO,CPA_C30,2016,861.95
NO,CPA_C30,2017,828.85
NO,CPA_C30,2018,734.22
NO,CPA_C30,2019,786.0
NO,CPA_C30,2020,614.86
NO,CPA_C30,2021,745.62
NO,CPA_C30,2022,746.54
NO,CPA_C30,2023,744.87
PL,CPA_C30,2014,1124.77
PL,CPA_C30,2015,1209.82
PL,CPA_C30,2016,1069.44
PL,CPA_C30,2017,1170.74
PL,CPA_C30,2018,1352.35
PL,CPA_C30,2019,1754.5
PL,CPA_C30,2020,1592.91
PL,CPA_C30,2021,1605.11
PL,CPA_C30,2022,1917.45
PT,CPA_C30,2014,117.81
PT,CPA_C30,2015,136.09
PT,CPA_C30,2016,141.83
PT,CPA_C30,2017,158.18
PT,CPA_C30,2018,188.89
PT,CPA_C30,2019,227.21
PT,CPA_C30,2020,242.58
PT,CPA_C30,2021,265.01
PT,CPA_C30,2022,351.56
PT,CPA_C30,2023,376.08
PT,CPA_C30,2024,392.93
RO,CPA_C30,2014,219.77
RO,CPA_C30,2015,203.22
RO,CPA_C30,2016,209.22
RO,CPA_C30,2017,235.6
RO,CPA_C30,2018,404.58
RO,CPA_C30,2019,391.17
RO,CPA_C30,2020,465.58
RO,CPA_C30,2021,525.47
RO,CPA_C30,2022,669.19
RS,CPA_C30,2014,40.82
RS,CPA_C30,2015,30.41
RS,CPA_C30,2016,29.02
RS,CPA_C30,2017,31.08
RS,CPA_C30,2018,30.99
RS,CPA_C30,2019,25.42
RS,CPA_C30,2020,24.63
RS,CPA_C30,2021,36.4
RS,CPA_C30,2022,38.8
SE,CPA_C30,2014,351.88
SE,CPA_C30,2015,398.53
SE,CPA_C30,2016,429.79
SE,CPA_C30,2017,442.36
SE,CPA_C30,2018,439.13
SE,CPA_C30,2019,486.84
SE,CPA_C30,2020,507.21
SE,CPA_C30,2021,464.59
SE,CPA_C30,2022,527.49
SE,CPA_C30,2023,630.9
SI,CPA_C30,2014,27.02
SI,CPA_C30,2015,28.68
SI,CPA_C30,2016,37.89
SI,CPA_C30,2017,41.74
SI,CPA_C30,2018,36.11
SI,CPA_C30,2019,41.53
SI,CPA_C30,2020,55.05
SI,CPA_C30,2021,72.09
SI,CPA_C30,2022,83.59
SI,CPA_C30,2023,80.25
SK,CPA_C30,2014,65.09
SK,CPA_C30,2015,83.29
SK,CPA_C30,2016,80.09
SK,CPA_C30,2017,67.93
SK,CPA_C30,2018,100.41
SK,CPA_C30,2019,126.73
SK,CPA_C30,2020,123.31
SK,CPA_C30,2021,145.68
SK,CPA_C30,2022,172.84
TR,CPA_C30,2023,1767.36
XK,CPA_C30,2014,2358.0
XK,CPA_C30,2015,2218.0
XK,CPA_C30,2016,3004.0
XK,CPA_C30,2017,3242.0
XK,CPA_C30,2018,3462.0
XK,CPA_C30,2019,3145.0
BE,CPA_C31,2015,1432.6
BE,CPA_C31,2016,1567.52
BE,CPA_C31,2019,1743.9
BE,CPA_C31,2020,1692.6
BE,CPA_C31,2021,1881.6
BE,CPA_C31,2022,2251.0
BG,CPA_C31,2018,356.05
BG,CPA_C31,2019,364.43
BG,CPA_C31,2020,350.52
BG,CPA_C31,2021,405.94
BG,CPA_C31,2022,442.28
CZ,CPA_C31,2014,504.47
CZ,CPA_C31,2015,557.35
CZ,CPA_C31,2016,569.02
CZ,CPA_C31,2017,661.74
CZ,CPA_C31,2018,693.02
CZ,CPA_C31,2019,740.94
CZ,CPA_C31,2020,659.23
CZ,CPA_C31,2021,794.81
CZ,CPA_C31,2022,892.7
CZ,CPA_C31,2023,938.05
CZ,CPA_C31,2024,894.59
DK,CPA_C31,2015,904.29
DK,CPA_C31,2016,1021.82
DK,CPA_C31,2017,1132.18
DK,CPA_C31,2018,1193.01
DK,CPA_C31,2019,1320.64
DK,CPA_C31,2020,1394.64
DK,CPA_C31,2021,1690.69
DK,CPA_C31,2022,1682.44
FR,CPA_C31,2021,10225.4
FR,CPA_C31,2022,10456.9
HR,CPA_C31,2014,294.44
HR,CPA_C31,2015,307.94
HR,CPA_C31,2016,235.34
HR,CPA_C31,2017,239.28
HR,CPA_C31,2018,257.28
HR,CPA_C31,2019,269.89
HR,CPA_C31,2020,234.11
HR,CPA_C31,2021,260.96
HR,CPA_C31,2022,357.36
HU,CPA_C31,2016,213.75
HU,CPA_C31,2017,249.2
HU,CPA_C31,2018,290.59
HU,CPA_C31,2019,337.93
HU,CPA_C31,2020,328.72
HU,CPA_C31,2021,355.68
HU,CPA_C31,2022,381.19
HU,CPA_C31,2023,455.12
LT,CPA_C31,2020,514.56
LT,CPA_C31,2021,604.79
LT,CPA_C31,2022,586.43
RO,CPA_C31,2014,791.14
RO,CPA_C31,2015,771.9
RO,CPA_C31,2016,785.79
RO,CPA_C31,2017,944.43
RO,CPA_C31,2018,977.03
RO,CPA_C31,2019,1073.67
RO,CPA_C31,2020,1029.85
RO,CPA_C31,2021,1238.71
RO,CPA_C31,2022,1587.76
SK,CPA_C31,2014,367.31
SK,CPA_C31,2015,453.76
SK,CPA_C31,2016,520.01
SK,CPA_C31,2017,546.78
SK,CPA_C31,2018,646.5
SK,CPA_C31,2019,816.16
SK,CPA_C31,2020,663.06
SK,CPA_C31,2021,607.28
SK,CPA_C31,2022,767.22
AL,CPA_C31_32,2014,46.4
AL,CPA_C31_32,2015,46.75
AL,CPA_C31_32,2016,48.32
AL,CPA_C31_32,2017,47.28
AL,CPA_C31_32,2018,79.88
AL,CPA_C31_32,2019,116.31
AL,CPA_C31_32,2020,72.5
AL,CPA_C31_32,2021,64.76
AL,CPA_C31_32,2022,64.75
AL,CPA_C31_32,2023,109.94
AL,CPA_C31_32,2024,103.8
AT,CPA_C31_32,2014,4944.24
AT,CPA_C31_32,2015,4891.66
AT,CPA_C31_32,2016,5378.55
AT,CPA_C31_32,2017,5397.4
AT,CPA_C31_32,2018,5146.77
AT,CPA_C31_32,2019,5505.11
AT,CPA_C31_32,2020,5424.85
AT,CPA_C31_32,2021,6435.87
AT,CPA_C31_32,2022,6950.75
BE,CPA_C31_32,2014,5790.08
BE,CPA_C31_32,2015,5081.7
BE,CPA_C31_32,2016,5462.25
BE,CPA_C31_32,2017,5578.5
BE,CPA_C31_32,2018,5497.8
BE,CPA_C31_32,2019,5514.5
BE,CPA_C31_32,2020,5326.8
BE,CPA_C31_32,2021,5988.5
BE,CPA_C31_32,2022,6558.9
BG,CPA_C31_32,2014,253.27
BG,CPA_C31_32,2018,637.59
BG,CPA_C31_32,2019,646.54
BG,CPA_C31_32,2020,659.12
BG,CPA_C31_32,2021,750.08
BG,CPA_C31_32,2022,894.9
CY,CPA_C31_32,2014,84.16
CY,CPA_C31_32,2015,85.38
CY,CPA_C31_32,2016,89.34
CY,CPA_C31_32,2017,97.58
CY,CPA_C31_32,2018,110.13
CY,CPA_C31_32,2019,116.95
CY,CPA_C31_32,2020,108.99
CY,CPA_C31_32,2021,131.7
CY,CPA_C31_32,2022,148.86
CZ,CPA_C31_32,2014,970.84
CZ,CPA_C31_32,2015,1046.78
CZ,CPA_C31_32,2016,1085.12
CZ,CPA_C31_32,2017,1204.17
CZ,CPA_C31_32,2018,1284.87
CZ,CPA_C31_32,2019,1376.24
CZ,CPA_C31_32,2020,1301.3
CZ,CPA_C31_32,2021,1578.39
CZ,CPA_C31_32,2022,1721.28
CZ,CPA_C31_32,2023,1804.16
CZ,CPA_C31_32,2024,1765.17
DE,CPA_C31_32,2014,40620.0
DE,CPA_C31_32,2015,44442.0
DE,CPA_C31_32,2016,45103.0
DE,CPA_C31_32,2017,46858.0
DE,CPA_C31_32,2018,47713.0
DE,CPA_C31_32,2019,49322.0
DE,CPA_C31_32,2020,53503.0
DE,CPA_C31_32,2021,58012.0
DE,CPA_C31_32,2022,61486.0
DK,CPA_C31_32,2014,2520.63
DK,CPA_C31_32,2015,2698.78
DK,CPA_C31_32,2016,2860.74
DK,CPA_C31_32,2017,2943.23
DK,CPA_C31_32,2018,3047.22
DK,CPA_C31_32,2019,3313.8
DK,CPA_C31_32,2020,3615.36
DK,CPA_C31_32,2021,4097.15
DK,CPA_C31_32,2022,4193.87
EA21,CPA_C31_32,2014,133571.0
EA21,CPA_C31_32,2015,137861.18
EA21,CPA_C31_32,2016,140462.95
EA21,CPA_C31_32,2017,146345.4
EA21,CPA_C31_32,2018,153930.0
EA21,CPA_C31_32,2019,159999.88
EA21,CPA_C31_32,2020,163157.95
EA21,CPA_C31_32,2021,178890.06
EA21,CPA_C31_32,2022,190581.89
EA21,CPA_C31_32,2023,197800.18
EA21,CPA_C31_32,2024,199489.79
EE,CPA_C31_32,2014,246.2
EE,CPA_C31_32,2015,257.98
EE,CPA_C31_32,2016,299.18
EE,CPA_C31_32,2017,308.18
EE,CPA_C31_32,2018,347.83
EE,CPA_C31_32,2019,373.68
EE,CPA_C31_32,2020,376.41
EE,CPA_C31_32,2021,434.64
EE,CPA_C31_32,2022,480.32
EL,CPA_C31_32,2014,1399.78
EL,CPA_C31_32,2015,1341.29
EL,CPA_C31_32,2016,1563.04
EL,CPA_C31_32,2017,1647.51
EL,CPA_C31_32,2018,1814.26
EL,CPA_C31_32,2019,1707.13
EL,CPA_C31_32,2020,1409.49
EL,CPA_C31_32,2021,1607.53
EL,CPA_C31_32,2022,2020.23
ES,CPA_C31_32,2014,11577.6
ES,CPA_C31_32,2015,12219.6
ES,CPA_C31_32,2016,11819.6
ES,CPA_C31_32,2017,11593.4
ES,CPA_C31_32,2018,12946.1
ES,CPA_C31_32,2019,13881.4
ES,CPA_C31_32,2020,13231.8
ES,CPA_C31_32,2021,14765.9
ES,CPA_C31_32,2022,14634.8
ES,CPA_C31_32,2023,17163.4
EU27_2020,CPA_C31_32,2014,147117.68
EU27_2020,CPA_C31_32,2015,152016.16
EU27_2020,CPA_C31_32,2016,155504.04
EU27_2020,CPA_C31_32,2017,162511.08
EU27_2020,CPA_C31_32,2018,170316.74
EU27_2020,CPA_C31_32,2019,177854.56
EU27_2020,CPA_C31_32,2020,181653.14
EU27_2020,CPA_C31_32,2021,200587.96
EU27_2020,CPA_C31_32,2022,212801.03
EU27_2020,CPA_C31_32,2023,220923.92
EU27_2020,CPA_C31_32,2024,223455.05
FI,CPA_C31_32,2014,2055.46
FI,CPA_C31_32,2015,1901.92
FI,CPA_C31_32,2016,1835.5
FI,CPA_C31_32,2017,1961.07
FI,CPA_C31_32,2018,2075.56
FI,CPA_C31_32,2019,2154.9
FI,CPA_C31_32,2020,2217.56
FI,CPA_C31_32,2021,2266.41
FI,CPA_C31_32,2022,2420.5
FI,CPA_C31_32,2023,2409.84
FR,CPA_C31_32,2014,30019.0
FR,CPA_C31_32,2015,31433.0
FR,CPA_C31_32,2016,32158.0
FR,CPA_C31_32,2017,33115.0
FR,CPA_C31_32,2018,34119.0
FR,CPA_C31_32,2019,36031.0
FR,CPA_C31_32,2020,34713.8
FR,CPA_C31_32,2021,37729.3
FR,CPA_C31_32,2022,39152.7
HR,CPA_C31_32,2014,611.71
HR,CPA_C31_32,2015,639.81
HR,CPA_C31_32,2016,531.56
HR,CPA_C31_32,2017,541.54
HR,CPA_C31_32,2018,582.19
HR,CPA_C31_32,2019,610.73
HR,CPA_C31_32,2020,529.29
HR,CPA_C31_32,2021,590.51
HR,CPA_C31_32,2022,808.46
HU,CPA_C31_32,2014,618.45
HU,CPA_C31_32,2015,648.49
HU,CPA_C31_32,2016,679.42
HU,CPA_C31_32,2017,789.86
HU,CPA_C31_32,2018,875.68
HU,CPA_C31_32,2019,999.8
HU,CPA_C31_32,2020,1015.0
HU,CPA_C31_32,2021,1114.91
HU,CPA_C31_32,2022,1155.24
HU,CPA_C31_32,2023,1364.55
IE,CPA_C31_32,2022,3636.45
IT,CPA_C31_32,2014,20829.17
IT,CPA_C31_32,2015,21494.3
IT,CPA_C31_32,2016,22518.2
IT,CPA_C31_32,2017,23079.9
IT,CPA_C31_32,2018,24271.0
IT,CPA_C31_32,2019,25538.1
IT,CPA_C31_32,2020,23356.3
IT,CPA_C31_32,2021,26227.2
IT,CPA_C31_32,2022,29250.5
LT,CPA_C31_32,2014,604.84
LT,CPA_C31_32,2015,588.93
LT,CPA_C31_32,2016,675.92
LT,CPA_C31_32,2017,734.74
LT,CPA_C31_32,2018,648.12
LT,CPA_C31_32,2019,852.95
LT,CPA_C31_32,2020,866.82
LT,CPA_C31_32,2021,986.87
LT,CPA_C31_32,2022,986.87
LU,CPA_C31_32,2014,226.22
LU,CPA_C31_32,2015,238.86
LU,CPA_C31_32,2016,244.74
LU,CPA_C31_32,2017,242.47
LU,CPA_C31_32,2018,248.63
LU,CPA_C31_32,2019,239.69
LU,CPA_C31_32,2020,211.94
LU,CPA_C31_32,2021,270.35
LU,CPA_C31_32,2022,269.29
LV,CPA_C31_32,2014,213.82
LV,CPA_C31_32,2015,234.65
LV,CPA_C31_32,2016,236.49
LV,CPA_C31_32,2017,247.01
LV,CPA_C31_32,2018,267.77
LV,CPA_C31_32,2019,287.91
LV,CPA_C31_32,2020,304.09
LV,CPA_C31_32,2021,297.3
LV,CPA_C31_32,2022,333.28
LV,CPA_C31_32,2023,519.66
MK,CPA_C31_32,2014,39.06
MK,CPA_C31_32,2015,34.33
MK,CPA_C31_32,2016,39.94
MK,CPA_C31_32,2017,41.14
MK,CPA_C31_32,2018,43.26
MK,CPA_C31_32,2019,47.0
MK,CPA_C31_32,2020,48.02
MK,CPA_C31_32,2021,50.16
MK,CPA_C31_32,2022,53.42
MK,CPA_C31_32,2023,55.69
MT,CPA_C31_32,2014,64.7
MT,CPA_C31_32,2015,72.0
MT,CPA_C31_32,2016,70.81
MT,CPA_C31_32,2017,76.32
MT,CPA_C31_32,2018,77.2
MT,CPA_C31_32,2019,87.86
MT,CPA_C31_32,2020,77.03
MT,CPA_C31_32,2021,91.72
MT,CPA_C31_32,2022,111.75
NL,CPA_C31_32,2014,9886.0
NL,CPA_C31_32,2015,10831.0
NL,CPA_C31_32,2016,11482.0
NL,CPA_C31_32,2017,12927.0
NL,CPA_C31_32,2018,13541.0
NL,CPA_C31_32,2019,14063.0
NL,CPA_C31_32,2020,13208.0
NL,CPA_C31_32,2021,14785.0
NL,CPA_C31_32,2022,15935.0
NL,CPA_C31_32,2023,16344.0
NL,CPA_C31_32,2024,17058.0
NO,CPA_C31_32,2014,3685.12
NO,CPA_C31_32,2015,3658.15
NO,CPA_C31_32,2016,3478.79
NO,CPA_C31_32,2017,3547.91
NO,CPA_C31_32,2018,3539.56
NO,CPA_C31_32,2019,3751.46
NO,CPA_C31_32,2020,3608.76
NO,CPA_C31_32,2021,4167.05
NO,CPA_C31_32,2022,4344.03
NO,CPA_C31_32,2023,3892.32
PL,CPA_C31_32,2014,4264.37
PL,CPA_C31_32,2015,4833.38
PL,CPA_C31_32,2016,5077.99
PL,CPA_C31_32,2017,5538.06
PL,CPA_C31_32,2018,5764.17
PL,CPA_C31_32,2019,6360.39
PL,CPA_C31_32,2020,5638.75
PL,CPA_C31_32,2021,6347.77
PL,CPA_C31_32,2022,6477.46
PT,CPA_C31_32,2014,1439.81
PT,CPA_C31_32,2015,1548.52
PT,CPA_C31_32,2016,1616.58
PT,CPA_C31_32,2017,1680.85
PT,CPA_C31_32,2018,1716.5
PT,CPA_C31_32,2019,1748.3
PT,CPA_C31_32,2020,1591.06
PT,CPA_C31_32,2021,1872.01
PT,CPA_C31_32,2022,2322.24
PT,CPA_C31_32,2023,2525.6
PT,CPA_C31_32,2024,2728.79
RO,CPA_C31_32,2014,1221.14
RO,CPA_C31_32,2015,1167.45
RO,CPA_C31_32,2016,1247.24
RO,CPA_C31_32,2017,1636.32
RO,CPA_C31_32,2018,1772.58
RO,CPA_C31_32,2019,1922.6
RO,CPA_C31_32,2020,2362.9
RO,CPA_C31_32,2021,2615.79
RO,CPA_C31_32,2022,3159.61
RS,CPA_C31_32,2014,153.04
RS,CPA_C31_32,2015,165.74
RS,CPA_C31_32,2016,168.25
RS,CPA_C31_32,2017,182.72
RS,CPA_C31_32,2018,227.41
RS,CPA_C31_32,2019,214.9
RS,CPA_C31_32,2020,439.4
RS,CPA_C31_32,2021,422.61
RS,CPA_C31_32,2022,544.25
SE,CPA_C31_32,2014,3736.67
SE,CPA_C31_32,2015,4033.57
SE,CPA_C31_32,2016,4357.52
SE,CPA_C31_32,2017,4301.6
SE,CPA_C31_32,2018,4059.28
SE,CPA_C31_32,2019,4413.69
SE,CPA_C31_32,2020,4637.0
SE,CPA_C31_32,2021,6061.99
SE,CPA_C31_32,2022,5585.82
SE,CPA_C31_32,2023,5400.83
SI,CPA_C31_32,2014,379.44
SI,CPA_C31_32,2015,383.37
SI,CPA_C31_32,2016,414.98
SI,CPA_C31_32,2017,442.4
SI,CPA_C31_32,2018,483.0
SI,CPA_C31_32,2019,514.44
SI,CPA_C31_32,2020,542.85
SI,CPA_C31_32,2021,631.57
SI,CPA_C31_32,2022,652.92
SI,CPA_C31_32,2023,713.65
SK,CPA_C31_32,2014,924.68
SK,CPA_C31_32,2015,967.79
SK,CPA_C31_32,2016,1099.32
SK,CPA_C31_32,2017,1053.17
SK,CPA_C31_32,2018,1201.97
SK,CPA_C31_32,2019,1341.58
SK,CPA_C31_32,2020,1284.82
SK,CPA_C31_32,2021,1234.0
SK,CPA_C31_32,2022,1319.3
TR,CPA_C31_32,2023,12416.87
XK,CPA_C31_32,2014,43160.0
XK,CPA_C31_32,2015,45831.0
XK,CPA_C31_32,2016,52671.0
XK,CPA_C31_32,2017,56390.0
XK,CPA_C31_32,2018,62399.0
XK,CPA_C31_32,2019,61649.0
BE,CPA_C32,2015,3649.2
BE,CPA_C32,2016,3894.73
BE,CPA_C32,2019,3770.6
BE,CPA_C32,2020,3634.2
BE,CPA_C32,2021,4106.9
BE,CPA_C32,2022,4307.9
BG,CPA_C32,2018,281.55
BG,CPA_C32,2019,282.11
BG,CPA_C32,2020,308.6
BG,CPA_C32,2021,344.15
BG,CPA_C32,2022,452.62
CZ,CPA_C32,2014,466.37
CZ,CPA_C32,2015,489.42
CZ,CPA_C32,2016,516.09
CZ,CPA_C32,2017,542.43
CZ,CPA_C32,2018,591.84
CZ,CPA_C32,2019,635.29
CZ,CPA_C32,2020,642.07
CZ,CPA_C32,2021,783.58
CZ,CPA_C32,2022,828.58
CZ,CPA_C32,2023,866.11
CZ,CPA_C32,2024,870.58
DK,CPA_C32,2015,1794.49
DK,CPA_C32,2016,1838.92
DK,CPA_C32,2017,1811.06
DK,CPA_C32,2018,1854.21
DK,CPA_C32,2019,1993.17
DK,CPA_C32,2020,2220.73
DK,CPA_C32,2021,2406.47
DK,CPA_C32,2022,2511.43
FR,CPA_C32,2021,27503.9
FR,CPA_C32,2022,28695.8
HR,CPA_C32,2014,317.27
HR,CPA_C32,2015,331.87
HR,CPA_C32,2016,296.22
HR,CPA_C32,2017,302.26
HR,CPA_C32,2018,324.91
HR,CPA_C32,2019,340.85
HR,CPA_C32,2020,295.17
HR,CPA_C32,2021,329.55
HR,CPA_C32,2022,451.1
HU,CPA_C32,2016,465.67
HU,CPA_C32,2017,540.66
HU,CPA_C32,2018,585.1
HU,CPA_C32,2019,661.87
HU,CPA_C32,2020,686.28
HU,CPA_C32,2021,759.23
HU,CPA_C32,2022,774.06
HU,CPA_C32,2023,909.43
LT,CPA_C32,2020,352.26
LT,CPA_C32,2021,382.08
LT,CPA_C32,2022,400.44
RO,CPA_C32,2014,430.0
RO,CPA_C32,2015,395.55
RO,CPA_C32,2016,461.45
RO,CPA_C32,2017,691.89
RO,CPA_C32,2018,795.55
RO,CPA_C32,2019,848.92
RO,CPA_C32,2020,1333.05
RO,CPA_C32,2021,1377.08
RO,CPA_C32,2022,1571.86
SK,CPA_C32,2014,557.37
SK,CPA_C32,2015,514.03
SK,CPA_C32,2016,579.31
SK,CPA_C32,2017,506.4
SK,CPA_C32,2018,555.48
SK,CPA_C32,2019,525.43
SK,CPA_C32,2020,621.76
SK,CPA_C32,2021,626.72
SK,CPA_C32,2022,552.08
AL,CPA_C33,2014,0.0
AL,CPA_C33,2015,0.0
AL,CPA_C33,2016,0.0
AL,CPA_C33,2017,0.0
AL,CPA_C33,2018,0.0
AL,CPA_C33,2019,0.0
AL,CPA_C33,2020,0.0
AL,CPA_C33,2021,0.0
AL,CPA_C33,2022,0.32
AL,CPA_C33,2023,1.01
AL,CPA_C33,2024,1.13
AT,CPA_C33,2014,0.0
AT,CPA_C33,2015,0.0
AT,CPA_C33,2016,0.0
AT,CPA_C33,2017,0.0
AT,CPA_C33,2018,0.0
AT,CPA_C33,2019,0.0
AT,CPA_C33,2020,0.0
AT,CPA_C33,2021,0.0
AT,CPA_C33,2022,0.0
BE,CPA_C33,2014,0.0
BE,CPA_C33,2015,0.0
BE,CPA_C33,2016,0.0
BE,CPA_C33,2017,0.0
BE,CPA_C33,2018,0.0
BE,CPA_C33,2019,0.0
BE,CPA_C33,2020,0.0
BE,CPA_C33,2021,0.0
BE,CPA_C33,2022,0.0
BG,CPA_C33,2014,32.57
BG,CPA_C33,2018,0.0
BG,CPA_C33,2019,0.0
BG,CPA_C33,2020,0.0
BG,CPA_C33,2021,0.0
BG,CPA_C33,2022,0.0
CY,CPA_C33,2014,0.0
CY,CPA_C33,2015,0.0
CY,CPA_C33,2016,0.0
CY,CPA_C33,2017,0.0
CY,CPA_C33,2018,0.0
CY,CPA_C33,2019,0.0
CY,CPA_C33,2020,0.0
CZ,CPA_C33,2014,0.0
CZ,CPA_C33,2015,0.0
CZ,CPA_C33,2016,0.0
CZ,CPA_C33,2017,0.0
CZ,CPA_C33,2018,0.0
CZ,CPA_C33,2019,0.0
CZ,CPA_C33,2020,0.0
CZ,CPA_C33,2021,0.0
CZ,CPA_C33,2022,0.0
CZ,CPA_C33,2023,0.0
CZ,CPA_C33,2024,0.0
DE,CPA_C33,2014,0.0
DE,CPA_C33,2015,0.0
DE,CPA_C33,2016,0.0
DE,CPA_C33,2017,0.0
DE,CPA_C33,2018,0.0
DE,CPA_C33,2019,0.0
DE,CPA_C33,2020,0.0
DE,CPA_C33,2021,0.0
DE,CPA_C33,2022,0.0
DK,CPA_C33,2014,0.0
DK,CPA_C33,2015,0.0
DK,CPA_C33,2016,0.0
DK,CPA_C33,2017,0.0
DK,CPA_C33,2018,0.0
DK,CPA_C33,2019,0.0
DK,CPA_C33,2020,0.0
DK,CPA_C33,2021,0.0
DK,CPA_C33,2022,0.0
EA21,CPA_C33,2014,46.73
EA21,CPA_C33,2015,51.53
EA21,CPA_C33,2016,32.36
EA21,CPA_C33,2017,31.02
EA21,CPA_C33,2018,22.94
EA21,CPA_C33,2019,20.18
EA21,CPA_C33,2020,17.59
EA21,CPA_C33,2021,4.65
EA21,CPA_C33,2022,96.53
EA21,CPA_C33,2023,62.72
EA21,CPA_C33,2024,97.53
EE,CPA_C33,2019,8.61
EE,CPA_C33,2020,3.27
EE,CPA_C33,2021,-5.45
EE,CPA_C33,2022,-0.23
EL,CPA_C33,2014,0.0
EL,CPA_C33,2015,0.0
EL,CPA_C33,2016,0.0
EL,CPA_C33,2017,0.0
EL,CPA_C33,2018,0.0
EL,CPA_C33,2019,0.0
EL,CPA_C33,2020,0.0
EL,CPA_C33,2021,0.0
EL,CPA_C33,2022,0.0
ES,CPA_C33,2014,0.0
ES,CPA_C33,2015,0.0
ES,CPA_C33,2016,0.0
ES,CPA_C33,2017,0.0
ES,CPA_C33,2018,0.0
ES,CPA_C33,2019,0.0
ES,CPA_C33,2020,0.0
ES,CPA_C33,2021,0.0
ES,CPA_C33,2022,0.0
ES,CPA_C33,2023,0.0
EU27_2020,CPA_C33,2014,68.26
EU27_2020,CPA_C33,2015,73.82
EU27_2020,CPA_C33,2016,56.13
EU27_2020,CPA_C33,2017,63.87
EU27_2020,CPA_C33,2018,53.75
EU27_2020,CPA_C33,2019,56.24
EU27_2020,CPA_C33,2020,60.1
EU27_2020,CPA_C33,2021,38.62
EU27_2020,CPA_C33,2022,148.1
EU27_2020,CPA_C33,2023,113.05
EU27_2020,CPA_C33,2024,169.16
FI,CPA_C33,2014,0.0
FI,CPA_C33,2015,0.0
FI,CPA_C33,2016,0.0
FI,CPA_C33,2017,0.0
FI,CPA_C33,2018,0.0
FI,CPA_C33,2019,0.0
FI,CPA_C33,2020,0.0
FI,CPA_C33,2021,0.0
FI,CPA_C33,2022,0.0
FI,CPA_C33,2023,0.0
FR,CPA_C33,2014,0.0
FR,CPA_C33,2015,0.0
FR,CPA_C33,2016,0.0
FR,CPA_C33,2017,0.0
FR,CPA_C33,2018,0.0
FR,CPA_C33,2019,0.0
FR,CPA_C33,2020,0.0
FR,CPA_C33,2021,0.0
FR,CPA_C33,2022,0.0
HR,CPA_C33,2014,5.88
HR,CPA_C33,2015,6.16
HR,CPA_C33,2016,6.24
HR,CPA_C33,2017,6.55
HR,CPA_C33,2018,7.03
HR,CPA_C33,2019,7.55
HR,CPA_C33,2020,6.46
HR,CPA_C33,2021,7.3
HR,CPA_C33,2022,76.39
HU,CPA_C33,2014,0.0
HU,CPA_C33,2015,0.0
HU,CPA_C33,2016,0.0
HU,CPA_C33,2017,0.0
HU,CPA_C33,2018,0.0
HU,CPA_C33,2019,0.0
HU,CPA_C33,2020,0.0
HU,CPA_C33,2021,0.0
HU,CPA_C33,2022,0.0
HU,CPA_C33,2023,0.0
IE,CPA_C33,2014,7.43
IE,CPA_C33,2015,18.51
IE,CPA_C33,2016,26.47
IE,CPA_C33,2017,14.69
IE,CPA_C33,2018,18.63
IE,CPA_C33,2019,2.93
IE,CPA_C33,2020,7.29
IE,CPA_C33,2021,2.96
IE,CPA_C33,2022,16.72
IT,CPA_C33,2014,0.0
IT,CPA_C33,2015,0.0
IT,CPA_C33,2016,0.0
IT,CPA_C33,2017,0.0
IT,CPA_C33,2018,0.0
IT,CPA_C33,2019,0.0
IT,CPA_C33,2020,0.0
IT,CPA_C33,2021,0.0
IT,CPA_C33,2022,0.0
LU,CPA_C33,2014,0.34
LU,CPA_C33,2015,0.41
LU,CPA_C33,2016,0.07
LU,CPA_C33,2017,0.04
LU,CPA_C33,2018,0.14
LU,CPA_C33,2019,0.13
LU,CPA_C33,2020,0.2
LU,CPA_C33,2021,0.28
LU,CPA_C33,2022,3.47
LV,CPA_C33,2014,0.0
LV,CPA_C33,2015,0.0
LV,CPA_C33,2016,0.0
LV,CPA_C33,2017,0.0
LV,CPA_C33,2018,0.0
LV,CPA_C33,2019,0.0
LV,CPA_C33,2020,0.0
LV,CPA_C33,2021,0.0
LV,CPA_C33,2022,0.0
LV,CPA_C33,2023,0.0
MK,CPA_C33,2022,0.0
MK,CPA_C33,2023,0.0
MT,CPA_C33,2014,0.0
MT,CPA_C33,2015,0.0
MT,CPA_C33,2016,0.0
MT,CPA_C33,2017,0.0
MT,CPA_C33,2018,0.0
MT,CPA_C33,2019,0.0
MT,CPA_C33,2020,0.0
MT,CPA_C33,2021,0.0
MT,CPA_C33,2022,0.0
NL,CPA_C33,2014,0.0
NL,CPA_C33,2015,0.0
NL,CPA_C33,2016,0.0
NL,CPA_C33,2017,0.0
NL,CPA_C33,2018,0.0
NL,CPA_C33,2019,0.0
NL,CPA_C33,2020,0.0
NL,CPA_C33,2021,0.0
NL,CPA_C33,2022,0.0
NL,CPA_C33,2023,0.0
NL,CPA_C33,2024,0.0
NO,CPA_C33,2014,0.0
NO,CPA_C33,2015,0.0
NO,CPA_C33,2016,0.0
NO,CPA_C33,2017,0.0
NO,CPA_C33,2018,0.0
NO,CPA_C33,2019,0.0
NO,CPA_C33,2020,0.0
NO,CPA_C33,2021,0.0
NO,CPA_C33,2022,0.0
NO,CPA_C33,2023,0.0
PL,CPA_C33,2014,0.0
PL,CPA_C33,2015,0.0
PL,CPA_C33,2016,0.0
PL,CPA_C33,2017,0.0
PL,CPA_C33,2018,0.0
PL,CPA_C33,2019,0.0
PL,CPA_C33,2020,0.0
PL,CPA_C33,2021,0.0
PL,CPA_C33,2022,0.0
PT,CPA_C33,2014,0.0
PT,CPA_C33,2015,0.0
PT,CPA_C33,2016,0.0
PT,CPA_C33,2017,0.0
PT,CPA_C33,2018,0.0
PT,CPA_C33,2019,0.0
PT,CPA_C33,2020,0.0
PT,CPA_C33,2021,0.0
PT,CPA_C33,2022,0.0
PT,CPA_C33,2023,0.0
PT,CPA_C33,2024,0.0
RO,CPA_C33,2014,21.54
RO,CPA_C33,2015,18.76
RO,CPA_C33,2016,22.43
RO,CPA_C33,2017,29.64
RO,CPA_C33,2018,33.41
RO,CPA_C33,2019,34.1
RO,CPA_C33,2020,33.96
RO,CPA_C33,2021,38.95
RO,CPA_C33,2022,51.47
RS,CPA_C33,2014,0.0
RS,CPA_C33,2015,0.0
RS,CPA_C33,2016,0.0
RS,CPA_C33,2017,0.0
RS,CPA_C33,2018,0.0
RS,CPA_C33,2019,0.0
RS,CPA_C33,2020,0.0
RS,CPA_C33,2021,0.0
RS,CPA_C33,2022,0.0
SE,CPA_C33,2015,3.63
SE,CPA_C33,2016,1.37
SE,CPA_C33,2017,3.22
SE,CPA_C33,2018,-0.78
SE,CPA_C33,2019,4.32
SE,CPA_C33,2020,9.35
SE,CPA_C33,2021,-4.83
SE,CPA_C33,2022,0.0
SE,CPA_C33,2023,1.74
SI,CPA_C33,2014,0.0
SI,CPA_C33,2015,0.0
SI,CPA_C33,2016,0.0
SI,CPA_C33,2017,0.0
SI,CPA_C33,2018,0.0
SI,CPA_C33,2019,0.0
SI,CPA_C33,2020,0.0
SI,CPA_C33,2021,0.0
SI,CPA_C33,2022,0.0
SI,CPA_C33,2023,0.0
SK,CPA_C33,2014,0.0
SK,CPA_C33,2015,0.0
SK,CPA_C33,2016,0.0
SK,CPA_C33,2017,0.0
SK,CPA_C33,2018,0.0
SK,CPA_C33,2019,0.0
SK,CPA_C33,2020,0.0
SK,CPA_C33,2021,0.0
SK,CPA_C33,2022,0.0
TR,CPA_C33,2023,0.0
XK,CPA_C33,2014,0.0
XK,CPA_C33,2015,0.0
XK,CPA_C33,2016,0.0
XK,CPA_C33,2017,0.0
XK,CPA_C33,2018,0.0
XK,CPA_C33,2019,0.0
AL,CPA_D,2014,0.0
AL,CPA_D,2015,0.0
AL,CPA_D,2016,0.0
AL,CPA_D,2017,0.0
AL,CPA_D,2018,12.03
AL,CPA_D,2019,30.3
AL,CPA_D,2020,48.73
AL,CPA_D,2021,38.12
AL,CPA_D,2022,3.46
AL,CPA_D,2023,6.16
AL,CPA_D,2024,6.13
AT,CPA_D,2014,0.0
AT,CPA_D,2015,0.0
AT,CPA_D,2016,0.0
AT,CPA_D,2017,0.0
AT,CPA_D,2018,0.0
AT,CPA_D,2019,0.0
AT,CPA_D,2020,0.0
AT,CPA_D,2021,0.0
AT,CPA_D,2022,0.0
BE,CPA_D,2014,0.0
BE,CPA_D,2015,0.0
BE,CPA_D,2016,0.0
BE,CPA_D,2017,0.0
BE,CPA_D,2018,0.0
BE,CPA_D,2019,0.0
BE,CPA_D,2020,0.0
BE,CPA_D,2021,0.0
BE,CPA_D,2022,0.0
BG,CPA_D,2014,0.0
BG,CPA_D,2018,0.0
BG,CPA_D,2019,0.0
BG,CPA_D,2020,0.0
BG,CPA_D,2021,0.0
BG,CPA_D,2022,0.0
CY,CPA_D,2014,0.0
CY,CPA_D,2015,0.0
CY,CPA_D,2016,0.0
CY,CPA_D,2017,0.0
CY,CPA_D,2018,0.0
CY,CPA_D,2019,0.0
CY,CPA_D,2020,0.0
CY,CPA_D,2021,0.0
CY,CPA_D,2022,0.0
CZ,CPA_D,2014,218.62
CZ,CPA_D,2015,315.52
CZ,CPA_D,2016,165.31
CZ,CPA_D,2017,329.41
CZ,CPA_D,2018,-15.28
CZ,CPA_D,2019,-233.5
CZ,CPA_D,2020,111.51
CZ,CPA_D,2021,0.0
CZ,CPA_D,2022,0.0
CZ,CPA_D,2023,156.93
CZ,CPA_D,2024,0.0
DE,CPA_D,2014,-4602.0
DE,CPA_D,2015,-5015.0
DE,CPA_D,2016,-9061.0
DE,CPA_D,2017,-9545.0
DE,CPA_D,2018,-10323.0
DE,CPA_D,2019,-12284.0
DE,CPA_D,2020,-13639.0
DE,CPA_D,2021,-13186.0
DE,CPA_D,2022,-11697.0
DK,CPA_D,2014,0.0
DK,CPA_D,2015,0.0
DK,CPA_D,2016,0.0
DK,CPA_D,2017,0.0
DK,CPA_D,2018,0.0
DK,CPA_D,2019,0.0
DK,CPA_D,2020,0.0
DK,CPA_D,2021,0.0
DK,CPA_D,2022,0.0
EA21,CPA_D,2014,-2562.33
EA21,CPA_D,2015,-12280.8
EA21,CPA_D,2016,-15705.12
EA21,CPA_D,2017,-15773.04
EA21,CPA_D,2018,-17320.35
EA21,CPA_D,2019,-17986.48
EA21,CPA_D,2020,-20009.39
EA21,CPA_D,2021,-28871.55
EA21,CPA_D,2022,-37810.9
EA21,CPA_D,2023,-36662.16
EA21,CPA_D,2024,-31012.25
EE,CPA_D,2019,0.0
EE,CPA_D,2020,0.0
EE,CPA_D,2021,0.0
EE,CPA_D,2022,0.0
EL,CPA_D,2014,0.0
EL,CPA_D,2015,0.0
EL,CPA_D,2016,0.0
EL,CPA_D,2017,0.0
EL,CPA_D,2018,0.0
EL,CPA_D,2019,0.0
EL,CPA_D,2020,0.0
EL,CPA_D,2021,0.0
EL,CPA_D,2022,0.0
ES,CPA_D,2014,1.0
ES,CPA_D,2015,0.9
ES,CPA_D,2016,13.9
ES,CPA_D,2017,10.0
ES,CPA_D,2018,8.2
ES,CPA_D,2019,8.2
ES,CPA_D,2020,6.7
ES,CPA_D,2021,2.9
ES,CPA_D,2022,8.2
ES,CPA_D,2023,2.5
EU27_2020,CPA_D,2014,-2849.82
EU27_2020,CPA_D,2015,-10425.35
EU27_2020,CPA_D,2016,-14115.81
EU27_2020,CPA_D,2017,-13897.68
EU27_2020,CPA_D,2018,-15563.4
EU27_2020,CPA_D,2019,-16519.43
EU27_2020,CPA_D,2020,-18677.71
EU27_2020,CPA_D,2021,-25792.88
EU27_2020,CPA_D,2022,-32285.5
EU27_2020,CPA_D,2023,-33784.81
EU27_2020,CPA_D,2024,-27964.55
FI,CPA_D,2014,0.0
FI,CPA_D,2015,0.0
FI,CPA_D,2016,0.0
FI,CPA_D,2017,0.0
FI,CPA_D,2018,0.0
FI,CPA_D,2019,0.0
FI,CPA_D,2020,0.0
FI,CPA_D,2021,0.0
FI,CPA_D,2022,0.0
FI,CPA_D,2023,0.0
FR,CPA_D,2014,1518.0
FR,CPA_D,2015,1536.0
FR,CPA_D,2016,1598.0
FR,CPA_D,2017,1609.0
FR,CPA_D,2018,1746.0
FR,CPA_D,2019,1846.0
FR,CPA_D,2020,1575.3
FR,CPA_D,2021,1820.9
FR,CPA_D,2022,2057.1
HR,CPA_D,2015,0.0
HR,CPA_D,2016,0.0
HR,CPA_D,2017,0.0
HR,CPA_D,2018,0.0
HR,CPA_D,2019,443.69
HR,CPA_D,2020,396.35
HR,CPA_D,2021,429.39
HR,CPA_D,2022,128.17
HU,CPA_D,2014,-500.44
HU,CPA_D,2015,-453.94
HU,CPA_D,2016,-650.83
HU,CPA_D,2017,-619.48
HU,CPA_D,2018,-576.51
HU,CPA_D,2019,-569.23
HU,CPA_D,2020,-445.92
HU,CPA_D,2021,-764.33
HU,CPA_D,2022,-342.11
HU,CPA_D,2023,1216.26
IE,CPA_D,2014,59.22
IE,CPA_D,2015,58.14
IE,CPA_D,2016,29.72
IE,CPA_D,2017,203.22
IE,CPA_D,2018,200.41
IE,CPA_D,2019,90.84
IE,CPA_D,2020,55.9
IE,CPA_D,2021,72.66
IE,CPA_D,2022,106.79
IT,CPA_D,2014,3.43
IT,CPA_D,2015,-11722.0
IT,CPA_D,2016,-11939.3
IT,CPA_D,2017,-12494.7
IT,CPA_D,2018,-13963.6
IT,CPA_D,2019,-13692.1
IT,CPA_D,2020,-11497.8
IT,CPA_D,2021,-17250.7
IT,CPA_D,2022,-29256.5
LT,CPA_D,2014,22.6
LT,CPA_D,2015,40.13
LT,CPA_D,2016,47.69
LT,CPA_D,2017,45.89
LT,CPA_D,2018,73.24
LT,CPA_D,2019,70.69
LT,CPA_D,2020,46.2
LT,CPA_D,2021,112.98
LT,CPA_D,2022,360.67
LU,CPA_D,2014,0.0
LU,CPA_D,2015,0.02
LU,CPA_D,2016,0.14
LU,CPA_D,2017,0.08
LU,CPA_D,2018,0.0
LU,CPA_D,2019,0.0
LU,CPA_D,2020,0.0
LU,CPA_D,2021,0.0
LU,CPA_D,2022,0.0
LV,CPA_D,2014,2.42
LV,CPA_D,2015,3.12
LV,CPA_D,2016,3.26
LV,CPA_D,2017,2.98
LV,CPA_D,2018,3.97
LV,CPA_D,2019,2.92
LV,CPA_D,2020,4.94
LV,CPA_D,2021,4.79
LV,CPA_D,2022,4.57
LV,CPA_D,2023,0.0
MK,CPA_D,2022,0.0
MK,CPA_D,2023,0.0
MT,CPA_D,2014,0.0
MT,CPA_D,2015,0.0
MT,CPA_D,2016,0.0
MT,CPA_D,2017,0.0
MT,CPA_D,2018,0.0
MT,CPA_D,2019,0.0
MT,CPA_D,2020,0.0
MT,CPA_D,2021,0.0
MT,CPA_D,2022,0.0
NL,CPA_D,2014,-559.0
NL,CPA_D,2015,-785.0
NL,CPA_D,2016,-990.0
NL,CPA_D,2017,-937.0
NL,CPA_D,2018,-1060.0
NL,CPA_D,2019,-1178.0
NL,CPA_D,2020,-1256.0
NL,CPA_D,2021,-1302.0
NL,CPA_D,2022,-770.0
NL,CPA_D,2023,-872.0
NL,CPA_D,2024,-483.0
NO,CPA_D,2014,0.0
NO,CPA_D,2015,0.0
NO,CPA_D,2016,0.0
NO,CPA_D,2017,0.0
NO,CPA_D,2018,0.0
NO,CPA_D,2019,0.0
NO,CPA_D,2020,0.0
NO,CPA_D,2021,0.0
NO,CPA_D,2022,0.0
NO,CPA_D,2023,0.0
PL,CPA_D,2014,0.0
PL,CPA_D,2015,0.0
PL,CPA_D,2016,0.0
PL,CPA_D,2017,0.0
PL,CPA_D,2018,0.0
PL,CPA_D,2019,0.0
PL,CPA_D,2020,0.0
PL,CPA_D,2021,0.0
PL,CPA_D,2022,0.0
PT,CPA_D,2014,0.01
PT,CPA_D,2015,0.01
PT,CPA_D,2016,0.0
PT,CPA_D,2017,0.0
PT,CPA_D,2018,0.0
PT,CPA_D,2019,0.01
PT,CPA_D,2020,0.0
PT,CPA_D,2021,0.0
PT,CPA_D,2022,0.0
PT,CPA_D,2023,0.0
PT,CPA_D,2024,0.0
RO,CPA_D,2014,0.0
RO,CPA_D,2015,0.0
RO,CPA_D,2016,0.0
RO,CPA_D,2017,0.0
RO,CPA_D,2018,0.0
RO,CPA_D,2019,0.0
RO,CPA_D,2020,0.0
RO,CPA_D,2021,0.0
RO,CPA_D,2022,0.0
RS,CPA_D,2014,0.0
RS,CPA_D,2015,0.0
RS,CPA_D,2016,0.0
RS,CPA_D,2017,22.55
RS,CPA_D,2018,27.6
RS,CPA_D,2019,25.38
RS,CPA_D,2020,0.0
RS,CPA_D,2021,0.0
RS,CPA_D,2022,0.0
SE,CPA_D,2014,0.11
SE,CPA_D,2015,1937.47
SE,CPA_D,2016,2008.17
SE,CPA_D,2017,2084.91
SE,CPA_D,2018,2278.99
SE,CPA_D,2019,2257.94
SE,CPA_D,2020,1663.84
SE,CPA_D,2021,3825.46
SE,CPA_D,2022,5849.23
SE,CPA_D,2023,1499.37
SI,CPA_D,2014,0.0
SI,CPA_D,2015,0.0
SI,CPA_D,2016,0.0
SI,CPA_D,2017,0.0
SI,CPA_D,2018,0.0
SI,CPA_D,2019,0.0
SI,CPA_D,2020,0.0
SI,CPA_D,2021,0.0
SI,CPA_D,2022,0.0
SI,CPA_D,2023,0.0
SK,CPA_D,2014,200.03
SK,CPA_D,2015,399.74
SK,CPA_D,2016,329.73
SK,CPA_D,2017,344.47
SK,CPA_D,2018,318.32
SK,CPA_D,2019,385.24
SK,CPA_D,2020,380.09
SK,CPA_D,2021,425.43
SK,CPA_D,2022,1219.61
TR,CPA_D,2023,129.41
XK,CPA_D,2014,0.0
XK,CPA_D,2015,0.0
XK,CPA_D,2016,0.0
XK,CPA_D,2017,0.0
XK,CPA_D,2018,0.0
XK,CPA_D,2019,0.0
AL,CPA_E36,2014,0.0
AL,CPA_E36,2015,0.0
AL,CPA_E36,2016,0.0
AL,CPA_E36,2017,0.0
AL,CPA_E36,2018,11.06
AL,CPA_E36,2019,0.0
AL,CPA_E36,2020,12.07
AL,CPA_E36,2021,0.84
AL,CPA_E36,2022,1.11
AL,CPA_E36,2023,0.83
AL,CPA_E36,2024,0.76
AT,CPA_E36,2014,0.0
AT,CPA_E36,2015,0.0
AT,CPA_E36,2016,0.0
AT,CPA_E36,2017,0.0
AT,CPA_E36,2018,0.0
AT,CPA_E36,2019,0.0
AT,CPA_E36,2020,0.0
AT,CPA_E36,2021,0.0
AT,CPA_E36,2022,0.0
BE,CPA_E36,2014,0.0
BE,CPA_E36,2015,0.0
BE,CPA_E36,2016,0.0
BE,CPA_E36,2017,0.0
BE,CPA_E36,2018,0.0
BE,CPA_E36,2019,0.0
BE,CPA_E36,2020,0.0
BE,CPA_E36,2021,0.0
BE,CPA_E36,2022,0.0
BG,CPA_E36,2014,0.0
BG,CPA_E36,2018,0.0
BG,CPA_E36,2019,0.0
BG,CPA_E36,2020,0.0
BG,CPA_E36,2021,0.0
BG,CPA_E36,2022,0.0
CY,CPA_E36,2014,0.0
CY,CPA_E36,2015,0.0
CY,CPA_E36,2016,0.0
CY,CPA_E36,2017,0.0
CY,CPA_E36,2018,0.0
CY,CPA_E36,2019,0.0
CY,CPA_E36,2020,0.0
CY,CPA_E36,2021,0.0
CY,CPA_E36,2022,0.0
CZ,CPA_E36,2014,0.0
CZ,CPA_E36,2015,0.0
CZ,CPA_E36,2016,0.0
CZ,CPA_E36,2017,0.0
CZ,CPA_E36,2018,0.0
CZ,CPA_E36,2019,0.0
CZ,CPA_E36,2020,0.0
CZ,CPA_E36,2021,0.0
CZ,CPA_E36,2022,0.0
CZ,CPA_E36,2023,0.0
CZ,CPA_E36,2024,0.0
DE,CPA_E36,2014,0.0
DE,CPA_E36,2015,0.0
DE,CPA_E36,2016,0.0
DE,CPA_E36,2017,0.0
DE,CPA_E36,2018,0.0
DE,CPA_E36,2019,0.0
DE,CPA_E36,2020,0.0
DE,CPA_E36,2021,0.0
DE,CPA_E36,2022,0.0
DK,CPA_E36,2014,0.0
DK,CPA_E36,2015,0.0
DK,CPA_E36,2016,0.0
DK,CPA_E36,2017,0.0
DK,CPA_E36,2018,0.0
DK,CPA_E36,2019,0.0
DK,CPA_E36,2020,0.0
DK,CPA_E36,2021,0.0
DK,CPA_E36,2022,0.0
EA21,CPA_E36,2014,4.33
EA21,CPA_E36,2015,2.76
EA21,CPA_E36,2016,1.21
EA21,CPA_E36,2017,31.68
EA21,CPA_E36,2018,18.12
EA21,CPA_E36,2019,0.16
EA21,CPA_E36,2020,5.06
EA21,CPA_E36,2021,6.45
EA21,CPA_E36,2022,7.33
EA21,CPA_E36,2023,7.29
EA21,CPA_E36,2024,7.57
EE,CPA_E36,2019,0.0
EE,CPA_E36,2020,0.0
EE,CPA_E36,2021,0.0
EE,CPA_E36,2022,0.0
EL,CPA_E36,2014,0.0
EL,CPA_E36,2015,0.0
EL,CPA_E36,2016,0.0
EL,CPA_E36,2017,0.0
EL,CPA_E36,2018,0.0
EL,CPA_E36,2019,0.0
EL,CPA_E36,2020,0.0
EL,CPA_E36,2021,0.0
EL,CPA_E36,2022,0.0
ES,CPA_E36,2014,0.0
ES,CPA_E36,2015,0.0
ES,CPA_E36,2016,0.0
ES,CPA_E36,2017,0.0
ES,CPA_E36,2018,0.0
ES,CPA_E36,2019,0.0
ES,CPA_E36,2020,0.0
ES,CPA_E36,2021,0.0
ES,CPA_E36,2022,0.0
ES,CPA_E36,2023,0.0
EU27_2020,CPA_E36,2014,6.96
EU27_2020,CPA_E36,2015,5.34
EU27_2020,CPA_E36,2016,3.97
EU27_2020,CPA_E36,2017,34.42
EU27_2020,CPA_E36,2018,20.71
EU27_2020,CPA_E36,2019,2.92
EU27_2020,CPA_E36,2020,7.79
EU27_2020,CPA_E36,2021,9.04
EU27_2020,CPA_E36,2022,9.82
EU27_2020,CPA_E36,2023,10.71
EU27_2020,CPA_E36,2024,10.6
FI,CPA_E36,2014,0.0
FI,CPA_E36,2015,0.0
FI,CPA_E36,2016,0.0
FI,CPA_E36,2017,0.0
FI,CPA_E36,2018,0.0
FI,CPA_E36,2019,0.0
FI,CPA_E36,2020,0.0
FI,CPA_E36,2021,0.0
FI,CPA_E36,2022,0.0
FI,CPA_E36,2023,0.0
FR,CPA_E36,2014,0.0
FR,CPA_E36,2015,0.0
FR,CPA_E36,2016,0.0
FR,CPA_E36,2017,0.0
FR,CPA_E36,2018,0.0
FR,CPA_E36,2019,0.0
FR,CPA_E36,2020,0.0
FR,CPA_E36,2021,0.0
FR,CPA_E36,2022,0.0
HR,CPA_E36,2015,0.0
HR,CPA_E36,2016,0.0
HR,CPA_E36,2017,0.0
HR,CPA_E36,2018,0.0
HU,CPA_E36,2014,0.0
HU,CPA_E36,2015,0.0
HU,CPA_E36,2016,0.0
HU,CPA_E36,2017,0.0
HU,CPA_E36,2018,0.0
HU,CPA_E36,2019,0.0
HU,CPA_E36,2020,0.0
HU,CPA_E36,2021,0.0
HU,CPA_E36,2022,0.0
HU,CPA_E36,2023,0.0
IE,CPA_E36,2014,4.32
IE,CPA_E36,2015,2.79
IE,CPA_E36,2016,1.26
IE,CPA_E36,2017,33.4
IE,CPA_E36,2018,18.54
IE,CPA_E36,2019,0.16
IE,CPA_E36,2020,4.97
IE,CPA_E36,2021,7.77
IE,CPA_E36,2022,7.23
IT,CPA_E36,2014,0.0
IT,CPA_E36,2015,0.0
IT,CPA_E36,2016,0.0
IT,CPA_E36,2017,0.0
IT,CPA_E36,2018,0.0
IT,CPA_E36,2019,0.0
IT,CPA_E36,2020,0.0
IT,CPA_E36,2021,0.0
IT,CPA_E36,2022,0.0
LU,CPA_E36,2014,0.0
LU,CPA_E36,2015,0.0
LU,CPA_E36,2016,0.0
LU,CPA_E36,2017,0.0
LU,CPA_E36,2018,0.0
LU,CPA_E36,2019,0.0
LU,CPA_E36,2020,0.0
LU,CPA_E36,2021,0.0
LU,CPA_E36,2022,0.0
LV,CPA_E36,2014,0.0
LV,CPA_E36,2015,0.0
LV,CPA_E36,2016,0.0
LV,CPA_E36,2017,0.0
LV,CPA_E36,2018,0.0
LV,CPA_E36,2019,0.0
LV,CPA_E36,2020,0.0
LV,CPA_E36,2021,0.0
LV,CPA_E36,2022,0.0
LV,CPA_E36,2023,0.0
MK,CPA_E36,2022,0.0
MK,CPA_E36,2023,0.0
MT,CPA_E36,2014,0.0
MT,CPA_E36,2015,0.0
MT,CPA_E36,2016,0.0
MT,CPA_E36,2017,0.0
MT,CPA_E36,2018,0.0
MT,CPA_E36,2019,0.0
MT,CPA_E36,2020,0.0
MT,CPA_E36,2021,0.0
MT,CPA_E36,2022,0.0
NL,CPA_E36,2014,0.0
NL,CPA_E36,2015,0.0
NL,CPA_E36,2016,0.0
NL,CPA_E36,2017,0.0
NL,CPA_E36,2018,0.0
NL,CPA_E36,2019,0.0
NL,CPA_E36,2020,0.0
NL,CPA_E36,2021,0.0
NL,CPA_E36,2022,0.0
NL,CPA_E36,2023,0.0
NL,CPA_E36,2024,0.0
NO,CPA_E36,2014,0.0
NO,CPA_E36,2015,0.0
NO,CPA_E36,2016,0.0
NO,CPA_E36,2017,0.0
NO,CPA_E36,2018,0.0
NO,CPA_E36,2019,0.0
NO,CPA_E36,2020,0.0
NO,CPA_E36,2021,0.0
NO,CPA_E36,2022,0.0
NO,CPA_E36,2023,0.0
PL,CPA_E36,2014,2.69
PL,CPA_E36,2015,2.73
PL,CPA_E36,2016,2.67
PL,CPA_E36,2017,2.7
PL,CPA_E36,2018,2.8
PL,CPA_E36,2019,2.95
PL,CPA_E36,2020,2.76
PL,CPA_E36,2021,2.57
PL,CPA_E36,2022,2.49
PT,CPA_E36,2014,0.0
PT,CPA_E36,2015,0.0
PT,CPA_E36,2016,0.0
PT,CPA_E36,2017,0.0
PT,CPA_E36,2018,0.0
PT,CPA_E36,2019,0.0
PT,CPA_E36,2020,0.0
PT,CPA_E36,2021,0.0
PT,CPA_E36,2022,0.0
PT,CPA_E36,2023,0.0
PT,CPA_E36,2024,0.0
RO,CPA_E36,2014,0.0
RO,CPA_E36,2015,0.0
RO,CPA_E36,2016,0.0
RO,CPA_E36,2017,0.0
RO,CPA_E36,2018,0.0
RO,CPA_E36,2019,0.0
RO,CPA_E36,2020,0.0
RO,CPA_E36,2021,0.0
RO,CPA_E36,2022,0.0
RS,CPA_E36,2014,0.0
RS,CPA_E36,2015,0.0
RS,CPA_E36,2016,0.0
RS,CPA_E36,2017,2.31
RS,CPA_E36,2018,0.0
RS,CPA_E36,2019,0.0
RS,CPA_E36,2020,0.0
RS,CPA_E36,2021,0.0
RS,CPA_E36,2022,0.0
SE,CPA_E36,2015,0.0
SE,CPA_E36,2016,0.0
SE,CPA_E36,2017,0.0
SE,CPA_E36,2018,0.0
SE,CPA_E36,2019,0.0
SE,CPA_E36,2020,0.0
SE,CPA_E36,2021,0.0
SE,CPA_E36,2022,0.0
SE,CPA_E36,2023,0.0
SI,CPA_E36,2014,0.0
SI,CPA_E36,2015,0.0
SI,CPA_E36,2016,0.0
SI,CPA_E36,2017,0.0
SI,CPA_E36,2018,0.0
SI,CPA_E36,2019,0.0
SI,CPA_E36,2020,0.0
SI,CPA_E36,2021,0.0
SI,CPA_E36,2022,0.0
SI,CPA_E36,2023,0.0
SK,CPA_E36,2014,0.0
SK,CPA_E36,2015,0.0
SK,CPA_E36,2016,0.0
SK,CPA_E36,2017,0.0
SK,CPA_E36,2018,0.0
SK,CPA_E36,2019,0.0
SK,CPA_E36,2020,0.0
SK,CPA_E36,2021,0.0
SK,CPA_E36,2022,0.0
TR,CPA_E36,2023,0.0
XK,CPA_E36,2014,0.0
XK,CPA_E36,2015,0.0
XK,CPA_E36,2016,0.0
XK,CPA_E36,2017,0.0
XK,CPA_E36,2018,0.0
XK,CPA_E36,2019,0.0
BE,CPA_E37,2015,0.4
BE,CPA_E37,2016,0.42
BE,CPA_E37,2019,0.5
BE,CPA_E37,2020,0.0
BE,CPA_E37,2021,0.0
BE,CPA_E37,2022,0.0
BG,CPA_E37,2018,0.0
BG,CPA_E37,2019,0.0
BG,CPA_E37,2020,0.0
BG,CPA_E37,2021,0.0
BG,CPA_E37,2022,0.0
CZ,CPA_E37,2014,0.0
CZ,CPA_E37,2015,0.0
CZ,CPA_E37,2016,0.0
CZ,CPA_E37,2017,0.0
CZ,CPA_E37,2018,0.0
CZ,CPA_E37,2019,0.0
CZ,CPA_E37,2020,0.0
CZ,CPA_E37,2021,0.0
CZ,CPA_E37,2022,0.0
CZ,CPA_E37,2023,0.0
CZ,CPA_E37,2024,0.0
DK,CPA_E37,2015,0.0
DK,CPA_E37,2016,0.0
DK,CPA_E37,2017,0.0
DK,CPA_E37,2018,0.0
DK,CPA_E37,2019,0.0
DK,CPA_E37,2020,0.0
DK,CPA_E37,2021,0.0
DK,CPA_E37,2022,0.0
FR,CPA_E37,2021,0.0
FR,CPA_E37,2022,0.0
HR,CPA_E37,2015,0.0
HR,CPA_E37,2016,0.0
HR,CPA_E37,2017,0.0
HR,CPA_E37,2018,0.0
HU,CPA_E37,2016,0.0
HU,CPA_E37,2017,0.0
HU,CPA_E37,2018,0.0
HU,CPA_E37,2019,0.0
HU,CPA_E37,2020,0.0
HU,CPA_E37,2021,0.0
HU,CPA_E37,2022,0.0
HU,CPA_E37,2023,0.0
RO,CPA_E37,2014,0.0
RO,CPA_E37,2015,0.0
RO,CPA_E37,2016,0.0
RO,CPA_E37,2017,0.0
RO,CPA_E37,2018,0.0
RO,CPA_E37,2019,0.0
RO,CPA_E37,2020,0.0
RO,CPA_E37,2021,0.0
RO,CPA_E37,2022,0.0
SK,CPA_E37,2014,0.0
SK,CPA_E37,2015,0.0
SK,CPA_E37,2016,0.0
SK,CPA_E37,2017,0.0
SK,CPA_E37,2018,0.0
SK,CPA_E37,2019,0.0
SK,CPA_E37,2020,0.0
SK,CPA_E37,2021,0.0
SK,CPA_E37,2022,0.0
AL,CPA_E37-39,2014,14.53
AL,CPA_E37-39,2015,18.52
AL,CPA_E37-39,2016,17.43
AL,CPA_E37-39,2017,20.05
AL,CPA_E37-39,2018,19.31
AL,CPA_E37-39,2019,77.98
AL,CPA_E37-39,2020,22.11
AL,CPA_E37-39,2021,12.9
AL,CPA_E37-39,2022,37.33
AL,CPA_E37-39,2023,42.87
AL,CPA_E37-39,2024,40.19
AT,CPA_E37-39,2014,516.24
AT,CPA_E37-39,2015,496.03
AT,CPA_E37-39,2016,403.62
AT,CPA_E37-39,2017,455.66
AT,CPA_E37-39,2018,496.17
AT,CPA_E37-39,2019,486.79
AT,CPA_E37-39,2020,411.65
AT,CPA_E37-39,2021,417.98
AT,CPA_E37-39,2022,401.92
BE,CPA_E37-39,2014,465.39
BE,CPA_E37-39,2015,411.3
BE,CPA_E37-39,2016,441.41
BE,CPA_E37-39,2017,420.9
BE,CPA_E37-39,2018,437.2
BE,CPA_E37-39,2019,451.3
BE,CPA_E37-39,2020,427.7
BE,CPA_E37-39,2021,594.4
BE,CPA_E37-39,2022,479.3
BG,CPA_E37-39,2014,51.87
BG,CPA_E37-39,2018,25.05
BG,CPA_E37-39,2019,25.26
BG,CPA_E37-39,2020,27.02
BG,CPA_E37-39,2021,39.01
BG,CPA_E37-39,2022,27.99
CY,CPA_E37-39,2014,3.39
CY,CPA_E37-39,2015,3.29
CY,CPA_E37-39,2016,3.48
CY,CPA_E37-39,2017,4.2
CY,CPA_E37-39,2018,4.88
CY,CPA_E37-39,2019,5.31
CY,CPA_E37-39,2020,5.93
CY,CPA_E37-39,2021,8.97
CY,CPA_E37-39,2022,11.01
CZ,CPA_E37-39,2014,171.59
CZ,CPA_E37-39,2015,165.66
CZ,CPA_E37-39,2016,177.63
CZ,CPA_E37-39,2017,193.34
CZ,CPA_E37-39,2018,210.94
CZ,CPA_E37-39,2019,237.4
CZ,CPA_E37-39,2020,257.72
CZ,CPA_E37-39,2021,310.37
CZ,CPA_E37-39,2022,330.25
CZ,CPA_E37-39,2023,331.49
CZ,CPA_E37-39,2024,371.78
DE,CPA_E37-39,2014,1957.0
DE,CPA_E37-39,2015,2030.0
DE,CPA_E37-39,2016,2186.0
DE,CPA_E37-39,2017,2607.0
DE,CPA_E37-39,2018,2437.0
DE,CPA_E37-39,2019,2157.0
DE,CPA_E37-39,2020,1766.0
DE,CPA_E37-39,2021,5619.0
DE,CPA_E37-39,2022,4582.0
DK,CPA_E37-39,2014,771.17
DK,CPA_E37-39,2015,501.2
DK,CPA_E37-39,2016,515.58
DK,CPA_E37-39,2017,503.88
DK,CPA_E37-39,2018,483.55
DK,CPA_E37-39,2019,435.74
DK,CPA_E37-39,2020,421.92
DK,CPA_E37-39,2021,328.66
DK,CPA_E37-39,2022,288.98
EA21,CPA_E37-39,2014,9138.41
EA21,CPA_E37-39,2015,8422.63
EA21,CPA_E37-39,2016,7352.03
EA21,CPA_E37-39,2017,8458.71
EA21,CPA_E37-39,2018,8919.97
EA21,CPA_E37-39,2019,8776.67
EA21,CPA_E37-39,2020,8516.85
EA21,CPA_E37-39,2021,14158.09
EA21,CPA_E37-39,2022,13402.51
EA21,CPA_E37-39,2023,13448.41
EA21,CPA_E37-39,2024,13134.79
EE,CPA_E37-39,2014,52.4
EE,CPA_E37-39,2015,39.34
EE,CPA_E37-39,2016,61.22
EE,CPA_E37-39,2017,43.88
EE,CPA_E37-39,2018,69.1
EE,CPA_E37-39,2019,39.9
EE,CPA_E37-39,2020,36.57
EE,CPA_E37-39,2021,89.36
EE,CPA_E37-39,2022,63.14
EL,CPA_E37-39,2014,0.0
EL,CPA_E37-39,2015,0.0
EL,CPA_E37-39,2016,0.0
EL,CPA_E37-39,2017,0.0
EL,CPA_E37-39,2018,0.0
EL,CPA_E37-39,2019,0.0
EL,CPA_E37-39,2020,0.0
EL,CPA_E37-39,2021,0.0
EL,CPA_E37-39,2022,0.0
ES,CPA_E37-39,2014,1684.4
ES,CPA_E37-39,2015,1692.0
ES,CPA_E37-39,2016,577.1
ES,CPA_E37-39,2017,606.7
ES,CPA_E37-39,2018,691.8
ES,CPA_E37-39,2019,882.8
ES,CPA_E37-39,2020,816.8
ES,CPA_E37-39,2021,996.0
ES,CPA_E37-39,2022,1346.4
ES,CPA_E37-39,2023,1677.7
EU27_2020,CPA_E37-39,2014,11088.57
EU27_2020,CPA_E37-39,2015,9912.63
EU27_2020,CPA_E37-39,2016,8825.32
EU27_2020,CPA_E37-39,2017,10049.77
EU27_2020,CPA_E37-39,2018,10541.37
EU27_2020,CPA_E37-39,2019,10409.52
EU27_2020,CPA_E37-39,2020,10186.58
EU27_2020,CPA_E37-39,2021,16126.52
EU27_2020,CPA_E37-39,2022,15166.9
EU27_2020,CPA_E37-39,2023,15394.12
EU27_2020,CPA_E37-39,2024,14933.39
FI,CPA_E37-39,2014,564.27
FI,CPA_E37-39,2015,471.54
FI,CPA_E37-39,2016,384.16
FI,CPA_E37-39,2017,398.11
FI,CPA_E37-39,2018,525.8
FI,CPA_E37-39,2019,459.65
FI,CPA_E37-39,2020,382.6
FI,CPA_E37-39,2021,584.25
FI,CPA_E37-39,2022,518.07
FI,CPA_E37-39,2023,495.43
FR,CPA_E37-39,2014,0.0
FR,CPA_E37-39,2015,0.0
FR,CPA_E37-39,2016,0.0
FR,CPA_E37-39,2017,0.0
FR,CPA_E37-39,2018,0.0
FR,CPA_E37-39,2019,0.0
FR,CPA_E37-39,2020,578.2
FR,CPA_E37-39,2021,693.6
FR,CPA_E37-39,2022,761.7
HR,CPA_E37-39,2015,0.0
HR,CPA_E37-39,2016,0.0
HR,CPA_E37-39,2017,0.0
HR,CPA_E37-39,2018,0.0
HU,CPA_E37-39,2014,100.89
HU,CPA_E37-39,2015,93.73
HU,CPA_E37-39,2016,94.33
HU,CPA_E37-39,2017,114.69
HU,CPA_E37-39,2018,124.61
HU,CPA_E37-39,2019,121.17
HU,CPA_E37-39,2020,100.14
HU,CPA_E37-39,2021,185.24
HU,CPA_E37-39,2022,178.74
HU,CPA_E37-39,2023,183.74
IE,CPA_E37-39,2014,15.92
IE,CPA_E37-39,2015,20.98
IE,CPA_E37-39,2016,12.58
IE,CPA_E37-39,2017,24.95
IE,CPA_E37-39,2018,97.67
IE,CPA_E37-39,2019,82.0
IE,CPA_E37-39,2020,42.7
IE,CPA_E37-39,2021,47.63
IE,CPA_E37-39,2022,91.41
IT,CPA_E37-39,2014,2993.55
IT,CPA_E37-39,2015,2778.1
IT,CPA_E37-39,2016,2551.2
IT,CPA_E37-39,2017,2945.0
IT,CPA_E37-39,2018,3112.2
IT,CPA_E37-39,2019,3181.3
IT,CPA_E37-39,2020,2925.1
IT,CPA_E37-39,2021,3924.7
IT,CPA_E37-39,2022,3949.9
LT,CPA_E37-39,2014,119.16
LT,CPA_E37-39,2015,145.7
LT,CPA_E37-39,2016,132.1
LT,CPA_E37-39,2017,147.6
LT,CPA_E37-39,2018,181.98
LT,CPA_E37-39,2019,165.95
LT,CPA_E37-39,2020,185.34
LT,CPA_E37-39,2021,218.48
LT,CPA_E37-39,2022,242.18
LU,CPA_E37-39,2014,46.47
LU,CPA_E37-39,2015,40.34
LU,CPA_E37-39,2016,28.45
LU,CPA_E37-39,2017,36.47
LU,CPA_E37-39,2018,31.95
LU,CPA_E37-39,2019,32.42
LU,CPA_E37-39,2020,30.07
LU,CPA_E37-39,2021,43.55
LU,CPA_E37-39,2022,37.92
LV,CPA_E37-39,2014,70.93
LV,CPA_E37-39,2015,57.29
LV,CPA_E37-39,2016,51.45
LV,CPA_E37-39,2017,72.13
LV,CPA_E37-39,2018,81.79
LV,CPA_E37-39,2019,84.81
LV,CPA_E37-39,2020,102.54
LV,CPA_E37-39,2021,124.23
LV,CPA_E37-39,2022,50.53
LV,CPA_E37-39,2023,59.08
MK,CPA_E37-39,2014,0.02
MK,CPA_E37-39,2018,1.87
MK,CPA_E37-39,2019,3.11
MK,CPA_E37-39,2020,2.36
MK,CPA_E37-39,2021,2.32
MK,CPA_E37-39,2022,2.45
MK,CPA_E37-39,2023,2.59
MT,CPA_E37-39,2014,7.86
MT,CPA_E37-39,2015,1.32
MT,CPA_E37-39,2016,1.27
MT,CPA_E37-39,2017,1.62
MT,CPA_E37-39,2018,1.62
MT,CPA_E37-39,2019,1.71
MT,CPA_E37-39,2020,1.63
MT,CPA_E37-39,2021,2.0
MT,CPA_E37-39,2022,2.25
NL,CPA_E37-39,2014,138.0
NL,CPA_E37-39,2015,132.0
NL,CPA_E37-39,2016,132.0
NL,CPA_E37-39,2017,136.0
NL,CPA_E37-39,2018,136.0
NL,CPA_E37-39,2019,131.0
NL,CPA_E37-39,2020,132.0
NL,CPA_E37-39,2021,154.0
NL,CPA_E37-39,2022,153.0
NL,CPA_E37-39,2023,139.0
NL,CPA_E37-39,2024,155.0
NO,CPA_E37-39,2014,370.58
NO,CPA_E37-39,2015,364.93
NO,CPA_E37-39,2016,361.76
NO,CPA_E37-39,2017,399.52
NO,CPA_E37-39,2018,422.37
NO,CPA_E37-39,2019,416.4
NO,CPA_E37-39,2020,420.79
NO,CPA_E37-39,2021,625.88
NO,CPA_E37-39,2022,668.24
NO,CPA_E37-39,2023,575.5
PL,CPA_E37-39,2014,0.0
PL,CPA_E37-39,2015,0.0
PL,CPA_E37-39,2016,0.0
PL,CPA_E37-39,2017,0.0
PL,CPA_E37-39,2018,0.0
PL,CPA_E37-39,2019,0.0
PL,CPA_E37-39,2020,0.0
PL,CPA_E37-39,2021,0.0
PL,CPA_E37-39,2022,0.0
PT,CPA_E37-39,2014,114.38
PT,CPA_E37-39,2015,113.31
PT,CPA_E37-39,2016,114.94
PT,CPA_E37-39,2017,137.66
PT,CPA_E37-39,2018,138.09
PT,CPA_E37-39,2019,127.5
PT,CPA_E37-39,2020,129.82
PT,CPA_E37-39,2021,136.7
PT,CPA_E37-39,2022,144.01
PT,CPA_E37-39,2023,138.48
PT,CPA_E37-39,2024,148.92
RO,CPA_E37-39,2014,36.61
RO,CPA_E37-39,2015,34.82
RO,CPA_E37-39,2016,40.35
RO,CPA_E37-39,2017,50.19
RO,CPA_E37-39,2018,51.74
RO,CPA_E37-39,2019,57.57
RO,CPA_E37-39,2020,56.42
RO,CPA_E37-39,2021,64.9
RO,CPA_E37-39,2022,95.07
RS,CPA_E37-39,2014,0.0
RS,CPA_E37-39,2015,0.0
RS,CPA_E37-39,2016,0.0
RS,CPA_E37-39,2017,0.0
RS,CPA_E37-39,2018,0.0
RS,CPA_E37-39,2019,0.0
RS,CPA_E37-39,2020,0.0
RS,CPA_E37-39,2021,0.0
RS,CPA_E37-39,2022,0.0
SE,CPA_E37-39,2014,852.82
SE,CPA_E37-39,2015,397.67
SE,CPA_E37-39,2016,373.28
SE,CPA_E37-39,2017,435.2
SE,CPA_E37-39,2018,437.47
SE,CPA_E37-39,2019,456.71
SE,CPA_E37-39,2020,521.9
SE,CPA_E37-39,2021,769.72
SE,CPA_E37-39,2022,664.94
SE,CPA_E37-39,2023,827.18
SI,CPA_E37-39,2014,264.06
SI,CPA_E37-39,2015,254.97
SI,CPA_E37-39,2016,237.84
SI,CPA_E37-39,2017,281.36
SI,CPA_E37-39,2018,315.19
SI,CPA_E37-39,2019,296.97
SI,CPA_E37-39,2020,236.43
SI,CPA_E37-39,2021,368.21
SI,CPA_E37-39,2022,419.28
SI,CPA_E37-39,2023,387.99
SK,CPA_E37-39,2014,10.31
SK,CPA_E37-39,2015,40.3
SK,CPA_E37-39,2016,39.34
SK,CPA_E37-39,2017,45.51
SK,CPA_E37-39,2018,53.32
SK,CPA_E37-39,2019,41.23
SK,CPA_E37-39,2020,59.79
SK,CPA_E37-39,2021,68.56
SK,CPA_E37-39,2022,125.3
TR,CPA_E37-39,2023,1491.63
XK,CPA_E37-39,2014,0.0
XK,CPA_E37-39,2015,0.0
XK,CPA_E37-39,2016,0.0
XK,CPA_E37-39,2017,0.0
XK,CPA_E37-39,2018,0.0
XK,CPA_E37-39,2019,0.0
BE,CPA_E38,2015,410.2
BE,CPA_E38,2016,440.24
BE,CPA_E38,2019,450.0
BE,CPA_E38,2020,427.7
BE,CPA_E38,2021,594.4
BE,CPA_E38,2022,479.3
BG,CPA_E38,2018,25.05
BG,CPA_E38,2019,25.26
BG,CPA_E38,2020,27.02
BG,CPA_E38,2021,39.01
BG,CPA_E38,2022,27.99
CZ,CPA_E38,2014,171.59
CZ,CPA_E38,2015,165.66
CZ,CPA_E38,2016,177.63
CZ,CPA_E38,2017,193.34
CZ,CPA_E38,2018,210.94
CZ,CPA_E38,2019,237.4
CZ,CPA_E38,2020,257.72
CZ,CPA_E38,2021,310.37
CZ,CPA_E38,2022,330.25
CZ,CPA_E38,2023,331.49
CZ,CPA_E38,2024,371.78
DK,CPA_E38,2015,501.2
DK,CPA_E38,2016,515.58
DK,CPA_E38,2017,503.88
DK,CPA_E38,2018,483.55
DK,CPA_E38,2019,435.74
DK,CPA_E38,2020,421.92
DK,CPA_E38,2021,328.66
DK,CPA_E38,2022,288.98
FR,CPA_E38,2021,693.6
FR,CPA_E38,2022,761.7
HR,CPA_E38,2015,0.0
HR,CPA_E38,2016,0.0
HR,CPA_E38,2017,0.0
HR,CPA_E38,2018,0.0
HU,CPA_E38,2016,94.33
HU,CPA_E38,2017,114.69
HU,CPA_E38,2018,124.61
HU,CPA_E38,2019,121.17
HU,CPA_E38,2020,100.14
HU,CPA_E38,2021,185.24
HU,CPA_E38,2022,178.74
HU,CPA_E38,2023,183.74
LT,CPA_E38,2020,185.34
LT,CPA_E38,2021,218.48
LT,CPA_E38,2022,242.18
RO,CPA_E38,2014,36.61
RO,CPA_E38,2015,34.82
RO,CPA_E38,2016,40.35
RO,CPA_E38,2017,50.19
RO,CPA_E38,2018,51.74
RO,CPA_E38,2019,57.57
RO,CPA_E38,2020,56.42
RO,CPA_E38,2021,64.9
RO,CPA_E38,2022,95.07
SK,CPA_E38,2014,10.31
SK,CPA_E38,2015,40.3
SK,CPA_E38,2016,39.34
SK,CPA_E38,2017,45.51
SK,CPA_E38,2018,53.32
SK,CPA_E38,2019,41.23
SK,CPA_E38,2020,59.79
SK,CPA_E38,2021,68.56
SK,CPA_E38,2022,125.3
BE,CPA_E39,2015,0.7
BE,CPA_E39,2016,0.75
BE,CPA_E39,2019,0.8
BE,CPA_E39,2020,0.0
BE,CPA_E39,2021,0.0
BE,CPA_E39,2022,0.0
BG,CPA_E39,2018,0.0
BG,CPA_E39,2019,0.0
BG,CPA_E39,2020,0.0
BG,CPA_E39,2021,0.0
BG,CPA_E39,2022,0.0
CZ,CPA_E39,2014,0.0
CZ,CPA_E39,2015,0.0
CZ,CPA_E39,2016,0.0
CZ,CPA_E39,2017,0.0
CZ,CPA_E39,2018,0.0
CZ,CPA_E39,2019,0.0
CZ,CPA_E39,2020,0.0
CZ,CPA_E39,2021,0.0
CZ,CPA_E39,2022,0.0
CZ,CPA_E39,2023,0.0
CZ,CPA_E39,2024,0.0
DK,CPA_E39,2015,0.0
DK,CPA_E39,2016,0.0
DK,CPA_E39,2017,0.0
DK,CPA_E39,2018,0.0
DK,CPA_E39,2019,0.0
DK,CPA_E39,2020,0.0
DK,CPA_E39,2021,0.0
DK,CPA_E39,2022,0.0
FR,CPA_E39,2021,0.0
FR,CPA_E39,2022,0.0
HR,CPA_E39,2015,0.0
HR,CPA_E39,2016,0.0
HR,CPA_E39,2017,0.0
HR,CPA_E39,2018,0.0
HU,CPA_E39,2016,0.0
HU,CPA_E39,2017,0.0
HU,CPA_E39,2018,0.0
HU,CPA_E39,2019,0.0
HU,CPA_E39,2020,0.0
HU,CPA_E39,2021,0.0
HU,CPA_E39,2022,0.0
HU,CPA_E39,2023,0.0
RO,CPA_E39,2014,0.0
RO,CPA_E39,2015,0.0
RO,CPA_E39,2016,0.0
RO,CPA_E39,2017,0.0
RO,CPA_E39,2018,0.0
RO,CPA_E39,2019,0.0
RO,CPA_E39,2020,0.0
RO,CPA_E39,2021,0.0
RO,CPA_E39,2022,0.0
SK,CPA_E39,2014,0.0
SK,CPA_E39,2015,0.0
SK,CPA_E39,2016,0.0
SK,CPA_E39,2017,0.0
SK,CPA_E39,2018,0.0
SK,CPA_E39,2019,0.0
SK,CPA_E39,2020,0.0
SK,CPA_E39,2021,0.0
SK,CPA_E39,2022,0.0
AL,CPA_F,2014,0.0
AL,CPA_F,2015,0.0
AL,CPA_F,2016,0.0
AL,CPA_F,2017,0.0
AL,CPA_F,2018,0.0
AL,CPA_F,2019,0.0
AL,CPA_F,2020,0.0
AL,CPA_F,2021,23.75
AL,CPA_F,2022,70.05
AL,CPA_F,2023,79.77
AL,CPA_F,2024,95.88
AT,CPA_F,2014,0.0
AT,CPA_F,2015,0.0
AT,CPA_F,2016,0.0
AT,CPA_F,2017,0.0
AT,CPA_F,2018,0.0
AT,CPA_F,2019,0.0
AT,CPA_F,2020,0.0
AT,CPA_F,2021,0.0
AT,CPA_F,2022,0.0
BE,CPA_F,2014,0.0
BE,CPA_F,2015,0.0
BE,CPA_F,2016,0.0
BE,CPA_F,2017,0.0
BE,CPA_F,2018,0.0
BE,CPA_F,2019,0.0
BE,CPA_F,2020,0.0
BE,CPA_F,2021,0.0
BE,CPA_F,2022,0.0
BG,CPA_F,2014,82.43
BG,CPA_F,2018,0.0
BG,CPA_F,2019,0.0
BG,CPA_F,2020,0.0
BG,CPA_F,2021,0.0
BG,CPA_F,2022,0.0
CY,CPA_F,2014,0.0
CY,CPA_F,2015,0.0
CY,CPA_F,2016,0.0
CY,CPA_F,2017,0.0
CY,CPA_F,2018,0.0
CY,CPA_F,2019,0.0
CY,CPA_F,2020,0.0
CY,CPA_F,2021,0.0
CY,CPA_F,2022,0.0
CZ,CPA_F,2014,0.0
CZ,CPA_F,2015,0.0
CZ,CPA_F,2016,0.0
CZ,CPA_F,2017,0.0
CZ,CPA_F,2018,0.0
CZ,CPA_F,2019,0.0
CZ,CPA_F,2020,0.0
CZ,CPA_F,2021,0.0
CZ,CPA_F,2022,0.0
CZ,CPA_F,2023,0.0
CZ,CPA_F,2024,0.0
DE,CPA_F,2014,0.0
DE,CPA_F,2015,0.0
DE,CPA_F,2016,0.0
DE,CPA_F,2017,0.0
DE,CPA_F,2018,0.0
DE,CPA_F,2019,0.0
DE,CPA_F,2020,0.0
DE,CPA_F,2021,0.0
DE,CPA_F,2022,0.0
DK,CPA_F,2014,0.0
DK,CPA_F,2015,0.0
DK,CPA_F,2016,0.0
DK,CPA_F,2017,0.0
DK,CPA_F,2018,0.0
DK,CPA_F,2019,0.0
DK,CPA_F,2020,0.0
DK,CPA_F,2021,0.0
DK,CPA_F,2022,0.0
EA21,CPA_F,2014,83.87
EA21,CPA_F,2015,63.45
EA21,CPA_F,2016,0.0
EA21,CPA_F,2017,0.0
EA21,CPA_F,2018,0.0
EA21,CPA_F,2019,0.0
EA21,CPA_F,2020,0.0
EA21,CPA_F,2021,0.0
EA21,CPA_F,2022,0.0
EA21,CPA_F,2023,0.0
EA21,CPA_F,2024,0.0
EE,CPA_F,2019,0.0
EE,CPA_F,2020,0.0
EE,CPA_F,2021,0.0
EE,CPA_F,2022,0.0
EL,CPA_F,2014,0.0
EL,CPA_F,2015,0.0
EL,CPA_F,2016,0.0
EL,CPA_F,2017,0.0
EL,CPA_F,2018,0.0
EL,CPA_F,2019,0.0
EL,CPA_F,2020,0.0
EL,CPA_F,2021,0.0
EL,CPA_F,2022,0.0
ES,CPA_F,2014,0.0
ES,CPA_F,2015,0.0
ES,CPA_F,2016,0.0
ES,CPA_F,2017,0.0
ES,CPA_F,2018,0.0
ES,CPA_F,2019,0.0
ES,CPA_F,2020,0.0
ES,CPA_F,2021,0.0
ES,CPA_F,2022,0.0
ES,CPA_F,2023,0.0
EU27_2020,CPA_F,2014,92.75
EU27_2020,CPA_F,2015,73.84
EU27_2020,CPA_F,2016,15.39
EU27_2020,CPA_F,2017,15.69
EU27_2020,CPA_F,2018,18.8
EU27_2020,CPA_F,2019,20.24
EU27_2020,CPA_F,2020,18.26
EU27_2020,CPA_F,2021,22.26
EU27_2020,CPA_F,2022,34.65
EU27_2020,CPA_F,2023,30.27
EU27_2020,CPA_F,2024,29.5
FI,CPA_F,2014,0.0
FI,CPA_F,2015,0.0
FI,CPA_F,2016,0.0
FI,CPA_F,2017,0.0
FI,CPA_F,2018,0.0
FI,CPA_F,2019,0.0
FI,CPA_F,2020,0.0
FI,CPA_F,2021,0.0
FI,CPA_F,2022,0.0
FI,CPA_F,2023,0.0
FR,CPA_F,2014,0.0
FR,CPA_F,2015,0.0
FR,CPA_F,2016,0.0
FR,CPA_F,2017,0.0
FR,CPA_F,2018,0.0
FR,CPA_F,2019,0.0
FR,CPA_F,2020,0.0
FR,CPA_F,2021,0.0
FR,CPA_F,2022,0.0
HR,CPA_F,2015,0.0
HR,CPA_F,2016,0.0
HR,CPA_F,2017,0.0
HR,CPA_F,2018,0.0
HU,CPA_F,2014,0.0
HU,CPA_F,2015,0.0
HU,CPA_F,2016,0.0
HU,CPA_F,2017,0.0
HU,CPA_F,2018,0.0
HU,CPA_F,2019,0.0
HU,CPA_F,2020,0.0
HU,CPA_F,2021,0.0
HU,CPA_F,2022,0.0
HU,CPA_F,2023,0.0
IE,CPA_F,2014,0.0
IE,CPA_F,2015,0.0
IE,CPA_F,2016,0.0
IE,CPA_F,2017,0.0
IE,CPA_F,2018,0.0
IE,CPA_F,2019,0.0
IE,CPA_F,2020,0.0
IE,CPA_F,2021,0.0
IE,CPA_F,2022,0.0
IT,CPA_F,2014,0.0
IT,CPA_F,2015,0.0
IT,CPA_F,2016,0.0
IT,CPA_F,2017,0.0
IT,CPA_F,2018,0.0
IT,CPA_F,2019,0.0
IT,CPA_F,2020,0.0
IT,CPA_F,2021,0.0
IT,CPA_F,2022,0.0
LU,CPA_F,2014,0.0
LU,CPA_F,2015,0.0
LU,CPA_F,2016,0.0
LU,CPA_F,2017,0.0
LU,CPA_F,2018,0.0
LU,CPA_F,2019,0.0
LU,CPA_F,2020,0.0
LU,CPA_F,2021,0.0
LU,CPA_F,2022,0.0
LV,CPA_F,2014,0.0
LV,CPA_F,2015,0.0
LV,CPA_F,2016,0.0
LV,CPA_F,2017,0.0
LV,CPA_F,2018,0.0
LV,CPA_F,2019,0.0
LV,CPA_F,2020,0.0
LV,CPA_F,2021,0.0
LV,CPA_F,2022,0.0
LV,CPA_F,2023,0.0
MK,CPA_F,2022,0.0
MK,CPA_F,2023,0.0
MT,CPA_F,2014,0.0
MT,CPA_F,2015,0.0
MT,CPA_F,2016,0.0
MT,CPA_F,2017,0.0
MT,CPA_F,2018,0.0
MT,CPA_F,2019,0.0
MT,CPA_F,2020,0.0
MT,CPA_F,2021,0.0
MT,CPA_F,2022,0.0
NL,CPA_F,2014,0.0
NL,CPA_F,2015,0.0
NL,CPA_F,2016,0.0
NL,CPA_F,2017,0.0
NL,CPA_F,2018,0.0
NL,CPA_F,2019,0.0
NL,CPA_F,2020,0.0
NL,CPA_F,2021,0.0
NL,CPA_F,2022,0.0
NL,CPA_F,2023,0.0
NL,CPA_F,2024,0.0
NO,CPA_F,2014,0.0
NO,CPA_F,2015,0.0
NO,CPA_F,2016,0.0
NO,CPA_F,2017,0.0
NO,CPA_F,2018,0.0
NO,CPA_F,2019,0.0
NO,CPA_F,2020,0.0
NO,CPA_F,2021,0.0
NO,CPA_F,2022,0.0
NO,CPA_F,2023,0.0
PL,CPA_F,2014,0.0
PL,CPA_F,2015,0.0
PL,CPA_F,2016,0.0
PL,CPA_F,2017,0.0
PL,CPA_F,2018,0.0
PL,CPA_F,2019,0.0
PL,CPA_F,2020,0.0
PL,CPA_F,2021,0.0
PL,CPA_F,2022,0.0
PT,CPA_F,2014,0.0
PT,CPA_F,2015,0.0
PT,CPA_F,2016,0.0
PT,CPA_F,2017,0.0
PT,CPA_F,2018,0.0
PT,CPA_F,2019,0.0
PT,CPA_F,2020,0.0
PT,CPA_F,2021,0.0
PT,CPA_F,2022,0.0
PT,CPA_F,2023,0.0
PT,CPA_F,2024,0.0
RO,CPA_F,2014,8.89
RO,CPA_F,2015,10.39
RO,CPA_F,2016,15.39
RO,CPA_F,2017,15.69
RO,CPA_F,2018,20.11
RO,CPA_F,2019,21.79
RO,CPA_F,2020,18.29
RO,CPA_F,2021,22.31
RO,CPA_F,2022,34.55
RS,CPA_F,2014,0.0
RS,CPA_F,2015,0.0
RS,CPA_F,2016,0.0
RS,CPA_F,2017,0.0
RS,CPA_F,2018,0.0
RS,CPA_F,2019,0.0
RS,CPA_F,2020,0.0
RS,CPA_F,2021,0.0
RS,CPA_F,2022,0.0
SE,CPA_F,2015,0.0
SE,CPA_F,2016,0.0
SE,CPA_F,2017,0.0
SE,CPA_F,2018,0.0
SE,CPA_F,2019,0.0
SE,CPA_F,2020,0.0
SE,CPA_F,2021,0.0
SE,CPA_F,2022,0.0
SE,CPA_F,2023,0.0
SI,CPA_F,2014,0.0
SI,CPA_F,2015,0.0
SI,CPA_F,2016,0.0
SI,CPA_F,2017,0.0
SI,CPA_F,2018,0.0
SI,CPA_F,2019,0.0
SI,CPA_F,2020,0.0
SI,CPA_F,2021,0.0
SI,CPA_F,2022,0.0
SI,CPA_F,2023,0.0
SK,CPA_F,2014,0.0
SK,CPA_F,2015,0.0
SK,CPA_F,2016,0.0
SK,CPA_F,2017,0.0
SK,CPA_F,2018,0.0
SK,CPA_F,2019,0.0
SK,CPA_F,2020,0.0
SK,CPA_F,2021,0.0
SK,CPA_F,2022,0.0
TR,CPA_F,2023,0.0
XK,CPA_F,2014,0.0
XK,CPA_F,2015,0.0
XK,CPA_F,2016,0.0
XK,CPA_F,2017,0.0
XK,CPA_F,2018,0.0
XK,CPA_F,2019,0.0
BE,CPA_F41,2015,0.0
BE,CPA_F41,2016,0.0
BE,CPA_F41,2019,0.0
BE,CPA_F41,2020,0.0
BE,CPA_F41,2021,0.0
BE,CPA_F41,2022,0.0
BG,CPA_F41,2018,0.0
BG,CPA_F41,2019,0.0
BG,CPA_F41,2020,0.0
BG,CPA_F41,2021,0.0
BG,CPA_F41,2022,0.0
CZ,CPA_F41,2014,0.0
CZ,CPA_F41,2015,0.0
CZ,CPA_F41,2016,0.0
CZ,CPA_F41,2017,0.0
CZ,CPA_F41,2018,0.0
CZ,CPA_F41,2019,0.0
CZ,CPA_F41,2020,0.0
CZ,CPA_F41,2021,0.0
CZ,CPA_F41,2022,0.0
CZ,CPA_F41,2023,0.0
CZ,CPA_F41,2024,0.0
DK,CPA_F41,2015,0.0
DK,CPA_F41,2016,0.0
DK,CPA_F41,2017,0.0
DK,CPA_F41,2018,0.0
DK,CPA_F41,2019,0.0
DK,CPA_F41,2020,0.0
DK,CPA_F41,2021,0.0
DK,CPA_F41,2022,0.0
FR,CPA_F41,2021,0.0
FR,CPA_F41,2022,0.0
HR,CPA_F41,2015,0.0
HR,CPA_F41,2016,0.0
HR,CPA_F41,2017,0.0
HR,CPA_F41,2018,0.0
HU,CPA_F41,2016,0.0
HU,CPA_F41,2017,0.0
HU,CPA_F41,2018,0.0
HU,CPA_F41,2019,0.0
HU,CPA_F41,2020,0.0
HU,CPA_F41,2021,0.0
HU,CPA_F41,2022,0.0
HU,CPA_F41,2023,0.0
RO,CPA_F41,2014,0.0
RO,CPA_F41,2015,0.0
RO,CPA_F41,2016,0.0
RO,CPA_F41,2017,0.0
RO,CPA_F41,2018,0.0
RO,CPA_F41,2019,0.0
RO,CPA_F41,2020,0.0
RO,CPA_F41,2021,0.0
RO,CPA_F41,2022,0.0
SK,CPA_F41,2014,0.0
SK,CPA_F41,2015,0.0
SK,CPA_F41,2016,0.0
SK,CPA_F41,2017,0.0
SK,CPA_F41,2018,0.0
SK,CPA_F41,2019,0.0
SK,CPA_F41,2020,0.0
SK,CPA_F41,2021,0.0
SK,CPA_F41,2022,0.0
BE,CPA_F42,2015,0.0
BE,CPA_F42,2016,0.0
BE,CPA_F42,2019,0.0
BE,CPA_F42,2020,0.0
BE,CPA_F42,2021,0.0
BE,CPA_F42,2022,0.0
BG,CPA_F42,2018,0.0
BG,CPA_F42,2019,0.0
BG,CPA_F42,2020,0.0
BG,CPA_F42,2021,0.0
BG,CPA_F42,2022,0.0
CZ,CPA_F42,2014,0.0
CZ,CPA_F42,2015,0.0
CZ,CPA_F42,2016,0.0
CZ,CPA_F42,2017,0.0
CZ,CPA_F42,2018,0.0
CZ,CPA_F42,2019,0.0
CZ,CPA_F42,2020,0.0
CZ,CPA_F42,2021,0.0
CZ,CPA_F42,2022,0.0
CZ,CPA_F42,2023,0.0
CZ,CPA_F42,2024,0.0
DK,CPA_F42,2015,0.0
DK,CPA_F42,2016,0.0
DK,CPA_F42,2017,0.0
DK,CPA_F42,2018,0.0
DK,CPA_F42,2019,0.0
DK,CPA_F42,2020,0.0
DK,CPA_F42,2021,0.0
DK,CPA_F42,2022,0.0
FR,CPA_F42,2021,0.0
FR,CPA_F42,2022,0.0
HR,CPA_F42,2015,0.0
HR,CPA_F42,2016,0.0
HR,CPA_F42,2017,0.0
HR,CPA_F42,2018,0.0
HU,CPA_F42,2016,0.0
HU,CPA_F42,2017,0.0
HU,CPA_F42,2018,0.0
HU,CPA_F42,2019,0.0
HU,CPA_F42,2020,0.0
HU,CPA_F42,2021,0.0
HU,CPA_F42,2022,0.0
HU,CPA_F42,2023,0.0
RO,CPA_F42,2014,0.0
RO,CPA_F42,2015,0.0
RO,CPA_F42,2016,0.0
RO,CPA_F42,2017,0.0
RO,CPA_F42,2018,0.0
RO,CPA_F42,2019,0.0
RO,CPA_F42,2020,0.0
RO,CPA_F42,2021,0.0
RO,CPA_F42,2022,0.0
SK,CPA_F42,2014,0.0
SK,CPA_F42,2015,0.0
SK,CPA_F42,2016,0.0
SK,CPA_F42,2017,0.0
SK,CPA_F42,2018,0.0
SK,CPA_F42,2019,0.0
SK,CPA_F42,2020,0.0
SK,CPA_F42,2021,0.0
SK,CPA_F42,2022,0.0
BE,CPA_F43,2015,0.0
BE,CPA_F43,2016,0.0
BE,CPA_F43,2019,0.0
BE,CPA_F43,2020,0.0
BE,CPA_F43,2021,0.0
BE,CPA_F43,2022,0.0
BG,CPA_F43,2018,0.0
BG,CPA_F43,2019,0.0
BG,CPA_F43,2020,0.0
BG,CPA_F43,2021,0.0
BG,CPA_F43,2022,0.0
CZ,CPA_F43,2014,0.0
CZ,CPA_F43,2015,0.0
CZ,CPA_F43,2016,0.0
CZ,CPA_F43,2017,0.0
CZ,CPA_F43,2018,0.0
CZ,CPA_F43,2019,0.0
CZ,CPA_F43,2020,0.0
CZ,CPA_F43,2021,0.0
CZ,CPA_F43,2022,0.0
CZ,CPA_F43,2023,0.0
CZ,CPA_F43,2024,0.0
DK,CPA_F43,2015,0.0
DK,CPA_F43,2016,0.0
DK,CPA_F43,2017,0.0
DK,CPA_F43,2018,0.0
DK,CPA_F43,2019,0.0
DK,CPA_F43,2020,0.0
DK,CPA_F43,2021,0.0
DK,CPA_F43,2022,0.0
FR,CPA_F43,2021,0.0
FR,CPA_F43,2022,0.0
HR,CPA_F43,2015,0.0
HR,CPA_F43,2016,0.0
HR,CPA_F43,2017,0.0
HR,CPA_F43,2018,0.0
HU,CPA_F43,2016,0.0
HU,CPA_F43,2017,0.0
HU,CPA_F43,2018,0.0
HU,CPA_F43,2019,0.0
HU,CPA_F43,2020,0.0
HU,CPA_F43,2021,0.0
HU,CPA_F43,2022,0.0
HU,CPA_F43,2023,0.0
RO,CPA_F43,2014,8.89
RO,CPA_F43,2015,10.39
RO,CPA_F43,2016,15.39
RO,CPA_F43,2017,15.69
RO,CPA_F43,2018,20.11
RO,CPA_F43,2019,21.79
RO,CPA_F43,2020,18.29
RO,CPA_F43,2021,22.31
RO,CPA_F43,2022,34.55
SK,CPA_F43,2014,0.0
SK,CPA_F43,2015,0.0
SK,CPA_F43,2016,0.0
SK,CPA_F43,2017,0.0
SK,CPA_F43,2018,0.0
SK,CPA_F43,2019,0.0
SK,CPA_F43,2020,0.0
SK,CPA_F43,2021,0.0
SK,CPA_F43,2022,0.0
AL,CPA_G45,2014,-172.32
AL,CPA_G45,2015,-74.85
AL,CPA_G45,2016,-56.86
AL,CPA_G45,2017,-44.75
AL,CPA_G45,2018,-52.25
AL,CPA_G45,2019,-8.5
AL,CPA_G45,2020,-5.52
AL,CPA_G45,2021,-10.43
AL,CPA_G45,2022,-14.13
AL,CPA_G45,2023,-43.18
AL,CPA_G45,2024,-78.08
AT,CPA_G45,2014,-2520.03
AT,CPA_G45,2015,-2709.71
AT,CPA_G45,2016,-2961.86
AT,CPA_G45,2017,-3241.6
AT,CPA_G45,2018,-3015.53
AT,CPA_G45,2019,-3142.45
AT,CPA_G45,2020,-2591.37
AT,CPA_G45,2021,-3156.72
AT,CPA_G45,2022,-3377.29
BE,CPA_G45,2014,-5170.35
BE,CPA_G45,2015,-5697.7
BE,CPA_G45,2016,-6043.1
BE,CPA_G45,2017,-6147.9
BE,CPA_G45,2018,-6363.9
BE,CPA_G45,2019,-6538.27
BE,CPA_G45,2020,-6159.9
BE,CPA_G45,2021,-6756.9
BE,CPA_G45,2022,-7198.7
BG,CPA_G45,2014,-812.47
BG,CPA_G45,2018,-958.89
BG,CPA_G45,2019,-859.97
BG,CPA_G45,2020,-669.05
BG,CPA_G45,2021,-942.7
BG,CPA_G45,2022,-1316.66
CY,CPA_G45,2014,-94.4
CY,CPA_G45,2015,-91.88
CY,CPA_G45,2016,-101.73
CY,CPA_G45,2017,-110.05
CY,CPA_G45,2018,-117.13
CY,CPA_G45,2019,-121.32
CY,CPA_G45,2020,-116.89
CY,CPA_G45,2021,-137.91
CY,CPA_G45,2022,-159.99
CZ,CPA_G45,2014,-2119.59
CZ,CPA_G45,2015,-2415.81
CZ,CPA_G45,2016,-2579.6
CZ,CPA_G45,2017,-2777.82
CZ,CPA_G45,2018,-2875.19
CZ,CPA_G45,2019,-3421.35
CZ,CPA_G45,2020,-2930.07
CZ,CPA_G45,2021,-3350.12
CZ,CPA_G45,2022,-3783.11
CZ,CPA_G45,2023,-4351.07
CZ,CPA_G45,2024,-4386.74
DE,CPA_G45,2014,-38425.0
DE,CPA_G45,2015,-41590.0
DE,CPA_G45,2016,-42081.0
DE,CPA_G45,2017,-39922.0
DE,CPA_G45,2018,-45405.0
DE,CPA_G45,2019,-53146.0
DE,CPA_G45,2020,-45693.0
DE,CPA_G45,2021,-61388.0
DE,CPA_G45,2022,-96894.0
DK,CPA_G45,2014,-2929.86
DK,CPA_G45,2015,-3055.78
DK,CPA_G45,2016,-3197.83
DK,CPA_G45,2017,-3215.95
DK,CPA_G45,2018,-3421.88
DK,CPA_G45,2019,-3664.4
DK,CPA_G45,2020,-3431.65
DK,CPA_G45,2021,-3923.09
DK,CPA_G45,2022,-3931.79
EA21,CPA_G45,2014,-113413.62
EA21,CPA_G45,2015,-117156.01
EA21,CPA_G45,2016,-125960.3
EA21,CPA_G45,2017,-130407.8
EA21,CPA_G45,2018,-137266.18
EA21,CPA_G45,2019,-148247.47
EA21,CPA_G45,2020,-130919.56
EA21,CPA_G45,2021,-152160.85
EA21,CPA_G45,2022,-195187.74
EA21,CPA_G45,2023,-215520.77
EA21,CPA_G45,2024,-213834.44
EE,CPA_G45,2014,-283.96
EE,CPA_G45,2015,-286.11
EE,CPA_G45,2016,-320.65
EE,CPA_G45,2017,-356.34
EE,CPA_G45,2018,-381.12
EE,CPA_G45,2019,-399.88
EE,CPA_G45,2020,-344.23
EE,CPA_G45,2021,-390.6
EE,CPA_G45,2022,-488.79
EL,CPA_G45,2014,-1751.76
EL,CPA_G45,2015,-1990.06
EL,CPA_G45,2016,-2172.02
EL,CPA_G45,2017,-2363.56
EL,CPA_G45,2018,-2523.06
EL,CPA_G45,2019,-2461.85
EL,CPA_G45,2020,-1677.24
EL,CPA_G45,2021,-1734.07
EL,CPA_G45,2022,-1690.76
ES,CPA_G45,2014,-10121.3
ES,CPA_G45,2015,-10855.2
ES,CPA_G45,2016,-10740.9
ES,CPA_G45,2017,-12684.0
ES,CPA_G45,2018,-12648.4
ES,CPA_G45,2019,-13237.0
ES,CPA_G45,2020,-11296.5
ES,CPA_G45,2021,-14861.6
ES,CPA_G45,2022,-13457.7
ES,CPA_G45,2023,-15153.4
EU27_2020,CPA_G45,2014,-200608.71
EU27_2020,CPA_G45,2015,-139885.38
EU27_2020,CPA_G45,2016,-149279.41
EU27_2020,CPA_G45,2017,-154832.93
EU27_2020,CPA_G45,2018,-162545.94
EU27_2020,CPA_G45,2019,-175844.0
EU27_2020,CPA_G45,2020,-154933.65
EU27_2020,CPA_G45,2021,-181410.53
EU27_2020,CPA_G45,2022,-227609.45
EU27_2020,CPA_G45,2023,-252510.39
EU27_2020,CPA_G45,2024,-252244.62
FI,CPA_G45,2014,-1368.71
FI,CPA_G45,2015,-1487.48
FI,CPA_G45,2016,-1597.66
FI,CPA_G45,2017,-1643.36
FI,CPA_G45,2018,-1715.95
FI,CPA_G45,2019,-1672.31
FI,CPA_G45,2020,-1655.36
FI,CPA_G45,2021,-1716.98
FI,CPA_G45,2022,-1816.23
FI,CPA_G45,2023,-1849.13
FR,CPA_G45,2014,-28204.0
FR,CPA_G45,2015,-27137.0
FR,CPA_G45,2016,-32692.0
FR,CPA_G45,2017,-35719.0
FR,CPA_G45,2018,-36242.0
FR,CPA_G45,2019,-38282.0
FR,CPA_G45,2020,-32950.6
FR,CPA_G45,2021,-36287.6
FR,CPA_G45,2022,-37884.6
HR,CPA_G45,2014,-197.02
HR,CPA_G45,2015,-303.4
HR,CPA_G45,2016,-569.6
HR,CPA_G45,2017,-580.25
HR,CPA_G45,2018,-648.07
HR,CPA_G45,2019,-507.73
HR,CPA_G45,2020,-491.13
HR,CPA_G45,2021,-461.69
HR,CPA_G45,2022,-689.46
HU,CPA_G45,2014,-1353.52
HU,CPA_G45,2015,-1516.55
HU,CPA_G45,2016,-1554.74
HU,CPA_G45,2017,-1690.44
HU,CPA_G45,2018,-1874.68
HU,CPA_G45,2019,-2045.75
HU,CPA_G45,2020,-1752.55
HU,CPA_G45,2021,-1976.02
HU,CPA_G45,2022,-2051.48
HU,CPA_G45,2023,-2671.89
IE,CPA_G45,2014,-380.73
IE,CPA_G45,2015,-1017.64
IE,CPA_G45,2016,-857.57
IE,CPA_G45,2017,-419.45
IE,CPA_G45,2018,-1638.1
IE,CPA_G45,2019,-804.09
IE,CPA_G45,2020,-825.71
IE,CPA_G45,2021,-747.84
IE,CPA_G45,2022,-1655.05
IT,CPA_G45,2014,-13371.95
IT,CPA_G45,2015,-15294.5
IT,CPA_G45,2016,-16769.4
IT,CPA_G45,2017,-17835.9
IT,CPA_G45,2018,-17194.1
IT,CPA_G45,2019,-17438.7
IT,CPA_G45,2020,-19900.4
IT,CPA_G45,2021,-18793.5
IT,CPA_G45,2022,-20312.8
LT,CPA_G45,2014,-527.52
LT,CPA_G45,2015,-596.21
LT,CPA_G45,2016,-764.16
LT,CPA_G45,2017,-786.86
LT,CPA_G45,2018,-788.88
LT,CPA_G45,2019,-958.68
LT,CPA_G45,2020,-958.96
LT,CPA_G45,2021,-1185.26
LT,CPA_G45,2022,-1473.34
LU,CPA_G45,2014,-548.96
LU,CPA_G45,2015,-583.29
LU,CPA_G45,2016,-593.06
LU,CPA_G45,2017,-604.67
LU,CPA_G45,2018,-625.15
LU,CPA_G45,2019,-682.4
LU,CPA_G45,2020,-619.72
LU,CPA_G45,2021,-648.46
LU,CPA_G45,2022,-733.6
LV,CPA_G45,2014,-313.93
LV,CPA_G45,2015,-227.02
LV,CPA_G45,2016,-314.9
LV,CPA_G45,2017,-337.46
LV,CPA_G45,2018,-375.59
LV,CPA_G45,2019,-402.69
LV,CPA_G45,2020,-406.15
LV,CPA_G45,2021,-446.72
LV,CPA_G45,2022,-551.52
LV,CPA_G45,2023,-672.64
MK,CPA_G45,2014,-80.34
MK,CPA_G45,2015,-90.1
MK,CPA_G45,2016,-110.25
MK,CPA_G45,2017,-124.81
MK,CPA_G45,2018,-119.41
MK,CPA_G45,2019,-144.8
MK,CPA_G45,2020,-117.39
MK,CPA_G45,2021,-129.45
MK,CPA_G45,2022,-141.84
MK,CPA_G45,2023,-170.32
MT,CPA_G45,2014,-55.94
MT,CPA_G45,2015,-73.85
MT,CPA_G45,2016,-77.1
MT,CPA_G45,2017,-77.84
MT,CPA_G45,2018,-83.14
MT,CPA_G45,2019,-98.56
MT,CPA_G45,2020,-94.47
MT,CPA_G45,2021,-93.96
MT,CPA_G45,2022,-113.37
NL,CPA_G45,2014,-1576.0
NL,CPA_G45,2015,-1912.0
NL,CPA_G45,2016,-1984.0
NL,CPA_G45,2017,-2044.0
NL,CPA_G45,2018,-2208.0
NL,CPA_G45,2019,-2258.0
NL,CPA_G45,2020,-2247.0
NL,CPA_G45,2021,-2386.0
NL,CPA_G45,2022,-2334.0
NL,CPA_G45,2023,-2608.0
NL,CPA_G45,2024,-2861.0
NO,CPA_G45,2014,-11127.43
NO,CPA_G45,2015,-11480.62
NO,CPA_G45,2016,-10632.04
NO,CPA_G45,2017,-10785.01
NO,CPA_G45,2018,-10764.0
NO,CPA_G45,2019,-11003.64
NO,CPA_G45,2020,-10095.96
NO,CPA_G45,2021,-12508.63
NO,CPA_G45,2022,-13744.38
NO,CPA_G45,2023,-11984.45
PL,CPA_G45,2014,-9172.85
PL,CPA_G45,2015,-8601.86
PL,CPA_G45,2016,-8584.32
PL,CPA_G45,2017,-9215.85
PL,CPA_G45,2018,-9228.83
PL,CPA_G45,2019,-9363.85
PL,CPA_G45,2020,-7455.22
PL,CPA_G45,2021,-8508.52
PL,CPA_G45,2022,-9654.32
PT,CPA_G45,2014,-1273.29
PT,CPA_G45,2015,-1440.9
PT,CPA_G45,2016,-1491.1
PT,CPA_G45,2017,-1636.35
PT,CPA_G45,2018,-1752.85
PT,CPA_G45,2019,-1776.92
PT,CPA_G45,2020,-1601.7
PT,CPA_G45,2021,-1775.89
PT,CPA_G45,2022,-2136.55
PT,CPA_G45,2023,-2777.22
PT,CPA_G45,2024,-2542.13
RO,CPA_G45,2014,-1837.16
RO,CPA_G45,2015,-2166.31
RO,CPA_G45,2016,-2442.68
RO,CPA_G45,2017,-2770.53
RO,CPA_G45,2018,-2894.05
RO,CPA_G45,2019,-3548.25
RO,CPA_G45,2020,-2737.3
RO,CPA_G45,2021,-4487.05
RO,CPA_G45,2022,-6610.41
RS,CPA_G45,2014,-472.81
RS,CPA_G45,2015,-390.28
RS,CPA_G45,2016,-427.38
RS,CPA_G45,2017,-487.46
RS,CPA_G45,2018,-549.61
RS,CPA_G45,2019,-558.35
RS,CPA_G45,2020,-494.95
RS,CPA_G45,2021,-548.45
RS,CPA_G45,2022,-629.97
SE,CPA_G45,2014,-62879.29
SE,CPA_G45,2015,-6004.07
SE,CPA_G45,2016,-6002.12
SE,CPA_G45,2017,-5846.19
SE,CPA_G45,2018,-6155.17
SE,CPA_G45,2019,-6530.3
SE,CPA_G45,2020,-5804.21
SE,CPA_G45,2021,-7116.94
SE,CPA_G45,2022,-6503.63
SE,CPA_G45,2023,-7687.04
SI,CPA_G45,2014,-404.68
SI,CPA_G45,2015,-432.16
SI,CPA_G45,2016,-484.79
SI,CPA_G45,2017,-526.3
SI,CPA_G45,2018,-568.21
SI,CPA_G45,2019,-597.29
SI,CPA_G45,2020,-522.57
SI,CPA_G45,2021,-594.28
SI,CPA_G45,2022,-694.7
SI,CPA_G45,2023,-815.84
SK,CPA_G45,2014,-563.1
SK,CPA_G45,2015,-706.24
SK,CPA_G45,2016,-587.03
SK,CPA_G45,2017,-567.03
SK,CPA_G45,2018,-597.14
SK,CPA_G45,2019,-715.48
SK,CPA_G45,2020,-542.89
SK,CPA_G45,2021,-501.02
SK,CPA_G45,2022,-586.0
TR,CPA_G45,2023,-28704.69
XK,CPA_G45,2014,-23036.0
XK,CPA_G45,2015,-22901.0
XK,CPA_G45,2016,-25139.0
XK,CPA_G45,2017,-26297.0
XK,CPA_G45,2018,-28973.0
XK,CPA_G45,2019,-29956.0
AL,CPA_G46,2014,-928.92
AL,CPA_G46,2015,-1085.3
AL,CPA_G46,2016,-1089.18
AL,CPA_G46,2017,-1060.8
AL,CPA_G46,2018,-1201.65
AL,CPA_G46,2019,-1393.23
AL,CPA_G46,2020,-1143.65
AL,CPA_G46,2021,-1355.38
AL,CPA_G46,2022,-1701.02
AL,CPA_G46,2023,-1960.26
AL,CPA_G46,2024,-2234.97
AT,CPA_G46,2014,-29822.16
AT,CPA_G46,2015,-30202.36
AT,CPA_G46,2016,-31204.05
AT,CPA_G46,2017,-31349.65
AT,CPA_G46,2018,-33639.58
AT,CPA_G46,2019,-33538.81
AT,CPA_G46,2020,-33025.8
AT,CPA_G46,2021,-36373.69
AT,CPA_G46,2022,-41635.24
BE,CPA_G46,2014,-51540.64
BE,CPA_G46,2015,-46552.8
BE,CPA_G46,2016,-49413.62
BE,CPA_G46,2017,-50491.2
BE,CPA_G46,2018,-51426.1
BE,CPA_G46,2019,-54072.94
BE,CPA_G46,2020,-47801.0
BE,CPA_G46,2021,-56659.5
BE,CPA_G46,2022,-64133.4
BG,CPA_G46,2014,-5607.9
BG,CPA_G46,2018,-7091.95
BG,CPA_G46,2019,-8069.94
BG,CPA_G46,2020,-8421.5
BG,CPA_G46,2021,-9550.55
BG,CPA_G46,2022,-12043.54
CY,CPA_G46,2014,-853.3
CY,CPA_G46,2015,-874.05
CY,CPA_G46,2016,-932.56
CY,CPA_G46,2017,-1020.74
CY,CPA_G46,2018,-1072.65
CY,CPA_G46,2019,-1130.7
CY,CPA_G46,2021,-1777.14
CZ,CPA_G46,2014,-12034.17
CZ,CPA_G46,2015,-13083.21
CZ,CPA_G46,2016,-13138.09
CZ,CPA_G46,2017,-14797.58
CZ,CPA_G46,2018,-15577.73
CZ,CPA_G46,2019,-16381.53
CZ,CPA_G46,2020,-15622.79
CZ,CPA_G46,2021,-18485.06
CZ,CPA_G46,2022,-22631.4
CZ,CPA_G46,2023,-23822.24
CZ,CPA_G46,2024,-22342.99
DE,CPA_G46,2014,-232828.0
DE,CPA_G46,2015,-242278.0
DE,CPA_G46,2016,-246655.0
DE,CPA_G46,2017,-265371.0
DE,CPA_G46,2018,-279523.0
DE,CPA_G46,2019,-285646.0
DE,CPA_G46,2020,-289083.0
DE,CPA_G46,2021,-342058.0
DE,CPA_G46,2022,-402272.0
DK,CPA_G46,2014,-29100.98
DK,CPA_G46,2015,-29981.07
DK,CPA_G46,2016,-30081.11
DK,CPA_G46,2017,-31330.24
DK,CPA_G46,2018,-31654.86
DK,CPA_G46,2019,-32580.83
DK,CPA_G46,2020,-34444.61
DK,CPA_G46,2021,-38245.71
DK,CPA_G46,2022,-41070.72
EA21,CPA_G46,2014,-894904.1
EA21,CPA_G46,2015,-919743.83
EA21,CPA_G46,2016,-922313.17
EA21,CPA_G46,2017,-978937.61
EA21,CPA_G46,2018,-1034961.73
EA21,CPA_G46,2019,-1067374.48
EA21,CPA_G46,2020,-1044638.31
EA21,CPA_G46,2021,-1156620.5
EA21,CPA_G46,2022,-1318200.17
EA21,CPA_G46,2023,-1321701.76
EA21,CPA_G46,2024,-1332593.76
EE,CPA_G46,2014,-2111.53
EE,CPA_G46,2015,-2003.2
EE,CPA_G46,2016,-2231.9
EE,CPA_G46,2017,-2337.3
EE,CPA_G46,2018,-2728.6
EE,CPA_G46,2019,-3106.12
EE,CPA_G46,2020,-2956.35
EE,CPA_G46,2021,-3270.21
EE,CPA_G46,2022,-3767.49
EL,CPA_G46,2014,-19362.08
EL,CPA_G46,2015,-19352.75
EL,CPA_G46,2016,-19020.14
EL,CPA_G46,2017,-19538.71
EL,CPA_G46,2018,-20683.95
EL,CPA_G46,2019,-20086.4
EL,CPA_G46,2020,-19501.54
EL,CPA_G46,2021,-23929.93
EL,CPA_G46,2022,-27369.06
ES,CPA_G46,2014,-97131.8
ES,CPA_G46,2015,-98077.3
ES,CPA_G46,2016,-105859.4
ES,CPA_G46,2017,-110437.4
ES,CPA_G46,2018,-114306.6
ES,CPA_G46,2019,-119923.0
ES,CPA_G46,2020,-115642.2
ES,CPA_G46,2021,-120547.8
ES,CPA_G46,2022,-135233.2
ES,CPA_G46,2023,-142479.3
EU27_2020,CPA_G46,2014,-1000787.16
EU27_2020,CPA_G46,2015,-1078894.44
EU27_2020,CPA_G46,2016,-1082519.89
EU27_2020,CPA_G46,2017,-1148081.15
EU27_2020,CPA_G46,2018,-1208040.39
EU27_2020,CPA_G46,2019,-1252770.55
EU27_2020,CPA_G46,2020,-1228187.79
EU27_2020,CPA_G46,2021,-1370003.7
EU27_2020,CPA_G46,2022,-1557578.09
EU27_2020,CPA_G46,2023,-1568839.74
EU27_2020,CPA_G46,2024,-1584657.96
FI,CPA_G46,2014,-14509.2
FI,CPA_G46,2015,-15397.4
FI,CPA_G46,2016,-15061.61
FI,CPA_G46,2017,-16796.69
FI,CPA_G46,2018,-16560.87
FI,CPA_G46,2019,-17125.79
FI,CPA_G46,2020,-16981.37
FI,CPA_G46,2021,-17786.44
FI,CPA_G46,2022,-20819.64
FI,CPA_G46,2023,-20085.8
FR,CPA_G46,2014,-184725.0
FR,CPA_G46,2015,-191609.0
FR,CPA_G46,2016,-189239.0
FR,CPA_G46,2017,-197279.0
FR,CPA_G46,2018,-202680.0
FR,CPA_G46,2019,-208208.0
FR,CPA_G46,2020,-186338.5
FR,CPA_G46,2021,-209065.7
FR,CPA_G46,2022,-240436.5
HR,CPA_G46,2014,-4292.65
HR,CPA_G46,2015,-4450.08
HR,CPA_G46,2016,-4377.85
HR,CPA_G46,2017,-4653.5
HR,CPA_G46,2018,-5002.9
HR,CPA_G46,2019,-5346.3
HR,CPA_G46,2020,-4667.59
HR,CPA_G46,2021,-5096.18
HR,CPA_G46,2022,-7071.44
HU,CPA_G46,2014,-9590.3
HU,CPA_G46,2015,-9999.76
HU,CPA_G46,2016,-9114.46
HU,CPA_G46,2017,-10209.25
HU,CPA_G46,2018,-10981.83
HU,CPA_G46,2019,-11510.44
HU,CPA_G46,2020,-11184.73
HU,CPA_G46,2021,-12861.14
HU,CPA_G46,2022,-13887.72
HU,CPA_G46,2023,-14383.35
IE,CPA_G46,2014,-13304.12
IE,CPA_G46,2015,-18682.87
IE,CPA_G46,2016,-8470.42
IE,CPA_G46,2017,-11924.2
IE,CPA_G46,2018,-28823.86
IE,CPA_G46,2019,-32631.75
IE,CPA_G46,2020,-21107.45
IE,CPA_G46,2021,-23073.18
IE,CPA_G46,2022,-24315.85
IT,CPA_G46,2014,-126504.56
IT,CPA_G46,2015,-123392.7
IT,CPA_G46,2016,-122894.7
IT,CPA_G46,2017,-125895.7
IT,CPA_G46,2018,-127255.2
IT,CPA_G46,2019,-131813.9
IT,CPA_G46,2020,-126660.2
IT,CPA_G46,2021,-136236.6
IT,CPA_G46,2022,-155624.5
LT,CPA_G46,2014,-5186.58
LT,CPA_G46,2015,-5472.06
LT,CPA_G46,2016,-5124.72
LT,CPA_G46,2017,-5435.43
LT,CPA_G46,2018,-5294.71
LT,CPA_G46,2019,-5847.53
LT,CPA_G46,2020,-6234.44
LT,CPA_G46,2021,-7457.15
LT,CPA_G46,2022,-8844.36
LU,CPA_G46,2014,-2007.73
LU,CPA_G46,2015,-2028.25
LU,CPA_G46,2016,-2090.16
LU,CPA_G46,2017,-2136.97
LU,CPA_G46,2018,-2278.7
LU,CPA_G46,2019,-2233.3
LU,CPA_G46,2020,-2156.85
LU,CPA_G46,2021,-2690.93
LU,CPA_G46,2022,-2884.31
LV,CPA_G46,2014,-2293.24
LV,CPA_G46,2015,-2410.31
LV,CPA_G46,2016,-2405.62
LV,CPA_G46,2017,-2700.35
LV,CPA_G46,2018,-2943.75
LV,CPA_G46,2019,-3037.09
LV,CPA_G46,2020,-2987.11
LV,CPA_G46,2021,-3456.98
LV,CPA_G46,2022,-3735.38
LV,CPA_G46,2023,-3938.04
MK,CPA_G46,2014,-901.07
MK,CPA_G46,2015,-866.79
MK,CPA_G46,2016,-912.85
MK,CPA_G46,2017,-1051.56
MK,CPA_G46,2018,-1110.94
MK,CPA_G46,2019,-1197.24
MK,CPA_G46,2020,-1151.84
MK,CPA_G46,2021,-1238.42
MK,CPA_G46,2022,-1325.14
MK,CPA_G46,2023,-1393.98
MT,CPA_G46,2014,-614.7
MT,CPA_G46,2015,-695.5
MT,CPA_G46,2016,-665.97
MT,CPA_G46,2017,-786.95
MT,CPA_G46,2018,-792.26
MT,CPA_G46,2019,-901.31
MT,CPA_G46,2020,-807.16
MT,CPA_G46,2021,-940.4
MT,CPA_G46,2022,-1038.8
NL,CPA_G46,2014,-82627.0
NL,CPA_G46,2015,-89886.0
NL,CPA_G46,2016,-92598.0
NL,CPA_G46,2017,-98731.0
NL,CPA_G46,2018,-103556.0
NL,CPA_G46,2019,-107562.0
NL,CPA_G46,2020,-103318.0
NL,CPA_G46,2021,-116535.0
NL,CPA_G46,2022,-125034.0
NL,CPA_G46,2023,-125766.0
NL,CPA_G46,2024,-130762.0
NO,CPA_G46,2014,-23140.26
NO,CPA_G46,2015,-20827.75
NO,CPA_G46,2016,-21256.65
NO,CPA_G46,2017,-21653.73
NO,CPA_G46,2018,-22464.39
NO,CPA_G46,2019,-26762.29
NO,CPA_G46,2020,-22851.96
NO,CPA_G46,2021,-27342.6
NO,CPA_G46,2022,-28598.18
NO,CPA_G46,2023,-28207.15
PL,CPA_G46,2014,-39847.93
PL,CPA_G46,2015,-42242.01
PL,CPA_G46,2016,-42426.17
PL,CPA_G46,2017,-45677.69
PL,CPA_G46,2018,-47872.43
PL,CPA_G46,2019,-53671.96
PL,CPA_G46,2020,-50854.41
PL,CPA_G46,2021,-58610.59
PL,CPA_G46,2022,-68002.69
PT,CPA_G46,2014,-16091.53
PT,CPA_G46,2015,-16421.2
PT,CPA_G46,2016,-17359.6
PT,CPA_G46,2017,-17595.65
PT,CPA_G46,2018,-17478.96
PT,CPA_G46,2019,-17523.25
PT,CPA_G46,2020,-17334.04
PT,CPA_G46,2021,-18490.23
PT,CPA_G46,2022,-20524.0
PT,CPA_G46,2023,-21235.76
PT,CPA_G46,2024,-22032.87
RO,CPA_G46,2014,-15823.59
RO,CPA_G46,2015,-17316.6
RO,CPA_G46,2016,-17324.02
RO,CPA_G46,2017,-18216.32
RO,CPA_G46,2018,-19455.5
RO,CPA_G46,2019,-19907.59
RO,CPA_G46,2020,-20742.68
RO,CPA_G46,2021,-25426.7
RO,CPA_G46,2022,-29483.36
RS,CPA_G46,2014,-4623.93
RS,CPA_G46,2015,-4525.85
RS,CPA_G46,2016,-4379.2
RS,CPA_G46,2017,-4947.25
RS,CPA_G46,2018,-5747.25
RS,CPA_G46,2019,-5742.95
RS,CPA_G46,2020,-6509.97
RS,CPA_G46,2021,-7088.79
RS,CPA_G46,2022,-8165.85
SE,CPA_G46,2015,-46683.28
SE,CPA_G46,2016,-48422.59
SE,CPA_G46,2017,-48866.46
SE,CPA_G46,2018,-49665.29
SE,CPA_G46,2019,-54379.09
SE,CPA_G46,2020,-51093.87
SE,CPA_G46,2021,-59964.22
SE,CPA_G46,2022,-64210.22
SE,CPA_G46,2023,-64960.01
SI,CPA_G46,2014,-3711.95
SI,CPA_G46,2015,-3726.94
SI,CPA_G46,2016,-3855.51
SI,CPA_G46,2017,-4186.96
SI,CPA_G46,2018,-4472.91
SI,CPA_G46,2019,-4651.15
SI,CPA_G46,2020,-4970.07
SI,CPA_G46,2021,-5739.64
SI,CPA_G46,2022,-6374.42
SI,CPA_G46,2023,-6782.18
SK,CPA_G46,2014,-6770.67
SK,CPA_G46,2015,-7264.57
SK,CPA_G46,2016,-7610.66
SK,CPA_G46,2017,-8044.28
SK,CPA_G46,2018,-8769.02
SK,CPA_G46,2019,-8735.88
SK,CPA_G46,2020,-8542.5
SK,CPA_G46,2021,-9468.41
SK,CPA_G46,2022,-11361.27
TR,CPA_G46,2023,-108272.11
XK,CPA_G46,2014,-417751.0
XK,CPA_G46,2015,-415332.0
XK,CPA_G46,2016,-455925.0
XK,CPA_G46,2017,-476883.0
XK,CPA_G46,2018,-525420.0
XK,CPA_G46,2019,-543251.0
AL,CPA_G47,2014,-501.73
AL,CPA_G47,2015,-521.27
AL,CPA_G47,2016,-579.6
AL,CPA_G47,2017,-551.95
AL,CPA_G47,2018,-579.29
AL,CPA_G47,2019,-762.75
AL,CPA_G47,2020,-691.56
AL,CPA_G47,2021,-741.87
AL,CPA_G47,2022,-1110.47
AL,CPA_G47,2023,-1450.77
AL,CPA_G47,2024,-1405.09
AT,CPA_G47,2014,-21625.81
AT,CPA_G47,2015,-21747.55
AT,CPA_G47,2016,-21993.27
AT,CPA_G47,2017,-21956.2
AT,CPA_G47,2018,-23369.28
AT,CPA_G47,2019,-23937.7
AT,CPA_G47,2020,-23042.08
AT,CPA_G47,2021,-26217.04
AT,CPA_G47,2022,-28195.14
BE,CPA_G47,2014,-22137.13
BE,CPA_G47,2015,-23694.7
BE,CPA_G47,2016,-25021.73
BE,CPA_G47,2017,-24596.4
BE,CPA_G47,2018,-25555.0
BE,CPA_G47,2019,-25170.19
BE,CPA_G47,2020,-25143.1
BE,CPA_G47,2021,-26046.3
BE,CPA_G47,2022,-26879.5
BG,CPA_G47,2014,-3533.31
BG,CPA_G47,2018,-4903.3
BG,CPA_G47,2019,-5384.04
BG,CPA_G47,2020,-4677.14
BG,CPA_G47,2021,-5399.14
BG,CPA_G47,2022,-6686.81
CY,CPA_G47,2014,-1336.18
CY,CPA_G47,2015,-1360.7
CY,CPA_G47,2016,-1398.82
CY,CPA_G47,2017,-1504.73
CY,CPA_G47,2018,-1582.84
CY,CPA_G47,2019,-1652.12
CY,CPA_G47,2020,-1537.52
CY,CPA_G47,2021,-1800.36
CY,CPA_G47,2022,-2010.31
CZ,CPA_G47,2014,-9283.74
CZ,CPA_G47,2015,-9826.35
CZ,CPA_G47,2016,-10648.52
CZ,CPA_G47,2017,-12125.24
CZ,CPA_G47,2018,-13062.15
CZ,CPA_G47,2019,-13916.95
CZ,CPA_G47,2020,-13541.83
CZ,CPA_G47,2021,-15203.98
CZ,CPA_G47,2022,-17214.56
CZ,CPA_G47,2023,-19393.23
CZ,CPA_G47,2024,-19368.83
DE,CPA_G47,2014,-173521.0
DE,CPA_G47,2015,-182714.0
DE,CPA_G47,2016,-191345.0
DE,CPA_G47,2017,-199083.0
DE,CPA_G47,2018,-208305.0
DE,CPA_G47,2019,-208953.0
DE,CPA_G47,2020,-223867.0
DE,CPA_G47,2021,-239431.0
DE,CPA_G47,2022,-268094.0
DK,CPA_G47,2014,-12439.88
DK,CPA_G47,2015,-12566.16
DK,CPA_G47,2016,-12914.17
DK,CPA_G47,2017,-13624.65
DK,CPA_G47,2018,-13741.03
DK,CPA_G47,2019,-13867.35
DK,CPA_G47,2020,-14989.98
DK,CPA_G47,2021,-16032.31
DK,CPA_G47,2022,-15956.79
EA21,CPA_G47,2014,-665830.91
EA21,CPA_G47,2015,-692417.48
EA21,CPA_G47,2016,-720325.01
EA21,CPA_G47,2017,-751281.23
EA21,CPA_G47,2018,-787976.05
EA21,CPA_G47,2019,-803687.36
EA21,CPA_G47,2020,-801162.68
EA21,CPA_G47,2021,-834367.68
EA21,CPA_G47,2022,-908361.82
EA21,CPA_G47,2023,-962265.05
EA21,CPA_G47,2024,-977615.94
EE,CPA_G47,2014,-1379.59
EE,CPA_G47,2015,-1387.12
EE,CPA_G47,2016,-1500.32
EE,CPA_G47,2017,-1580.91
EE,CPA_G47,2018,-1743.96
EE,CPA_G47,2019,-1839.25
EE,CPA_G47,2020,-1961.08
EE,CPA_G47,2021,-2189.89
EE,CPA_G47,2022,-2427.01
EL,CPA_G47,2014,-9345.7
EL,CPA_G47,2015,-10337.36
EL,CPA_G47,2016,-10091.47
EL,CPA_G47,2017,-10478.2
EL,CPA_G47,2018,-10760.95
EL,CPA_G47,2019,-10734.45
EL,CPA_G47,2020,-9221.41
EL,CPA_G47,2021,-9354.35
EL,CPA_G47,2022,-10736.42
ES,CPA_G47,2014,-73064.9
ES,CPA_G47,2015,-75248.0
ES,CPA_G47,2016,-87548.4
ES,CPA_G47,2017,-89378.8
ES,CPA_G47,2018,-93731.3
ES,CPA_G47,2019,-95105.7
ES,CPA_G47,2020,-89092.4
ES,CPA_G47,2021,-95164.3
ES,CPA_G47,2022,-98798.7
ES,CPA_G47,2023,-108806.2
EU27_2020,CPA_G47,2014,-749758.62
EU27_2020,CPA_G47,2015,-804405.26
EU27_2020,CPA_G47,2016,-837057.01
EU27_2020,CPA_G47,2017,-878543.58
EU27_2020,CPA_G47,2018,-923246.52
EU27_2020,CPA_G47,2019,-942433.32
EU27_2020,CPA_G47,2020,-940959.2
EU27_2020,CPA_G47,2021,-988221.15
EU27_2020,CPA_G47,2022,-1079687.17
EU27_2020,CPA_G47,2023,-1141551.78
EU27_2020,CPA_G47,2024,-1168687.38
FI,CPA_G47,2014,-12046.33
FI,CPA_G47,2015,-11908.96
FI,CPA_G47,2016,-11435.05
FI,CPA_G47,2017,-11446.16
FI,CPA_G47,2018,-11952.12
FI,CPA_G47,2019,-12037.58
FI,CPA_G47,2020,-12346.62
FI,CPA_G47,2021,-12843.39
FI,CPA_G47,2022,-13276.62
FI,CPA_G47,2023,-14194.82
FR,CPA_G47,2014,-137015.15
FR,CPA_G47,2015,-143753.25
FR,CPA_G47,2016,-147148.58
FR,CPA_G47,2017,-150178.72
FR,CPA_G47,2018,-156974.88
FR,CPA_G47,2019,-161294.17
FR,CPA_G47,2020,-159063.6
FR,CPA_G47,2021,-169499.8
FR,CPA_G47,2022,-176067.9
HR,CPA_G47,2014,-4553.58
HR,CPA_G47,2015,-4698.01
HR,CPA_G47,2016,-4295.28
HR,CPA_G47,2017,-4563.55
HR,CPA_G47,2018,-4930.11
HR,CPA_G47,2019,-5700.32
HR,CPA_G47,2020,-5162.94
HR,CPA_G47,2021,-5624.2
HR,CPA_G47,2022,-7175.55
HU,CPA_G47,2014,-6071.47
HU,CPA_G47,2015,-6367.59
HU,CPA_G47,2016,-6931.79
HU,CPA_G47,2017,-7573.04
HU,CPA_G47,2018,-7962.9
HU,CPA_G47,2019,-8757.68
HU,CPA_G47,2020,-8131.85
HU,CPA_G47,2021,-8898.09
HU,CPA_G47,2022,-9644.13
HU,CPA_G47,2023,-11629.38
IE,CPA_G47,2014,-11540.12
IE,CPA_G47,2015,-10491.52
IE,CPA_G47,2016,-12340.4
IE,CPA_G47,2017,-13720.68
IE,CPA_G47,2018,-15871.82
IE,CPA_G47,2019,-12395.18
IE,CPA_G47,2020,-14811.71
IE,CPA_G47,2021,-15106.69
IE,CPA_G47,2022,-17166.26
IT,CPA_G47,2014,-124471.54
IT,CPA_G47,2015,-127944.0
IT,CPA_G47,2016,-129581.3
IT,CPA_G47,2017,-138299.1
IT,CPA_G47,2018,-139840.3
IT,CPA_G47,2019,-143761.4
IT,CPA_G47,2020,-130699.5
IT,CPA_G47,2021,-134716.4
IT,CPA_G47,2022,-154109.9
LT,CPA_G47,2014,-3100.91
LT,CPA_G47,2015,-3197.5
LT,CPA_G47,2016,-3766.05
LT,CPA_G47,2017,-4045.5
LT,CPA_G47,2018,-3644.84
LT,CPA_G47,2019,-4044.43
LT,CPA_G47,2020,-4222.87
LT,CPA_G47,2021,-4813.32
LT,CPA_G47,2022,-5884.7
LU,CPA_G47,2014,-1823.54
LU,CPA_G47,2015,-1905.59
LU,CPA_G47,2016,-1950.98
LU,CPA_G47,2017,-1985.81
LU,CPA_G47,2018,-1965.04
LU,CPA_G47,2019,-2086.43
LU,CPA_G47,2020,-2078.18
LU,CPA_G47,2021,-2342.65
LU,CPA_G47,2022,-2493.07
LV,CPA_G47,2014,-1747.39
LV,CPA_G47,2015,-1895.93
LV,CPA_G47,2016,-1977.6
LV,CPA_G47,2017,-2036.99
LV,CPA_G47,2018,-2182.61
LV,CPA_G47,2019,-2419.81
LV,CPA_G47,2020,-2520.46
LV,CPA_G47,2021,-2369.13
LV,CPA_G47,2022,-2538.21
LV,CPA_G47,2023,-2881.93
MK,CPA_G47,2014,-867.04
MK,CPA_G47,2015,-937.14
MK,CPA_G47,2016,-987.11
MK,CPA_G47,2017,-972.75
MK,CPA_G47,2018,-1105.56
MK,CPA_G47,2019,-1200.26
MK,CPA_G47,2020,-1184.07
MK,CPA_G47,2021,-1265.28
MK,CPA_G47,2022,-1325.06
MK,CPA_G47,2023,-1415.91
MT,CPA_G47,2014,-568.21
MT,CPA_G47,2015,-644.08
MT,CPA_G47,2016,-641.36
MT,CPA_G47,2017,-698.12
MT,CPA_G47,2018,-720.02
MT,CPA_G47,2019,-849.07
MT,CPA_G47,2020,-769.38
MT,CPA_G47,2021,-831.14
MT,CPA_G47,2022,-1051.82
NL,CPA_G47,2014,-35896.0
NL,CPA_G47,2015,-37094.0
NL,CPA_G47,2016,-38630.0
NL,CPA_G47,2017,-40791.0
NL,CPA_G47,2018,-42628.0
NL,CPA_G47,2019,-44689.0
NL,CPA_G47,2020,-46000.0
NL,CPA_G47,2021,-49602.0
NL,CPA_G47,2022,-52762.0
NL,CPA_G47,2023,-57154.0
NL,CPA_G47,2024,-59528.0
NO,CPA_G47,2014,-15652.59
NO,CPA_G47,2015,-15043.47
NO,CPA_G47,2016,-15722.67
NO,CPA_G47,2017,-16027.16
NO,CPA_G47,2018,-16473.63
NO,CPA_G47,2019,-16444.86
NO,CPA_G47,2020,-15396.63
NO,CPA_G47,2021,-17359.72
NO,CPA_G47,2022,-17538.46
NO,CPA_G47,2023,-16013.06
PL,CPA_G47,2014,-44620.52
PL,CPA_G47,2015,-46063.65
PL,CPA_G47,2016,-46057.72
PL,CPA_G47,2017,-50533.06
PL,CPA_G47,2018,-55963.2
PL,CPA_G47,2019,-56548.38
PL,CPA_G47,2020,-51895.63
PL,CPA_G47,2021,-54166.95
PL,CPA_G47,2022,-61720.11
PT,CPA_G47,2014,-11404.09
PT,CPA_G47,2015,-11951.47
PT,CPA_G47,2016,-11711.13
PT,CPA_G47,2017,-12178.76
PT,CPA_G47,2018,-13073.24
PT,CPA_G47,2019,-14010.37
PT,CPA_G47,2020,-13129.99
PT,CPA_G47,2021,-14310.97
PT,CPA_G47,2022,-16569.88
PT,CPA_G47,2023,-18695.47
PT,CPA_G47,2024,-19912.79
RO,CPA_G47,2014,-13997.59
RO,CPA_G47,2015,-12905.95
RO,CPA_G47,2016,-15671.08
RO,CPA_G47,2017,-18554.32
RO,CPA_G47,2018,-23539.56
RO,CPA_G47,2019,-24268.2
RO,CPA_G47,2020,-24229.71
RO,CPA_G47,2021,-28017.7
RO,CPA_G47,2022,-34643.5
RS,CPA_G47,2014,-2395.97
RS,CPA_G47,2015,-2401.34
RS,CPA_G47,2016,-2455.29
RS,CPA_G47,2017,-2788.63
RS,CPA_G47,2018,-3324.03
RS,CPA_G47,2019,-3602.01
RS,CPA_G47,2020,-3385.92
RS,CPA_G47,2021,-3989.73
RS,CPA_G47,2022,-4375.15
SE,CPA_G47,2015,-25022.33
SE,CPA_G47,2016,-25149.05
SE,CPA_G47,2017,-25397.86
SE,CPA_G47,2018,-24402.58
SE,CPA_G47,2019,-25784.25
SE,CPA_G47,2020,-25807.36
SE,CPA_G47,2021,-31756.17
SE,CPA_G47,2022,-32125.1
SE,CPA_G47,2023,-29472.24
SI,CPA_G47,2014,-2330.94
SI,CPA_G47,2015,-2418.06
SI,CPA_G47,2016,-2536.17
SI,CPA_G47,2017,-2688.73
SI,CPA_G47,2018,-2864.12
SI,CPA_G47,2019,-3027.83
SI,CPA_G47,2020,-2923.14
SI,CPA_G47,2021,-3357.0
SI,CPA_G47,2022,-3634.37
SI,CPA_G47,2023,-4040.43
SK,CPA_G47,2014,-6448.2
SK,CPA_G47,2015,-6240.26
SK,CPA_G47,2016,-7060.64
SK,CPA_G47,2017,-7509.76
SK,CPA_G47,2018,-7666.17
SK,CPA_G47,2019,-8171.58
SK,CPA_G47,2020,-8186.47
SK,CPA_G47,2021,-8759.79
SK,CPA_G47,2022,-10825.19
TR,CPA_G47,2023,-81337.63
XK,CPA_G47,2014,-496588.0
XK,CPA_G47,2015,-493928.0
XK,CPA_G47,2016,-528635.0
XK,CPA_G47,2017,-567124.0
XK,CPA_G47,2018,-624844.0
XK,CPA_G47,2019,-646052.0
AL,CPA_H49,2014,-286.44
AL,CPA_H49,2015,-330.0
AL,CPA_H49,2016,-332.44
AL,CPA_H49,2017,-329.09
AL,CPA_H49,2018,-393.04
AL,CPA_H49,2019,-431.1
AL,CPA_H49,2020,-474.27
AL,CPA_H49,2021,-476.84
AL,CPA_H49,2022,-450.75
AL,CPA_H49,2023,-596.14
AL,CPA_H49,2024,-745.38
AT,CPA_H49,2014,-2129.36
AT,CPA_H49,2015,-2118.46
AT,CPA_H49,2016,-2269.76
AT,CPA_H49,2017,-2185.09
AT,CPA_H49,2018,-2351.77
AT,CPA_H49,2019,-2370.27
AT,CPA_H49,2020,-2139.89
AT,CPA_H49,2021,-2791.7
AT,CPA_H49,2022,-3513.67
BE,CPA_H49,2014,0.0
BE,CPA_H49,2015,0.0
BE,CPA_H49,2016,0.0
BE,CPA_H49,2017,0.0
BE,CPA_H49,2018,0.0
BE,CPA_H49,2019,0.0
BE,CPA_H49,2020,0.0
BE,CPA_H49,2021,0.0
BE,CPA_H49,2022,0.0
BG,CPA_H49,2014,-874.44
BG,CPA_H49,2018,-725.36
BG,CPA_H49,2019,-731.31
BG,CPA_H49,2020,-782.21
BG,CPA_H49,2021,-701.97
BG,CPA_H49,2022,-701.97
CY,CPA_H49,2014,0.0
CY,CPA_H49,2015,0.0
CY,CPA_H49,2016,0.0
CY,CPA_H49,2017,0.0
CY,CPA_H49,2018,0.0
CY,CPA_H49,2019,0.0
CY,CPA_H49,2020,0.0
CY,CPA_H49,2021,0.0
CY,CPA_H49,2022,0.0
CZ,CPA_H49,2014,-1761.69
CZ,CPA_H49,2015,-1873.68
CZ,CPA_H49,2016,-1915.0
CZ,CPA_H49,2017,-1998.25
CZ,CPA_H49,2018,-2149.76
CZ,CPA_H49,2019,-2221.58
CZ,CPA_H49,2020,-2187.64
CZ,CPA_H49,2021,-2389.31
CZ,CPA_H49,2022,-2591.47
CZ,CPA_H49,2023,-2689.26
CZ,CPA_H49,2024,-2681.13
DE,CPA_H49,2014,0.0
DE,CPA_H49,2015,0.0
DE,CPA_H49,2016,0.0
DE,CPA_H49,2017,0.0
DE,CPA_H49,2018,0.0
DE,CPA_H49,2019,0.0
DE,CPA_H49,2020,0.0
DE,CPA_H49,2021,0.0
DE,CPA_H49,2022,0.0
DK,CPA_H49,2014,0.0
DK,CPA_H49,2015,0.0
DK,CPA_H49,2016,0.0
DK,CPA_H49,2017,0.0
DK,CPA_H49,2018,0.0
DK,CPA_H49,2019,0.0
DK,CPA_H49,2020,0.0
DK,CPA_H49,2021,0.0
DK,CPA_H49,2022,0.0
EA21,CPA_H49,2014,-83228.7
EA21,CPA_H49,2015,-76600.99
EA21,CPA_H49,2016,-81885.62
EA21,CPA_H49,2017,-82423.47
EA21,CPA_H49,2018,-86257.63
EA21,CPA_H49,2019,-90003.0
EA21,CPA_H49,2020,-74648.67
EA21,CPA_H49,2021,-84992.46
EA21,CPA_H49,2022,-101614.8
EA21,CPA_H49,2023,-102253.97
EA21,CPA_H49,2024,-106350.11
EE,CPA_H49,2014,-360.23
EE,CPA_H49,2015,-347.56
EE,CPA_H49,2016,-341.35
EE,CPA_H49,2017,-379.83
EE,CPA_H49,2018,-401.75
EE,CPA_H49,2019,-414.89
EE,CPA_H49,2020,-389.13
EE,CPA_H49,2021,-430.96
EE,CPA_H49,2022,-511.17
EL,CPA_H49,2014,0.0
EL,CPA_H49,2015,0.0
EL,CPA_H49,2016,0.0
EL,CPA_H49,2017,0.0
EL,CPA_H49,2018,0.0
EL,CPA_H49,2019,0.0
EL,CPA_H49,2020,0.0
EL,CPA_H49,2021,0.0
EL,CPA_H49,2022,0.0
ES,CPA_H49,2014,-5931.4
ES,CPA_H49,2015,-6080.7
ES,CPA_H49,2016,-5983.0
ES,CPA_H49,2017,-5284.1
ES,CPA_H49,2018,-5609.1
ES,CPA_H49,2019,-6760.0
ES,CPA_H49,2020,-5592.7
ES,CPA_H49,2021,-4528.4
ES,CPA_H49,2022,-5244.7
ES,CPA_H49,2023,-5884.7
EU27_2020,CPA_H49,2014,-98653.75
EU27_2020,CPA_H49,2015,-93231.45
EU27_2020,CPA_H49,2016,-98786.11
EU27_2020,CPA_H49,2017,-101440.74
EU27_2020,CPA_H49,2018,-106469.22
EU27_2020,CPA_H49,2019,-112307.74
EU27_2020,CPA_H49,2020,-95207.5
EU27_2020,CPA_H49,2021,-109377.65
EU27_2020,CPA_H49,2022,-133452.0
EU27_2020,CPA_H49,2023,-135802.25
EU27_2020,CPA_H49,2024,-141456.49
FI,CPA_H49,2014,-953.25
FI,CPA_H49,2015,-1879.14
FI,CPA_H49,2016,-1862.64
FI,CPA_H49,2017,-1961.01
FI,CPA_H49,2018,-2073.44
FI,CPA_H49,2019,-2024.12
FI,CPA_H49,2020,-1905.82
FI,CPA_H49,2021,-2191.02
FI,CPA_H49,2022,-2705.68
FI,CPA_H49,2023,-2174.91
FR,CPA_H49,2014,-24704.34
FR,CPA_H49,2015,-24976.0
FR,CPA_H49,2016,-26311.0
FR,CPA_H49,2017,-26534.0
FR,CPA_H49,2018,-28776.0
FR,CPA_H49,2019,-30362.0
FR,CPA_H49,2020,-24906.6
FR,CPA_H49,2021,-27861.4
FR,CPA_H49,2022,-32705.2
HR,CPA_H49,2014,-630.58
HR,CPA_H49,2015,-835.79
HR,CPA_H49,2016,-945.47
HR,CPA_H49,2017,-1002.2
HR,CPA_H49,2018,-1002.2
HR,CPA_H49,2019,-850.12
HR,CPA_H49,2020,-392.14
HR,CPA_H49,2021,-904.98
HR,CPA_H49,2022,-699.86
HU,CPA_H49,2014,-367.41
HU,CPA_H49,2015,-383.6
HU,CPA_H49,2016,-403.0
HU,CPA_H49,2017,-429.98
HU,CPA_H49,2018,-444.61
HU,CPA_H49,2019,-476.68
HU,CPA_H49,2020,-420.0
HU,CPA_H49,2021,-468.61
HU,CPA_H49,2022,-559.15
HU,CPA_H49,2023,-602.42
IE,CPA_H49,2014,0.0
IE,CPA_H49,2015,0.0
IE,CPA_H49,2016,0.0
IE,CPA_H49,2017,0.0
IE,CPA_H49,2018,0.0
IE,CPA_H49,2019,0.0
IE,CPA_H49,2020,0.0
IE,CPA_H49,2021,0.0
IE,CPA_H49,2022,0.0
IT,CPA_H49,2014,-30711.7
IT,CPA_H49,2015,-21919.5
IT,CPA_H49,2016,-25448.9
IT,CPA_H49,2017,-25322.7
IT,CPA_H49,2018,-25129.8
IT,CPA_H49,2019,-25241.3
IT,CPA_H49,2020,-16560.4
IT,CPA_H49,2021,-20523.0
IT,CPA_H49,2022,-25692.2
LT,CPA_H49,2014,-535.4
LT,CPA_H49,2015,-544.4
LT,CPA_H49,2016,-586.53
LT,CPA_H49,2017,-691.13
LT,CPA_H49,2018,-787.92
LT,CPA_H49,2019,-836.67
LT,CPA_H49,2020,-722.88
LT,CPA_H49,2021,-1132.02
LT,CPA_H49,2022,-1775.67
LU,CPA_H49,2014,-41.42
LU,CPA_H49,2015,-41.42
LU,CPA_H49,2016,-41.42
LU,CPA_H49,2017,-41.42
LU,CPA_H49,2018,-41.42
LU,CPA_H49,2019,-41.42
LU,CPA_H49,2020,-41.42
LU,CPA_H49,2021,-41.42
LU,CPA_H49,2022,-41.42
LV,CPA_H49,2014,-498.68
LV,CPA_H49,2015,-480.44
LV,CPA_H49,2016,-473.86
LV,CPA_H49,2017,-542.14
LV,CPA_H49,2018,-600.77
LV,CPA_H49,2019,-606.49
LV,CPA_H49,2020,-646.01
LV,CPA_H49,2021,-778.41
LV,CPA_H49,2022,-958.49
LV,CPA_H49,2023,-965.33
MK,CPA_H49,2014,-52.64
MK,CPA_H49,2015,-49.07
MK,CPA_H49,2016,-51.37
MK,CPA_H49,2017,-50.49
MK,CPA_H49,2018,-59.78
MK,CPA_H49,2019,-75.85
MK,CPA_H49,2020,-50.38
MK,CPA_H49,2021,-59.48
MK,CPA_H49,2022,-58.83
MK,CPA_H49,2023,-60.82
MT,CPA_H49,2014,0.0
MT,CPA_H49,2015,0.0
MT,CPA_H49,2016,0.0
MT,CPA_H49,2017,0.0
MT,CPA_H49,2018,0.0
MT,CPA_H49,2019,0.0
MT,CPA_H49,2020,0.0
MT,CPA_H49,2021,0.0
MT,CPA_H49,2022,0.0
NL,CPA_H49,2014,-13963.0
NL,CPA_H49,2015,-14781.0
NL,CPA_H49,2016,-15618.0
NL,CPA_H49,2017,-16547.0
NL,CPA_H49,2018,-17458.0
NL,CPA_H49,2019,-18566.0
NL,CPA_H49,2020,-18827.0
NL,CPA_H49,2021,-21127.0
NL,CPA_H49,2022,-25047.0
NL,CPA_H49,2023,-24199.0
NL,CPA_H49,2024,-25375.0
NO,CPA_H49,2014,-896.41
NO,CPA_H49,2015,-716.68
NO,CPA_H49,2016,-733.11
NO,CPA_H49,2017,-745.66
NO,CPA_H49,2018,-753.39
NO,CPA_H49,2019,-815.14
NO,CPA_H49,2020,-715.2
NO,CPA_H49,2021,-627.65
NO,CPA_H49,2022,-611.03
NO,CPA_H49,2023,-483.51
PL,CPA_H49,2014,-6342.46
PL,CPA_H49,2015,-6754.44
PL,CPA_H49,2016,-6855.78
PL,CPA_H49,2017,-7875.63
PL,CPA_H49,2018,-8798.38
PL,CPA_H49,2019,-10196.45
PL,CPA_H49,2020,-9988.36
PL,CPA_H49,2021,-10587.31
PL,CPA_H49,2022,-12952.55
PT,CPA_H49,2014,-297.59
PT,CPA_H49,2015,-307.09
PT,CPA_H49,2016,-311.51
PT,CPA_H49,2017,-344.27
PT,CPA_H49,2018,-368.98
PT,CPA_H49,2019,-352.52
PT,CPA_H49,2020,-302.99
PT,CPA_H49,2021,-318.78
PT,CPA_H49,2022,-292.87
PT,CPA_H49,2023,-285.1
PT,CPA_H49,2024,-279.2
RO,CPA_H49,2014,-6759.55
RO,CPA_H49,2015,-7420.7
RO,CPA_H49,2016,-7262.05
RO,CPA_H49,2017,-8310.15
RO,CPA_H49,2018,-8198.35
RO,CPA_H49,2019,-8907.99
RO,CPA_H49,2020,-8166.3
RO,CPA_H49,2021,-11381.61
RO,CPA_H49,2022,-15746.33
SE,CPA_H49,2015,0.0
SE,CPA_H49,2016,0.0
SE,CPA_H49,2017,0.0
SE,CPA_H49,2018,0.0
SE,CPA_H49,2019,0.0
SE,CPA_H49,2020,0.0
SE,CPA_H49,2021,0.0
SE,CPA_H49,2022,0.0
SE,CPA_H49,2023,0.0
SI,CPA_H49,2014,-194.59
SI,CPA_H49,2015,-200.87
SI,CPA_H49,2016,-210.17
SI,CPA_H49,2017,-226.45
SI,CPA_H49,2018,-246.35
SI,CPA_H49,2019,-249.35
SI,CPA_H49,2020,-232.56
SI,CPA_H49,2021,-257.8
SI,CPA_H49,2022,-306.19
SI,CPA_H49,2023,-311.75
SK,CPA_H49,2014,-1142.46
SK,CPA_H49,2015,-1279.71
SK,CPA_H49,2016,-1318.78
SK,CPA_H49,2017,-1375.55
SK,CPA_H49,2018,-1426.29
SK,CPA_H49,2019,-1471.82
SK,CPA_H49,2020,-1406.63
SK,CPA_H49,2021,-1614.47
SK,CPA_H49,2022,-1981.37
TR,CPA_H49,2023,-36466.07
XK,CPA_H49,2014,-1.0
XK,CPA_H49,2015,-2.0
XK,CPA_H49,2016,-2.0
XK,CPA_H49,2017,-2.0
XK,CPA_H49,2018,-2.0
XK,CPA_H49,2019,0.0
AL,CPA_H50,2014,-40.3
AL,CPA_H50,2015,-26.65
AL,CPA_H50,2016,-42.36
AL,CPA_H50,2017,-55.78
AL,CPA_H50,2018,-55.3
AL,CPA_H50,2019,-90.43
AL,CPA_H50,2020,-38.3
AL,CPA_H50,2021,-41.28
AL,CPA_H50,2022,-77.24
AL,CPA_H50,2023,-91.61
AL,CPA_H50,2024,-125.43
AT,CPA_H50,2014,-64.18
AT,CPA_H50,2015,-75.38
AT,CPA_H50,2016,-48.94
AT,CPA_H50,2017,-64.63
AT,CPA_H50,2018,-65.07
AT,CPA_H50,2019,-72.95
AT,CPA_H50,2020,-85.21
AT,CPA_H50,2021,-176.53
AT,CPA_H50,2022,-248.55
BE,CPA_H50,2014,0.0
BE,CPA_H50,2015,0.0
BE,CPA_H50,2016,0.0
BE,CPA_H50,2017,0.0
BE,CPA_H50,2018,0.0
BE,CPA_H50,2019,0.0
BE,CPA_H50,2020,0.0
BE,CPA_H50,2021,0.0
BE,CPA_H50,2022,0.0
BG,CPA_H50,2014,-182.59
BG,CPA_H50,2018,-7.71
BG,CPA_H50,2019,-8.93
BG,CPA_H50,2020,-18.59
BG,CPA_H50,2021,-8.37
BG,CPA_H50,2022,-8.37
CY,CPA_H50,2014,0.0
CY,CPA_H50,2015,0.0
CY,CPA_H50,2016,0.0
CY,CPA_H50,2017,0.0
CY,CPA_H50,2018,0.0
CY,CPA_H50,2019,0.0
CY,CPA_H50,2020,0.0
CY,CPA_H50,2021,0.0
CY,CPA_H50,2022,0.0
CZ,CPA_H50,2014,-4.1
CZ,CPA_H50,2015,-4.4
CZ,CPA_H50,2016,-4.7
CZ,CPA_H50,2017,-17.55
CZ,CPA_H50,2018,-17.04
CZ,CPA_H50,2019,-25.4
CZ,CPA_H50,2020,-28.58
CZ,CPA_H50,2021,-31.63
CZ,CPA_H50,2022,-33.83
CZ,CPA_H50,2023,-24.75
CZ,CPA_H50,2024,-24.36
DE,CPA_H50,2014,0.0
DE,CPA_H50,2015,0.0
DE,CPA_H50,2016,0.0
DE,CPA_H50,2017,0.0
DE,CPA_H50,2018,0.0
DE,CPA_H50,2019,0.0
DE,CPA_H50,2020,0.0
DE,CPA_H50,2021,0.0
DE,CPA_H50,2022,0.0
DK,CPA_H50,2014,0.0
DK,CPA_H50,2015,0.0
DK,CPA_H50,2016,0.0
DK,CPA_H50,2017,0.0
DK,CPA_H50,2018,0.0
DK,CPA_H50,2019,0.0
DK,CPA_H50,2020,0.0
DK,CPA_H50,2021,0.0
DK,CPA_H50,2022,0.0
EA21,CPA_H50,2014,-4939.18
EA21,CPA_H50,2015,-3778.23
EA21,CPA_H50,2016,-3386.44
EA21,CPA_H50,2017,-2801.24
EA21,CPA_H50,2018,-3186.33
EA21,CPA_H50,2019,-3500.36
EA21,CPA_H50,2020,-3317.63
EA21,CPA_H50,2021,-2386.83
EA21,CPA_H50,2022,-3778.9
EA21,CPA_H50,2023,-3802.71
EA21,CPA_H50,2024,-3833.03
EE,CPA_H50,2019,0.0
EE,CPA_H50,2020,0.0
EE,CPA_H50,2021,0.0
EE,CPA_H50,2022,0.0
EL,CPA_H50,2014,0.0
EL,CPA_H50,2015,0.0
EL,CPA_H50,2016,0.0
EL,CPA_H50,2017,0.0
EL,CPA_H50,2018,0.0
EL,CPA_H50,2019,0.0
EL,CPA_H50,2020,0.0
EL,CPA_H50,2021,0.0
EL,CPA_H50,2022,0.0
ES,CPA_H50,2014,-198.8
ES,CPA_H50,2015,-196.8
ES,CPA_H50,2016,-312.4
ES,CPA_H50,2017,-271.5
ES,CPA_H50,2018,-300.9
ES,CPA_H50,2019,-411.8
ES,CPA_H50,2020,-283.9
ES,CPA_H50,2021,-266.9
ES,CPA_H50,2022,-543.3
ES,CPA_H50,2023,-247.1
EU27_2020,CPA_H50,2014,-5530.33
EU27_2020,CPA_H50,2015,-4328.76
EU27_2020,CPA_H50,2016,-3863.5
EU27_2020,CPA_H50,2017,-3327.59
EU27_2020,CPA_H50,2018,-3772.59
EU27_2020,CPA_H50,2019,-4132.85
EU27_2020,CPA_H50,2020,-3995.97
EU27_2020,CPA_H50,2021,-3052.24
EU27_2020,CPA_H50,2022,-5156.68
EU27_2020,CPA_H50,2023,-5139.57
EU27_2020,CPA_H50,2024,-5180.98
FI,CPA_H50,2014,-49.99
FI,CPA_H50,2015,-73.23
FI,CPA_H50,2016,-75.89
FI,CPA_H50,2017,-86.51
FI,CPA_H50,2018,-93.88
FI,CPA_H50,2019,-92.97
FI,CPA_H50,2020,-77.14
FI,CPA_H50,2021,-70.89
FI,CPA_H50,2022,-110.72
FI,CPA_H50,2023,-84.23
FR,CPA_H50,2014,-79.0
FR,CPA_H50,2015,-77.0
FR,CPA_H50,2016,-67.0
FR,CPA_H50,2017,-70.0
FR,CPA_H50,2018,-75.0
FR,CPA_H50,2019,-80.0
FR,CPA_H50,2020,-263.4
FR,CPA_H50,2021,-531.8
FR,CPA_H50,2022,-149.1
HR,CPA_H50,2014,-208.88
HR,CPA_H50,2015,-50.8
HR,CPA_H50,2016,-51.23
HR,CPA_H50,2017,-54.31
HR,CPA_H50,2018,-54.31
HR,CPA_H50,2019,-281.6
HR,CPA_H50,2020,-98.94
HR,CPA_H50,2021,-172.72
HR,CPA_H50,2022,-391.18
HU,CPA_H50,2014,0.0
HU,CPA_H50,2015,0.0
HU,CPA_H50,2016,0.0
HU,CPA_H50,2017,0.0
HU,CPA_H50,2018,0.0
HU,CPA_H50,2019,0.0
HU,CPA_H50,2020,0.0
HU,CPA_H50,2021,0.0
HU,CPA_H50,2022,0.0
HU,CPA_H50,2023,0.0
IE,CPA_H50,2014,0.0
IE,CPA_H50,2015,0.0
IE,CPA_H50,2016,0.0
IE,CPA_H50,2017,0.0
IE,CPA_H50,2018,0.0
IE,CPA_H50,2019,0.0
IE,CPA_H50,2020,0.0
IE,CPA_H50,2021,0.0
IE,CPA_H50,2022,0.0
IT,CPA_H50,2014,-3154.95
IT,CPA_H50,2015,-3125.9
IT,CPA_H50,2016,-2740.2
IT,CPA_H50,2017,-2163.0
IT,CPA_H50,2018,-2499.3
IT,CPA_H50,2019,-2448.6
IT,CPA_H50,2020,-2440.8
IT,CPA_H50,2021,-1062.6
IT,CPA_H50,2022,-2189.5
LT,CPA_H50,2014,-22.07
LT,CPA_H50,2015,-21.96
LT,CPA_H50,2016,-20.42
LT,CPA_H50,2017,-16.33
LT,CPA_H50,2018,-21.5
LT,CPA_H50,2019,-23.69
LT,CPA_H50,2020,-23.55
LT,CPA_H50,2021,-49.45
LT,CPA_H50,2022,-75.17
LU,CPA_H50,2014,0.0
LU,CPA_H50,2015,0.0
LU,CPA_H50,2016,0.0
LU,CPA_H50,2017,0.0
LU,CPA_H50,2018,0.0
LU,CPA_H50,2019,0.0
LU,CPA_H50,2020,0.0
LU,CPA_H50,2021,0.0
LU,CPA_H50,2022,0.0
LV,CPA_H50,2014,0.0
LV,CPA_H50,2015,0.0
LV,CPA_H50,2016,0.0
LV,CPA_H50,2017,0.0
LV,CPA_H50,2018,0.0
LV,CPA_H50,2019,0.0
LV,CPA_H50,2020,0.0
LV,CPA_H50,2021,0.0
LV,CPA_H50,2022,0.0
LV,CPA_H50,2023,0.0
MK,CPA_H50,2014,-0.11
MK,CPA_H50,2015,-0.06
MK,CPA_H50,2016,-0.13
MK,CPA_H50,2017,-0.15
MK,CPA_H50,2018,-0.18
MK,CPA_H50,2019,-0.32
MK,CPA_H50,2020,-0.19
MK,CPA_H50,2021,-0.35
MK,CPA_H50,2022,-0.38
MK,CPA_H50,2023,-0.28
MT,CPA_H50,2014,0.0
MT,CPA_H50,2015,0.0
MT,CPA_H50,2016,0.0
MT,CPA_H50,2017,0.0
MT,CPA_H50,2018,0.0
MT,CPA_H50,2019,0.0
MT,CPA_H50,2020,0.0
MT,CPA_H50,2021,0.0
MT,CPA_H50,2022,0.0
NL,CPA_H50,2014,0.0
NL,CPA_H50,2015,0.0
NL,CPA_H50,2016,0.0
NL,CPA_H50,2017,0.0
NL,CPA_H50,2018,0.0
NL,CPA_H50,2019,0.0
NL,CPA_H50,2020,0.0
NL,CPA_H50,2021,0.0
NL,CPA_H50,2022,0.0
NL,CPA_H50,2023,0.0
NL,CPA_H50,2024,0.0
NO,CPA_H50,2014,0.0
NO,CPA_H50,2015,0.0
NO,CPA_H50,2016,0.0
NO,CPA_H50,2017,0.0
NO,CPA_H50,2018,0.0
NO,CPA_H50,2019,0.0
NO,CPA_H50,2020,0.0
NO,CPA_H50,2021,0.0
NO,CPA_H50,2022,0.0
NO,CPA_H50,2023,0.0
PT,CPA_H50,2014,-34.93
PT,CPA_H50,2015,-33.05
PT,CPA_H50,2016,-28.38
PT,CPA_H50,2017,-28.81
PT,CPA_H50,2018,-31.64
PT,CPA_H50,2019,-42.82
PT,CPA_H50,2020,-43.83
PT,CPA_H50,2021,-47.11
PT,CPA_H50,2022,-55.47
PT,CPA_H50,2023,-49.94
PT,CPA_H50,2024,-49.79
RO,CPA_H50,2014,-521.39
RO,CPA_H50,2015,-485.36
RO,CPA_H50,2016,-422.9
RO,CPA_H50,2017,-460.76
RO,CPA_H50,2018,-506.73
RO,CPA_H50,2019,-534.0
RO,CPA_H50,2020,-609.06
RO,CPA_H50,2021,-564.2
RO,CPA_H50,2022,-1252.29
SE,CPA_H50,2015,0.0
SE,CPA_H50,2016,0.0
SE,CPA_H50,2017,0.0
SE,CPA_H50,2018,0.0
SE,CPA_H50,2019,0.0
SE,CPA_H50,2020,0.0
SE,CPA_H50,2021,0.0
SE,CPA_H50,2022,0.0
SE,CPA_H50,2023,0.0
SI,CPA_H50,2014,-1.45
SI,CPA_H50,2015,-1.45
SI,CPA_H50,2016,-1.13
SI,CPA_H50,2017,-0.7
SI,CPA_H50,2018,-0.63
SI,CPA_H50,2019,-0.4
SI,CPA_H50,2020,-0.4
SI,CPA_H50,2021,-0.5
SI,CPA_H50,2022,-0.68
SI,CPA_H50,2023,-0.67
SK,CPA_H50,2014,-7.42
SK,CPA_H50,2015,-7.74
SK,CPA_H50,2016,-10.94
SK,CPA_H50,2017,-10.68
SK,CPA_H50,2018,-11.36
SK,CPA_H50,2019,-13.71
SK,CPA_H50,2020,-6.06
SK,CPA_H50,2021,-6.79
SK,CPA_H50,2022,-11.73
TR,CPA_H50,2023,-806.96
XK,CPA_H50,2014,0.0
XK,CPA_H50,2015,0.0
XK,CPA_H50,2016,0.0
XK,CPA_H50,2017,0.0
XK,CPA_H50,2018,0.0
XK,CPA_H50,2019,0.0
AL,CPA_H51,2014,-27.88
AL,CPA_H51,2015,-1.26
AL,CPA_H51,2016,-5.67
AL,CPA_H51,2017,-13.55
AL,CPA_H51,2018,-38.26
AL,CPA_H51,2019,-11.53
AL,CPA_H51,2020,-1.81
AL,CPA_H51,2021,-13.29
AL,CPA_H51,2022,-16.84
AL,CPA_H51,2023,-21.94
AL,CPA_H51,2024,-27.78
AT,CPA_H51,2014,-21.79
AT,CPA_H51,2015,-34.24
AT,CPA_H51,2016,-3.77
AT,CPA_H51,2017,-25.2
AT,CPA_H51,2018,-5.73
AT,CPA_H51,2019,-15.62
AT,CPA_H51,2020,-22.32
AT,CPA_H51,2021,-4.48
AT,CPA_H51,2022,-18.4
BE,CPA_H51,2014,0.0
BE,CPA_H51,2015,0.0
BE,CPA_H51,2016,0.0
BE,CPA_H51,2017,0.0
BE,CPA_H51,2018,0.0
BE,CPA_H51,2019,0.0
BE,CPA_H51,2020,0.0
BE,CPA_H51,2021,0.0
BE,CPA_H51,2022,0.0
BG,CPA_H51,2014,-22.89
BG,CPA_H51,2018,-1.77
BG,CPA_H51,2019,-1.87
BG,CPA_H51,2020,-4.95
BG,CPA_H51,2021,-1.37
BG,CPA_H51,2022,-1.37
CY,CPA_H51,2014,0.0
CY,CPA_H51,2015,0.0
CY,CPA_H51,2016,0.0
CY,CPA_H51,2017,0.0
CY,CPA_H51,2018,0.0
CY,CPA_H51,2019,0.0
CY,CPA_H51,2020,0.0
CY,CPA_H51,2021,0.0
CY,CPA_H51,2022,0.0
CZ,CPA_H51,2014,-33.12
CZ,CPA_H51,2015,-21.04
CZ,CPA_H51,2016,-28.67
CZ,CPA_H51,2017,-1.63
CZ,CPA_H51,2018,-1.56
CZ,CPA_H51,2019,-1.91
CZ,CPA_H51,2020,-1.93
CZ,CPA_H51,2021,-1.79
CZ,CPA_H51,2022,-1.91
CZ,CPA_H51,2023,-4.21
CZ,CPA_H51,2024,-2.55
DE,CPA_H51,2014,0.0
DE,CPA_H51,2015,0.0
DE,CPA_H51,2016,0.0
DE,CPA_H51,2017,0.0
DE,CPA_H51,2018,0.0
DE,CPA_H51,2019,0.0
DE,CPA_H51,2020,0.0
DE,CPA_H51,2021,0.0
DE,CPA_H51,2022,0.0
DK,CPA_H51,2014,0.0
DK,CPA_H51,2015,0.0
DK,CPA_H51,2016,0.0
DK,CPA_H51,2017,0.0
DK,CPA_H51,2018,0.0
DK,CPA_H51,2019,0.0
DK,CPA_H51,2020,0.0
DK,CPA_H51,2021,0.0
DK,CPA_H51,2022,0.0
EA21,CPA_H51,2014,-620.68
EA21,CPA_H51,2015,-538.78
EA21,CPA_H51,2016,-440.73
EA21,CPA_H51,2017,-418.88
EA21,CPA_H51,2018,-262.66
EA21,CPA_H51,2019,-893.97
EA21,CPA_H51,2020,-1258.7
EA21,CPA_H51,2021,-2336.08
EA21,CPA_H51,2022,-3056.39
EA21,CPA_H51,2023,-3098.46
EA21,CPA_H51,2024,-3177.31
EE,CPA_H51,2019,0.0
EE,CPA_H51,2020,0.0
EE,CPA_H51,2021,0.0
EE,CPA_H51,2022,0.0
EL,CPA_H51,2014,0.0
EL,CPA_H51,2015,0.0
EL,CPA_H51,2016,0.0
EL,CPA_H51,2017,0.0
EL,CPA_H51,2018,0.0
EL,CPA_H51,2019,0.0
EL,CPA_H51,2020,0.0
EL,CPA_H51,2021,0.0
EL,CPA_H51,2022,0.0
ES,CPA_H51,2014,-98.9
ES,CPA_H51,2015,-105.0
ES,CPA_H51,2016,-147.4
ES,CPA_H51,2017,-98.4
ES,CPA_H51,2018,-114.9
ES,CPA_H51,2019,-157.2
ES,CPA_H51,2020,-107.1
ES,CPA_H51,2021,-85.2
ES,CPA_H51,2022,-130.8
ES,CPA_H51,2023,-146.0
EU27_2020,CPA_H51,2014,-666.0
EU27_2020,CPA_H51,2015,-568.83
EU27_2020,CPA_H51,2016,-480.39
EU27_2020,CPA_H51,2017,-428.28
EU27_2020,CPA_H51,2018,-279.12
EU27_2020,CPA_H51,2019,-918.82
EU27_2020,CPA_H51,2020,-1311.16
EU27_2020,CPA_H51,2021,-2873.21
EU27_2020,CPA_H51,2022,-3917.86
EU27_2020,CPA_H51,2023,-3966.4
EU27_2020,CPA_H51,2024,-4066.5
FI,CPA_H51,2014,0.0
FI,CPA_H51,2015,0.0
FI,CPA_H51,2016,0.0
FI,CPA_H51,2017,0.0
FI,CPA_H51,2018,0.0
FI,CPA_H51,2019,0.0
FI,CPA_H51,2020,0.0
FI,CPA_H51,2021,0.0
FI,CPA_H51,2022,-0.01
FI,CPA_H51,2023,0.0
FR,CPA_H51,2014,-274.0
FR,CPA_H51,2015,-178.0
FR,CPA_H51,2016,-107.0
FR,CPA_H51,2017,-200.0
FR,CPA_H51,2018,-71.0
FR,CPA_H51,2019,-471.0
FR,CPA_H51,2020,-842.9
FR,CPA_H51,2021,-2071.3
FR,CPA_H51,2022,-2645.0
HR,CPA_H51,2014,-0.1
HR,CPA_H51,2015,-6.31
HR,CPA_H51,2016,-9.83
HR,CPA_H51,2017,-10.42
HR,CPA_H51,2018,-10.42
HR,CPA_H51,2019,-0.14
HR,CPA_H51,2020,-0.05
HR,CPA_H51,2021,-0.11
HU,CPA_H51,2014,0.0
HU,CPA_H51,2015,0.0
HU,CPA_H51,2016,0.0
HU,CPA_H51,2017,0.0
HU,CPA_H51,2018,0.0
HU,CPA_H51,2019,0.0
HU,CPA_H51,2020,0.0
HU,CPA_H51,2021,0.0
HU,CPA_H51,2022,0.0
HU,CPA_H51,2023,0.0
IE,CPA_H51,2014,0.0
IE,CPA_H51,2015,0.0
IE,CPA_H51,2016,0.0
IE,CPA_H51,2017,0.0
IE,CPA_H51,2018,0.0
IE,CPA_H51,2019,0.0
IE,CPA_H51,2020,0.0
IT,CPA_H51,2014,-208.94
IT,CPA_H51,2015,-197.2
IT,CPA_H51,2016,-159.0
IT,CPA_H51,2017,-49.0
IT,CPA_H51,2018,-37.0
IT,CPA_H51,2019,-200.2
IT,CPA_H51,2020,-270.8
IT,CPA_H51,2021,-144.2
IT,CPA_H51,2022,-205.1
LT,CPA_H51,2014,-3.72
LT,CPA_H51,2015,-2.1
LT,CPA_H51,2016,-1.54
LT,CPA_H51,2017,-2.16
LT,CPA_H51,2018,-2.24
LT,CPA_H51,2019,-2.28
LT,CPA_H51,2020,-1.64
LT,CPA_H51,2021,-4.96
LT,CPA_H51,2022,-8.99
LU,CPA_H51,2014,0.0
LU,CPA_H51,2015,0.0
LU,CPA_H51,2016,0.0
LU,CPA_H51,2017,0.0
LU,CPA_H51,2018,0.0
LU,CPA_H51,2019,0.0
LU,CPA_H51,2020,0.0
LU,CPA_H51,2021,0.0
LU,CPA_H51,2022,0.0
LV,CPA_H51,2014,0.0
LV,CPA_H51,2015,0.0
LV,CPA_H51,2016,0.0
LV,CPA_H51,2017,0.0
LV,CPA_H51,2018,0.0
LV,CPA_H51,2019,0.0
LV,CPA_H51,2020,0.0
LV,CPA_H51,2021,0.0
LV,CPA_H51,2022,0.0
LV,CPA_H51,2023,0.0
MK,CPA_H51,2014,-0.08
MK,CPA_H51,2015,-0.03
MK,CPA_H51,2016,-0.16
MK,CPA_H51,2017,-0.16
MK,CPA_H51,2018,-0.6
MK,CPA_H51,2019,-0.14
MK,CPA_H51,2020,-0.13
MK,CPA_H51,2021,-0.17
MK,CPA_H51,2022,-0.14
MK,CPA_H51,2023,-0.11
MT,CPA_H51,2014,0.0
MT,CPA_H51,2015,0.0
MT,CPA_H51,2016,0.0
MT,CPA_H51,2017,0.0
MT,CPA_H51,2018,0.0
MT,CPA_H51,2019,0.0
MT,CPA_H51,2020,0.0
MT,CPA_H51,2021,0.0
MT,CPA_H51,2022,0.0
NL,CPA_H51,2014,0.0
NL,CPA_H51,2015,0.0
NL,CPA_H51,2016,0.0
NL,CPA_H51,2017,0.0
NL,CPA_H51,2018,0.0
NL,CPA_H51,2019,0.0
NL,CPA_H51,2020,0.0
NL,CPA_H51,2021,0.0
NL,CPA_H51,2022,0.0
NL,CPA_H51,2023,0.0
NL,CPA_H51,2024,0.0
NO,CPA_H51,2014,0.0
NO,CPA_H51,2015,0.0
NO,CPA_H51,2016,0.0
NO,CPA_H51,2017,0.0
NO,CPA_H51,2018,0.0
NO,CPA_H51,2019,0.0
NO,CPA_H51,2020,0.0
NO,CPA_H51,2021,0.0
NO,CPA_H51,2022,0.0
NO,CPA_H51,2023,0.0
PT,CPA_H51,2014,0.0
PT,CPA_H51,2015,0.0
PT,CPA_H51,2016,0.0
PT,CPA_H51,2017,0.0
PT,CPA_H51,2018,0.0
PT,CPA_H51,2019,0.0
PT,CPA_H51,2020,0.0
PT,CPA_H51,2021,0.0
PT,CPA_H51,2022,0.0
PT,CPA_H51,2023,0.0
PT,CPA_H51,2024,0.0
RO,CPA_H51,2014,-7.31
RO,CPA_H51,2015,-4.12
RO,CPA_H51,2016,-4.74
RO,CPA_H51,2017,-0.31
RO,CPA_H51,2018,-6.55
RO,CPA_H51,2019,-12.31
RO,CPA_H51,2020,-41.4
RO,CPA_H51,2021,-521.85
RO,CPA_H51,2022,-845.56
SE,CPA_H51,2015,0.0
SE,CPA_H51,2016,0.0
SE,CPA_H51,2017,0.0
SE,CPA_H51,2018,0.0
SE,CPA_H51,2019,0.0
SE,CPA_H51,2020,0.0
SE,CPA_H51,2021,0.0
SE,CPA_H51,2022,0.0
SE,CPA_H51,2023,0.0
SI,CPA_H51,2014,-1.42
SI,CPA_H51,2015,-1.48
SI,CPA_H51,2016,-1.4
SI,CPA_H51,2017,-1.46
SI,CPA_H51,2018,-1.64
SI,CPA_H51,2019,-1.34
SI,CPA_H51,2020,-1.02
SI,CPA_H51,2021,-1.29
SI,CPA_H51,2022,-1.56
SI,CPA_H51,2023,-1.79
SK,CPA_H51,2014,-15.05
SK,CPA_H51,2015,-16.14
SK,CPA_H51,2016,-10.59
SK,CPA_H51,2017,-9.25
SK,CPA_H51,2018,-15.95
SK,CPA_H51,2019,-12.13
SK,CPA_H51,2020,-13.94
SK,CPA_H51,2021,-23.4
SK,CPA_H51,2022,-45.75
TR,CPA_H51,2023,-44.62
XK,CPA_H51,2014,0.0
XK,CPA_H51,2015,0.0
XK,CPA_H51,2016,0.0
XK,CPA_H51,2017,0.0
XK,CPA_H51,2018,0.0
XK,CPA_H51,2019,0.0
AL,CPA_H52,2014,0.0
AL,CPA_H52,2015,0.0
AL,CPA_H52,2016,0.0
AL,CPA_H52,2017,0.0
AL,CPA_H52,2018,0.0
AL,CPA_H52,2019,0.0
AL,CPA_H52,2020,0.0
AL,CPA_H52,2021,0.0
AL,CPA_H52,2022,0.0
AL,CPA_H52,2023,0.0
AL,CPA_H52,2024,0.0
AT,CPA_H52,2014,-859.09
AT,CPA_H52,2015,-948.32
AT,CPA_H52,2016,-1061.41
AT,CPA_H52,2017,-1164.76
AT,CPA_H52,2018,-1049.91
AT,CPA_H52,2019,-1109.99
AT,CPA_H52,2020,-1074.19
AT,CPA_H52,2021,-1385.09
AT,CPA_H52,2022,-1577.01
BE,CPA_H52,2014,0.0
BE,CPA_H52,2015,0.0
BE,CPA_H52,2016,0.0
BE,CPA_H52,2017,0.0
BE,CPA_H52,2018,0.0
BE,CPA_H52,2019,0.0
BE,CPA_H52,2020,0.0
BE,CPA_H52,2021,0.0
BE,CPA_H52,2022,0.0
BG,CPA_H52,2014,0.0
BG,CPA_H52,2018,0.0
BG,CPA_H52,2019,0.0
BG,CPA_H52,2020,0.0
BG,CPA_H52,2021,0.0
BG,CPA_H52,2022,0.0
CY,CPA_H52,2014,0.0
CY,CPA_H52,2015,0.0
CY,CPA_H52,2016,0.0
CY,CPA_H52,2017,0.0
CY,CPA_H52,2018,0.0
CY,CPA_H52,2019,0.0
CY,CPA_H52,2020,0.0
CY,CPA_H52,2021,0.0
CY,CPA_H52,2022,0.0
CZ,CPA_H52,2014,0.0
CZ,CPA_H52,2015,0.0
CZ,CPA_H52,2016,0.0
CZ,CPA_H52,2017,0.0
CZ,CPA_H52,2018,0.0
CZ,CPA_H52,2019,0.0
CZ,CPA_H52,2020,0.0
CZ,CPA_H52,2021,0.0
CZ,CPA_H52,2022,0.0
CZ,CPA_H52,2023,0.0
CZ,CPA_H52,2024,0.0
DE,CPA_H52,2014,0.0
DE,CPA_H52,2015,0.0
DE,CPA_H52,2016,0.0
DE,CPA_H52,2017,0.0
DE,CPA_H52,2018,0.0
DE,CPA_H52,2019,0.0
DE,CPA_H52,2020,0.0
DE,CPA_H52,2021,0.0
DE,CPA_H52,2022,0.0
DK,CPA_H52,2014,0.0
DK,CPA_H52,2015,0.0
DK,CPA_H52,2016,0.0
DK,CPA_H52,2017,0.0
DK,CPA_H52,2018,0.0
DK,CPA_H52,2019,0.0
DK,CPA_H52,2020,0.0
DK,CPA_H52,2021,0.0
DK,CPA_H52,2022,0.0
EA21,CPA_H52,2014,-4682.6
EA21,CPA_H52,2015,-4971.49
EA21,CPA_H52,2016,-5059.63
EA21,CPA_H52,2017,-5709.11
EA21,CPA_H52,2018,-5599.81
EA21,CPA_H52,2019,-5568.22
EA21,CPA_H52,2020,-4886.38
EA21,CPA_H52,2021,-5462.94
EA21,CPA_H52,2022,-5569.82
EA21,CPA_H52,2023,-5294.28
EA21,CPA_H52,2024,-5540.84
EE,CPA_H52,2019,0.0
EE,CPA_H52,2020,0.0
EE,CPA_H52,2021,0.0
EE,CPA_H52,2022,0.0
EL,CPA_H52,2014,0.0
EL,CPA_H52,2015,0.0
EL,CPA_H52,2016,0.0
EL,CPA_H52,2017,0.0
EL,CPA_H52,2018,0.0
EL,CPA_H52,2019,0.0
EL,CPA_H52,2020,0.0
EL,CPA_H52,2021,0.0
EL,CPA_H52,2022,0.0
ES,CPA_H52,2014,0.0
ES,CPA_H52,2015,0.0
ES,CPA_H52,2016,0.0
ES,CPA_H52,2017,0.0
ES,CPA_H52,2018,0.0
ES,CPA_H52,2019,0.0
ES,CPA_H52,2020,0.0
ES,CPA_H52,2021,0.0
ES,CPA_H52,2022,0.0
ES,CPA_H52,2023,0.0
EU27_2020,CPA_H52,2014,-5989.46
EU27_2020,CPA_H52,2015,-6586.93
EU27_2020,CPA_H52,2016,-6584.71
EU27_2020,CPA_H52,2017,-7647.54
EU27_2020,CPA_H52,2018,-7785.12
EU27_2020,CPA_H52,2019,-7902.55
EU27_2020,CPA_H52,2020,-7032.63
EU27_2020,CPA_H52,2021,-8628.68
EU27_2020,CPA_H52,2022,-9184.0
EU27_2020,CPA_H52,2023,-8984.62
EU27_2020,CPA_H52,2024,-9505.28
FI,CPA_H52,2014,-205.26
FI,CPA_H52,2015,-195.0
FI,CPA_H52,2016,-199.04
FI,CPA_H52,2017,-196.64
FI,CPA_H52,2018,-207.87
FI,CPA_H52,2019,-211.7
FI,CPA_H52,2020,-175.95
FI,CPA_H52,2021,-229.02
FI,CPA_H52,2022,-289.2
FI,CPA_H52,2023,-219.22
FR,CPA_H52,2014,-2945.66
FR,CPA_H52,2015,-2985.0
FR,CPA_H52,2016,-2899.0
FR,CPA_H52,2017,-3245.0
FR,CPA_H52,2018,-3192.0
FR,CPA_H52,2019,-3028.0
FR,CPA_H52,2020,-3013.5
FR,CPA_H52,2021,-3180.5
FR,CPA_H52,2022,-2638.5
HR,CPA_H52,2015,0.0
HR,CPA_H52,2016,0.0
HR,CPA_H52,2017,0.0
HR,CPA_H52,2018,0.0
HU,CPA_H52,2014,0.0
HU,CPA_H52,2015,0.0
HU,CPA_H52,2016,0.0
HU,CPA_H52,2017,0.0
HU,CPA_H52,2018,0.0
HU,CPA_H52,2019,0.0
HU,CPA_H52,2020,32.72
HU,CPA_H52,2021,0.0
HU,CPA_H52,2022,0.0
HU,CPA_H52,2023,0.0
IE,CPA_H52,2014,0.0
IE,CPA_H52,2015,0.0
IE,CPA_H52,2016,0.0
IE,CPA_H52,2017,0.0
IE,CPA_H52,2018,0.0
IE,CPA_H52,2019,0.0
IE,CPA_H52,2020,0.0
IT,CPA_H52,2014,0.0
IT,CPA_H52,2015,0.0
IT,CPA_H52,2016,0.0
IT,CPA_H52,2017,0.0
IT,CPA_H52,2018,0.0
IT,CPA_H52,2019,0.0
IT,CPA_H52,2020,0.0
IT,CPA_H52,2021,0.0
IT,CPA_H52,2022,0.0
LT,CPA_H52,2014,-333.57
LT,CPA_H52,2015,-322.19
LT,CPA_H52,2016,-327.43
LT,CPA_H52,2017,-379.59
LT,CPA_H52,2018,-355.35
LT,CPA_H52,2019,-332.64
LT,CPA_H52,2020,-283.42
LT,CPA_H52,2021,-269.86
LT,CPA_H52,2022,-243.74
LU,CPA_H52,2014,-0.61
LU,CPA_H52,2015,-0.61
LU,CPA_H52,2016,-0.61
LU,CPA_H52,2017,-0.61
LU,CPA_H52,2018,-0.61
LU,CPA_H52,2019,-0.61
LU,CPA_H52,2020,-0.61
LU,CPA_H52,2021,-0.61
LU,CPA_H52,2022,-0.61
LV,CPA_H52,2014,0.0
LV,CPA_H52,2015,0.0
LV,CPA_H52,2016,0.0
LV,CPA_H52,2017,0.0
LV,CPA_H52,2018,0.0
LV,CPA_H52,2019,0.0
LV,CPA_H52,2020,0.0
LV,CPA_H52,2021,0.0
LV,CPA_H52,2022,0.0
LV,CPA_H52,2023,0.0
MK,CPA_H52,2022,0.0
MK,CPA_H52,2023,0.0
MT,CPA_H52,2014,0.0
MT,CPA_H52,2015,0.0
MT,CPA_H52,2016,0.0
MT,CPA_H52,2017,0.0
MT,CPA_H52,2018,0.0
MT,CPA_H52,2019,0.0
MT,CPA_H52,2020,0.0
MT,CPA_H52,2021,0.0
MT,CPA_H52,2022,0.0
NL,CPA_H52,2014,0.0
NL,CPA_H52,2015,0.0
NL,CPA_H52,2016,0.0
NL,CPA_H52,2017,0.0
NL,CPA_H52,2018,0.0
NL,CPA_H52,2019,0.0
NL,CPA_H52,2020,0.0
NL,CPA_H52,2021,0.0
NL,CPA_H52,2022,0.0
NL,CPA_H52,2023,0.0
NL,CPA_H52,2024,0.0
NO,CPA_H52,2014,0.0
NO,CPA_H52,2015,0.0
NO,CPA_H52,2016,0.0
NO,CPA_H52,2017,0.0
NO,CPA_H52,2018,0.0
NO,CPA_H52,2019,0.0
NO,CPA_H52,2020,0.0
NO,CPA_H52,2021,0.0
NO,CPA_H52,2022,0.0
NO,CPA_H52,2023,0.0
PT,CPA_H52,2014,0.0
PT,CPA_H52,2015,0.0
PT,CPA_H52,2016,0.0
PT,CPA_H52,2017,0.0
PT,CPA_H52,2018,0.0
PT,CPA_H52,2019,0.0
PT,CPA_H52,2020,0.0
PT,CPA_H52,2021,0.0
PT,CPA_H52,2022,0.0
PT,CPA_H52,2023,0.0
PT,CPA_H52,2024,0.0
RO,CPA_H52,2014,-1306.86
RO,CPA_H52,2015,-1615.45
RO,CPA_H52,2016,-1525.08
RO,CPA_H52,2017,-1938.43
RO,CPA_H52,2018,-2165.71
RO,CPA_H52,2019,-2299.05
RO,CPA_H52,2020,-2199.97
RO,CPA_H52,2021,-3184.07
RO,CPA_H52,2022,-3617.02
SE,CPA_H52,2015,0.0
SE,CPA_H52,2016,0.0
SE,CPA_H52,2017,0.0
SE,CPA_H52,2018,0.0
SE,CPA_H52,2019,0.0
SE,CPA_H52,2020,0.0
SE,CPA_H52,2021,0.0
SE,CPA_H52,2022,0.0
SE,CPA_H52,2023,0.0
SI,CPA_H52,2014,-142.67
SI,CPA_H52,2015,-152.16
SI,CPA_H52,2016,-162.74
SI,CPA_H52,2017,-186.8
SI,CPA_H52,2018,-200.43
SI,CPA_H52,2019,-211.13
SI,CPA_H52,2020,-168.8
SI,CPA_H52,2021,-213.36
SI,CPA_H52,2022,-260.33
SI,CPA_H52,2023,-238.69
SK,CPA_H52,2014,0.0
SK,CPA_H52,2015,0.0
SK,CPA_H52,2016,0.0
SK,CPA_H52,2017,0.0
SK,CPA_H52,2018,0.0
SK,CPA_H52,2019,0.0
SK,CPA_H52,2020,0.0
SK,CPA_H52,2021,0.0
SK,CPA_H52,2022,0.0
TR,CPA_H52,2023,0.0
XK,CPA_H52,2014,0.0
XK,CPA_H52,2015,0.0
XK,CPA_H52,2016,0.0
XK,CPA_H52,2017,0.0
XK,CPA_H52,2018,0.0
XK,CPA_H52,2019,0.0
AL,CPA_H53,2014,1.31
AL,CPA_H53,2015,1.38
AL,CPA_H53,2016,1.38
AL,CPA_H53,2017,1.32
AL,CPA_H53,2018,1.75
AL,CPA_H53,2019,1.82
AL,CPA_H53,2020,2.25
AL,CPA_H53,2021,2.14
AL,CPA_H53,2022,36.84
AL,CPA_H53,2023,45.43
AL,CPA_H53,2024,48.42
AT,CPA_H53,2014,0.0
AT,CPA_H53,2015,0.0
AT,CPA_H53,2016,0.0
AT,CPA_H53,2017,0.0
AT,CPA_H53,2018,0.0
AT,CPA_H53,2019,0.0
AT,CPA_H53,2020,0.0
AT,CPA_H53,2021,0.0
AT,CPA_H53,2022,0.0
BE,CPA_H53,2014,0.0
BE,CPA_H53,2015,0.0
BE,CPA_H53,2016,0.0
BE,CPA_H53,2017,0.0
BE,CPA_H53,2018,0.0
BE,CPA_H53,2019,0.0
BE,CPA_H53,2020,0.0
BE,CPA_H53,2021,0.0
BE,CPA_H53,2022,0.0
BG,CPA_H53,2014,0.0
BG,CPA_H53,2018,0.0
BG,CPA_H53,2019,0.0
BG,CPA_H53,2020,0.0
BG,CPA_H53,2021,0.0
BG,CPA_H53,2022,0.0
CY,CPA_H53,2014,0.0
CY,CPA_H53,2015,0.0
CY,CPA_H53,2016,0.0
CY,CPA_H53,2017,0.0
CY,CPA_H53,2018,0.0
CY,CPA_H53,2019,0.0
CZ,CPA_H53,2014,0.0
CZ,CPA_H53,2015,0.0
CZ,CPA_H53,2016,0.0
CZ,CPA_H53,2017,0.0
CZ,CPA_H53,2018,0.0
CZ,CPA_H53,2019,0.0
CZ,CPA_H53,2020,0.0
CZ,CPA_H53,2021,0.0
CZ,CPA_H53,2022,0.0
CZ,CPA_H53,2023,0.0
CZ,CPA_H53,2024,0.0
DE,CPA_H53,2014,0.0
DE,CPA_H53,2015,0.0
DE,CPA_H53,2016,0.0
DE,CPA_H53,2017,0.0
DE,CPA_H53,2018,0.0
DE,CPA_H53,2019,0.0
DE,CPA_H53,2020,0.0
DE,CPA_H53,2021,0.0
DE,CPA_H53,2022,0.0
DK,CPA_H53,2014,0.0
DK,CPA_H53,2015,0.0
DK,CPA_H53,2016,0.0
DK,CPA_H53,2017,0.0
DK,CPA_H53,2018,0.0
DK,CPA_H53,2019,0.0
DK,CPA_H53,2020,0.0
DK,CPA_H53,2021,0.0
DK,CPA_H53,2022,0.0
EA21,CPA_H53,2014,0.0
EA21,CPA_H53,2015,0.0
EA21,CPA_H53,2016,0.0
EA21,CPA_H53,2017,0.0
EA21,CPA_H53,2018,0.0
EA21,CPA_H53,2019,0.0
EA21,CPA_H53,2020,0.0
EA21,CPA_H53,2021,0.0
EA21,CPA_H53,2022,-15.02
EA21,CPA_H53,2023,-14.32
EA21,CPA_H53,2024,-14.03
EE,CPA_H53,2019,0.0
EE,CPA_H53,2020,0.0
EE,CPA_H53,2021,0.0
EE,CPA_H53,2022,0.0
EL,CPA_H53,2014,0.0
EL,CPA_H53,2015,0.0
EL,CPA_H53,2016,0.0
EL,CPA_H53,2017,0.0
EL,CPA_H53,2018,0.0
EL,CPA_H53,2019,0.0
EL,CPA_H53,2020,0.0
EL,CPA_H53,2021,0.0
EL,CPA_H53,2022,0.0
ES,CPA_H53,2014,0.0
ES,CPA_H53,2015,0.0
ES,CPA_H53,2016,0.0
ES,CPA_H53,2017,0.0
ES,CPA_H53,2018,0.0
ES,CPA_H53,2019,0.0
ES,CPA_H53,2020,0.0
ES,CPA_H53,2021,0.0
ES,CPA_H53,2022,0.0
ES,CPA_H53,2023,0.0
EU27_2020,CPA_H53,2014,0.0
EU27_2020,CPA_H53,2015,0.0
EU27_2020,CPA_H53,2016,0.0
EU27_2020,CPA_H53,2017,0.0
EU27_2020,CPA_H53,2018,0.0
EU27_2020,CPA_H53,2019,0.0
EU27_2020,CPA_H53,2020,0.0
EU27_2020,CPA_H53,2021,0.0
EU27_2020,CPA_H53,2022,-15.02
EU27_2020,CPA_H53,2023,-14.32
EU27_2020,CPA_H53,2024,-14.03
FI,CPA_H53,2014,0.0
FI,CPA_H53,2015,0.0
FI,CPA_H53,2016,0.0
FI,CPA_H53,2017,0.0
FI,CPA_H53,2018,0.0
FI,CPA_H53,2019,0.0
FI,CPA_H53,2020,0.0
FI,CPA_H53,2021,0.0
FI,CPA_H53,2022,0.0
FI,CPA_H53,2023,0.0
FR,CPA_H53,2014,0.0
FR,CPA_H53,2015,0.0
FR,CPA_H53,2016,0.0
FR,CPA_H53,2017,0.0
FR,CPA_H53,2018,0.0
FR,CPA_H53,2019,0.0
FR,CPA_H53,2020,0.0
FR,CPA_H53,2021,0.0
FR,CPA_H53,2022,0.0
HR,CPA_H53,2015,0.0
HR,CPA_H53,2016,0.0
HR,CPA_H53,2017,0.0
HR,CPA_H53,2018,0.0
HU,CPA_H53,2014,0.0
HU,CPA_H53,2015,0.0
HU,CPA_H53,2016,0.0
HU,CPA_H53,2017,0.0
HU,CPA_H53,2018,0.0
HU,CPA_H53,2019,0.0
HU,CPA_H53,2020,0.0
HU,CPA_H53,2021,0.0
HU,CPA_H53,2022,0.0
HU,CPA_H53,2023,0.0
IE,CPA_H53,2014,0.0
IE,CPA_H53,2015,0.0
IE,CPA_H53,2016,0.0
IE,CPA_H53,2017,0.0
IE,CPA_H53,2018,0.0
IE,CPA_H53,2019,0.0
IE,CPA_H53,2020,0.0
IE,CPA_H53,2021,0.0
IE,CPA_H53,2022,0.0
IT,CPA_H53,2014,0.0
IT,CPA_H53,2015,0.0
IT,CPA_H53,2016,0.0
IT,CPA_H53,2017,0.0
IT,CPA_H53,2018,0.0
IT,CPA_H53,2019,0.0
IT,CPA_H53,2020,0.0
IT,CPA_H53,2021,0.0
IT,CPA_H53,2022,0.0
LT,CPA_H53,2022,-15.02
LU,CPA_H53,2014,0.0
LU,CPA_H53,2015,0.0
LU,CPA_H53,2016,0.0
LU,CPA_H53,2017,0.0
LU,CPA_H53,2018,0.0
LU,CPA_H53,2019,0.0
LU,CPA_H53,2020,0.0
LU,CPA_H53,2021,0.0
LU,CPA_H53,2022,0.0
LV,CPA_H53,2014,0.0
LV,CPA_H53,2015,0.0
LV,CPA_H53,2016,0.0
LV,CPA_H53,2017,0.0
LV,CPA_H53,2018,0.0
LV,CPA_H53,2019,0.0
LV,CPA_H53,2020,0.0
LV,CPA_H53,2021,0.0
LV,CPA_H53,2022,0.0
LV,CPA_H53,2023,0.0
MK,CPA_H53,2022,0.0
MK,CPA_H53,2023,0.0
MT,CPA_H53,2014,0.0
MT,CPA_H53,2015,0.0
MT,CPA_H53,2016,0.0
MT,CPA_H53,2017,0.0
MT,CPA_H53,2018,0.0
MT,CPA_H53,2019,0.0
MT,CPA_H53,2020,0.0
MT,CPA_H53,2021,0.0
MT,CPA_H53,2022,0.0
NL,CPA_H53,2014,0.0
NL,CPA_H53,2015,0.0
NL,CPA_H53,2016,0.0
NL,CPA_H53,2017,0.0
NL,CPA_H53,2018,0.0
NL,CPA_H53,2019,0.0
NL,CPA_H53,2020,0.0
NL,CPA_H53,2021,0.0
NL,CPA_H53,2022,0.0
NL,CPA_H53,2023,0.0
NL,CPA_H53,2024,0.0
NO,CPA_H53,2014,0.0
NO,CPA_H53,2015,0.0
NO,CPA_H53,2016,0.0
NO,CPA_H53,2017,0.0
NO,CPA_H53,2018,0.0
NO,CPA_H53,2019,0.0
NO,CPA_H53,2020,0.0
NO,CPA_H53,2021,0.0
NO,CPA_H53,2022,0.0
NO,CPA_H53,2023,0.0
PT,CPA_H53,2014,0.0
PT,CPA_H53,2015,0.0
PT,CPA_H53,2016,0.0
PT,CPA_H53,2017,0.0
PT,CPA_H53,2018,0.0
PT,CPA_H53,2019,0.0
PT,CPA_H53,2020,0.0
PT,CPA_H53,2021,0.0
PT,CPA_H53,2022,0.0
PT,CPA_H53,2023,0.0
PT,CPA_H53,2024,0.0
RO,CPA_H53,2014,0.0
RO,CPA_H53,2015,0.0
RO,CPA_H53,2016,0.0
RO,CPA_H53,2017,0.0
RO,CPA_H53,2018,0.0
RO,CPA_H53,2019,0.0
RO,CPA_H53,2020,0.0
RO,CPA_H53,2021,0.0
RO,CPA_H53,2022,0.0
SE,CPA_H53,2015,0.0
SE,CPA_H53,2016,0.0
SE,CPA_H53,2017,0.0
SE,CPA_H53,2018,0.0
SE,CPA_H53,2019,0.0
SE,CPA_H53,2020,0.0
SE,CPA_H53,2021,0.0
SE,CPA_H53,2022,0.0
SE,CPA_H53,2023,0.0
SI,CPA_H53,2014,0.0
SI,CPA_H53,2015,0.0
SI,CPA_H53,2016,0.0
SI,CPA_H53,2017,0.0
SI,CPA_H53,2018,0.0
SI,CPA_H53,2019,0.0
SI,CPA_H53,2020,0.0
SI,CPA_H53,2021,0.0
SI,CPA_H53,2022,0.0
SI,CPA_H53,2023,0.0
SK,CPA_H53,2014,0.0
SK,CPA_H53,2015,0.0
SK,CPA_H53,2016,0.0
SK,CPA_H53,2017,0.0
SK,CPA_H53,2018,0.0
SK,CPA_H53,2019,0.0
SK,CPA_H53,2020,0.0
SK,CPA_H53,2021,0.0
SK,CPA_H53,2022,0.0
TR,CPA_H53,2023,0.0
XK,CPA_H53,2014,0.0
XK,CPA_H53,2015,0.0
XK,CPA_H53,2016,0.0
XK,CPA_H53,2017,0.0
XK,CPA_H53,2018,0.0
XK,CPA_H53,2019,0.0
AL,CPA_I,2014,0.0
AL,CPA_I,2015,0.0
AL,CPA_I,2016,0.0
AL,CPA_I,2017,0.0
AL,CPA_I,2018,0.0
AL,CPA_I,2019,0.0
AL,CPA_I,2020,0.0
AL,CPA_I,2021,1.64
AL,CPA_I,2022,23.88
AL,CPA_I,2023,30.16
AL,CPA_I,2024,40.4
AT,CPA_I,2014,0.0
AT,CPA_I,2015,0.0
AT,CPA_I,2016,0.0
AT,CPA_I,2017,0.0
AT,CPA_I,2018,0.0
AT,CPA_I,2019,0.0
AT,CPA_I,2020,0.0
AT,CPA_I,2021,0.0
AT,CPA_I,2022,0.0
BE,CPA_I,2014,0.0
BE,CPA_I,2015,0.0
BE,CPA_I,2016,0.0
BE,CPA_I,2017,0.0
BE,CPA_I,2018,0.0
BE,CPA_I,2019,0.0
BE,CPA_I,2020,0.0
BE,CPA_I,2021,0.0
BE,CPA_I,2022,0.0
BG,CPA_I,2014,0.0
BG,CPA_I,2018,0.0
BG,CPA_I,2019,0.0
BG,CPA_I,2020,0.0
BG,CPA_I,2021,0.0
BG,CPA_I,2022,0.0
CY,CPA_I,2014,0.0
CY,CPA_I,2015,0.0
CY,CPA_I,2016,0.0
CY,CPA_I,2017,0.0
CY,CPA_I,2018,0.0
CY,CPA_I,2019,0.0
CY,CPA_I,2020,0.0
CY,CPA_I,2021,0.0
CY,CPA_I,2022,0.0
CZ,CPA_I,2014,0.0
CZ,CPA_I,2015,0.0
CZ,CPA_I,2016,0.0
CZ,CPA_I,2017,0.0
CZ,CPA_I,2018,0.0
CZ,CPA_I,2019,0.0
CZ,CPA_I,2020,0.0
CZ,CPA_I,2021,0.0
CZ,CPA_I,2022,0.0
CZ,CPA_I,2023,0.0
CZ,CPA_I,2024,0.0
DE,CPA_I,2014,0.0
DE,CPA_I,2015,0.0
DE,CPA_I,2016,0.0
DE,CPA_I,2017,0.0
DE,CPA_I,2018,0.0
DE,CPA_I,2019,0.0
DE,CPA_I,2020,0.0
DE,CPA_I,2021,0.0
DE,CPA_I,2022,0.0
DK,CPA_I,2014,0.3
DK,CPA_I,2015,0.0
DK,CPA_I,2016,0.0
DK,CPA_I,2017,0.0
DK,CPA_I,2018,0.0
DK,CPA_I,2019,0.0
DK,CPA_I,2020,0.0
DK,CPA_I,2021,0.0
DK,CPA_I,2022,0.0
EA21,CPA_I,2014,0.0
EA21,CPA_I,2015,0.0
EA21,CPA_I,2016,0.0
EA21,CPA_I,2017,0.0
EA21,CPA_I,2018,0.0
EA21,CPA_I,2019,0.0
EA21,CPA_I,2020,0.0
EA21,CPA_I,2021,0.0
EA21,CPA_I,2022,0.0
EA21,CPA_I,2023,0.0
EA21,CPA_I,2024,0.0
EE,CPA_I,2019,0.0
EE,CPA_I,2020,0.0
EE,CPA_I,2021,0.0
EE,CPA_I,2022,0.0
EL,CPA_I,2014,0.0
EL,CPA_I,2015,0.0
EL,CPA_I,2016,0.0
EL,CPA_I,2017,0.0
EL,CPA_I,2018,0.0
EL,CPA_I,2019,0.0
EL,CPA_I,2020,0.0
EL,CPA_I,2021,0.0
EL,CPA_I,2022,0.0
ES,CPA_I,2014,0.0
ES,CPA_I,2015,0.0
ES,CPA_I,2016,0.0
ES,CPA_I,2017,0.0
ES,CPA_I,2018,0.0
ES,CPA_I,2019,0.0
ES,CPA_I,2020,0.0
ES,CPA_I,2021,0.0
ES,CPA_I,2022,0.0
ES,CPA_I,2023,0.0
EU27_2020,CPA_I,2014,0.3
EU27_2020,CPA_I,2015,0.0
EU27_2020,CPA_I,2016,0.0
EU27_2020,CPA_I,2017,0.0
EU27_2020,CPA_I,2018,0.0
EU27_2020,CPA_I,2019,0.0
EU27_2020,CPA_I,2020,0.0
EU27_2020,CPA_I,2021,0.0
EU27_2020,CPA_I,2022,0.0
EU27_2020,CPA_I,2023,0.0
EU27_2020,CPA_I,2024,0.0
FI,CPA_I,2014,0.0
FI,CPA_I,2015,0.0
FI,CPA_I,2016,0.0
FI,CPA_I,2017,0.0
FI,CPA_I,2018,0.0
FI,CPA_I,2019,0.0
FI,CPA_I,2020,0.0
FI,CPA_I,2021,0.0
FI,CPA_I,2022,0.0
FI,CPA_I,2023,0.0
FR,CPA_I,2014,0.0
FR,CPA_I,2015,0.0
FR,CPA_I,2016,0.0
FR,CPA_I,2017,0.0
FR,CPA_I,2018,0.0
FR,CPA_I,2019,0.0
FR,CPA_I,2020,0.0
FR,CPA_I,2021,0.0
FR,CPA_I,2022,0.0
HR,CPA_I,2015,0.0
HR,CPA_I,2016,0.0
HR,CPA_I,2017,0.0
HR,CPA_I,2018,0.0
HU,CPA_I,2014,0.0
HU,CPA_I,2015,0.0
HU,CPA_I,2016,0.0
HU,CPA_I,2017,0.0
HU,CPA_I,2018,0.0
HU,CPA_I,2019,0.0
HU,CPA_I,2020,0.0
HU,CPA_I,2021,0.0
HU,CPA_I,2022,0.0
HU,CPA_I,2023,0.0
IE,CPA_I,2014,0.0
IE,CPA_I,2015,0.0
IE,CPA_I,2016,0.0
IE,CPA_I,2017,0.0
IE,CPA_I,2018,0.0
IE,CPA_I,2019,0.0
IE,CPA_I,2020,0.0
IE,CPA_I,2021,0.0
IE,CPA_I,2022,0.0
IT,CPA_I,2014,0.0
IT,CPA_I,2015,0.0
IT,CPA_I,2016,0.0
IT,CPA_I,2017,0.0
IT,CPA_I,2018,0.0
IT,CPA_I,2019,0.0
IT,CPA_I,2020,0.0
IT,CPA_I,2021,0.0
IT,CPA_I,2022,0.0
LU,CPA_I,2014,0.0
LU,CPA_I,2015,0.0
LU,CPA_I,2016,0.0
LU,CPA_I,2017,0.0
LU,CPA_I,2018,0.0
LU,CPA_I,2019,0.0
LU,CPA_I,2020,0.0
LU,CPA_I,2021,0.0
LU,CPA_I,2022,0.0
LV,CPA_I,2014,0.0
LV,CPA_I,2015,0.0
LV,CPA_I,2016,0.0
LV,CPA_I,2017,0.0
LV,CPA_I,2018,0.0
LV,CPA_I,2019,0.0
LV,CPA_I,2020,0.0
LV,CPA_I,2021,0.0
LV,CPA_I,2022,0.0
LV,CPA_I,2023,0.0
MK,CPA_I,2022,0.0
MK,CPA_I,2023,0.0
MT,CPA_I,2014,0.0
MT,CPA_I,2015,0.0
MT,CPA_I,2016,0.0
MT,CPA_I,2017,0.0
MT,CPA_I,2018,0.0
MT,CPA_I,2019,0.0
MT,CPA_I,2020,0.0
MT,CPA_I,2021,0.0
MT,CPA_I,2022,0.0
NL,CPA_I,2014,0.0
NL,CPA_I,2015,0.0
NL,CPA_I,2016,0.0
NL,CPA_I,2017,0.0
NL,CPA_I,2018,0.0
NL,CPA_I,2019,0.0
NL,CPA_I,2020,0.0
NL,CPA_I,2021,0.0
NL,CPA_I,2022,0.0
NL,CPA_I,2023,0.0
NL,CPA_I,2024,0.0
NO,CPA_I,2014,0.0
NO,CPA_I,2015,0.0
NO,CPA_I,2016,0.0
NO,CPA_I,2017,0.0
NO,CPA_I,2018,0.0
NO,CPA_I,2019,0.0
NO,CPA_I,2020,0.0
NO,CPA_I,2021,0.0
NO,CPA_I,2022,0.0
NO,CPA_I,2023,0.0
PL,CPA_I,2014,0.0
PL,CPA_I,2015,0.0
PL,CPA_I,2016,0.0
PL,CPA_I,2017,0.0
PL,CPA_I,2018,0.0
PL,CPA_I,2019,0.0
PL,CPA_I,2020,0.0
PL,CPA_I,2021,0.0
PL,CPA_I,2022,0.0
PT,CPA_I,2014,0.0
PT,CPA_I,2015,0.0
PT,CPA_I,2016,0.0
PT,CPA_I,2017,0.0
PT,CPA_I,2018,0.0
PT,CPA_I,2019,0.0
PT,CPA_I,2020,0.0
PT,CPA_I,2021,0.0
PT,CPA_I,2022,0.0
PT,CPA_I,2023,0.0
PT,CPA_I,2024,0.0
RO,CPA_I,2014,0.0
RO,CPA_I,2015,0.0
RO,CPA_I,2016,0.0
RO,CPA_I,2017,0.0
RO,CPA_I,2018,0.0
RO,CPA_I,2019,0.0
RO,CPA_I,2020,0.0
RO,CPA_I,2021,0.0
RO,CPA_I,2022,0.0
RS,CPA_I,2014,0.0
RS,CPA_I,2015,0.0
RS,CPA_I,2016,0.0
RS,CPA_I,2017,0.0
RS,CPA_I,2018,0.0
RS,CPA_I,2019,0.0
RS,CPA_I,2020,0.0
RS,CPA_I,2021,0.0
RS,CPA_I,2022,0.0
SE,CPA_I,2015,0.0
SE,CPA_I,2016,0.0
SE,CPA_I,2017,0.0
SE,CPA_I,2018,0.0
SE,CPA_I,2019,0.0
SE,CPA_I,2020,0.0
SE,CPA_I,2021,0.0
SE,CPA_I,2022,0.0
SE,CPA_I,2023,0.0
SI,CPA_I,2014,0.0
SI,CPA_I,2015,0.0
SI,CPA_I,2016,0.0
SI,CPA_I,2017,0.0
SI,CPA_I,2018,0.0
SI,CPA_I,2019,0.0
SI,CPA_I,2020,0.0
SI,CPA_I,2021,0.0
SI,CPA_I,2022,0.0
SI,CPA_I,2023,0.0
SK,CPA_I,2014,0.0
SK,CPA_I,2015,0.0
SK,CPA_I,2016,0.0
SK,CPA_I,2017,0.0
SK,CPA_I,2018,0.0
SK,CPA_I,2019,0.0
SK,CPA_I,2020,0.0
SK,CPA_I,2021,0.0
SK,CPA_I,2022,0.0
TR,CPA_I,2023,0.0
XK,CPA_I,2014,0.0
XK,CPA_I,2015,0.0
XK,CPA_I,2016,0.0
XK,CPA_I,2017,0.0
XK,CPA_I,2019,0.0
BE,CPA_I55,2015,0.0
BE,CPA_I55,2016,0.0
BE,CPA_I55,2019,0.0
BE,CPA_I55,2020,0.0
BE,CPA_I55,2021,0.0
BE,CPA_I55,2022,0.0
BG,CPA_I55,2018,0.0
BG,CPA_I55,2019,0.0
BG,CPA_I55,2020,0.0
BG,CPA_I55,2021,0.0
BG,CPA_I55,2022,0.0
CZ,CPA_I55,2014,0.0
CZ,CPA_I55,2015,0.0
CZ,CPA_I55,2016,0.0
CZ,CPA_I55,2017,0.0
CZ,CPA_I55,2018,0.0
CZ,CPA_I55,2019,0.0
CZ,CPA_I55,2020,0.0
CZ,CPA_I55,2021,0.0
CZ,CPA_I55,2022,0.0
CZ,CPA_I55,2023,0.0
CZ,CPA_I55,2024,0.0
DK,CPA_I55,2015,0.0
DK,CPA_I55,2016,0.0
DK,CPA_I55,2017,0.0
DK,CPA_I55,2018,0.0
DK,CPA_I55,2019,0.0
DK,CPA_I55,2020,0.0
DK,CPA_I55,2021,0.0
DK,CPA_I55,2022,0.0
FR,CPA_I55,2021,0.0
FR,CPA_I55,2022,0.0
HR,CPA_I55,2015,0.0
HR,CPA_I55,2016,0.0
HR,CPA_I55,2017,0.0
HR,CPA_I55,2018,0.0
HU,CPA_I55,2016,0.0
HU,CPA_I55,2017,0.0
HU,CPA_I55,2018,0.0
HU,CPA_I55,2019,0.0
HU,CPA_I55,2020,0.0
HU,CPA_I55,2021,0.0
HU,CPA_I55,2022,0.0
HU,CPA_I55,2023,0.0
RO,CPA_I55,2014,0.0
RO,CPA_I55,2015,0.0
RO,CPA_I55,2016,0.0
RO,CPA_I55,2017,0.0
RO,CPA_I55,2018,0.0
RO,CPA_I55,2019,0.0
RO,CPA_I55,2020,0.0
RO,CPA_I55,2021,0.0
RO,CPA_I55,2022,0.0
SK,CPA_I55,2014,0.0
SK,CPA_I55,2015,0.0
SK,CPA_I55,2016,0.0
SK,CPA_I55,2017,0.0
SK,CPA_I55,2018,0.0
SK,CPA_I55,2019,0.0
SK,CPA_I55,2020,0.0
SK,CPA_I55,2021,0.0
SK,CPA_I55,2022,0.0
BE,CPA_I56,2015,0.0
BE,CPA_I56,2016,0.0
BE,CPA_I56,2019,0.0
BE,CPA_I56,2020,0.0
BE,CPA_I56,2021,0.0
BE,CPA_I56,2022,0.0
BG,CPA_I56,2018,0.0
BG,CPA_I56,2019,0.0
BG,CPA_I56,2020,0.0
BG,CPA_I56,2021,0.0
BG,CPA_I56,2022,0.0
CZ,CPA_I56,2014,0.0
CZ,CPA_I56,2015,0.0
CZ,CPA_I56,2016,0.0
CZ,CPA_I56,2017,0.0
CZ,CPA_I56,2018,0.0
CZ,CPA_I56,2019,0.0
CZ,CPA_I56,2020,0.0
CZ,CPA_I56,2021,0.0
CZ,CPA_I56,2022,0.0
CZ,CPA_I56,2023,0.0
CZ,CPA_I56,2024,0.0
DK,CPA_I56,2015,0.0
DK,CPA_I56,2016,0.0
DK,CPA_I56,2017,0.0
DK,CPA_I56,2018,0.0
DK,CPA_I56,2019,0.0
DK,CPA_I56,2020,0.0
DK,CPA_I56,2021,0.0
DK,CPA_I56,2022,0.0
FR,CPA_I56,2021,0.0
FR,CPA_I56,2022,0.0
HR,CPA_I56,2015,0.0
HR,CPA_I56,2016,0.0
HR,CPA_I56,2017,0.0
HR,CPA_I56,2018,0.0
HU,CPA_I56,2016,0.0
HU,CPA_I56,2017,0.0
HU,CPA_I56,2018,0.0
HU,CPA_I56,2019,0.0
HU,CPA_I56,2020,0.0
HU,CPA_I56,2021,0.0
HU,CPA_I56,2022,0.0
HU,CPA_I56,2023,0.0
RO,CPA_I56,2014,0.0
RO,CPA_I56,2015,0.0
RO,CPA_I56,2016,0.0
RO,CPA_I56,2017,0.0
RO,CPA_I56,2018,0.0
RO,CPA_I56,2019,0.0
RO,CPA_I56,2020,0.0
RO,CPA_I56,2021,0.0
RO,CPA_I56,2022,0.0
SK,CPA_I56,2014,0.0
SK,CPA_I56,2015,0.0
SK,CPA_I56,2016,0.0
SK,CPA_I56,2017,0.0
SK,CPA_I56,2018,0.0
SK,CPA_I56,2019,0.0
SK,CPA_I56,2020,0.0
SK,CPA_I56,2021,0.0
SK,CPA_I56,2022,0.0
AL,CPA_J58,2014,5.53
AL,CPA_J58,2015,4.42
AL,CPA_J58,2016,5.58
AL,CPA_J58,2017,4.99
AL,CPA_J58,2018,3.73
AL,CPA_J58,2019,7.68
AL,CPA_J58,2020,4.52
AL,CPA_J58,2021,3.18
AL,CPA_J58,2022,5.71
AL,CPA_J58,2023,9.64
AL,CPA_J58,2024,5.19
AT,CPA_J58,2014,1462.84
AT,CPA_J58,2015,1448.67
AT,CPA_J58,2016,1568.08
AT,CPA_J58,2017,1559.02
AT,CPA_J58,2018,1457.45
AT,CPA_J58,2019,1540.16
AT,CPA_J58,2020,1423.76
AT,CPA_J58,2021,1506.16
AT,CPA_J58,2022,1657.82
BE,CPA_J58,2014,901.99
BE,CPA_J58,2015,899.1
BE,CPA_J58,2016,951.68
BE,CPA_J58,2017,925.7
BE,CPA_J58,2018,924.9
BE,CPA_J58,2019,934.1
BE,CPA_J58,2020,878.2
BE,CPA_J58,2021,975.6
BE,CPA_J58,2022,958.5
BG,CPA_J58,2014,5.34
BG,CPA_J58,2018,30.85
BG,CPA_J58,2019,33.28
BG,CPA_J58,2020,32.68
BG,CPA_J58,2021,30.78
BG,CPA_J58,2022,33.38
CY,CPA_J58,2014,26.74
CY,CPA_J58,2015,24.95
CY,CPA_J58,2016,27.0
CY,CPA_J58,2017,27.57
CY,CPA_J58,2018,26.54
CY,CPA_J58,2019,31.09
CY,CPA_J58,2020,40.88
CY,CPA_J58,2021,48.49
CY,CPA_J58,2022,49.3
CZ,CPA_J58,2014,189.1
CZ,CPA_J58,2015,181.64
CZ,CPA_J58,2016,205.59
CZ,CPA_J58,2017,225.52
CZ,CPA_J58,2018,281.71
CZ,CPA_J58,2019,324.35
CZ,CPA_J58,2020,296.39
CZ,CPA_J58,2021,327.07
CZ,CPA_J58,2022,353.86
CZ,CPA_J58,2023,464.63
CZ,CPA_J58,2024,479.06
DE,CPA_J58,2014,12517.0
DE,CPA_J58,2015,15245.0
DE,CPA_J58,2016,15239.0
DE,CPA_J58,2017,15359.0
DE,CPA_J58,2018,16201.0
DE,CPA_J58,2019,16382.0
DE,CPA_J58,2020,17270.0
DE,CPA_J58,2021,19837.0
DE,CPA_J58,2022,21055.0
DK,CPA_J58,2014,1711.39
DK,CPA_J58,2015,1567.46
DK,CPA_J58,2016,1645.91
DK,CPA_J58,2017,1731.31
DK,CPA_J58,2018,1714.68
DK,CPA_J58,2019,1794.26
DK,CPA_J58,2020,2048.84
DK,CPA_J58,2021,2327.64
DK,CPA_J58,2022,2577.77
EA21,CPA_J58,2014,30684.47
EA21,CPA_J58,2015,33557.73
EA21,CPA_J58,2016,31822.59
EA21,CPA_J58,2017,32365.92
EA21,CPA_J58,2018,33931.75
EA21,CPA_J58,2019,34931.68
EA21,CPA_J58,2020,34791.83
EA21,CPA_J58,2021,36362.02
EA21,CPA_J58,2022,38180.02
EA21,CPA_J58,2023,39325.46
EA21,CPA_J58,2024,39049.57
EE,CPA_J58,2014,56.83
EE,CPA_J58,2015,53.51
EE,CPA_J58,2016,61.25
EE,CPA_J58,2017,57.64
EE,CPA_J58,2018,67.3
EE,CPA_J58,2019,72.48
EE,CPA_J58,2020,75.35
EE,CPA_J58,2021,89.66
EE,CPA_J58,2022,127.39
EL,CPA_J58,2014,157.74
EL,CPA_J58,2015,151.63
EL,CPA_J58,2016,140.83
EL,CPA_J58,2017,156.73
EL,CPA_J58,2018,159.51
EL,CPA_J58,2019,175.32
EL,CPA_J58,2020,133.66
EL,CPA_J58,2021,141.16
EL,CPA_J58,2022,118.88
ES,CPA_J58,2014,3243.7
ES,CPA_J58,2015,3330.0
ES,CPA_J58,2016,1908.6
ES,CPA_J58,2017,1836.2
ES,CPA_J58,2018,1862.9
ES,CPA_J58,2019,2059.6
ES,CPA_J58,2020,1979.2
ES,CPA_J58,2021,2081.4
ES,CPA_J58,2022,2180.2
ES,CPA_J58,2023,2726.6
EU27_2020,CPA_J58,2014,34979.64
EU27_2020,CPA_J58,2015,38193.42
EU27_2020,CPA_J58,2016,36535.05
EU27_2020,CPA_J58,2017,37235.74
EU27_2020,CPA_J58,2018,38896.88
EU27_2020,CPA_J58,2019,40172.89
EU27_2020,CPA_J58,2020,40190.69
EU27_2020,CPA_J58,2021,41195.14
EU27_2020,CPA_J58,2022,43301.95
EU27_2020,CPA_J58,2023,44752.54
EU27_2020,CPA_J58,2024,44592.02
FI,CPA_J58,2014,763.62
FI,CPA_J58,2015,575.05
FI,CPA_J58,2016,500.96
FI,CPA_J58,2017,582.17
FI,CPA_J58,2018,603.31
FI,CPA_J58,2019,557.85
FI,CPA_J58,2020,573.1
FI,CPA_J58,2021,576.98
FI,CPA_J58,2022,595.76
FI,CPA_J58,2023,620.59
FR,CPA_J58,2014,3733.0
FR,CPA_J58,2015,3756.0
FR,CPA_J58,2016,4100.0
FR,CPA_J58,2017,4095.0
FR,CPA_J58,2018,4155.0
FR,CPA_J58,2019,4172.0
FR,CPA_J58,2020,2988.2
FR,CPA_J58,2021,3206.9
FR,CPA_J58,2022,3267.9
HR,CPA_J58,2015,0.0
HR,CPA_J58,2016,0.0
HR,CPA_J58,2017,0.0
HR,CPA_J58,2018,0.0
HU,CPA_J58,2014,174.37
HU,CPA_J58,2015,173.25
HU,CPA_J58,2016,178.99
HU,CPA_J58,2017,182.02
HU,CPA_J58,2018,189.58
HU,CPA_J58,2019,184.65
HU,CPA_J58,2020,157.41
HU,CPA_J58,2021,170.17
HU,CPA_J58,2022,180.65
HU,CPA_J58,2023,240.75
IT,CPA_J58,2014,4439.16
IT,CPA_J58,2015,4275.0
IT,CPA_J58,2016,4210.4
IT,CPA_J58,2017,4189.4
IT,CPA_J58,2018,4183.9
IT,CPA_J58,2019,4401.9
IT,CPA_J58,2020,4394.3
IT,CPA_J58,2021,4167.0
IT,CPA_J58,2022,4258.4
LT,CPA_J58,2014,91.3
LT,CPA_J58,2015,81.69
LT,CPA_J58,2016,57.13
LT,CPA_J58,2017,54.82
LT,CPA_J58,2018,76.96
LT,CPA_J58,2019,70.04
LT,CPA_J58,2020,77.07
LT,CPA_J58,2021,89.64
LT,CPA_J58,2022,84.97
LU,CPA_J58,2014,50.68
LU,CPA_J58,2015,53.87
LU,CPA_J58,2016,55.75
LU,CPA_J58,2017,53.38
LU,CPA_J58,2018,56.79
LU,CPA_J58,2019,52.52
LU,CPA_J58,2020,51.86
LU,CPA_J58,2021,56.21
LU,CPA_J58,2022,59.28
LV,CPA_J58,2014,93.47
LV,CPA_J58,2015,78.65
LV,CPA_J58,2016,114.85
LV,CPA_J58,2017,114.45
LV,CPA_J58,2018,111.36
LV,CPA_J58,2019,122.6
LV,CPA_J58,2020,128.68
LV,CPA_J58,2021,130.0
LV,CPA_J58,2022,149.72
LV,CPA_J58,2023,55.83
MK,CPA_J58,2014,7.97
MK,CPA_J58,2015,3.9
MK,CPA_J58,2016,4.82
MK,CPA_J58,2017,4.45
MK,CPA_J58,2018,4.45
MK,CPA_J58,2019,4.52
MK,CPA_J58,2020,4.8
MK,CPA_J58,2021,4.06
MK,CPA_J58,2022,4.2
MK,CPA_J58,2023,4.53
MT,CPA_J58,2014,10.18
MT,CPA_J58,2015,12.86
MT,CPA_J58,2016,12.79
MT,CPA_J58,2017,14.8
MT,CPA_J58,2018,15.47
MT,CPA_J58,2019,16.76
MT,CPA_J58,2020,11.77
MT,CPA_J58,2021,11.54
MT,CPA_J58,2022,11.8
NL,CPA_J58,2014,1921.0
NL,CPA_J58,2015,2113.0
NL,CPA_J58,2016,2171.0
NL,CPA_J58,2017,2195.0
NL,CPA_J58,2018,2136.0
NL,CPA_J58,2019,2172.0
NL,CPA_J58,2020,2061.0
NL,CPA_J58,2021,2195.0
NL,CPA_J58,2022,2475.0
NL,CPA_J58,2023,2697.0
NL,CPA_J58,2024,2763.0
NO,CPA_J58,2014,2392.03
NO,CPA_J58,2015,2449.61
NO,CPA_J58,2016,2648.81
NO,CPA_J58,2017,2721.31
NO,CPA_J58,2018,2698.68
NO,CPA_J58,2019,2590.07
NO,CPA_J58,2020,2515.76
NO,CPA_J58,2021,2879.97
NO,CPA_J58,2022,2932.41
NO,CPA_J58,2023,2729.5
PL,CPA_J58,2014,1142.71
PL,CPA_J58,2015,1261.98
PL,CPA_J58,2016,1229.38
PL,CPA_J58,2017,1375.54
PL,CPA_J58,2018,1437.87
PL,CPA_J58,2019,1537.27
PL,CPA_J58,2020,1308.14
PL,CPA_J58,2021,1112.08
PL,CPA_J58,2022,1076.16
PT,CPA_J58,2014,393.36
PT,CPA_J58,2015,388.13
PT,CPA_J58,2016,398.96
PT,CPA_J58,2017,362.83
PT,CPA_J58,2018,369.88
PT,CPA_J58,2019,379.83
PT,CPA_J58,2020,354.62
PT,CPA_J58,2021,397.03
PT,CPA_J58,2022,432.59
PT,CPA_J58,2023,441.82
PT,CPA_J58,2024,478.68
RO,CPA_J58,2014,160.86
RO,CPA_J58,2015,169.03
RO,CPA_J58,2016,158.83
RO,CPA_J58,2017,203.29
RO,CPA_J58,2018,246.84
RO,CPA_J58,2019,278.34
RO,CPA_J58,2020,215.98
RO,CPA_J58,2021,261.02
RO,CPA_J58,2022,327.46
RS,CPA_J58,2014,69.84
RS,CPA_J58,2015,73.25
RS,CPA_J58,2016,74.5
RS,CPA_J58,2017,75.73
RS,CPA_J58,2018,87.08
RS,CPA_J58,2019,84.45
RS,CPA_J58,2020,40.31
RS,CPA_J58,2021,66.74
RS,CPA_J58,2022,65.59
SE,CPA_J58,2014,834.68
SE,CPA_J58,2015,735.16
SE,CPA_J58,2016,833.29
SE,CPA_J58,2017,802.65
SE,CPA_J58,2018,737.17
SE,CPA_J58,2019,784.95
SE,CPA_J58,2020,826.15
SE,CPA_J58,2021,646.33
SE,CPA_J58,2022,612.35
SE,CPA_J58,2023,707.48
SI,CPA_J58,2014,60.98
SI,CPA_J58,2015,61.12
SI,CPA_J58,2016,62.76
SI,CPA_J58,2017,61.75
SI,CPA_J58,2018,61.38
SI,CPA_J58,2019,60.4
SI,CPA_J58,2020,72.66
SI,CPA_J58,2021,71.72
SI,CPA_J58,2022,73.69
SI,CPA_J58,2023,81.58
SK,CPA_J58,2014,50.34
SK,CPA_J58,2015,40.72
SK,CPA_J58,2016,40.33
SK,CPA_J58,2017,37.61
SK,CPA_J58,2018,37.94
SK,CPA_J58,2019,37.49
SK,CPA_J58,2020,38.22
SK,CPA_J58,2021,42.29
SK,CPA_J58,2022,70.23
TR,CPA_J58,2023,437.99
XK,CPA_J58,2014,9778.0
XK,CPA_J58,2015,9651.0
XK,CPA_J58,2016,10183.0
XK,CPA_J58,2017,11091.0
XK,CPA_J58,2018,12287.0
XK,CPA_J58,2019,12900.0
BE,CPA_J59,2015,79.4
BE,CPA_J59,2016,82.09
BE,CPA_J59,2019,88.9
BE,CPA_J59,2020,44.3
BE,CPA_J59,2021,49.8
BE,CPA_J59,2022,118.6
BG,CPA_J59,2018,0.0
BG,CPA_J59,2019,0.0
BG,CPA_J59,2020,0.0
BG,CPA_J59,2021,0.0
BG,CPA_J59,2022,0.0
CZ,CPA_J59,2014,0.0
CZ,CPA_J59,2015,0.0
CZ,CPA_J59,2016,0.0
CZ,CPA_J59,2017,0.0
CZ,CPA_J59,2018,0.0
CZ,CPA_J59,2019,0.0
CZ,CPA_J59,2020,0.0
CZ,CPA_J59,2021,0.0
CZ,CPA_J59,2022,0.0
CZ,CPA_J59,2023,0.0
CZ,CPA_J59,2024,0.0
DK,CPA_J59,2015,109.62
DK,CPA_J59,2016,103.3
DK,CPA_J59,2017,109.4
DK,CPA_J59,2018,114.07
DK,CPA_J59,2019,112.87
DK,CPA_J59,2020,109.46
DK,CPA_J59,2021,143.43
DK,CPA_J59,2022,152.0
FR,CPA_J59,2021,170.4
FR,CPA_J59,2022,200.7
HR,CPA_J59,2015,0.0
HR,CPA_J59,2016,0.0
HR,CPA_J59,2017,0.0
HR,CPA_J59,2018,0.0
HU,CPA_J59,2016,9.29
HU,CPA_J59,2017,8.74
HU,CPA_J59,2018,6.03
HU,CPA_J59,2019,7.13
HU,CPA_J59,2020,7.91
HU,CPA_J59,2021,9.22
HU,CPA_J59,2022,9.78
HU,CPA_J59,2023,11.35
LT,CPA_J59,2020,33.13
LT,CPA_J59,2021,40.72
LT,CPA_J59,2022,41.84
RO,CPA_J59,2014,1.19
RO,CPA_J59,2015,1.6
RO,CPA_J59,2016,1.22
RO,CPA_J59,2017,1.97
RO,CPA_J59,2018,2.58
RO,CPA_J59,2019,3.5
RO,CPA_J59,2020,1.78
RO,CPA_J59,2021,2.34
RO,CPA_J59,2022,3.31
SK,CPA_J59,2014,0.0
SK,CPA_J59,2015,0.0
SK,CPA_J59,2016,0.0
SK,CPA_J59,2017,0.0
SK,CPA_J59,2018,0.0
SK,CPA_J59,2019,0.0
SK,CPA_J59,2020,0.04
SK,CPA_J59,2021,0.02
SK,CPA_J59,2022,0.01
AL,CPA_J59_60,2014,7.41
AL,CPA_J59_60,2015,8.25
AL,CPA_J59_60,2016,9.74
AL,CPA_J59_60,2017,7.44
AL,CPA_J59_60,2018,2.01
AL,CPA_J59_60,2019,1.03
AL,CPA_J59_60,2020,0.61
AL,CPA_J59_60,2021,0.27
AL,CPA_J59_60,2022,2.15
AL,CPA_J59_60,2023,2.93
AL,CPA_J59_60,2024,2.63
AT,CPA_J59_60,2014,137.22
AT,CPA_J59_60,2015,134.86
AT,CPA_J59_60,2016,153.83
AT,CPA_J59_60,2017,137.71
AT,CPA_J59_60,2018,124.5
AT,CPA_J59_60,2019,118.43
AT,CPA_J59_60,2020,95.78
AT,CPA_J59_60,2021,101.71
AT,CPA_J59_60,2022,110.82
BE,CPA_J59_60,2014,337.5
BE,CPA_J59_60,2015,79.4
BE,CPA_J59_60,2016,82.09
BE,CPA_J59_60,2017,84.3
BE,CPA_J59_60,2018,86.2
BE,CPA_J59_60,2019,88.9
BE,CPA_J59_60,2020,44.3
BE,CPA_J59_60,2021,49.8
BE,CPA_J59_60,2022,118.6
BG,CPA_J59_60,2014,0.47
BG,CPA_J59_60,2018,0.0
BG,CPA_J59_60,2019,0.0
BG,CPA_J59_60,2020,0.0
BG,CPA_J59_60,2021,0.0
BG,CPA_J59_60,2022,0.0
CY,CPA_J59_60,2014,0.95
CY,CPA_J59_60,2015,0.92
CY,CPA_J59_60,2016,0.89
CY,CPA_J59_60,2017,0.81
CY,CPA_J59_60,2018,0.67
CY,CPA_J59_60,2019,0.63
CY,CPA_J59_60,2020,0.49
CY,CPA_J59_60,2021,0.58
CY,CPA_J59_60,2022,0.6
CZ,CPA_J59_60,2014,0.0
CZ,CPA_J59_60,2015,0.0
CZ,CPA_J59_60,2016,0.0
CZ,CPA_J59_60,2017,0.0
CZ,CPA_J59_60,2018,0.0
CZ,CPA_J59_60,2019,0.0
CZ,CPA_J59_60,2020,0.0
CZ,CPA_J59_60,2021,0.0
CZ,CPA_J59_60,2022,0.0
CZ,CPA_J59_60,2023,0.0
CZ,CPA_J59_60,2024,0.0
DE,CPA_J59_60,2014,0.0
DE,CPA_J59_60,2015,0.0
DE,CPA_J59_60,2016,0.0
DE,CPA_J59_60,2017,0.0
DE,CPA_J59_60,2018,0.0
DE,CPA_J59_60,2019,0.0
DE,CPA_J59_60,2020,0.0
DE,CPA_J59_60,2021,0.0
DE,CPA_J59_60,2022,0.0
DK,CPA_J59_60,2014,125.27
DK,CPA_J59_60,2015,109.62
DK,CPA_J59_60,2016,103.3
DK,CPA_J59_60,2017,109.4
DK,CPA_J59_60,2018,114.07
DK,CPA_J59_60,2019,112.87
DK,CPA_J59_60,2020,109.46
DK,CPA_J59_60,2021,143.43
DK,CPA_J59_60,2022,152.0
EA21,CPA_J59_60,2014,1605.87
EA21,CPA_J59_60,2015,1391.06
EA21,CPA_J59_60,2016,1836.84
EA21,CPA_J59_60,2017,1973.89
EA21,CPA_J59_60,2018,2200.11
EA21,CPA_J59_60,2019,2504.26
EA21,CPA_J59_60,2020,2011.63
EA21,CPA_J59_60,2021,2352.14
EA21,CPA_J59_60,2022,3071.1
EA21,CPA_J59_60,2023,3718.18
EA21,CPA_J59_60,2024,3831.69
EE,CPA_J59_60,2014,2.05
EE,CPA_J59_60,2015,2.23
EE,CPA_J59_60,2016,2.29
EE,CPA_J59_60,2017,2.35
EE,CPA_J59_60,2018,2.62
EE,CPA_J59_60,2019,2.08
EE,CPA_J59_60,2020,2.22
EE,CPA_J59_60,2021,2.22
EE,CPA_J59_60,2022,2.5
EL,CPA_J59_60,2014,94.39
EL,CPA_J59_60,2015,94.52
EL,CPA_J59_60,2016,92.58
EL,CPA_J59_60,2017,66.35
EL,CPA_J59_60,2018,69.66
EL,CPA_J59_60,2019,49.76
EL,CPA_J59_60,2020,36.95
EL,CPA_J59_60,2021,45.28
EL,CPA_J59_60,2022,59.81
ES,CPA_J59_60,2014,262.6
ES,CPA_J59_60,2015,278.8
ES,CPA_J59_60,2016,766.3
ES,CPA_J59_60,2017,972.3
ES,CPA_J59_60,2018,1160.3
ES,CPA_J59_60,2019,1278.3
ES,CPA_J59_60,2020,1059.0
ES,CPA_J59_60,2021,1192.4
ES,CPA_J59_60,2022,1883.8
ES,CPA_J59_60,2023,2881.5
EU27_2020,CPA_J59_60,2014,1983.97
EU27_2020,CPA_J59_60,2015,1698.2
EU27_2020,CPA_J59_60,2016,2145.24
EU27_2020,CPA_J59_60,2017,2295.21
EU27_2020,CPA_J59_60,2018,2498.71
EU27_2020,CPA_J59_60,2019,2814.19
EU27_2020,CPA_J59_60,2020,2316.28
EU27_2020,CPA_J59_60,2021,2637.39
EU27_2020,CPA_J59_60,2022,3438.88
EU27_2020,CPA_J59_60,2023,4105.69
EU27_2020,CPA_J59_60,2024,4232.28
FI,CPA_J59_60,2014,97.26
FI,CPA_J59_60,2015,225.88
FI,CPA_J59_60,2016,229.34
FI,CPA_J59_60,2017,215.91
FI,CPA_J59_60,2018,276.1
FI,CPA_J59_60,2019,335.06
FI,CPA_J59_60,2020,310.56
FI,CPA_J59_60,2021,297.03
FI,CPA_J59_60,2022,368.58
FI,CPA_J59_60,2023,366.95
FR,CPA_J59_60,2014,202.0
FR,CPA_J59_60,2015,198.0
FR,CPA_J59_60,2016,179.0
FR,CPA_J59_60,2017,180.0
FR,CPA_J59_60,2018,188.0
FR,CPA_J59_60,2019,206.0
FR,CPA_J59_60,2020,155.3
FR,CPA_J59_60,2021,170.4
FR,CPA_J59_60,2022,200.7
HR,CPA_J59_60,2015,0.0
HR,CPA_J59_60,2016,0.0
HR,CPA_J59_60,2017,0.0
HR,CPA_J59_60,2018,0.0
HU,CPA_J59_60,2014,9.11
HU,CPA_J59_60,2015,8.43
HU,CPA_J59_60,2016,9.29
HU,CPA_J59_60,2017,8.74
HU,CPA_J59_60,2018,6.03
HU,CPA_J59_60,2019,7.13
HU,CPA_J59_60,2020,7.91
HU,CPA_J59_60,2021,9.22
HU,CPA_J59_60,2022,9.78
HU,CPA_J59_60,2023,11.35
IT,CPA_J59_60,2014,68.0
IT,CPA_J59_60,2015,77.2
IT,CPA_J59_60,2016,81.2
IT,CPA_J59_60,2017,83.9
IT,CPA_J59_60,2018,88.4
IT,CPA_J59_60,2019,89.2
IT,CPA_J59_60,2020,82.5
IT,CPA_J59_60,2021,97.3
IT,CPA_J59_60,2022,98.3
LT,CPA_J59_60,2014,27.44
LT,CPA_J59_60,2015,40.42
LT,CPA_J59_60,2016,34.49
LT,CPA_J59_60,2017,26.38
LT,CPA_J59_60,2018,33.82
LT,CPA_J59_60,2019,38.15
LT,CPA_J59_60,2020,33.13
LT,CPA_J59_60,2021,40.72
LT,CPA_J59_60,2022,41.84
LU,CPA_J59_60,2014,3.21
LU,CPA_J59_60,2015,3.35
LU,CPA_J59_60,2016,3.02
LU,CPA_J59_60,2017,1.18
LU,CPA_J59_60,2018,0.0
LU,CPA_J59_60,2019,0.0
LU,CPA_J59_60,2020,0.0
LU,CPA_J59_60,2021,0.0
LU,CPA_J59_60,2022,0.0
LV,CPA_J59_60,2014,8.59
LV,CPA_J59_60,2015,8.18
LV,CPA_J59_60,2016,8.06
LV,CPA_J59_60,2017,8.42
LV,CPA_J59_60,2018,9.19
LV,CPA_J59_60,2019,10.21
LV,CPA_J59_60,2020,10.43
LV,CPA_J59_60,2021,11.14
LV,CPA_J59_60,2022,13.34
LV,CPA_J59_60,2023,0.89
MK,CPA_J59_60,2022,0.0
MK,CPA_J59_60,2023,0.0
MT,CPA_J59_60,2014,0.2
MT,CPA_J59_60,2015,0.0
MT,CPA_J59_60,2016,0.0
MT,CPA_J59_60,2017,0.0
MT,CPA_J59_60,2018,0.0
MT,CPA_J59_60,2019,0.0
MT,CPA_J59_60,2020,0.0
MT,CPA_J59_60,2021,0.0
MT,CPA_J59_60,2022,0.0
NL,CPA_J59_60,2014,230.0
NL,CPA_J59_60,2015,149.0
NL,CPA_J59_60,2016,131.0
NL,CPA_J59_60,2017,150.0
NL,CPA_J59_60,2018,129.0
NL,CPA_J59_60,2019,136.0
NL,CPA_J59_60,2020,113.0
NL,CPA_J59_60,2021,117.0
NL,CPA_J59_60,2022,113.0
NL,CPA_J59_60,2023,103.0
NL,CPA_J59_60,2024,96.0
NO,CPA_J59_60,2014,208.63
NO,CPA_J59_60,2015,199.67
NO,CPA_J59_60,2016,87.18
NO,CPA_J59_60,2017,86.51
NO,CPA_J59_60,2018,86.35
NO,CPA_J59_60,2019,75.83
NO,CPA_J59_60,2020,66.77
NO,CPA_J59_60,2021,79.4
NO,CPA_J59_60,2022,90.87
NO,CPA_J59_60,2023,82.28
PL,CPA_J59_60,2014,46.87
PL,CPA_J59_60,2015,70.51
PL,CPA_J59_60,2016,81.48
PL,CPA_J59_60,2017,53.66
PL,CPA_J59_60,2018,60.13
PL,CPA_J59_60,2019,58.76
PL,CPA_J59_60,2020,54.25
PL,CPA_J59_60,2021,68.24
PL,CPA_J59_60,2022,73.21
PT,CPA_J59_60,2014,81.6
PT,CPA_J59_60,2015,73.77
PT,CPA_J59_60,2016,68.72
PT,CPA_J59_60,2017,39.07
PT,CPA_J59_60,2018,22.88
PT,CPA_J59_60,2019,16.12
PT,CPA_J59_60,2020,9.56
PT,CPA_J59_60,2021,8.41
PT,CPA_J59_60,2022,17.49
PT,CPA_J59_60,2023,18.4
PT,CPA_J59_60,2024,16.16
RO,CPA_J59_60,2014,1.19
RO,CPA_J59_60,2015,1.6
RO,CPA_J59_60,2016,1.22
RO,CPA_J59_60,2017,1.97
RO,CPA_J59_60,2018,2.58
RO,CPA_J59_60,2019,3.5
RO,CPA_J59_60,2020,1.78
RO,CPA_J59_60,2021,2.34
RO,CPA_J59_60,2022,3.31
RS,CPA_J59_60,2014,2.51
RS,CPA_J59_60,2015,2.58
RS,CPA_J59_60,2016,2.1
RS,CPA_J59_60,2017,2.14
RS,CPA_J59_60,2018,4.12
RS,CPA_J59_60,2019,4.78
RS,CPA_J59_60,2020,0.75
RS,CPA_J59_60,2021,6.8
RS,CPA_J59_60,2022,26.3
SE,CPA_J59_60,2014,156.65
SE,CPA_J59_60,2015,106.9
SE,CPA_J59_60,2016,107.11
SE,CPA_J59_60,2017,131.06
SE,CPA_J59_60,2018,101.1
SE,CPA_J59_60,2019,114.85
SE,CPA_J59_60,2020,121.51
SE,CPA_J59_60,2021,65.93
SE,CPA_J59_60,2022,124.18
SE,CPA_J59_60,2023,128.32
SI,CPA_J59_60,2014,0.21
SI,CPA_J59_60,2015,0.26
SI,CPA_J59_60,2016,0.25
SI,CPA_J59_60,2017,0.23
SI,CPA_J59_60,2018,0.2
SI,CPA_J59_60,2019,0.17
SI,CPA_J59_60,2020,1.25
SI,CPA_J59_60,2021,1.26
SI,CPA_J59_60,2022,1.29
SI,CPA_J59_60,2023,1.51
SK,CPA_J59_60,2014,0.0
SK,CPA_J59_60,2015,0.0
SK,CPA_J59_60,2016,0.0
SK,CPA_J59_60,2017,0.0
SK,CPA_J59_60,2018,0.0
SK,CPA_J59_60,2019,0.0
SK,CPA_J59_60,2020,0.04
SK,CPA_J59_60,2021,0.02
SK,CPA_J59_60,2022,0.01
TR,CPA_J59_60,2023,429.39
XK,CPA_J59_60,2014,-2.0
XK,CPA_J59_60,2015,236.0
XK,CPA_J59_60,2016,270.0
XK,CPA_J59_60,2017,298.0
XK,CPA_J59_60,2018,320.0
XK,CPA_J59_60,2019,326.0
BE,CPA_J60,2015,0.0
BE,CPA_J60,2016,0.0
BE,CPA_J60,2019,0.0
BE,CPA_J60,2020,0.0
BE,CPA_J60,2021,0.0
BE,CPA_J60,2022,0.0
BG,CPA_J60,2018,0.0
BG,CPA_J60,2019,0.0
BG,CPA_J60,2020,0.0
BG,CPA_J60,2021,0.0
BG,CPA_J60,2022,0.0
CZ,CPA_J60,2014,0.0
CZ,CPA_J60,2015,0.0
CZ,CPA_J60,2016,0.0
CZ,CPA_J60,2017,0.0
CZ,CPA_J60,2018,0.0
CZ,CPA_J60,2019,0.0
CZ,CPA_J60,2020,0.0
CZ,CPA_J60,2021,0.0
CZ,CPA_J60,2022,0.0
CZ,CPA_J60,2023,0.0
CZ,CPA_J60,2024,0.0
DK,CPA_J60,2015,0.0
DK,CPA_J60,2016,0.0
DK,CPA_J60,2017,0.0
DK,CPA_J60,2018,0.0
DK,CPA_J60,2019,0.0
DK,CPA_J60,2020,0.0
DK,CPA_J60,2021,0.0
DK,CPA_J60,2022,0.0
FR,CPA_J60,2021,0.0
FR,CPA_J60,2022,0.0
HR,CPA_J60,2015,0.0
HR,CPA_J60,2016,0.0
HR,CPA_J60,2017,0.0
HR,CPA_J60,2018,0.0
HU,CPA_J60,2016,0.0
HU,CPA_J60,2017,0.0
HU,CPA_J60,2018,0.0
HU,CPA_J60,2019,0.0
HU,CPA_J60,2020,0.0
HU,CPA_J60,2021,0.0
HU,CPA_J60,2022,0.0
HU,CPA_J60,2023,0.0
RO,CPA_J60,2014,0.0
RO,CPA_J60,2015,0.0
RO,CPA_J60,2016,0.0
RO,CPA_J60,2017,0.0
RO,CPA_J60,2018,0.0
RO,CPA_J60,2019,0.0
RO,CPA_J60,2020,0.0
RO,CPA_J60,2021,0.0
RO,CPA_J60,2022,0.0
SK,CPA_J60,2014,0.0
SK,CPA_J60,2015,0.0
SK,CPA_J60,2016,0.0
SK,CPA_J60,2017,0.0
SK,CPA_J60,2018,0.0
SK,CPA_J60,2019,0.0
SK,CPA_J60,2020,0.0
SK,CPA_J60,2021,0.0
SK,CPA_J60,2022,0.0
AL,CPA_J61,2014,0.0
AL,CPA_J61,2015,0.0
AL,CPA_J61,2016,0.0
AL,CPA_J61,2017,0.0
AL,CPA_J61,2018,0.0
AL,CPA_J61,2019,0.0
AL,CPA_J61,2020,0.0
AL,CPA_J61,2021,1.75
AL,CPA_J61,2022,1.56
AL,CPA_J61,2023,1.66
AL,CPA_J61,2024,1.78
AT,CPA_J61,2014,0.0
AT,CPA_J61,2015,0.0
AT,CPA_J61,2016,0.0
AT,CPA_J61,2017,0.0
AT,CPA_J61,2018,0.0
AT,CPA_J61,2019,0.0
AT,CPA_J61,2020,0.0
AT,CPA_J61,2021,0.0
AT,CPA_J61,2022,0.0
BE,CPA_J61,2014,0.0
BE,CPA_J61,2015,0.0
BE,CPA_J61,2016,0.0
BE,CPA_J61,2017,0.0
BE,CPA_J61,2018,0.0
BE,CPA_J61,2019,0.0
BE,CPA_J61,2020,0.0
BE,CPA_J61,2021,0.0
BE,CPA_J61,2022,0.0
BG,CPA_J61,2014,0.0
BG,CPA_J61,2018,0.0
BG,CPA_J61,2019,0.0
BG,CPA_J61,2020,0.0
BG,CPA_J61,2021,0.0
BG,CPA_J61,2022,0.0
CY,CPA_J61,2014,0.0
CY,CPA_J61,2015,0.0
CY,CPA_J61,2016,0.0
CY,CPA_J61,2017,0.0
CY,CPA_J61,2018,0.0
CY,CPA_J61,2019,0.0
CY,CPA_J61,2020,0.0
CY,CPA_J61,2021,0.0
CY,CPA_J61,2022,0.0
CZ,CPA_J61,2014,0.0
CZ,CPA_J61,2015,0.0
CZ,CPA_J61,2016,0.0
CZ,CPA_J61,2017,0.0
CZ,CPA_J61,2018,0.0
CZ,CPA_J61,2019,0.0
CZ,CPA_J61,2020,0.0
CZ,CPA_J61,2021,0.0
CZ,CPA_J61,2022,0.0
CZ,CPA_J61,2023,0.0
CZ,CPA_J61,2024,0.0
DE,CPA_J61,2014,0.0
DE,CPA_J61,2015,0.0
DE,CPA_J61,2016,0.0
DE,CPA_J61,2017,0.0
DE,CPA_J61,2018,0.0
DE,CPA_J61,2019,0.0
DE,CPA_J61,2020,0.0
DE,CPA_J61,2021,0.0
DE,CPA_J61,2022,0.0
DK,CPA_J61,2014,0.0
DK,CPA_J61,2015,0.0
DK,CPA_J61,2016,0.0
DK,CPA_J61,2017,0.0
DK,CPA_J61,2018,0.0
DK,CPA_J61,2019,0.0
DK,CPA_J61,2020,0.0
DK,CPA_J61,2021,0.0
DK,CPA_J61,2022,0.0
EA21,CPA_J61,2014,0.0
EA21,CPA_J61,2015,0.0
EA21,CPA_J61,2016,0.0
EA21,CPA_J61,2017,0.0
EA21,CPA_J61,2018,0.0
EA21,CPA_J61,2019,0.0
EA21,CPA_J61,2020,0.0
EA21,CPA_J61,2021,0.0
EA21,CPA_J61,2022,0.0
EA21,CPA_J61,2023,0.0
EA21,CPA_J61,2024,0.0
EE,CPA_J61,2019,0.0
EE,CPA_J61,2020,0.0
EE,CPA_J61,2021,0.0
EE,CPA_J61,2022,0.0
EL,CPA_J61,2014,0.0
EL,CPA_J61,2015,0.0
EL,CPA_J61,2016,0.0
EL,CPA_J61,2017,0.0
EL,CPA_J61,2018,0.0
EL,CPA_J61,2019,0.0
EL,CPA_J61,2020,0.0
EL,CPA_J61,2021,0.0
EL,CPA_J61,2022,0.0
ES,CPA_J61,2014,0.0
ES,CPA_J61,2015,0.0
ES,CPA_J61,2016,0.0
ES,CPA_J61,2017,0.0
ES,CPA_J61,2018,0.0
ES,CPA_J61,2019,0.0
ES,CPA_J61,2020,0.0
ES,CPA_J61,2021,0.0
ES,CPA_J61,2022,0.0
ES,CPA_J61,2023,0.0
EU27_2020,CPA_J61,2014,0.0
EU27_2020,CPA_J61,2015,0.0
EU27_2020,CPA_J61,2016,0.0
EU27_2020,CPA_J61,2017,0.0
EU27_2020,CPA_J61,2018,0.0
EU27_2020,CPA_J61,2019,0.0
EU27_2020,CPA_J61,2020,0.0
EU27_2020,CPA_J61,2021,0.0
EU27_2020,CPA_J61,2022,0.0
EU27_2020,CPA_J61,2023,0.0
EU27_2020,CPA_J61,2024,0.0
FI,CPA_J61,2014,0.0
FI,CPA_J61,2015,0.0
FI,CPA_J61,2016,0.0
FI,CPA_J61,2017,0.0
FI,CPA_J61,2018,0.0
FI,CPA_J61,2019,0.0
FI,CPA_J61,2020,0.0
FI,CPA_J61,2021,0.0
FI,CPA_J61,2022,0.0
FI,CPA_J61,2023,0.0
FR,CPA_J61,2014,0.0
FR,CPA_J61,2015,0.0
FR,CPA_J61,2016,0.0
FR,CPA_J61,2017,0.0
FR,CPA_J61,2018,0.0
FR,CPA_J61,2019,0.0
FR,CPA_J61,2020,0.0
FR,CPA_J61,2021,0.0
FR,CPA_J61,2022,0.0
HR,CPA_J61,2015,0.0
HR,CPA_J61,2016,0.0
HR,CPA_J61,2017,0.0
HR,CPA_J61,2018,0.0
HU,CPA_J61,2014,0.0
HU,CPA_J61,2015,0.0
HU,CPA_J61,2016,0.0
HU,CPA_J61,2017,0.0
HU,CPA_J61,2018,0.0
HU,CPA_J61,2019,0.0
HU,CPA_J61,2020,0.0
HU,CPA_J61,2021,0.0
HU,CPA_J61,2022,0.0
HU,CPA_J61,2023,0.0
IE,CPA_J61,2014,0.0
IE,CPA_J61,2015,0.0
IE,CPA_J61,2016,0.0
IE,CPA_J61,2017,0.0
IE,CPA_J61,2018,0.0
IE,CPA_J61,2019,0.0
IE,CPA_J61,2020,0.0
IE,CPA_J61,2021,0.0
IE,CPA_J61,2022,0.0
IT,CPA_J61,2014,0.0
IT,CPA_J61,2015,0.0
IT,CPA_J61,2016,0.0
IT,CPA_J61,2017,0.0
IT,CPA_J61,2018,0.0
IT,CPA_J61,2019,0.0
IT,CPA_J61,2020,0.0
IT,CPA_J61,2021,0.0
IT,CPA_J61,2022,0.0
LU,CPA_J61,2014,0.0
LU,CPA_J61,2015,0.0
LU,CPA_J61,2016,0.0
LU,CPA_J61,2017,0.0
LU,CPA_J61,2018,0.0
LU,CPA_J61,2019,0.0
LU,CPA_J61,2020,0.0
LU,CPA_J61,2021,0.0
LU,CPA_J61,2022,0.0
LV,CPA_J61,2014,0.0
LV,CPA_J61,2015,0.0
LV,CPA_J61,2016,0.0
LV,CPA_J61,2017,0.0
LV,CPA_J61,2018,0.0
LV,CPA_J61,2019,0.0
LV,CPA_J61,2020,0.0
LV,CPA_J61,2021,0.0
LV,CPA_J61,2022,0.0
LV,CPA_J61,2023,0.0
MK,CPA_J61,2022,0.0
MK,CPA_J61,2023,0.0
MT,CPA_J61,2014,0.0
MT,CPA_J61,2015,0.0
MT,CPA_J61,2016,0.0
MT,CPA_J61,2017,0.0
MT,CPA_J61,2018,0.0
MT,CPA_J61,2019,0.0
MT,CPA_J61,2020,0.0
MT,CPA_J61,2021,0.0
MT,CPA_J61,2022,0.0
NL,CPA_J61,2014,0.0
NL,CPA_J61,2015,0.0
NL,CPA_J61,2016,0.0
NL,CPA_J61,2017,0.0
NL,CPA_J61,2018,0.0
NL,CPA_J61,2019,0.0
NL,CPA_J61,2020,0.0
NL,CPA_J61,2021,0.0
NL,CPA_J61,2022,0.0
NL,CPA_J61,2023,0.0
NL,CPA_J61,2024,0.0
NO,CPA_J61,2014,0.0
NO,CPA_J61,2015,0.0
NO,CPA_J61,2016,0.0
NO,CPA_J61,2017,0.0
NO,CPA_J61,2018,0.0
NO,CPA_J61,2019,0.0
NO,CPA_J61,2020,0.0
NO,CPA_J61,2021,0.0
NO,CPA_J61,2022,0.0
NO,CPA_J61,2023,0.0
PL,CPA_J61,2014,0.0
PL,CPA_J61,2015,0.0
PL,CPA_J61,2016,0.0
PL,CPA_J61,2017,0.0
PL,CPA_J61,2018,0.0
PL,CPA_J61,2019,0.0
PL,CPA_J61,2020,0.0
PL,CPA_J61,2021,0.0
PL,CPA_J61,2022,0.0
PT,CPA_J61,2014,0.0
PT,CPA_J61,2015,0.0
PT,CPA_J61,2016,0.0
PT,CPA_J61,2017,0.0
PT,CPA_J61,2018,0.0
PT,CPA_J61,2019,0.0
PT,CPA_J61,2020,0.0
PT,CPA_J61,2021,0.0
PT,CPA_J61,2022,0.0
PT,CPA_J61,2023,0.0
PT,CPA_J61,2024,0.0
RO,CPA_J61,2014,0.0
RO,CPA_J61,2015,0.0
RO,CPA_J61,2016,0.0
RO,CPA_J61,2017,0.0
RO,CPA_J61,2018,0.0
RO,CPA_J61,2019,0.0
RO,CPA_J61,2020,0.0
RO,CPA_J61,2021,0.0
RO,CPA_J61,2022,0.0
RS,CPA_J61,2014,0.0
RS,CPA_J61,2015,0.0
RS,CPA_J61,2016,0.0
RS,CPA_J61,2017,0.0
RS,CPA_J61,2018,0.0
RS,CPA_J61,2019,0.0
RS,CPA_J61,2020,0.0
RS,CPA_J61,2021,0.0
RS,CPA_J61,2022,0.0
SE,CPA_J61,2015,0.0
SE,CPA_J61,2016,0.0
SE,CPA_J61,2017,0.0
SE,CPA_J61,2018,0.0
SE,CPA_J61,2019,0.0
SE,CPA_J61,2020,0.0
SE,CPA_J61,2021,0.0
SE,CPA_J61,2022,0.0
SE,CPA_J61,2023,0.0
SI,CPA_J61,2014,0.0
SI,CPA_J61,2015,0.0
SI,CPA_J61,2016,0.0
SI,CPA_J61,2017,0.0
SI,CPA_J61,2018,0.0
SI,CPA_J61,2019,0.0
SI,CPA_J61,2020,0.0
SI,CPA_J61,2021,0.0
SI,CPA_J61,2022,0.0
SI,CPA_J61,2023,0.0
SK,CPA_J61,2014,0.0
SK,CPA_J61,2015,0.0
SK,CPA_J61,2016,0.0
SK,CPA_J61,2017,0.0
SK,CPA_J61,2018,0.0
SK,CPA_J61,2019,0.0
SK,CPA_J61,2020,0.0
SK,CPA_J61,2021,0.0
SK,CPA_J61,2022,0.0
TR,CPA_J61,2023,406.96
XK,CPA_J61,2014,0.0
XK,CPA_J61,2015,0.0
XK,CPA_J61,2016,0.0
XK,CPA_J61,2017,0.0
XK,CPA_J61,2018,0.0
XK,CPA_J61,2019,0.0
BE,CPA_J62,2015,0.0
BE,CPA_J62,2016,0.0
BE,CPA_J62,2019,0.0
BE,CPA_J62,2020,0.0
BE,CPA_J62,2021,0.0
BE,CPA_J62,2022,0.0
BG,CPA_J62,2018,0.0
BG,CPA_J62,2019,0.0
BG,CPA_J62,2020,0.0
BG,CPA_J62,2021,0.0
BG,CPA_J62,2022,0.0
CZ,CPA_J62,2014,624.09
CZ,CPA_J62,2015,700.03
CZ,CPA_J62,2016,742.44
CZ,CPA_J62,2017,870.51
CZ,CPA_J62,2018,1033.03
CZ,CPA_J62,2019,1334.09
CZ,CPA_J62,2020,1443.77
CZ,CPA_J62,2021,1663.1
CZ,CPA_J62,2022,1909.06
CZ,CPA_J62,2023,2073.61
CZ,CPA_J62,2024,2165.92
DK,CPA_J62,2015,0.0
DK,CPA_J62,2016,0.0
DK,CPA_J62,2017,0.0
DK,CPA_J62,2018,0.0
DK,CPA_J62,2019,0.0
DK,CPA_J62,2020,0.0
DK,CPA_J62,2021,0.0
DK,CPA_J62,2022,0.0
FR,CPA_J62,2021,0.0
FR,CPA_J62,2022,0.0
HR,CPA_J62,2015,0.0
HR,CPA_J62,2016,0.0
HR,CPA_J62,2017,0.0
HR,CPA_J62,2018,0.0
HU,CPA_J62,2016,0.0
HU,CPA_J62,2017,0.0
HU,CPA_J62,2018,0.0
HU,CPA_J62,2019,0.0
HU,CPA_J62,2020,9.52
HU,CPA_J62,2021,0.0
HU,CPA_J62,2022,0.0
HU,CPA_J62,2023,0.0
RO,CPA_J62,2014,0.0
RO,CPA_J62,2015,0.0
RO,CPA_J62,2016,0.0
RO,CPA_J62,2017,0.0
RO,CPA_J62,2018,0.0
RO,CPA_J62,2019,0.0
RO,CPA_J62,2020,0.0
RO,CPA_J62,2021,0.0
RO,CPA_J62,2022,0.0
SK,CPA_J62,2014,0.0
SK,CPA_J62,2015,0.0
SK,CPA_J62,2016,0.0
SK,CPA_J62,2017,0.0
SK,CPA_J62,2018,0.0
SK,CPA_J62,2019,0.0
SK,CPA_J62,2020,0.0
SK,CPA_J62,2021,0.0
SK,CPA_J62,2022,0.0
AL,CPA_J62_63,2014,0.0
AL,CPA_J62_63,2015,0.0
AL,CPA_J62_63,2016,0.0
AL,CPA_J62_63,2017,0.0
AL,CPA_J62_63,2018,0.0
AL,CPA_J62_63,2019,0.0
AL,CPA_J62_63,2020,0.0
AL,CPA_J62_63,2021,10.27
AL,CPA_J62_63,2022,5.21
AL,CPA_J62_63,2023,4.46
AL,CPA_J62_63,2024,5.4
AT,CPA_J62_63,2014,0.0
AT,CPA_J62_63,2015,0.0
AT,CPA_J62_63,2016,0.0
AT,CPA_J62_63,2017,0.0
AT,CPA_J62_63,2018,0.0
AT,CPA_J62_63,2019,0.0
AT,CPA_J62_63,2020,0.0
AT,CPA_J62_63,2021,0.0
AT,CPA_J62_63,2022,0.0
BE,CPA_J62_63,2014,0.0
BE,CPA_J62_63,2015,0.0
BE,CPA_J62_63,2016,0.0
BE,CPA_J62_63,2017,0.0
BE,CPA_J62_63,2018,0.0
BE,CPA_J62_63,2019,0.0
BE,CPA_J62_63,2020,0.0
BE,CPA_J62_63,2021,0.0
BE,CPA_J62_63,2022,0.0
BG,CPA_J62_63,2014,44.96
BG,CPA_J62_63,2018,0.0
BG,CPA_J62_63,2019,0.0
BG,CPA_J62_63,2020,0.0
BG,CPA_J62_63,2021,0.0
BG,CPA_J62_63,2022,0.0
CY,CPA_J62_63,2014,0.0
CY,CPA_J62_63,2015,0.0
CY,CPA_J62_63,2016,0.0
CY,CPA_J62_63,2017,0.0
CY,CPA_J62_63,2018,0.0
CY,CPA_J62_63,2019,0.0
CY,CPA_J62_63,2020,0.0
CY,CPA_J62_63,2021,0.0
CY,CPA_J62_63,2022,0.0
CZ,CPA_J62_63,2014,624.09
CZ,CPA_J62_63,2015,700.03
CZ,CPA_J62_63,2016,742.44
CZ,CPA_J62_63,2017,870.51
CZ,CPA_J62_63,2018,1033.03
CZ,CPA_J62_63,2019,1334.09
CZ,CPA_J62_63,2020,1443.77
CZ,CPA_J62_63,2021,1663.1
CZ,CPA_J62_63,2022,1909.06
CZ,CPA_J62_63,2023,2073.61
CZ,CPA_J62_63,2024,2165.92
DE,CPA_J62_63,2014,0.0
DE,CPA_J62_63,2015,0.0
DE,CPA_J62_63,2016,0.0
DE,CPA_J62_63,2017,0.0
DE,CPA_J62_63,2018,0.0
DE,CPA_J62_63,2019,0.0
DE,CPA_J62_63,2020,0.0
DE,CPA_J62_63,2021,0.0
DE,CPA_J62_63,2022,0.0
DK,CPA_J62_63,2014,0.0
DK,CPA_J62_63,2015,0.0
DK,CPA_J62_63,2016,0.0
DK,CPA_J62_63,2017,0.0
DK,CPA_J62_63,2018,0.0
DK,CPA_J62_63,2019,0.0
DK,CPA_J62_63,2020,0.0
DK,CPA_J62_63,2021,0.0
DK,CPA_J62_63,2022,0.0
EA21,CPA_J62_63,2014,45.23
EA21,CPA_J62_63,2015,38.36
EA21,CPA_J62_63,2016,0.0
EA21,CPA_J62_63,2017,0.0
EA21,CPA_J62_63,2018,0.0
EA21,CPA_J62_63,2019,0.0
EA21,CPA_J62_63,2020,0.0
EA21,CPA_J62_63,2021,0.0
EA21,CPA_J62_63,2022,0.0
EA21,CPA_J62_63,2023,0.0
EA21,CPA_J62_63,2024,0.0
EE,CPA_J62_63,2019,0.0
EE,CPA_J62_63,2020,0.0
EE,CPA_J62_63,2021,0.0
EE,CPA_J62_63,2022,0.0
EL,CPA_J62_63,2014,0.0
EL,CPA_J62_63,2015,0.0
EL,CPA_J62_63,2016,0.0
EL,CPA_J62_63,2017,0.0
EL,CPA_J62_63,2018,0.0
EL,CPA_J62_63,2019,0.0
EL,CPA_J62_63,2020,0.0
EL,CPA_J62_63,2021,0.0
EL,CPA_J62_63,2022,0.0
ES,CPA_J62_63,2014,0.0
ES,CPA_J62_63,2015,0.0
ES,CPA_J62_63,2016,0.0
ES,CPA_J62_63,2017,0.0
ES,CPA_J62_63,2018,0.0
ES,CPA_J62_63,2019,0.0
ES,CPA_J62_63,2020,0.0
ES,CPA_J62_63,2021,0.0
ES,CPA_J62_63,2022,0.0
ES,CPA_J62_63,2023,0.0
EU27_2020,CPA_J62_63,2014,1050.55
EU27_2020,CPA_J62_63,2015,894.59
EU27_2020,CPA_J62_63,2016,883.92
EU27_2020,CPA_J62_63,2017,1044.67
EU27_2020,CPA_J62_63,2018,1181.75
EU27_2020,CPA_J62_63,2019,1482.78
EU27_2020,CPA_J62_63,2020,1635.37
EU27_2020,CPA_J62_63,2021,1663.11
EU27_2020,CPA_J62_63,2022,1909.06
EU27_2020,CPA_J62_63,2023,2073.61
EU27_2020,CPA_J62_63,2024,2165.92
FI,CPA_J62_63,2014,0.0
FI,CPA_J62_63,2015,0.0
FI,CPA_J62_63,2016,0.0
FI,CPA_J62_63,2017,0.0
FI,CPA_J62_63,2018,0.0
FI,CPA_J62_63,2019,0.0
FI,CPA_J62_63,2020,0.0
FI,CPA_J62_63,2021,0.0
FI,CPA_J62_63,2022,0.0
FI,CPA_J62_63,2023,0.0
FR,CPA_J62_63,2014,0.0
FR,CPA_J62_63,2015,0.0
FR,CPA_J62_63,2016,0.0
FR,CPA_J62_63,2017,0.0
FR,CPA_J62_63,2018,0.0
FR,CPA_J62_63,2019,0.0
FR,CPA_J62_63,2020,0.0
FR,CPA_J62_63,2021,0.0
FR,CPA_J62_63,2022,0.0
HR,CPA_J62_63,2015,0.0
HR,CPA_J62_63,2016,0.0
HR,CPA_J62_63,2017,0.0
HR,CPA_J62_63,2018,0.0
HU,CPA_J62_63,2014,0.0
HU,CPA_J62_63,2015,0.0
HU,CPA_J62_63,2016,0.0
HU,CPA_J62_63,2017,0.0
HU,CPA_J62_63,2018,0.0
HU,CPA_J62_63,2019,0.0
HU,CPA_J62_63,2020,9.52
HU,CPA_J62_63,2021,0.0
HU,CPA_J62_63,2022,0.0
HU,CPA_J62_63,2023,0.0
IE,CPA_J62_63,2014,0.0
IE,CPA_J62_63,2015,0.0
IE,CPA_J62_63,2016,0.0
IE,CPA_J62_63,2017,0.0
IE,CPA_J62_63,2018,0.0
IE,CPA_J62_63,2019,0.0
IE,CPA_J62_63,2020,0.0
IT,CPA_J62_63,2014,0.0
IT,CPA_J62_63,2015,0.0
IT,CPA_J62_63,2016,0.0
IT,CPA_J62_63,2017,0.0
IT,CPA_J62_63,2018,0.0
IT,CPA_J62_63,2019,0.0
IT,CPA_J62_63,2020,0.0
IT,CPA_J62_63,2021,0.0
IT,CPA_J62_63,2022,0.0
LU,CPA_J62_63,2014,0.0
LU,CPA_J62_63,2015,0.0
LU,CPA_J62_63,2016,0.0
LU,CPA_J62_63,2017,0.0
LU,CPA_J62_63,2018,0.0
LU,CPA_J62_63,2019,0.0
LU,CPA_J62_63,2020,0.0
LU,CPA_J62_63,2021,0.0
LU,CPA_J62_63,2022,0.0
LV,CPA_J62_63,2014,0.0
LV,CPA_J62_63,2015,0.0
LV,CPA_J62_63,2016,0.0
LV,CPA_J62_63,2017,0.0
LV,CPA_J62_63,2018,0.0
LV,CPA_J62_63,2019,0.0
LV,CPA_J62_63,2020,0.0
LV,CPA_J62_63,2021,0.0
LV,CPA_J62_63,2022,0.0
LV,CPA_J62_63,2023,0.0
MK,CPA_J62_63,2022,0.0
MK,CPA_J62_63,2023,0.0
MT,CPA_J62_63,2014,0.0
MT,CPA_J62_63,2015,0.0
MT,CPA_J62_63,2016,0.0
MT,CPA_J62_63,2017,0.0
MT,CPA_J62_63,2018,0.0
MT,CPA_J62_63,2019,0.0
MT,CPA_J62_63,2020,0.0
MT,CPA_J62_63,2021,0.0
MT,CPA_J62_63,2022,0.0
NL,CPA_J62_63,2014,0.0
NL,CPA_J62_63,2015,0.0
NL,CPA_J62_63,2016,0.0
NL,CPA_J62_63,2017,0.0
NL,CPA_J62_63,2018,0.0
NL,CPA_J62_63,2019,0.0
NL,CPA_J62_63,2020,0.0
NL,CPA_J62_63,2021,0.0
NL,CPA_J62_63,2022,0.0
NL,CPA_J62_63,2023,0.0
NL,CPA_J62_63,2024,0.0
NO,CPA_J62_63,2014,0.0
NO,CPA_J62_63,2015,0.0
NO,CPA_J62_63,2016,0.0
NO,CPA_J62_63,2017,0.0
NO,CPA_J62_63,2018,0.0
NO,CPA_J62_63,2019,0.0
NO,CPA_J62_63,2020,0.0
NO,CPA_J62_63,2021,0.0
NO,CPA_J62_63,2022,0.0
NO,CPA_J62_63,2023,0.0
PL,CPA_J62_63,2014,0.0
PL,CPA_J62_63,2015,0.0
PL,CPA_J62_63,2016,0.0
PL,CPA_J62_63,2017,0.0
PL,CPA_J62_63,2018,0.0
PL,CPA_J62_63,2019,0.0
PL,CPA_J62_63,2020,0.0
PL,CPA_J62_63,2021,0.0
PL,CPA_J62_63,2022,0.0
PT,CPA_J62_63,2014,0.0
PT,CPA_J62_63,2015,0.0
PT,CPA_J62_63,2016,0.0
PT,CPA_J62_63,2017,0.0
PT,CPA_J62_63,2018,0.0
PT,CPA_J62_63,2019,0.0
PT,CPA_J62_63,2020,0.0
PT,CPA_J62_63,2021,0.0
PT,CPA_J62_63,2022,0.0
PT,CPA_J62_63,2023,0.0
PT,CPA_J62_63,2024,0.0
RO,CPA_J62_63,2014,0.0
RO,CPA_J62_63,2015,0.0
RO,CPA_J62_63,2016,0.0
RO,CPA_J62_63,2017,0.0
RO,CPA_J62_63,2018,0.0
RO,CPA_J62_63,2019,0.0
RO,CPA_J62_63,2020,0.0
RO,CPA_J62_63,2021,0.0
RO,CPA_J62_63,2022,0.0
RS,CPA_J62_63,2014,0.0
RS,CPA_J62_63,2015,0.0
RS,CPA_J62_63,2016,0.0
RS,CPA_J62_63,2017,0.0
RS,CPA_J62_63,2018,0.0
RS,CPA_J62_63,2019,0.0
RS,CPA_J62_63,2020,0.0
RS,CPA_J62_63,2021,0.0
RS,CPA_J62_63,2022,0.0
SE,CPA_J62_63,2014,368.81
SE,CPA_J62_63,2015,176.28
SE,CPA_J62_63,2016,157.28
SE,CPA_J62_63,2017,173.6
SE,CPA_J62_63,2018,159.6
SE,CPA_J62_63,2019,161.0
SE,CPA_J62_63,2020,196.47
SE,CPA_J62_63,2021,0.0
SE,CPA_J62_63,2022,0.0
SE,CPA_J62_63,2023,0.0
SI,CPA_J62_63,2014,0.0
SI,CPA_J62_63,2015,0.0
SI,CPA_J62_63,2016,0.0
SI,CPA_J62_63,2017,0.0
SI,CPA_J62_63,2018,0.0
SI,CPA_J62_63,2019,0.0
SI,CPA_J62_63,2020,0.0
SI,CPA_J62_63,2021,0.0
SI,CPA_J62_63,2022,0.0
SI,CPA_J62_63,2023,0.0
SK,CPA_J62_63,2014,0.0
SK,CPA_J62_63,2015,0.0
SK,CPA_J62_63,2016,0.0
SK,CPA_J62_63,2017,0.0
SK,CPA_J62_63,2018,0.0
SK,CPA_J62_63,2019,0.0
SK,CPA_J62_63,2020,0.0
SK,CPA_J62_63,2021,0.0
SK,CPA_J62_63,2022,0.0
TR,CPA_J62_63,2023,1002.4
XK,CPA_J62_63,2014,0.0
XK,CPA_J62_63,2015,0.0
XK,CPA_J62_63,2016,0.0
XK,CPA_J62_63,2017,0.0
XK,CPA_J62_63,2018,0.0
XK,CPA_J62_63,2019,0.0
BE,CPA_J63,2015,0.0
BE,CPA_J63,2016,0.0
BE,CPA_J63,2019,0.0
BE,CPA_J63,2020,0.0
BE,CPA_J63,2021,0.0
BE,CPA_J63,2022,0.0
BG,CPA_J63,2018,0.0
BG,CPA_J63,2019,0.0
BG,CPA_J63,2020,0.0
BG,CPA_J63,2021,0.0
BG,CPA_J63,2022,0.0
CZ,CPA_J63,2014,0.0
CZ,CPA_J63,2015,0.0
CZ,CPA_J63,2016,0.0
CZ,CPA_J63,2017,0.0
CZ,CPA_J63,2018,0.0
CZ,CPA_J63,2019,0.0
CZ,CPA_J63,2020,0.0
CZ,CPA_J63,2021,0.0
CZ,CPA_J63,2022,0.0
CZ,CPA_J63,2023,0.0
CZ,CPA_J63,2024,0.0
DK,CPA_J63,2015,0.0
DK,CPA_J63,2016,0.0
DK,CPA_J63,2017,0.0
DK,CPA_J63,2018,0.0
DK,CPA_J63,2019,0.0
DK,CPA_J63,2020,0.0
DK,CPA_J63,2021,0.0
DK,CPA_J63,2022,0.0
FR,CPA_J63,2021,0.0
FR,CPA_J63,2022,0.0
HR,CPA_J63,2015,0.0
HR,CPA_J63,2016,0.0
HR,CPA_J63,2017,0.0
HR,CPA_J63,2018,0.0
HU,CPA_J63,2016,0.0
HU,CPA_J63,2017,0.0
HU,CPA_J63,2018,0.0
HU,CPA_J63,2019,0.0
HU,CPA_J63,2020,0.0
HU,CPA_J63,2021,0.0
HU,CPA_J63,2022,0.0
HU,CPA_J63,2023,0.0
RO,CPA_J63,2014,0.0
RO,CPA_J63,2015,0.0
RO,CPA_J63,2016,0.0
RO,CPA_J63,2017,0.0
RO,CPA_J63,2018,0.0
RO,CPA_J63,2019,0.0
RO,CPA_J63,2020,0.0
RO,CPA_J63,2021,0.0
RO,CPA_J63,2022,0.0
SK,CPA_J63,2014,0.0
SK,CPA_J63,2015,0.0
SK,CPA_J63,2016,0.0
SK,CPA_J63,2017,0.0
SK,CPA_J63,2018,0.0
SK,CPA_J63,2019,0.0
SK,CPA_J63,2020,0.0
SK,CPA_J63,2021,0.0
SK,CPA_J63,2022,0.0
AL,CPA_K64,2014,0.0
AL,CPA_K64,2015,0.0
AL,CPA_K64,2016,0.0
AL,CPA_K64,2017,0.0
AL,CPA_K64,2018,0.0
AL,CPA_K64,2019,0.0
AL,CPA_K64,2020,0.0
AL,CPA_K64,2021,9.55
AL,CPA_K64,2022,0.0
AL,CPA_K64,2023,0.0
AL,CPA_K64,2024,0.0
AT,CPA_K64,2014,0.0
AT,CPA_K64,2015,0.0
AT,CPA_K64,2016,0.0
AT,CPA_K64,2017,0.0
AT,CPA_K64,2018,0.0
AT,CPA_K64,2019,0.0
AT,CPA_K64,2020,0.0
AT,CPA_K64,2021,0.0
AT,CPA_K64,2022,0.0
BE,CPA_K64,2014,0.0
BE,CPA_K64,2015,0.0
BE,CPA_K64,2016,0.0
BE,CPA_K64,2017,0.0
BE,CPA_K64,2018,0.0
BE,CPA_K64,2019,0.0
BE,CPA_K64,2020,0.0
BE,CPA_K64,2021,0.0
BE,CPA_K64,2022,0.0
BG,CPA_K64,2014,0.0
BG,CPA_K64,2018,0.0
BG,CPA_K64,2019,0.0
BG,CPA_K64,2020,0.0
BG,CPA_K64,2021,0.0
BG,CPA_K64,2022,0.0
CY,CPA_K64,2014,0.0
CY,CPA_K64,2015,0.0
CY,CPA_K64,2016,0.0
CY,CPA_K64,2017,0.0
CY,CPA_K64,2018,0.0
CY,CPA_K64,2019,0.0
CY,CPA_K64,2020,0.0
CY,CPA_K64,2021,0.0
CY,CPA_K64,2022,0.0
CZ,CPA_K64,2014,0.0
CZ,CPA_K64,2015,0.0
CZ,CPA_K64,2016,0.0
CZ,CPA_K64,2017,0.0
CZ,CPA_K64,2018,0.0
CZ,CPA_K64,2019,0.0
CZ,CPA_K64,2020,0.0
CZ,CPA_K64,2021,0.0
CZ,CPA_K64,2022,0.0
CZ,CPA_K64,2023,0.0
CZ,CPA_K64,2024,0.0
DE,CPA_K64,2014,0.0
DE,CPA_K64,2015,0.0
DE,CPA_K64,2016,0.0
DE,CPA_K64,2017,0.0
DE,CPA_K64,2018,0.0
DE,CPA_K64,2019,0.0
DE,CPA_K64,2020,0.0
DE,CPA_K64,2021,0.0
DE,CPA_K64,2022,0.0
DK,CPA_K64,2014,0.0
DK,CPA_K64,2015,0.0
DK,CPA_K64,2016,0.0
DK,CPA_K64,2017,0.0
DK,CPA_K64,2018,0.0
DK,CPA_K64,2019,0.0
DK,CPA_K64,2020,0.0
DK,CPA_K64,2021,0.0
DK,CPA_K64,2022,0.0
EA21,CPA_K64,2014,0.0
EA21,CPA_K64,2015,0.0
EA21,CPA_K64,2016,0.0
EA21,CPA_K64,2017,0.0
EA21,CPA_K64,2018,0.0
EA21,CPA_K64,2019,0.0
EA21,CPA_K64,2020,0.0
EA21,CPA_K64,2021,0.0
EA21,CPA_K64,2022,0.0
EA21,CPA_K64,2023,0.0
EA21,CPA_K64,2024,0.0
EE,CPA_K64,2019,0.0
EE,CPA_K64,2020,0.0
EE,CPA_K64,2021,0.0
EE,CPA_K64,2022,0.0
EL,CPA_K64,2014,0.0
EL,CPA_K64,2015,0.0
EL,CPA_K64,2016,0.0
EL,CPA_K64,2017,0.0
EL,CPA_K64,2018,0.0
EL,CPA_K64,2019,0.0
EL,CPA_K64,2020,0.0
EL,CPA_K64,2021,0.0
EL,CPA_K64,2022,0.0
ES,CPA_K64,2014,0.0
ES,CPA_K64,2015,0.0
ES,CPA_K64,2016,0.0
ES,CPA_K64,2017,0.0
ES,CPA_K64,2018,0.0
ES,CPA_K64,2019,0.0
ES,CPA_K64,2020,0.0
ES,CPA_K64,2021,0.0
ES,CPA_K64,2022,0.0
ES,CPA_K64,2023,0.0
EU27_2020,CPA_K64,2014,0.0
EU27_2020,CPA_K64,2015,0.0
EU27_2020,CPA_K64,2016,0.0
EU27_2020,CPA_K64,2017,0.0
EU27_2020,CPA_K64,2018,0.0
EU27_2020,CPA_K64,2019,0.0
EU27_2020,CPA_K64,2020,0.0
EU27_2020,CPA_K64,2021,0.0
EU27_2020,CPA_K64,2022,0.0
EU27_2020,CPA_K64,2023,0.0
EU27_2020,CPA_K64,2024,0.0
FI,CPA_K64,2014,0.0
FI,CPA_K64,2015,0.0
FI,CPA_K64,2016,0.0
FI,CPA_K64,2017,0.0
FI,CPA_K64,2018,0.0
FI,CPA_K64,2019,0.0
FI,CPA_K64,2020,0.0
FI,CPA_K64,2021,0.0
FI,CPA_K64,2022,0.0
FI,CPA_K64,2023,0.0
FR,CPA_K64,2014,0.0
FR,CPA_K64,2015,0.0
FR,CPA_K64,2016,0.0
FR,CPA_K64,2017,0.0
FR,CPA_K64,2018,0.0
FR,CPA_K64,2019,0.0
FR,CPA_K64,2020,0.0
FR,CPA_K64,2021,0.0
FR,CPA_K64,2022,0.0
HR,CPA_K64,2015,0.0
HR,CPA_K64,2016,0.0
HR,CPA_K64,2017,0.0
HR,CPA_K64,2018,0.0
HU,CPA_K64,2014,0.0
HU,CPA_K64,2015,0.0
HU,CPA_K64,2016,0.0
HU,CPA_K64,2017,0.0
HU,CPA_K64,2018,0.0
HU,CPA_K64,2019,0.0
HU,CPA_K64,2020,0.0
HU,CPA_K64,2021,0.0
HU,CPA_K64,2022,0.0
HU,CPA_K64,2023,0.0
IE,CPA_K64,2014,0.0
IE,CPA_K64,2015,0.0
IE,CPA_K64,2016,0.0
IE,CPA_K64,2017,0.0
IE,CPA_K64,2018,0.0
IE,CPA_K64,2019,0.0
IE,CPA_K64,2020,0.0
IE,CPA_K64,2021,0.0
IE,CPA_K64,2022,0.0
IT,CPA_K64,2014,0.0
IT,CPA_K64,2015,0.0
IT,CPA_K64,2016,0.0
IT,CPA_K64,2017,0.0
IT,CPA_K64,2018,0.0
IT,CPA_K64,2019,0.0
IT,CPA_K64,2020,0.0
IT,CPA_K64,2021,0.0
IT,CPA_K64,2022,0.0
LU,CPA_K64,2014,0.0
LU,CPA_K64,2015,0.0
LU,CPA_K64,2016,0.0
LU,CPA_K64,2017,0.0
LU,CPA_K64,2018,0.0
LU,CPA_K64,2019,0.0
LU,CPA_K64,2020,0.0
LU,CPA_K64,2021,0.0
LU,CPA_K64,2022,0.0
LV,CPA_K64,2014,0.0
LV,CPA_K64,2015,0.0
LV,CPA_K64,2016,0.0
LV,CPA_K64,2017,0.0
LV,CPA_K64,2018,0.0
LV,CPA_K64,2019,0.0
LV,CPA_K64,2020,0.0
LV,CPA_K64,2021,0.0
LV,CPA_K64,2022,0.0
LV,CPA_K64,2023,0.0
MK,CPA_K64,2022,0.0
MK,CPA_K64,2023,0.0
MT,CPA_K64,2014,0.0
MT,CPA_K64,2015,0.0
MT,CPA_K64,2016,0.0
MT,CPA_K64,2017,0.0
MT,CPA_K64,2018,0.0
MT,CPA_K64,2019,0.0
MT,CPA_K64,2020,0.0
MT,CPA_K64,2021,0.0
MT,CPA_K64,2022,0.0
NL,CPA_K64,2014,0.0
NL,CPA_K64,2015,0.0
NL,CPA_K64,2016,0.0
NL,CPA_K64,2017,0.0
NL,CPA_K64,2018,0.0
NL,CPA_K64,2019,0.0
NL,CPA_K64,2020,0.0
NL,CPA_K64,2021,0.0
NL,CPA_K64,2022,0.0
NL,CPA_K64,2023,0.0
NL,CPA_K64,2024,0.0
NO,CPA_K64,2014,0.0
NO,CPA_K64,2015,0.0
NO,CPA_K64,2016,0.0
NO,CPA_K64,2017,0.0
NO,CPA_K64,2018,0.0
NO,CPA_K64,2019,0.0
NO,CPA_K64,2020,0.0
NO,CPA_K64,2021,0.0
NO,CPA_K64,2022,0.0
NO,CPA_K64,2023,0.0
PL,CPA_K64,2014,0.0
PL,CPA_K64,2015,0.0
PL,CPA_K64,2016,0.0
PL,CPA_K64,2017,0.0
PL,CPA_K64,2018,0.0
PL,CPA_K64,2019,0.0
PL,CPA_K64,2020,0.0
PL,CPA_K64,2021,0.0
PL,CPA_K64,2022,0.0
PT,CPA_K64,2014,0.0
PT,CPA_K64,2015,0.0
PT,CPA_K64,2016,0.0
PT,CPA_K64,2017,0.0
PT,CPA_K64,2018,0.0
PT,CPA_K64,2019,0.0
PT,CPA_K64,2020,0.0
PT,CPA_K64,2021,0.0
PT,CPA_K64,2022,0.0
PT,CPA_K64,2023,0.0
PT,CPA_K64,2024,0.0
RO,CPA_K64,2014,0.0
RO,CPA_K64,2015,0.0
RO,CPA_K64,2016,0.0
RO,CPA_K64,2017,0.0
RO,CPA_K64,2018,0.0
RO,CPA_K64,2019,0.0
RO,CPA_K64,2020,0.0
RO,CPA_K64,2021,0.0
RO,CPA_K64,2022,0.0
RS,CPA_K64,2014,0.0
RS,CPA_K64,2015,0.0
RS,CPA_K64,2016,0.0
RS,CPA_K64,2017,0.0
RS,CPA_K64,2018,0.0
RS,CPA_K64,2019,0.0
RS,CPA_K64,2020,0.0
RS,CPA_K64,2021,0.0
RS,CPA_K64,2022,0.0
SE,CPA_K64,2015,0.0
SE,CPA_K64,2016,0.0
SE,CPA_K64,2017,0.0
SE,CPA_K64,2018,0.0
SE,CPA_K64,2019,0.0
SE,CPA_K64,2020,0.0
SE,CPA_K64,2021,0.0
SE,CPA_K64,2022,0.0
SE,CPA_K64,2023,0.0
SI,CPA_K64,2014,0.0
SI,CPA_K64,2015,0.0
SI,CPA_K64,2016,0.0
SI,CPA_K64,2017,0.0
SI,CPA_K64,2018,0.0
SI,CPA_K64,2019,0.0
SI,CPA_K64,2020,0.0
SI,CPA_K64,2021,0.0
SI,CPA_K64,2022,0.0
SI,CPA_K64,2023,0.0
SK,CPA_K64,2014,0.0
SK,CPA_K64,2015,0.0
SK,CPA_K64,2016,0.0
SK,CPA_K64,2017,0.0
SK,CPA_K64,2018,0.0
SK,CPA_K64,2019,0.0
SK,CPA_K64,2020,0.0
SK,CPA_K64,2021,0.0
SK,CPA_K64,2022,0.0
TR,CPA_K64,2023,0.0
XK,CPA_K64,2014,0.0
XK,CPA_K64,2015,0.0
XK,CPA_K64,2016,0.0
XK,CPA_K64,2017,0.0
XK,CPA_K64,2018,0.0
XK,CPA_K64,2019,0.0
AL,CPA_K65,2014,0.0
AL,CPA_K65,2015,0.0
AL,CPA_K65,2016,0.0
AL,CPA_K65,2017,0.0
AL,CPA_K65,2018,0.0
AL,CPA_K65,2019,0.0
AL,CPA_K65,2020,0.0
AL,CPA_K65,2021,3.43
AL,CPA_K65,2022,0.0
AL,CPA_K65,2023,0.0
AL,CPA_K65,2024,0.0
AT,CPA_K65,2014,-24.68
AT,CPA_K65,2015,-20.8
AT,CPA_K65,2016,-24.18
AT,CPA_K65,2017,-31.26
AT,CPA_K65,2018,-47.78
AT,CPA_K65,2019,-64.83
AT,CPA_K65,2020,-46.46
AT,CPA_K65,2021,-118.86
AT,CPA_K65,2022,-93.92
BE,CPA_K65,2014,0.0
BE,CPA_K65,2015,0.0
BE,CPA_K65,2016,0.0
BE,CPA_K65,2017,0.0
BE,CPA_K65,2018,0.0
BE,CPA_K65,2019,0.0
BE,CPA_K65,2020,0.0
BE,CPA_K65,2021,0.0
BE,CPA_K65,2022,0.0
BG,CPA_K65,2014,0.0
BG,CPA_K65,2018,0.0
BG,CPA_K65,2019,0.0
BG,CPA_K65,2020,0.0
BG,CPA_K65,2021,0.0
BG,CPA_K65,2022,0.0
CY,CPA_K65,2014,0.0
CY,CPA_K65,2015,0.0
CY,CPA_K65,2016,0.0
CY,CPA_K65,2017,0.0
CY,CPA_K65,2018,0.0
CY,CPA_K65,2019,0.0
CY,CPA_K65,2020,0.0
CY,CPA_K65,2021,0.0
CY,CPA_K65,2022,0.0
CZ,CPA_K65,2014,0.0
CZ,CPA_K65,2015,0.0
CZ,CPA_K65,2016,0.0
CZ,CPA_K65,2017,0.0
CZ,CPA_K65,2018,0.0
CZ,CPA_K65,2019,0.0
CZ,CPA_K65,2020,0.0
CZ,CPA_K65,2021,0.0
CZ,CPA_K65,2022,0.0
CZ,CPA_K65,2023,0.0
CZ,CPA_K65,2024,0.0
DE,CPA_K65,2014,0.0
DE,CPA_K65,2015,0.0
DE,CPA_K65,2016,0.0
DE,CPA_K65,2017,0.0
DE,CPA_K65,2018,0.0
DE,CPA_K65,2019,0.0
DE,CPA_K65,2020,0.0
DE,CPA_K65,2021,0.0
DE,CPA_K65,2022,0.0
DK,CPA_K65,2014,0.0
DK,CPA_K65,2015,0.0
DK,CPA_K65,2016,0.0
DK,CPA_K65,2017,0.0
DK,CPA_K65,2018,0.0
DK,CPA_K65,2019,0.0
DK,CPA_K65,2020,0.0
DK,CPA_K65,2021,0.0
DK,CPA_K65,2022,0.0
EA21,CPA_K65,2014,-24.71
EA21,CPA_K65,2015,-20.72
EA21,CPA_K65,2016,-24.12
EA21,CPA_K65,2017,-30.94
EA21,CPA_K65,2018,-47.52
EA21,CPA_K65,2019,-63.93
EA21,CPA_K65,2020,-45.43
EA21,CPA_K65,2021,-118.86
EA21,CPA_K65,2022,-93.93
EA21,CPA_K65,2023,-97.44
EA21,CPA_K65,2024,-103.86
EE,CPA_K65,2019,0.0
EE,CPA_K65,2020,0.0
EE,CPA_K65,2021,0.0
EE,CPA_K65,2022,0.0
EL,CPA_K65,2014,0.0
EL,CPA_K65,2015,0.0
EL,CPA_K65,2016,0.0
EL,CPA_K65,2017,0.0
EL,CPA_K65,2018,0.0
EL,CPA_K65,2019,0.0
EL,CPA_K65,2020,0.0
EL,CPA_K65,2021,0.0
EL,CPA_K65,2022,0.0
ES,CPA_K65,2014,0.0
ES,CPA_K65,2015,0.0
ES,CPA_K65,2016,0.0
ES,CPA_K65,2017,0.0
ES,CPA_K65,2018,0.0
ES,CPA_K65,2019,0.0
ES,CPA_K65,2020,0.0
ES,CPA_K65,2021,0.0
ES,CPA_K65,2022,0.0
ES,CPA_K65,2023,0.0
EU27_2020,CPA_K65,2014,-24.71
EU27_2020,CPA_K65,2015,1.35
EU27_2020,CPA_K65,2016,-4.4
EU27_2020,CPA_K65,2017,-12.05
EU27_2020,CPA_K65,2018,-30.48
EU27_2020,CPA_K65,2019,-46.66
EU27_2020,CPA_K65,2020,-17.92
EU27_2020,CPA_K65,2021,-118.86
EU27_2020,CPA_K65,2022,-93.93
EU27_2020,CPA_K65,2023,-97.44
EU27_2020,CPA_K65,2024,-103.86
FI,CPA_K65,2014,0.0
FI,CPA_K65,2015,0.0
FI,CPA_K65,2016,0.0
FI,CPA_K65,2017,0.0
FI,CPA_K65,2018,0.0
FI,CPA_K65,2019,0.0
FI,CPA_K65,2020,0.0
FI,CPA_K65,2021,0.0
FI,CPA_K65,2022,0.0
FI,CPA_K65,2023,0.0
FR,CPA_K65,2014,0.0
FR,CPA_K65,2015,0.0
FR,CPA_K65,2016,0.0
FR,CPA_K65,2017,0.0
FR,CPA_K65,2018,0.0
FR,CPA_K65,2019,0.0
FR,CPA_K65,2020,0.0
FR,CPA_K65,2021,0.0
FR,CPA_K65,2022,0.0
HR,CPA_K65,2015,0.0
HR,CPA_K65,2016,0.0
HR,CPA_K65,2017,0.0
HR,CPA_K65,2018,0.0
HU,CPA_K65,2014,0.0
HU,CPA_K65,2015,0.0
HU,CPA_K65,2016,0.0
HU,CPA_K65,2017,0.0
HU,CPA_K65,2018,0.0
HU,CPA_K65,2019,0.0
HU,CPA_K65,2020,0.0
HU,CPA_K65,2021,0.0
HU,CPA_K65,2022,0.0
HU,CPA_K65,2023,0.0
IE,CPA_K65,2014,0.0
IE,CPA_K65,2015,0.0
IE,CPA_K65,2016,0.0
IE,CPA_K65,2017,0.0
IE,CPA_K65,2018,0.0
IE,CPA_K65,2019,0.0
IE,CPA_K65,2020,0.0
IE,CPA_K65,2021,0.0
IE,CPA_K65,2022,0.0
IT,CPA_K65,2014,0.0
IT,CPA_K65,2015,0.0
IT,CPA_K65,2016,0.0
IT,CPA_K65,2017,0.0
IT,CPA_K65,2018,0.0
IT,CPA_K65,2019,0.0
IT,CPA_K65,2020,0.0
IT,CPA_K65,2021,0.0
IT,CPA_K65,2022,0.0
LU,CPA_K65,2014,0.0
LU,CPA_K65,2015,0.0
LU,CPA_K65,2016,0.0
LU,CPA_K65,2017,0.0
LU,CPA_K65,2018,0.0
LU,CPA_K65,2019,0.0
LU,CPA_K65,2020,0.0
LU,CPA_K65,2021,0.0
LU,CPA_K65,2022,0.0
LV,CPA_K65,2014,0.0
LV,CPA_K65,2015,0.0
LV,CPA_K65,2016,0.0
LV,CPA_K65,2017,0.0
LV,CPA_K65,2018,0.0
LV,CPA_K65,2019,0.0
LV,CPA_K65,2020,0.0
LV,CPA_K65,2021,0.0
LV,CPA_K65,2022,0.0
LV,CPA_K65,2023,0.0
MK,CPA_K65,2022,0.0
MK,CPA_K65,2023,0.0
MT,CPA_K65,2014,0.0
MT,CPA_K65,2015,0.0
MT,CPA_K65,2016,0.0
MT,CPA_K65,2017,0.0
MT,CPA_K65,2018,0.0
MT,CPA_K65,2019,0.0
MT,CPA_K65,2020,0.0
MT,CPA_K65,2021,0.0
MT,CPA_K65,2022,0.0
NL,CPA_K65,2014,0.0
NL,CPA_K65,2015,0.0
NL,CPA_K65,2016,0.0
NL,CPA_K65,2017,0.0
NL,CPA_K65,2018,0.0
NL,CPA_K65,2019,0.0
NL,CPA_K65,2020,0.0
NL,CPA_K65,2021,0.0
NL,CPA_K65,2022,0.0
NL,CPA_K65,2023,0.0
NL,CPA_K65,2024,0.0
NO,CPA_K65,2014,0.0
NO,CPA_K65,2015,0.0
NO,CPA_K65,2016,0.0
NO,CPA_K65,2017,0.0
NO,CPA_K65,2018,0.0
NO,CPA_K65,2019,0.0
NO,CPA_K65,2020,0.0
NO,CPA_K65,2021,0.0
NO,CPA_K65,2022,0.0
NO,CPA_K65,2023,0.0
PL,CPA_K65,2014,0.0
PL,CPA_K65,2015,0.0
PL,CPA_K65,2016,0.0
PL,CPA_K65,2017,0.0
PL,CPA_K65,2018,0.0
PL,CPA_K65,2019,0.0
PL,CPA_K65,2020,0.0
PL,CPA_K65,2021,0.0
PL,CPA_K65,2022,0.0
PT,CPA_K65,2014,0.0
PT,CPA_K65,2015,0.0
PT,CPA_K65,2016,0.0
PT,CPA_K65,2017,0.0
PT,CPA_K65,2018,0.0
PT,CPA_K65,2019,0.0
PT,CPA_K65,2020,0.0
PT,CPA_K65,2021,0.0
PT,CPA_K65,2022,0.0
PT,CPA_K65,2023,0.0
PT,CPA_K65,2024,0.0
RO,CPA_K65,2014,0.0
RO,CPA_K65,2015,0.0
RO,CPA_K65,2016,0.0
RO,CPA_K65,2017,0.0
RO,CPA_K65,2018,0.0
RO,CPA_K65,2019,0.0
RO,CPA_K65,2020,0.0
RO,CPA_K65,2021,0.0
RO,CPA_K65,2022,0.0
RS,CPA_K65,2014,0.0
RS,CPA_K65,2015,0.0
RS,CPA_K65,2016,0.0
RS,CPA_K65,2017,0.0
RS,CPA_K65,2018,0.0
RS,CPA_K65,2019,0.0
RS,CPA_K65,2020,0.0
RS,CPA_K65,2021,0.0
RS,CPA_K65,2022,0.0
SE,CPA_K65,2015,20.42
SE,CPA_K65,2016,18.38
SE,CPA_K65,2017,17.54
SE,CPA_K65,2018,15.89
SE,CPA_K65,2019,16.5
SE,CPA_K65,2020,25.85
SE,CPA_K65,2021,0.0
SE,CPA_K65,2022,0.0
SE,CPA_K65,2023,0.0
SI,CPA_K65,2014,0.0
SI,CPA_K65,2015,0.0
SI,CPA_K65,2016,0.0
SI,CPA_K65,2017,0.0
SI,CPA_K65,2018,0.0
SI,CPA_K65,2019,0.0
SI,CPA_K65,2020,0.0
SI,CPA_K65,2021,0.0
SI,CPA_K65,2022,0.0
SI,CPA_K65,2023,0.0
SK,CPA_K65,2014,0.0
SK,CPA_K65,2015,0.0
SK,CPA_K65,2016,0.0
SK,CPA_K65,2017,0.0
SK,CPA_K65,2018,0.0
SK,CPA_K65,2019,0.0
SK,CPA_K65,2020,0.0
SK,CPA_K65,2021,0.0
SK,CPA_K65,2022,0.0
TR,CPA_K65,2023,0.0
XK,CPA_K65,2014,0.0
XK,CPA_K65,2015,0.0
XK,CPA_K65,2016,0.0
XK,CPA_K65,2017,0.0
XK,CPA_K65,2018,0.0
XK,CPA_K65,2019,0.0
AL,CPA_K66,2014,0.0
AL,CPA_K66,2015,0.0
AL,CPA_K66,2016,0.0
AL,CPA_K66,2017,0.0
AL,CPA_K66,2018,0.0
AL,CPA_K66,2019,0.0
AL,CPA_K66,2020,0.0
AL,CPA_K66,2021,0.48
AL,CPA_K66,2022,0.0
AL,CPA_K66,2023,0.0
AL,CPA_K66,2024,0.0
AT,CPA_K66,2014,0.0
AT,CPA_K66,2015,0.0
AT,CPA_K66,2016,0.0
AT,CPA_K66,2017,0.0
AT,CPA_K66,2018,0.0
AT,CPA_K66,2019,0.0
AT,CPA_K66,2020,0.0
AT,CPA_K66,2021,0.0
AT,CPA_K66,2022,0.0
BE,CPA_K66,2014,0.0
BE,CPA_K66,2015,0.0
BE,CPA_K66,2016,0.0
BE,CPA_K66,2017,0.0
BE,CPA_K66,2018,0.0
BE,CPA_K66,2019,0.0
BE,CPA_K66,2020,0.0
BE,CPA_K66,2021,0.0
BE,CPA_K66,2022,0.0
BG,CPA_K66,2014,0.0
BG,CPA_K66,2018,0.0
BG,CPA_K66,2019,0.0
BG,CPA_K66,2020,0.0
BG,CPA_K66,2021,0.0
BG,CPA_K66,2022,0.0
CY,CPA_K66,2014,0.0
CY,CPA_K66,2015,0.0
CY,CPA_K66,2016,0.0
CY,CPA_K66,2017,0.0
CY,CPA_K66,2018,0.0
CY,CPA_K66,2019,0.0
CY,CPA_K66,2020,0.0
CY,CPA_K66,2021,0.0
CY,CPA_K66,2022,0.0
CZ,CPA_K66,2014,0.0
CZ,CPA_K66,2015,0.0
CZ,CPA_K66,2016,0.0
CZ,CPA_K66,2017,0.0
CZ,CPA_K66,2018,0.0
CZ,CPA_K66,2019,0.0
CZ,CPA_K66,2020,0.0
CZ,CPA_K66,2021,0.0
CZ,CPA_K66,2022,0.0
CZ,CPA_K66,2023,0.0
CZ,CPA_K66,2024,0.0
DE,CPA_K66,2014,0.0
DE,CPA_K66,2015,0.0
DE,CPA_K66,2016,0.0
DE,CPA_K66,2017,0.0
DE,CPA_K66,2018,0.0
DE,CPA_K66,2019,0.0
DE,CPA_K66,2020,0.0
DE,CPA_K66,2021,0.0
DE,CPA_K66,2022,0.0
DK,CPA_K66,2014,0.0
DK,CPA_K66,2015,0.0
DK,CPA_K66,2016,0.0
DK,CPA_K66,2017,0.0
DK,CPA_K66,2018,0.0
DK,CPA_K66,2019,0.0
DK,CPA_K66,2020,0.0
DK,CPA_K66,2021,0.0
DK,CPA_K66,2022,0.0
EA21,CPA_K66,2014,0.0
EA21,CPA_K66,2015,0.0
EA21,CPA_K66,2016,0.0
EA21,CPA_K66,2017,0.0
EA21,CPA_K66,2018,0.0
EA21,CPA_K66,2019,0.0
EA21,CPA_K66,2020,0.0
EA21,CPA_K66,2021,0.0
EA21,CPA_K66,2022,0.0
EA21,CPA_K66,2023,0.0
EA21,CPA_K66,2024,0.0
EE,CPA_K66,2019,0.0
EE,CPA_K66,2020,0.0
EE,CPA_K66,2021,0.0
EE,CPA_K66,2022,0.0
EL,CPA_K66,2014,0.0
EL,CPA_K66,2015,0.0
EL,CPA_K66,2016,0.0
EL,CPA_K66,2017,0.0
EL,CPA_K66,2018,0.0
EL,CPA_K66,2019,0.0
EL,CPA_K66,2020,0.0
EL,CPA_K66,2021,0.0
EL,CPA_K66,2022,0.0
ES,CPA_K66,2014,0.0
ES,CPA_K66,2015,0.0
ES,CPA_K66,2016,0.0
ES,CPA_K66,2017,0.0
ES,CPA_K66,2018,0.0
ES,CPA_K66,2019,0.0
ES,CPA_K66,2020,0.0
ES,CPA_K66,2021,0.0
ES,CPA_K66,2022,0.0
ES,CPA_K66,2023,0.0
EU27_2020,CPA_K66,2014,0.0
EU27_2020,CPA_K66,2015,0.0
EU27_2020,CPA_K66,2016,0.0
EU27_2020,CPA_K66,2017,0.0
EU27_2020,CPA_K66,2018,0.0
EU27_2020,CPA_K66,2019,0.0
EU27_2020,CPA_K66,2020,0.0
EU27_2020,CPA_K66,2021,0.0
EU27_2020,CPA_K66,2022,0.0
EU27_2020,CPA_K66,2023,0.0
EU27_2020,CPA_K66,2024,0.0
FI,CPA_K66,2014,0.0
FI,CPA_K66,2015,0.0
FI,CPA_K66,2016,0.0
FI,CPA_K66,2017,0.0
FI,CPA_K66,2018,0.0
FI,CPA_K66,2019,0.0
FI,CPA_K66,2020,0.0
FI,CPA_K66,2021,0.0
FI,CPA_K66,2022,0.0
FI,CPA_K66,2023,0.0
FR,CPA_K66,2014,0.0
FR,CPA_K66,2015,0.0
FR,CPA_K66,2016,0.0
FR,CPA_K66,2017,0.0
FR,CPA_K66,2018,0.0
FR,CPA_K66,2019,0.0
FR,CPA_K66,2020,0.0
FR,CPA_K66,2021,0.0
FR,CPA_K66,2022,0.0
HR,CPA_K66,2015,0.0
HR,CPA_K66,2016,0.0
HR,CPA_K66,2017,0.0
HR,CPA_K66,2018,0.0
HU,CPA_K66,2014,0.0
HU,CPA_K66,2015,0.0
HU,CPA_K66,2016,0.0
HU,CPA_K66,2017,0.0
HU,CPA_K66,2018,0.0
HU,CPA_K66,2019,0.0
HU,CPA_K66,2020,0.0
HU,CPA_K66,2021,0.0
HU,CPA_K66,2022,0.0
HU,CPA_K66,2023,0.0
IE,CPA_K66,2014,0.0
IE,CPA_K66,2015,0.0
IE,CPA_K66,2016,0.0
IE,CPA_K66,2017,0.0
IE,CPA_K66,2018,0.0
IE,CPA_K66,2019,0.0
IE,CPA_K66,2020,0.0
IE,CPA_K66,2021,0.0
IE,CPA_K66,2022,0.0
IT,CPA_K66,2014,0.0
IT,CPA_K66,2015,0.0
IT,CPA_K66,2016,0.0
IT,CPA_K66,2017,0.0
IT,CPA_K66,2018,0.0
IT,CPA_K66,2019,0.0
IT,CPA_K66,2020,0.0
IT,CPA_K66,2021,0.0
IT,CPA_K66,2022,0.0
LU,CPA_K66,2014,0.0
LU,CPA_K66,2015,0.0
LU,CPA_K66,2016,0.0
LU,CPA_K66,2017,0.0
LU,CPA_K66,2018,0.0
LU,CPA_K66,2019,0.0
LU,CPA_K66,2020,0.0
LU,CPA_K66,2021,0.0
LU,CPA_K66,2022,0.0
LV,CPA_K66,2014,0.0
LV,CPA_K66,2015,0.0
LV,CPA_K66,2016,0.0
LV,CPA_K66,2017,0.0
LV,CPA_K66,2018,0.0
LV,CPA_K66,2019,0.0
LV,CPA_K66,2020,0.0
LV,CPA_K66,2021,0.0
LV,CPA_K66,2022,0.0
LV,CPA_K66,2023,0.0
MK,CPA_K66,2022,0.0
MK,CPA_K66,2023,0.0
MT,CPA_K66,2014,0.0
MT,CPA_K66,2015,0.0
MT,CPA_K66,2016,0.0
MT,CPA_K66,2017,0.0
MT,CPA_K66,2018,0.0
MT,CPA_K66,2019,0.0
MT,CPA_K66,2020,0.0
MT,CPA_K66,2021,0.0
MT,CPA_K66,2022,0.0
NL,CPA_K66,2014,0.0
NL,CPA_K66,2015,0.0
NL,CPA_K66,2016,0.0
NL,CPA_K66,2017,0.0
NL,CPA_K66,2018,0.0
NL,CPA_K66,2019,0.0
NL,CPA_K66,2020,0.0
NL,CPA_K66,2021,0.0
NL,CPA_K66,2022,0.0
NL,CPA_K66,2023,0.0
NL,CPA_K66,2024,0.0
NO,CPA_K66,2014,0.0
NO,CPA_K66,2015,0.0
NO,CPA_K66,2016,0.0
NO,CPA_K66,2017,0.0
NO,CPA_K66,2018,0.0
NO,CPA_K66,2019,0.0
NO,CPA_K66,2020,0.0
NO,CPA_K66,2021,0.0
NO,CPA_K66,2022,0.0
NO,CPA_K66,2023,0.0
PL,CPA_K66,2014,0.0
PL,CPA_K66,2015,0.0
PL,CPA_K66,2016,0.0
PL,CPA_K66,2017,0.0
PL,CPA_K66,2018,0.0
PL,CPA_K66,2019,0.0
PL,CPA_K66,2020,0.0
PL,CPA_K66,2021,0.0
PL,CPA_K66,2022,0.0
PT,CPA_K66,2014,0.0
PT,CPA_K66,2015,0.0
PT,CPA_K66,2016,0.0
PT,CPA_K66,2017,0.0
PT,CPA_K66,2018,0.0
PT,CPA_K66,2019,0.0
PT,CPA_K66,2020,0.0
PT,CPA_K66,2021,0.0
PT,CPA_K66,2022,0.0
PT,CPA_K66,2023,0.0
PT,CPA_K66,2024,0.0
RO,CPA_K66,2014,0.0
RO,CPA_K66,2015,0.0
RO,CPA_K66,2016,0.0
RO,CPA_K66,2017,0.0
RO,CPA_K66,2018,0.0
RO,CPA_K66,2019,0.0
RO,CPA_K66,2020,0.0
RO,CPA_K66,2021,0.0
RO,CPA_K66,2022,0.0
RS,CPA_K66,2014,0.0
RS,CPA_K66,2015,0.0
RS,CPA_K66,2016,0.0
RS,CPA_K66,2017,0.0
RS,CPA_K66,2018,0.0
RS,CPA_K66,2019,0.0
RS,CPA_K66,2020,0.0
RS,CPA_K66,2021,0.0
RS,CPA_K66,2022,0.0
SE,CPA_K66,2015,0.0
SE,CPA_K66,2016,0.0
SE,CPA_K66,2017,0.0
SE,CPA_K66,2018,0.0
SE,CPA_K66,2019,0.0
SE,CPA_K66,2020,0.0
SE,CPA_K66,2021,0.0
SE,CPA_K66,2022,0.0
SE,CPA_K66,2023,0.0
SI,CPA_K66,2014,0.0
SI,CPA_K66,2015,0.0
SI,CPA_K66,2016,0.0
SI,CPA_K66,2017,0.0
SI,CPA_K66,2018,0.0
SI,CPA_K66,2019,0.0
SI,CPA_K66,2020,0.0
SI,CPA_K66,2021,0.0
SI,CPA_K66,2022,0.0
SI,CPA_K66,2023,0.0
SK,CPA_K66,2014,0.0
SK,CPA_K66,2015,0.0
SK,CPA_K66,2016,0.0
SK,CPA_K66,2017,0.0
SK,CPA_K66,2018,0.0
SK,CPA_K66,2019,0.0
SK,CPA_K66,2020,0.0
SK,CPA_K66,2021,0.0
SK,CPA_K66,2022,0.0
TR,CPA_K66,2023,0.0
XK,CPA_K66,2014,0.0
XK,CPA_K66,2015,0.0
XK,CPA_K66,2016,0.0
XK,CPA_K66,2017,0.0
XK,CPA_K66,2018,0.0
XK,CPA_K66,2019,0.0
AL,CPA_L68A,2014,0.0
AL,CPA_L68A,2015,0.0
AL,CPA_L68A,2016,0.0
AL,CPA_L68A,2017,0.0
AL,CPA_L68A,2018,0.0
AL,CPA_L68A,2019,0.0
AL,CPA_L68A,2020,0.0
AL,CPA_L68A,2021,0.0
AL,CPA_L68A,2022,0.0
AL,CPA_L68A,2023,0.0
AL,CPA_L68A,2024,0.0
AT,CPA_L68A,2014,0.0
AT,CPA_L68A,2015,0.0
AT,CPA_L68A,2016,0.0
AT,CPA_L68A,2017,0.0
AT,CPA_L68A,2018,0.0
AT,CPA_L68A,2019,0.0
AT,CPA_L68A,2020,0.0
AT,CPA_L68A,2021,0.0
AT,CPA_L68A,2022,0.0
BE,CPA_L68A,2014,0.0
BE,CPA_L68A,2015,0.0
BE,CPA_L68A,2016,0.0
BE,CPA_L68A,2017,0.0
BE,CPA_L68A,2018,0.0
BE,CPA_L68A,2019,0.0
BE,CPA_L68A,2020,0.0
BE,CPA_L68A,2021,0.0
BE,CPA_L68A,2022,0.0
BG,CPA_L68A,2014,0.0
BG,CPA_L68A,2018,0.0
BG,CPA_L68A,2019,0.0
BG,CPA_L68A,2020,0.0
BG,CPA_L68A,2021,0.0
BG,CPA_L68A,2022,0.0
CY,CPA_L68A,2014,0.0
CY,CPA_L68A,2015,0.0
CY,CPA_L68A,2016,0.0
CY,CPA_L68A,2017,0.0
CY,CPA_L68A,2018,0.0
CY,CPA_L68A,2019,0.0
CY,CPA_L68A,2020,0.0
CY,CPA_L68A,2021,0.0
CY,CPA_L68A,2022,0.0
CZ,CPA_L68A,2014,0.0
CZ,CPA_L68A,2015,0.0
CZ,CPA_L68A,2016,0.0
CZ,CPA_L68A,2017,0.0
CZ,CPA_L68A,2018,0.0
CZ,CPA_L68A,2019,0.0
CZ,CPA_L68A,2020,0.0
CZ,CPA_L68A,2021,0.0
CZ,CPA_L68A,2022,0.0
CZ,CPA_L68A,2023,0.0
CZ,CPA_L68A,2024,0.0
DE,CPA_L68A,2014,0.0
DE,CPA_L68A,2015,0.0
DE,CPA_L68A,2016,0.0
DE,CPA_L68A,2017,0.0
DE,CPA_L68A,2018,0.0
DE,CPA_L68A,2019,0.0
DE,CPA_L68A,2020,0.0
DE,CPA_L68A,2021,0.0
DE,CPA_L68A,2022,0.0
DK,CPA_L68A,2014,0.0
DK,CPA_L68A,2015,0.0
DK,CPA_L68A,2016,0.0
DK,CPA_L68A,2017,0.0
DK,CPA_L68A,2018,0.0
DK,CPA_L68A,2019,0.0
DK,CPA_L68A,2020,0.0
DK,CPA_L68A,2021,0.0
DK,CPA_L68A,2022,0.0
EA21,CPA_L68A,2014,0.0
EA21,CPA_L68A,2015,0.0
EA21,CPA_L68A,2016,0.0
EA21,CPA_L68A,2017,0.0
EA21,CPA_L68A,2018,0.0
EA21,CPA_L68A,2019,0.0
EA21,CPA_L68A,2020,0.0
EA21,CPA_L68A,2021,0.0
EA21,CPA_L68A,2022,0.0
EA21,CPA_L68A,2023,0.0
EA21,CPA_L68A,2024,0.0
EE,CPA_L68A,2019,0.0
EE,CPA_L68A,2020,0.0
EE,CPA_L68A,2021,0.0
EE,CPA_L68A,2022,0.0
EL,CPA_L68A,2014,0.0
EL,CPA_L68A,2015,0.0
EL,CPA_L68A,2016,0.0
EL,CPA_L68A,2017,0.0
EL,CPA_L68A,2018,0.0
EL,CPA_L68A,2019,0.0
EL,CPA_L68A,2020,0.0
EL,CPA_L68A,2021,0.0
EL,CPA_L68A,2022,0.0
ES,CPA_L68A,2014,0.0
ES,CPA_L68A,2015,0.0
ES,CPA_L68A,2016,0.0
ES,CPA_L68A,2017,0.0
ES,CPA_L68A,2018,0.0
ES,CPA_L68A,2019,0.0
ES,CPA_L68A,2020,0.0
ES,CPA_L68A,2021,0.0
ES,CPA_L68A,2022,0.0
ES,CPA_L68A,2023,0.0
EU27_2020,CPA_L68A,2014,0.0
EU27_2020,CPA_L68A,2015,0.0
EU27_2020,CPA_L68A,2016,0.0
EU27_2020,CPA_L68A,2017,0.0
EU27_2020,CPA_L68A,2018,0.0
EU27_2020,CPA_L68A,2019,0.0
EU27_2020,CPA_L68A,2020,0.0
EU27_2020,CPA_L68A,2021,0.0
EU27_2020,CPA_L68A,2022,0.0
EU27_2020,CPA_L68A,2023,0.0
EU27_2020,CPA_L68A,2024,0.0
FI,CPA_L68A,2014,0.0
FI,CPA_L68A,2015,0.0
FI,CPA_L68A,2016,0.0
FI,CPA_L68A,2017,0.0
FI,CPA_L68A,2018,0.0
FI,CPA_L68A,2019,0.0
FI,CPA_L68A,2020,0.0
FI,CPA_L68A,2021,0.0
FI,CPA_L68A,2022,0.0
FI,CPA_L68A,2023,0.0
FR,CPA_L68A,2014,0.0
FR,CPA_L68A,2015,0.0
FR,CPA_L68A,2016,0.0
FR,CPA_L68A,2017,0.0
FR,CPA_L68A,2018,0.0
FR,CPA_L68A,2019,0.0
FR,CPA_L68A,2020,0.0
FR,CPA_L68A,2021,0.0
FR,CPA_L68A,2022,0.0
HR,CPA_L68A,2015,0.0
HR,CPA_L68A,2016,0.0
HR,CPA_L68A,2017,0.0
HR,CPA_L68A,2018,0.0
HU,CPA_L68A,2014,0.0
HU,CPA_L68A,2015,0.0
HU,CPA_L68A,2016,0.0
HU,CPA_L68A,2017,0.0
HU,CPA_L68A,2018,0.0
HU,CPA_L68A,2019,0.0
HU,CPA_L68A,2020,0.0
HU,CPA_L68A,2021,0.0
HU,CPA_L68A,2022,0.0
HU,CPA_L68A,2023,0.0
IE,CPA_L68A,2014,0.0
IE,CPA_L68A,2022,0.0
IT,CPA_L68A,2014,0.0
IT,CPA_L68A,2015,0.0
IT,CPA_L68A,2016,0.0
IT,CPA_L68A,2017,0.0
IT,CPA_L68A,2018,0.0
IT,CPA_L68A,2019,0.0
IT,CPA_L68A,2020,0.0
IT,CPA_L68A,2021,0.0
IT,CPA_L68A,2022,0.0
LU,CPA_L68A,2014,0.0
LU,CPA_L68A,2015,0.0
LU,CPA_L68A,2016,0.0
LU,CPA_L68A,2017,0.0
LU,CPA_L68A,2018,0.0
LU,CPA_L68A,2019,0.0
LU,CPA_L68A,2020,0.0
LU,CPA_L68A,2021,0.0
LU,CPA_L68A,2022,0.0
LV,CPA_L68A,2014,0.0
LV,CPA_L68A,2015,0.0
LV,CPA_L68A,2016,0.0
LV,CPA_L68A,2017,0.0
LV,CPA_L68A,2018,0.0
LV,CPA_L68A,2019,0.0
LV,CPA_L68A,2020,0.0
LV,CPA_L68A,2021,0.0
LV,CPA_L68A,2022,0.0
LV,CPA_L68A,2023,0.0
MK,CPA_L68A,2022,0.0
MK,CPA_L68A,2023,0.0
MT,CPA_L68A,2014,0.0
MT,CPA_L68A,2015,0.0
MT,CPA_L68A,2016,0.0
MT,CPA_L68A,2017,0.0
MT,CPA_L68A,2018,0.0
MT,CPA_L68A,2019,0.0
MT,CPA_L68A,2020,0.0
MT,CPA_L68A,2021,0.0
MT,CPA_L68A,2022,0.0
NL,CPA_L68A,2014,0.0
NL,CPA_L68A,2015,0.0
NL,CPA_L68A,2016,0.0
NL,CPA_L68A,2017,0.0
NL,CPA_L68A,2018,0.0
NL,CPA_L68A,2019,0.0
NL,CPA_L68A,2020,0.0
NL,CPA_L68A,2021,0.0
NL,CPA_L68A,2022,0.0
NL,CPA_L68A,2023,0.0
NL,CPA_L68A,2024,0.0
NO,CPA_L68A,2014,0.0
NO,CPA_L68A,2015,0.0
NO,CPA_L68A,2016,0.0
NO,CPA_L68A,2017,0.0
NO,CPA_L68A,2018,0.0
NO,CPA_L68A,2019,0.0
NO,CPA_L68A,2020,0.0
NO,CPA_L68A,2021,0.0
NO,CPA_L68A,2022,0.0
NO,CPA_L68A,2023,0.0
PL,CPA_L68A,2014,0.0
PL,CPA_L68A,2015,0.0
PL,CPA_L68A,2016,0.0
PL,CPA_L68A,2017,0.0
PL,CPA_L68A,2018,0.0
PL,CPA_L68A,2019,0.0
PL,CPA_L68A,2020,0.0
PL,CPA_L68A,2021,0.0
PL,CPA_L68A,2022,0.0
PT,CPA_L68A,2014,0.0
PT,CPA_L68A,2015,0.0
PT,CPA_L68A,2016,0.0
PT,CPA_L68A,2017,0.0
PT,CPA_L68A,2018,0.0
PT,CPA_L68A,2019,0.0
PT,CPA_L68A,2020,0.0
PT,CPA_L68A,2021,0.0
PT,CPA_L68A,2022,0.0
PT,CPA_L68A,2023,0.0
PT,CPA_L68A,2024,0.0
RO,CPA_L68A,2014,0.0
RO,CPA_L68A,2015,0.0
RO,CPA_L68A,2016,0.0
RO,CPA_L68A,2017,0.0
RO,CPA_L68A,2018,0.0
RO,CPA_L68A,2019,0.0
RO,CPA_L68A,2020,0.0
RO,CPA_L68A,2021,0.0
RO,CPA_L68A,2022,0.0
RS,CPA_L68A,2014,0.0
RS,CPA_L68A,2015,0.0
RS,CPA_L68A,2016,0.0
RS,CPA_L68A,2017,0.0
RS,CPA_L68A,2018,0.0
RS,CPA_L68A,2019,0.0
RS,CPA_L68A,2020,0.0
RS,CPA_L68A,2021,0.0
RS,CPA_L68A,2022,0.0
SE,CPA_L68A,2015,0.0
SE,CPA_L68A,2016,0.0
SE,CPA_L68A,2017,0.0
SE,CPA_L68A,2018,0.0
SE,CPA_L68A,2019,0.0
SE,CPA_L68A,2020,0.0
SE,CPA_L68A,2021,0.0
SE,CPA_L68A,2022,0.0
SE,CPA_L68A,2023,0.0
SI,CPA_L68A,2014,0.0
SI,CPA_L68A,2015,0.0
SI,CPA_L68A,2016,0.0
SI,CPA_L68A,2017,0.0
SI,CPA_L68A,2018,0.0
SI,CPA_L68A,2019,0.0
SI,CPA_L68A,2020,0.0
SI,CPA_L68A,2021,0.0
SI,CPA_L68A,2022,0.0
SI,CPA_L68A,2023,0.0
SK,CPA_L68A,2014,0.0
SK,CPA_L68A,2015,0.0
SK,CPA_L68A,2016,0.0
SK,CPA_L68A,2017,0.0
SK,CPA_L68A,2018,0.0
SK,CPA_L68A,2019,0.0
SK,CPA_L68A,2020,0.0
SK,CPA_L68A,2021,0.0
SK,CPA_L68A,2022,0.0
TR,CPA_L68A,2023,0.0
XK,CPA_L68A,2014,0.0
XK,CPA_L68A,2015,0.0
XK,CPA_L68A,2016,0.0
XK,CPA_L68A,2017,0.0
XK,CPA_L68A,2018,0.0
XK,CPA_L68A,2019,0.0
AL,CPA_L68B,2014,0.0
AL,CPA_L68B,2015,0.0
AL,CPA_L68B,2016,0.0
AL,CPA_L68B,2017,0.0
AL,CPA_L68B,2018,0.0
AL,CPA_L68B,2019,0.0
AL,CPA_L68B,2020,0.0
AL,CPA_L68B,2021,0.0
AL,CPA_L68B,2022,0.0
AL,CPA_L68B,2023,0.0
AL,CPA_L68B,2024,0.0
AT,CPA_L68B,2014,0.0
AT,CPA_L68B,2015,0.0
AT,CPA_L68B,2016,0.0
AT,CPA_L68B,2017,0.0
AT,CPA_L68B,2018,0.0
AT,CPA_L68B,2019,0.0
AT,CPA_L68B,2020,0.0
AT,CPA_L68B,2021,0.0
AT,CPA_L68B,2022,0.0
BE,CPA_L68B,2014,0.0
BE,CPA_L68B,2015,0.0
BE,CPA_L68B,2016,0.0
BE,CPA_L68B,2017,0.0
BE,CPA_L68B,2018,0.0
BE,CPA_L68B,2019,0.0
BE,CPA_L68B,2020,0.0
BE,CPA_L68B,2021,0.0
BE,CPA_L68B,2022,0.0
BG,CPA_L68B,2014,0.0
BG,CPA_L68B,2018,0.0
BG,CPA_L68B,2019,0.0
BG,CPA_L68B,2020,0.0
BG,CPA_L68B,2021,0.0
BG,CPA_L68B,2022,0.0
CY,CPA_L68B,2014,0.0
CY,CPA_L68B,2015,0.0
CY,CPA_L68B,2016,0.0
CY,CPA_L68B,2017,0.0
CY,CPA_L68B,2018,0.0
CY,CPA_L68B,2019,0.0
CY,CPA_L68B,2020,0.0
CY,CPA_L68B,2021,0.0
CY,CPA_L68B,2022,0.0
CZ,CPA_L68B,2014,0.0
CZ,CPA_L68B,2015,0.0
CZ,CPA_L68B,2016,0.0
CZ,CPA_L68B,2017,0.0
CZ,CPA_L68B,2018,0.0
CZ,CPA_L68B,2019,0.0
CZ,CPA_L68B,2020,0.0
CZ,CPA_L68B,2021,0.0
CZ,CPA_L68B,2022,0.0
CZ,CPA_L68B,2023,0.0
CZ,CPA_L68B,2024,0.0
DE,CPA_L68B,2014,0.0
DE,CPA_L68B,2015,0.0
DE,CPA_L68B,2016,0.0
DE,CPA_L68B,2017,0.0
DE,CPA_L68B,2018,0.0
DE,CPA_L68B,2019,0.0
DE,CPA_L68B,2020,0.0
DE,CPA_L68B,2021,0.0
DE,CPA_L68B,2022,0.0
DK,CPA_L68B,2014,0.0
DK,CPA_L68B,2015,0.0
DK,CPA_L68B,2016,0.0
DK,CPA_L68B,2017,0.0
DK,CPA_L68B,2018,0.0
DK,CPA_L68B,2019,0.0
DK,CPA_L68B,2020,0.0
DK,CPA_L68B,2021,0.0
DK,CPA_L68B,2022,0.0
EA21,CPA_L68B,2014,0.0
EA21,CPA_L68B,2015,0.0
EA21,CPA_L68B,2016,0.0
EA21,CPA_L68B,2017,0.0
EA21,CPA_L68B,2018,0.0
EA21,CPA_L68B,2019,0.0
EA21,CPA_L68B,2020,0.0
EA21,CPA_L68B,2021,0.0
EA21,CPA_L68B,2022,0.0
EA21,CPA_L68B,2023,0.0
EA21,CPA_L68B,2024,0.0
EE,CPA_L68B,2019,0.0
EE,CPA_L68B,2020,0.0
EE,CPA_L68B,2021,0.0
EE,CPA_L68B,2022,0.0
EL,CPA_L68B,2014,0.0
EL,CPA_L68B,2015,0.0
EL,CPA_L68B,2016,0.0
EL,CPA_L68B,2017,0.0
EL,CPA_L68B,2018,0.0
EL,CPA_L68B,2019,0.0
EL,CPA_L68B,2020,0.0
EL,CPA_L68B,2021,0.0
EL,CPA_L68B,2022,0.0
ES,CPA_L68B,2014,0.0
ES,CPA_L68B,2015,0.0
ES,CPA_L68B,2016,0.0
ES,CPA_L68B,2017,0.0
ES,CPA_L68B,2018,0.0
ES,CPA_L68B,2019,0.0
ES,CPA_L68B,2020,0.0
ES,CPA_L68B,2021,0.0
ES,CPA_L68B,2022,0.0
ES,CPA_L68B,2023,0.0
EU27_2020,CPA_L68B,2014,0.0
EU27_2020,CPA_L68B,2015,0.0
EU27_2020,CPA_L68B,2016,0.0
EU27_2020,CPA_L68B,2017,0.0
EU27_2020,CPA_L68B,2018,0.0
EU27_2020,CPA_L68B,2019,0.0
EU27_2020,CPA_L68B,2020,0.0
EU27_2020,CPA_L68B,2021,0.0
EU27_2020,CPA_L68B,2022,0.0
EU27_2020,CPA_L68B,2023,0.0
EU27_2020,CPA_L68B,2024,0.0
FI,CPA_L68B,2014,0.0
FI,CPA_L68B,2015,0.0
FI,CPA_L68B,2016,0.0
FI,CPA_L68B,2017,0.0
FI,CPA_L68B,2018,0.0
FI,CPA_L68B,2019,0.0
FI,CPA_L68B,2020,0.0
FI,CPA_L68B,2021,0.0
FI,CPA_L68B,2022,0.0
FI,CPA_L68B,2023,0.0
FR,CPA_L68B,2014,0.0
FR,CPA_L68B,2015,0.0
FR,CPA_L68B,2016,0.0
FR,CPA_L68B,2017,0.0
FR,CPA_L68B,2018,0.0
FR,CPA_L68B,2019,0.0
FR,CPA_L68B,2020,0.0
FR,CPA_L68B,2021,0.0
FR,CPA_L68B,2022,0.0
HR,CPA_L68B,2015,0.0
HR,CPA_L68B,2016,0.0
HR,CPA_L68B,2017,0.0
HR,CPA_L68B,2018,0.0
HU,CPA_L68B,2014,0.0
HU,CPA_L68B,2015,0.0
HU,CPA_L68B,2016,0.0
HU,CPA_L68B,2017,0.0
HU,CPA_L68B,2018,0.0
HU,CPA_L68B,2019,0.0
HU,CPA_L68B,2020,0.0
HU,CPA_L68B,2021,0.0
HU,CPA_L68B,2022,0.0
HU,CPA_L68B,2023,0.0
IE,CPA_L68B,2014,0.0
IE,CPA_L68B,2015,0.0
IE,CPA_L68B,2016,0.0
IE,CPA_L68B,2017,0.0
IE,CPA_L68B,2018,0.0
IE,CPA_L68B,2019,0.0
IE,CPA_L68B,2020,0.0
IE,CPA_L68B,2021,0.0
IE,CPA_L68B,2022,0.0
IT,CPA_L68B,2014,0.0
IT,CPA_L68B,2015,0.0
IT,CPA_L68B,2016,0.0
IT,CPA_L68B,2017,0.0
IT,CPA_L68B,2018,0.0
IT,CPA_L68B,2019,0.0
IT,CPA_L68B,2020,0.0
IT,CPA_L68B,2021,0.0
IT,CPA_L68B,2022,0.0
LU,CPA_L68B,2014,0.0
LU,CPA_L68B,2015,0.0
LU,CPA_L68B,2016,0.0
LU,CPA_L68B,2017,0.0
LU,CPA_L68B,2018,0.0
LU,CPA_L68B,2019,0.0
LU,CPA_L68B,2020,0.0
LU,CPA_L68B,2021,0.0
LU,CPA_L68B,2022,0.0
LV,CPA_L68B,2014,0.0
LV,CPA_L68B,2015,0.0
LV,CPA_L68B,2016,0.0
LV,CPA_L68B,2017,0.0
LV,CPA_L68B,2018,0.0
LV,CPA_L68B,2019,0.0
LV,CPA_L68B,2020,0.0
LV,CPA_L68B,2021,0.0
LV,CPA_L68B,2022,0.0
LV,CPA_L68B,2023,0.0
MK,CPA_L68B,2022,0.0
MK,CPA_L68B,2023,0.0
MT,CPA_L68B,2014,0.0
MT,CPA_L68B,2015,0.0
MT,CPA_L68B,2016,0.0
MT,CPA_L68B,2017,0.0
MT,CPA_L68B,2018,0.0
MT,CPA_L68B,2019,0.0
MT,CPA_L68B,2020,0.0
MT,CPA_L68B,2021,0.0
MT,CPA_L68B,2022,0.0
NL,CPA_L68B,2014,0.0
NL,CPA_L68B,2015,0.0
NL,CPA_L68B,2016,0.0
NL,CPA_L68B,2017,0.0
NL,CPA_L68B,2018,0.0
NL,CPA_L68B,2019,0.0
NL,CPA_L68B,2020,0.0
NL,CPA_L68B,2021,0.0
NL,CPA_L68B,2022,0.0
NL,CPA_L68B,2023,0.0
NL,CPA_L68B,2024,0.0
NO,CPA_L68B,2014,0.0
NO,CPA_L68B,2015,0.0
NO,CPA_L68B,2016,0.0
NO,CPA_L68B,2017,0.0
NO,CPA_L68B,2018,0.0
NO,CPA_L68B,2019,0.0
NO,CPA_L68B,2020,0.0
NO,CPA_L68B,2021,0.0
NO,CPA_L68B,2022,0.0
NO,CPA_L68B,2023,0.0
PL,CPA_L68B,2014,0.0
PL,CPA_L68B,2015,0.0
PL,CPA_L68B,2016,0.0
PL,CPA_L68B,2017,0.0
PL,CPA_L68B,2018,0.0
PL,CPA_L68B,2019,0.0
PL,CPA_L68B,2020,0.0
PL,CPA_L68B,2021,0.0
PL,CPA_L68B,2022,0.0
PT,CPA_L68B,2014,0.0
PT,CPA_L68B,2015,0.0
PT,CPA_L68B,2016,0.0
PT,CPA_L68B,2017,0.0
PT,CPA_L68B,2018,0.0
PT,CPA_L68B,2019,0.0
PT,CPA_L68B,2020,0.0
PT,CPA_L68B,2021,0.0
PT,CPA_L68B,2022,0.0
PT,CPA_L68B,2023,0.0
PT,CPA_L68B,2024,0.0
RO,CPA_L68B,2014,0.0
RO,CPA_L68B,2015,0.0
RO,CPA_L68B,2016,0.0
RO,CPA_L68B,2017,0.0
RO,CPA_L68B,2018,0.0
RO,CPA_L68B,2019,0.0
RO,CPA_L68B,2020,0.0
RO,CPA_L68B,2021,0.0
RO,CPA_L68B,2022,0.0
RS,CPA_L68B,2014,0.0
RS,CPA_L68B,2015,0.0
RS,CPA_L68B,2016,0.0
RS,CPA_L68B,2017,0.0
RS,CPA_L68B,2018,0.0
RS,CPA_L68B,2019,0.0
RS,CPA_L68B,2020,0.0
RS,CPA_L68B,2021,0.0
RS,CPA_L68B,2022,0.0
SE,CPA_L68B,2015,0.0
SE,CPA_L68B,2016,0.0
SE,CPA_L68B,2017,0.0
SE,CPA_L68B,2018,0.0
SE,CPA_L68B,2019,0.0
SE,CPA_L68B,2020,0.0
SE,CPA_L68B,2021,0.0
SE,CPA_L68B,2022,0.0
SE,CPA_L68B,2023,0.0
SI,CPA_L68B,2014,0.0
SI,CPA_L68B,2015,0.0
SI,CPA_L68B,2016,0.0
SI,CPA_L68B,2017,0.0
SI,CPA_L68B,2018,0.0
SI,CPA_L68B,2019,0.0
SI,CPA_L68B,2020,0.0
SI,CPA_L68B,2021,0.0
SI,CPA_L68B,2022,0.0
SI,CPA_L68B,2023,0.0
SK,CPA_L68B,2014,0.0
SK,CPA_L68B,2015,0.0
SK,CPA_L68B,2016,0.0
SK,CPA_L68B,2017,0.0
SK,CPA_L68B,2018,0.0
SK,CPA_L68B,2019,0.0
SK,CPA_L68B,2020,0.0
SK,CPA_L68B,2021,0.0
SK,CPA_L68B,2022,0.0
TR,CPA_L68B,2023,0.0
XK,CPA_L68B,2014,0.0
XK,CPA_L68B,2015,0.0
XK,CPA_L68B,2016,0.0
XK,CPA_L68B,2017,0.0
XK,CPA_L68B,2018,0.0
XK,CPA_L68B,2019,0.0
BE,CPA_M69,2015,0.0
BE,CPA_M69,2016,0.0
BE,CPA_M69,2019,0.0
BE,CPA_M69,2020,0.0
BE,CPA_M69,2021,0.0
BE,CPA_M69,2022,0.0
BG,CPA_M69,2018,0.0
BG,CPA_M69,2019,0.0
BG,CPA_M69,2020,0.0
BG,CPA_M69,2021,0.0
BG,CPA_M69,2022,0.0
CZ,CPA_M69,2014,0.0
CZ,CPA_M69,2015,0.0
CZ,CPA_M69,2016,0.0
CZ,CPA_M69,2017,0.0
CZ,CPA_M69,2018,0.0
CZ,CPA_M69,2019,0.0
CZ,CPA_M69,2020,0.0
CZ,CPA_M69,2021,0.0
CZ,CPA_M69,2022,0.0
CZ,CPA_M69,2023,0.0
CZ,CPA_M69,2024,0.0
DK,CPA_M69,2015,0.0
DK,CPA_M69,2016,0.0
DK,CPA_M69,2017,0.0
DK,CPA_M69,2018,0.0
DK,CPA_M69,2019,0.0
DK,CPA_M69,2020,0.0
DK,CPA_M69,2021,0.0
DK,CPA_M69,2022,0.0
EU27_2020,CPA_M69,2014,0.0
EU27_2020,CPA_M69,2015,0.0
EU27_2020,CPA_M69,2016,0.0
FR,CPA_M69,2021,0.0
FR,CPA_M69,2022,0.0
HR,CPA_M69,2015,0.0
HR,CPA_M69,2016,0.0
HR,CPA_M69,2017,0.0
HR,CPA_M69,2018,0.0
HU,CPA_M69,2016,0.0
HU,CPA_M69,2017,0.0
HU,CPA_M69,2018,0.0
HU,CPA_M69,2019,0.0
HU,CPA_M69,2020,0.0
HU,CPA_M69,2021,0.0
HU,CPA_M69,2022,0.0
HU,CPA_M69,2023,0.0
RO,CPA_M69,2014,0.0
RO,CPA_M69,2015,0.0
RO,CPA_M69,2016,0.0
RO,CPA_M69,2017,0.0
RO,CPA_M69,2018,0.0
RO,CPA_M69,2019,0.0
RO,CPA_M69,2020,0.0
RO,CPA_M69,2021,0.0
RO,CPA_M69,2022,0.0
SK,CPA_M69,2014,0.0
SK,CPA_M69,2015,0.0
SK,CPA_M69,2016,0.0
SK,CPA_M69,2017,0.0
SK,CPA_M69,2018,0.0
SK,CPA_M69,2019,0.0
SK,CPA_M69,2020,0.0
SK,CPA_M69,2021,0.0
SK,CPA_M69,2022,0.0
AL,CPA_M69_70,2014,0.0
AL,CPA_M69_70,2015,0.0
AL,CPA_M69_70,2016,0.0
AL,CPA_M69_70,2017,0.0
AL,CPA_M69_70,2018,0.0
AL,CPA_M69_70,2019,0.0
AL,CPA_M69_70,2020,0.0
AL,CPA_M69_70,2021,0.0
AL,CPA_M69_70,2022,0.0
AL,CPA_M69_70,2023,0.0
AL,CPA_M69_70,2024,0.0
AT,CPA_M69_70,2014,0.0
AT,CPA_M69_70,2015,0.0
AT,CPA_M69_70,2016,0.0
AT,CPA_M69_70,2017,0.0
AT,CPA_M69_70,2018,0.0
AT,CPA_M69_70,2019,0.0
AT,CPA_M69_70,2020,0.0
AT,CPA_M69_70,2021,0.0
AT,CPA_M69_70,2022,0.0
BE,CPA_M69_70,2014,0.0
BE,CPA_M69_70,2015,0.0
BE,CPA_M69_70,2016,0.0
BE,CPA_M69_70,2017,0.0
BE,CPA_M69_70,2018,0.0
BE,CPA_M69_70,2019,0.0
BE,CPA_M69_70,2020,0.0
BE,CPA_M69_70,2021,0.0
BE,CPA_M69_70,2022,0.0
BG,CPA_M69_70,2014,0.0
BG,CPA_M69_70,2018,0.0
BG,CPA_M69_70,2019,0.0
BG,CPA_M69_70,2020,0.0
BG,CPA_M69_70,2021,0.0
BG,CPA_M69_70,2022,0.0
CY,CPA_M69_70,2014,0.0
CY,CPA_M69_70,2015,0.0
CY,CPA_M69_70,2016,0.0
CY,CPA_M69_70,2017,0.0
CY,CPA_M69_70,2018,0.0
CY,CPA_M69_70,2019,0.0
CY,CPA_M69_70,2020,0.0
CY,CPA_M69_70,2021,0.0
CY,CPA_M69_70,2022,0.0
CZ,CPA_M69_70,2014,0.0
CZ,CPA_M69_70,2015,0.0
CZ,CPA_M69_70,2016,0.0
CZ,CPA_M69_70,2017,0.0
CZ,CPA_M69_70,2018,0.0
CZ,CPA_M69_70,2019,0.0
CZ,CPA_M69_70,2020,0.0
CZ,CPA_M69_70,2021,0.0
CZ,CPA_M69_70,2022,0.0
CZ,CPA_M69_70,2023,0.0
CZ,CPA_M69_70,2024,0.0
DE,CPA_M69_70,2014,0.0
DE,CPA_M69_70,2015,0.0
DE,CPA_M69_70,2016,0.0
DE,CPA_M69_70,2017,0.0
DE,CPA_M69_70,2018,0.0
DE,CPA_M69_70,2019,0.0
DE,CPA_M69_70,2020,0.0
DE,CPA_M69_70,2021,0.0
DE,CPA_M69_70,2022,0.0
DK,CPA_M69_70,2014,0.0
DK,CPA_M69_70,2015,0.0
DK,CPA_M69_70,2016,0.0
DK,CPA_M69_70,2017,0.0
DK,CPA_M69_70,2018,0.0
DK,CPA_M69_70,2019,0.0
DK,CPA_M69_70,2020,0.0
DK,CPA_M69_70,2021,0.0
DK,CPA_M69_70,2022,0.0
EA21,CPA_M69_70,2014,0.0
EA21,CPA_M69_70,2015,0.0
EA21,CPA_M69_70,2016,0.0
EA21,CPA_M69_70,2017,0.0
EA21,CPA_M69_70,2018,0.0
EA21,CPA_M69_70,2019,0.0
EA21,CPA_M69_70,2020,0.0
EA21,CPA_M69_70,2021,0.0
EA21,CPA_M69_70,2022,0.0
EA21,CPA_M69_70,2023,0.0
EA21,CPA_M69_70,2024,0.0
EE,CPA_M69_70,2019,0.0
EE,CPA_M69_70,2020,0.0
EE,CPA_M69_70,2021,0.0
EE,CPA_M69_70,2022,0.0
EL,CPA_M69_70,2014,0.0
EL,CPA_M69_70,2015,0.0
EL,CPA_M69_70,2016,0.0
EL,CPA_M69_70,2017,0.0
EL,CPA_M69_70,2018,0.0
EL,CPA_M69_70,2019,0.0
EL,CPA_M69_70,2020,0.0
EL,CPA_M69_70,2021,0.0
EL,CPA_M69_70,2022,0.0
ES,CPA_M69_70,2014,0.0
ES,CPA_M69_70,2015,0.0
ES,CPA_M69_70,2016,0.0
ES,CPA_M69_70,2017,0.0
ES,CPA_M69_70,2018,0.0
ES,CPA_M69_70,2019,0.0
ES,CPA_M69_70,2020,0.0
ES,CPA_M69_70,2021,0.0
ES,CPA_M69_70,2022,0.0
ES,CPA_M69_70,2023,0.0
EU27_2020,CPA_M69_70,2014,0.0
EU27_2020,CPA_M69_70,2015,0.0
EU27_2020,CPA_M69_70,2016,0.0
EU27_2020,CPA_M69_70,2017,0.0
EU27_2020,CPA_M69_70,2018,0.0
EU27_2020,CPA_M69_70,2019,0.0
EU27_2020,CPA_M69_70,2020,0.0
EU27_2020,CPA_M69_70,2021,0.0
EU27_2020,CPA_M69_70,2022,0.0
EU27_2020,CPA_M69_70,2023,0.0
EU27_2020,CPA_M69_70,2024,0.0
FI,CPA_M69_70,2014,0.0
FI,CPA_M69_70,2015,0.0
FI,CPA_M69_70,2016,0.0
FI,CPA_M69_70,2017,0.0
FI,CPA_M69_70,2018,0.0
FI,CPA_M69_70,2019,0.0
FI,CPA_M69_70,2020,0.0
FI,CPA_M69_70,2021,0.0
FI,CPA_M69_70,2022,0.0
FI,CPA_M69_70,2023,0.0
FR,CPA_M69_70,2014,0.0
FR,CPA_M69_70,2015,0.0
FR,CPA_M69_70,2016,0.0
FR,CPA_M69_70,2017,0.0
FR,CPA_M69_70,2018,0.0
FR,CPA_M69_70,2019,0.0
FR,CPA_M69_70,2020,0.0
FR,CPA_M69_70,2021,0.0
FR,CPA_M69_70,2022,0.0
HR,CPA_M69_70,2015,0.0
HR,CPA_M69_70,2016,0.0
HR,CPA_M69_70,2017,0.0
HR,CPA_M69_70,2018,0.0
HU,CPA_M69_70,2014,0.0
HU,CPA_M69_70,2015,0.0
HU,CPA_M69_70,2016,0.0
HU,CPA_M69_70,2017,0.0
HU,CPA_M69_70,2018,0.0
HU,CPA_M69_70,2019,0.0
HU,CPA_M69_70,2020,0.0
HU,CPA_M69_70,2021,0.0
HU,CPA_M69_70,2022,0.0
HU,CPA_M69_70,2023,0.0
IE,CPA_M69_70,2014,0.0
IE,CPA_M69_70,2015,0.0
IE,CPA_M69_70,2016,0.0
IE,CPA_M69_70,2017,0.0
IE,CPA_M69_70,2018,0.0
IE,CPA_M69_70,2019,0.0
IE,CPA_M69_70,2020,0.0
IE,CPA_M69_70,2021,0.0
IE,CPA_M69_70,2022,0.0
IT,CPA_M69_70,2014,0.0
IT,CPA_M69_70,2015,0.0
IT,CPA_M69_70,2016,0.0
IT,CPA_M69_70,2017,0.0
IT,CPA_M69_70,2018,0.0
IT,CPA_M69_70,2019,0.0
IT,CPA_M69_70,2020,0.0
IT,CPA_M69_70,2021,0.0
IT,CPA_M69_70,2022,0.0
LU,CPA_M69_70,2014,0.0
LU,CPA_M69_70,2015,0.0
LU,CPA_M69_70,2016,0.0
LU,CPA_M69_70,2017,0.0
LU,CPA_M69_70,2018,0.0
LU,CPA_M69_70,2019,0.0
LU,CPA_M69_70,2020,0.0
LU,CPA_M69_70,2021,0.0
LU,CPA_M69_70,2022,0.0
LV,CPA_M69_70,2014,0.0
LV,CPA_M69_70,2015,0.0
LV,CPA_M69_70,2016,0.0
LV,CPA_M69_70,2017,0.0
LV,CPA_M69_70,2018,0.0
LV,CPA_M69_70,2019,0.0
LV,CPA_M69_70,2020,0.0
LV,CPA_M69_70,2021,0.0
LV,CPA_M69_70,2022,0.0
LV,CPA_M69_70,2023,0.0
MK,CPA_M69_70,2022,0.0
MK,CPA_M69_70,2023,0.0
MT,CPA_M69_70,2014,0.0
MT,CPA_M69_70,2015,0.0
MT,CPA_M69_70,2016,0.0
MT,CPA_M69_70,2017,0.0
MT,CPA_M69_70,2018,0.0
MT,CPA_M69_70,2019,0.0
MT,CPA_M69_70,2020,0.0
MT,CPA_M69_70,2021,0.0
MT,CPA_M69_70,2022,0.0
NL,CPA_M69_70,2014,0.0
NL,CPA_M69_70,2015,0.0
NL,CPA_M69_70,2016,0.0
NL,CPA_M69_70,2017,0.0
NL,CPA_M69_70,2018,0.0
NL,CPA_M69_70,2019,0.0
NL,CPA_M69_70,2020,0.0
NL,CPA_M69_70,2021,0.0
NL,CPA_M69_70,2022,0.0
NL,CPA_M69_70,2023,0.0
NL,CPA_M69_70,2024,0.0
NO,CPA_M69_70,2014,0.0
NO,CPA_M69_70,2015,0.0
NO,CPA_M69_70,2016,0.0
NO,CPA_M69_70,2017,0.0
NO,CPA_M69_70,2018,0.0
NO,CPA_M69_70,2019,0.0
NO,CPA_M69_70,2020,0.0
NO,CPA_M69_70,2021,0.0
NO,CPA_M69_70,2022,0.0
NO,CPA_M69_70,2023,0.0
PL,CPA_M69_70,2014,0.0
PL,CPA_M69_70,2015,0.0
PL,CPA_M69_70,2016,0.0
PL,CPA_M69_70,2017,0.0
PL,CPA_M69_70,2018,0.0
PL,CPA_M69_70,2019,0.0
PL,CPA_M69_70,2020,0.0
PL,CPA_M69_70,2021,0.0
PL,CPA_M69_70,2022,0.0
PT,CPA_M69_70,2014,0.0
PT,CPA_M69_70,2015,0.0
PT,CPA_M69_70,2016,0.0
PT,CPA_M69_70,2017,0.0
PT,CPA_M69_70,2018,0.0
PT,CPA_M69_70,2019,0.0
PT,CPA_M69_70,2020,0.0
PT,CPA_M69_70,2021,0.0
PT,CPA_M69_70,2022,0.0
PT,CPA_M69_70,2023,0.0
PT,CPA_M69_70,2024,0.0
RO,CPA_M69_70,2014,0.0
RO,CPA_M69_70,2015,0.0
RO,CPA_M69_70,2016,0.0
RO,CPA_M69_70,2017,0.0
RO,CPA_M69_70,2018,0.0
RO,CPA_M69_70,2019,0.0
RO,CPA_M69_70,2020,0.0
RO,CPA_M69_70,2021,0.0
RO,CPA_M69_70,2022,0.0
RS,CPA_M69_70,2014,0.0
RS,CPA_M69_70,2015,0.0
RS,CPA_M69_70,2016,0.0
RS,CPA_M69_70,2017,0.0
RS,CPA_M69_70,2018,0.0
RS,CPA_M69_70,2019,0.0
RS,CPA_M69_70,2020,0.0
RS,CPA_M69_70,2021,0.0
RS,CPA_M69_70,2022,0.0
SE,CPA_M69_70,2015,0.0
SE,CPA_M69_70,2016,0.0
SE,CPA_M69_70,2017,0.0
SE,CPA_M69_70,2018,0.0
SE,CPA_M69_70,2019,0.0
SE,CPA_M69_70,2020,0.0
SE,CPA_M69_70,2021,0.0
SE,CPA_M69_70,2022,0.0
SE,CPA_M69_70,2023,0.0
SI,CPA_M69_70,2014,0.0
SI,CPA_M69_70,2015,0.0
SI,CPA_M69_70,2016,0.0
SI,CPA_M69_70,2017,0.0
SI,CPA_M69_70,2018,0.0
SI,CPA_M69_70,2019,0.0
SI,CPA_M69_70,2020,0.0
SI,CPA_M69_70,2021,0.0
SI,CPA_M69_70,2022,0.0
SI,CPA_M69_70,2023,0.0
SK,CPA_M69_70,2014,0.0
SK,CPA_M69_70,2015,0.0
SK,CPA_M69_70,2016,0.0
SK,CPA_M69_70,2017,0.0
SK,CPA_M69_70,2018,0.0
SK,CPA_M69_70,2019,0.0
SK,CPA_M69_70,2020,0.0
SK,CPA_M69_70,2021,0.0
SK,CPA_M69_70,2022,0.0
TR,CPA_M69_70,2023,0.0
XK,CPA_M69_70,2014,0.0
XK,CPA_M69_70,2015,0.0
XK,CPA_M69_70,2016,0.0
XK,CPA_M69_70,2017,0.0
XK,CPA_M69_70,2018,0.0
XK,CPA_M69_70,2019,0.0
BE,CPA_M70,2015,0.0
BE,CPA_M70,2016,0.0
BE,CPA_M70,2019,0.0
BE,CPA_M70,2020,0.0
BE,CPA_M70,2021,0.0
BE,CPA_M70,2022,0.0
BG,CPA_M70,2018,0.0
BG,CPA_M70,2019,0.0
BG,CPA_M70,2020,0.0
BG,CPA_M70,2021,0.0
BG,CPA_M70,2022,0.0
CZ,CPA_M70,2014,0.0
CZ,CPA_M70,2015,0.0
CZ,CPA_M70,2016,0.0
CZ,CPA_M70,2017,0.0
CZ,CPA_M70,2018,0.0
CZ,CPA_M70,2019,0.0
CZ,CPA_M70,2020,0.0
CZ,CPA_M70,2021,0.0
CZ,CPA_M70,2022,0.0
CZ,CPA_M70,2023,0.0
CZ,CPA_M70,2024,0.0
DK,CPA_M70,2015,0.0
DK,CPA_M70,2016,0.0
DK,CPA_M70,2017,0.0
DK,CPA_M70,2018,0.0
DK,CPA_M70,2019,0.0
DK,CPA_M70,2020,0.0
DK,CPA_M70,2021,0.0
DK,CPA_M70,2022,0.0
EU27_2020,CPA_M70,2014,0.0
EU27_2020,CPA_M70,2015,0.0
EU27_2020,CPA_M70,2016,0.0
FR,CPA_M70,2021,0.0
FR,CPA_M70,2022,0.0
HR,CPA_M70,2015,0.0
HR,CPA_M70,2016,0.0
HR,CPA_M70,2017,0.0
HR,CPA_M70,2018,0.0
HU,CPA_M70,2016,0.0
HU,CPA_M70,2017,0.0
HU,CPA_M70,2018,0.0
HU,CPA_M70,2019,0.0
HU,CPA_M70,2020,0.0
HU,CPA_M70,2021,0.0
HU,CPA_M70,2022,0.0
HU,CPA_M70,2023,0.0
RO,CPA_M70,2014,0.0
RO,CPA_M70,2015,0.0
RO,CPA_M70,2016,0.0
RO,CPA_M70,2017,0.0
RO,CPA_M70,2018,0.0
RO,CPA_M70,2019,0.0
RO,CPA_M70,2020,0.0
RO,CPA_M70,2021,0.0
RO,CPA_M70,2022,0.0
SK,CPA_M70,2014,0.0
SK,CPA_M70,2015,0.0
SK,CPA_M70,2016,0.0
SK,CPA_M70,2017,0.0
SK,CPA_M70,2018,0.0
SK,CPA_M70,2019,0.0
SK,CPA_M70,2020,0.0
SK,CPA_M70,2021,0.0
SK,CPA_M70,2022,0.0
AL,CPA_M71,2014,0.0
AL,CPA_M71,2015,0.0
AL,CPA_M71,2016,0.0
AL,CPA_M71,2017,0.0
AL,CPA_M71,2018,0.0
AL,CPA_M71,2019,0.0
AL,CPA_M71,2020,0.0
AL,CPA_M71,2021,0.0
AL,CPA_M71,2022,0.0
AL,CPA_M71,2023,0.0
AL,CPA_M71,2024,0.0
AT,CPA_M71,2014,0.0
AT,CPA_M71,2015,0.0
AT,CPA_M71,2016,0.0
AT,CPA_M71,2017,0.0
AT,CPA_M71,2018,0.0
AT,CPA_M71,2019,0.0
AT,CPA_M71,2020,0.0
AT,CPA_M71,2021,0.0
AT,CPA_M71,2022,0.0
BE,CPA_M71,2014,0.0
BE,CPA_M71,2015,0.0
BE,CPA_M71,2016,0.0
BE,CPA_M71,2017,0.0
BE,CPA_M71,2018,0.0
BE,CPA_M71,2019,0.0
BE,CPA_M71,2020,0.0
BE,CPA_M71,2021,0.0
BE,CPA_M71,2022,0.0
BG,CPA_M71,2014,0.0
BG,CPA_M71,2018,0.0
BG,CPA_M71,2019,0.0
BG,CPA_M71,2020,0.0
BG,CPA_M71,2021,0.0
BG,CPA_M71,2022,0.0
CY,CPA_M71,2014,0.0
CY,CPA_M71,2015,0.0
CY,CPA_M71,2016,0.0
CY,CPA_M71,2017,0.0
CY,CPA_M71,2018,0.0
CY,CPA_M71,2019,0.0
CY,CPA_M71,2020,0.0
CY,CPA_M71,2021,0.0
CY,CPA_M71,2022,0.0
CZ,CPA_M71,2014,0.0
CZ,CPA_M71,2015,0.0
CZ,CPA_M71,2016,0.0
CZ,CPA_M71,2017,0.0
CZ,CPA_M71,2018,0.0
CZ,CPA_M71,2019,0.0
CZ,CPA_M71,2020,0.0
CZ,CPA_M71,2021,0.0
CZ,CPA_M71,2022,0.0
CZ,CPA_M71,2023,0.0
CZ,CPA_M71,2024,0.0
DE,CPA_M71,2014,0.0
DE,CPA_M71,2015,0.0
DE,CPA_M71,2016,0.0
DE,CPA_M71,2017,0.0
DE,CPA_M71,2018,0.0
DE,CPA_M71,2019,0.0
DE,CPA_M71,2020,0.0
DE,CPA_M71,2021,0.0
DE,CPA_M71,2022,0.0
DK,CPA_M71,2014,0.0
DK,CPA_M71,2015,0.0
DK,CPA_M71,2016,0.0
DK,CPA_M71,2017,0.0
DK,CPA_M71,2018,0.0
DK,CPA_M71,2019,0.0
DK,CPA_M71,2020,0.0
DK,CPA_M71,2021,0.0
DK,CPA_M71,2022,0.0
EA21,CPA_M71,2014,0.34
EA21,CPA_M71,2015,0.34
EA21,CPA_M71,2016,0.6
EA21,CPA_M71,2017,0.62
EA21,CPA_M71,2018,0.74
EA21,CPA_M71,2019,0.79
EA21,CPA_M71,2020,0.83
EA21,CPA_M71,2021,1.45
EA21,CPA_M71,2022,2.0
EA21,CPA_M71,2023,1.64
EA21,CPA_M71,2024,1.62
EE,CPA_M71,2014,0.34
EE,CPA_M71,2015,0.34
EE,CPA_M71,2016,0.4
EE,CPA_M71,2017,0.42
EE,CPA_M71,2018,0.5
EE,CPA_M71,2019,0.54
EE,CPA_M71,2020,0.32
EE,CPA_M71,2021,1.21
EE,CPA_M71,2022,1.43
EL,CPA_M71,2014,0.0
EL,CPA_M71,2015,0.0
EL,CPA_M71,2016,0.0
EL,CPA_M71,2017,0.0
EL,CPA_M71,2018,0.0
EL,CPA_M71,2019,0.0
EL,CPA_M71,2020,0.0
EL,CPA_M71,2021,0.0
EL,CPA_M71,2022,0.0
ES,CPA_M71,2014,0.0
ES,CPA_M71,2015,0.0
ES,CPA_M71,2016,0.2
ES,CPA_M71,2017,0.2
ES,CPA_M71,2018,0.2
ES,CPA_M71,2019,0.2
ES,CPA_M71,2020,0.2
ES,CPA_M71,2021,0.2
ES,CPA_M71,2022,0.2
ES,CPA_M71,2023,0.2
EU27_2020,CPA_M71,2014,0.34
EU27_2020,CPA_M71,2015,0.34
EU27_2020,CPA_M71,2016,0.6
EU27_2020,CPA_M71,2017,0.62
EU27_2020,CPA_M71,2018,0.74
EU27_2020,CPA_M71,2019,0.79
EU27_2020,CPA_M71,2020,0.83
EU27_2020,CPA_M71,2021,1.45
EU27_2020,CPA_M71,2022,2.0
EU27_2020,CPA_M71,2023,1.64
EU27_2020,CPA_M71,2024,1.62
FI,CPA_M71,2014,0.0
FI,CPA_M71,2015,0.0
FI,CPA_M71,2016,0.0
FI,CPA_M71,2017,0.0
FI,CPA_M71,2018,0.0
FI,CPA_M71,2019,0.0
FI,CPA_M71,2020,0.0
FI,CPA_M71,2021,0.0
FI,CPA_M71,2022,0.0
FI,CPA_M71,2023,0.0
FR,CPA_M71,2014,0.0
FR,CPA_M71,2015,0.0
FR,CPA_M71,2016,0.0
FR,CPA_M71,2017,0.0
FR,CPA_M71,2018,0.0
FR,CPA_M71,2019,0.0
FR,CPA_M71,2020,0.0
FR,CPA_M71,2021,0.0
FR,CPA_M71,2022,0.0
HR,CPA_M71,2015,0.0
HR,CPA_M71,2016,0.0
HR,CPA_M71,2017,0.0
HR,CPA_M71,2018,0.0
HU,CPA_M71,2014,0.0
HU,CPA_M71,2015,0.0
HU,CPA_M71,2016,0.0
HU,CPA_M71,2017,0.0
HU,CPA_M71,2018,0.0
HU,CPA_M71,2019,0.0
HU,CPA_M71,2020,0.0
HU,CPA_M71,2021,0.0
HU,CPA_M71,2022,0.0
HU,CPA_M71,2023,0.0
IE,CPA_M71,2014,0.0
IE,CPA_M71,2015,0.0
IE,CPA_M71,2016,0.0
IE,CPA_M71,2017,0.0
IE,CPA_M71,2018,0.08
IE,CPA_M71,2019,0.08
IE,CPA_M71,2020,0.27
IE,CPA_M71,2021,0.02
IE,CPA_M71,2022,0.36
IT,CPA_M71,2014,0.0
IT,CPA_M71,2015,0.0
IT,CPA_M71,2016,0.0
IT,CPA_M71,2017,0.0
IT,CPA_M71,2018,0.0
IT,CPA_M71,2019,0.0
IT,CPA_M71,2020,0.0
IT,CPA_M71,2021,0.0
IT,CPA_M71,2022,0.0
LU,CPA_M71,2014,0.0
LU,CPA_M71,2015,0.0
LU,CPA_M71,2016,0.0
LU,CPA_M71,2017,0.0
LU,CPA_M71,2018,0.0
LU,CPA_M71,2019,0.0
LU,CPA_M71,2020,0.0
LU,CPA_M71,2021,0.0
LU,CPA_M71,2022,0.0
LV,CPA_M71,2014,0.0
LV,CPA_M71,2015,0.0
LV,CPA_M71,2016,0.0
LV,CPA_M71,2017,0.0
LV,CPA_M71,2018,0.0
LV,CPA_M71,2019,0.0
LV,CPA_M71,2020,0.0
LV,CPA_M71,2021,0.0
LV,CPA_M71,2022,0.0
LV,CPA_M71,2023,0.0
MK,CPA_M71,2022,0.0
MK,CPA_M71,2023,0.0
MT,CPA_M71,2014,0.0
MT,CPA_M71,2015,0.0
MT,CPA_M71,2016,0.0
MT,CPA_M71,2017,0.0
MT,CPA_M71,2018,0.0
MT,CPA_M71,2019,0.0
MT,CPA_M71,2020,0.0
MT,CPA_M71,2021,0.0
MT,CPA_M71,2022,0.0
NL,CPA_M71,2014,0.0
NL,CPA_M71,2015,0.0
NL,CPA_M71,2016,0.0
NL,CPA_M71,2017,0.0
NL,CPA_M71,2018,0.0
NL,CPA_M71,2019,0.0
NL,CPA_M71,2020,0.0
NL,CPA_M71,2021,0.0
NL,CPA_M71,2022,0.0
NL,CPA_M71,2023,0.0
NL,CPA_M71,2024,0.0
NO,CPA_M71,2014,0.0
NO,CPA_M71,2015,0.0
NO,CPA_M71,2016,0.0
NO,CPA_M71,2017,0.0
NO,CPA_M71,2018,0.0
NO,CPA_M71,2019,0.0
NO,CPA_M71,2020,0.0
NO,CPA_M71,2021,0.0
NO,CPA_M71,2022,0.0
NO,CPA_M71,2023,0.0
PL,CPA_M71,2014,0.0
PL,CPA_M71,2015,0.0
PL,CPA_M71,2016,0.0
PL,CPA_M71,2017,0.0
PL,CPA_M71,2018,0.0
PL,CPA_M71,2019,0.0
PL,CPA_M71,2020,0.0
PL,CPA_M71,2021,0.0
PL,CPA_M71,2022,0.0
PT,CPA_M71,2014,0.0
PT,CPA_M71,2015,0.0
PT,CPA_M71,2016,0.0
PT,CPA_M71,2017,0.0
PT,CPA_M71,2018,0.0
PT,CPA_M71,2019,0.0
PT,CPA_M71,2020,0.0
PT,CPA_M71,2021,0.0
PT,CPA_M71,2022,0.0
PT,CPA_M71,2023,0.0
PT,CPA_M71,2024,0.0
RO,CPA_M71,2014,0.0
RO,CPA_M71,2015,0.0
RO,CPA_M71,2016,0.0
RO,CPA_M71,2017,0.0
RO,CPA_M71,2018,0.0
RO,CPA_M71,2019,0.0
RO,CPA_M71,2020,0.0
RO,CPA_M71,2021,0.0
RO,CPA_M71,2022,0.0
RS,CPA_M71,2014,0.0
RS,CPA_M71,2015,0.0
RS,CPA_M71,2016,0.0
RS,CPA_M71,2017,0.0
RS,CPA_M71,2018,0.0
RS,CPA_M71,2019,0.0
RS,CPA_M71,2020,0.0
RS,CPA_M71,2021,0.0
RS,CPA_M71,2022,0.0
SE,CPA_M71,2015,0.0
SE,CPA_M71,2016,0.0
SE,CPA_M71,2017,0.0
SE,CPA_M71,2018,0.0
SE,CPA_M71,2019,0.0
SE,CPA_M71,2020,0.0
SE,CPA_M71,2021,0.0
SE,CPA_M71,2022,0.0
SE,CPA_M71,2023,0.0
SI,CPA_M71,2014,0.0
SI,CPA_M71,2015,0.0
SI,CPA_M71,2016,0.0
SI,CPA_M71,2017,0.0
SI,CPA_M71,2018,0.0
SI,CPA_M71,2019,0.0
SI,CPA_M71,2020,0.0
SI,CPA_M71,2021,0.0
SI,CPA_M71,2022,0.0
SI,CPA_M71,2023,0.0
SK,CPA_M71,2014,0.0
SK,CPA_M71,2015,0.0
SK,CPA_M71,2016,0.0
SK,CPA_M71,2017,0.0
SK,CPA_M71,2018,0.0
SK,CPA_M71,2019,0.0
SK,CPA_M71,2020,0.0
SK,CPA_M71,2021,0.0
SK,CPA_M71,2022,0.0
TR,CPA_M71,2023,0.0
XK,CPA_M71,2014,0.0
XK,CPA_M71,2015,0.0
XK,CPA_M71,2016,0.0
XK,CPA_M71,2017,0.0
XK,CPA_M71,2018,0.0
XK,CPA_M71,2019,0.0
AL,CPA_M72,2014,0.0
AL,CPA_M72,2015,0.0
AL,CPA_M72,2016,0.0
AL,CPA_M72,2017,0.0
AL,CPA_M72,2018,0.0
AL,CPA_M72,2019,0.0
AL,CPA_M72,2020,0.0
AL,CPA_M72,2021,0.59
AL,CPA_M72,2022,0.0
AL,CPA_M72,2023,0.0
AL,CPA_M72,2024,0.0
AT,CPA_M72,2014,0.0
AT,CPA_M72,2015,0.0
AT,CPA_M72,2016,0.0
AT,CPA_M72,2017,0.0
AT,CPA_M72,2018,0.0
AT,CPA_M72,2019,0.0
AT,CPA_M72,2020,0.0
AT,CPA_M72,2021,0.0
AT,CPA_M72,2022,0.0
BE,CPA_M72,2014,0.0
BE,CPA_M72,2015,0.0
BE,CPA_M72,2016,0.0
BE,CPA_M72,2017,0.0
BE,CPA_M72,2018,0.0
BE,CPA_M72,2019,0.0
BE,CPA_M72,2020,0.0
BE,CPA_M72,2021,0.0
BE,CPA_M72,2022,0.0
BG,CPA_M72,2014,0.0
BG,CPA_M72,2018,0.0
BG,CPA_M72,2019,0.0
BG,CPA_M72,2020,0.0
BG,CPA_M72,2021,0.0
BG,CPA_M72,2022,0.0
CY,CPA_M72,2014,0.0
CY,CPA_M72,2015,0.0
CY,CPA_M72,2016,0.0
CY,CPA_M72,2017,0.0
CY,CPA_M72,2018,0.0
CY,CPA_M72,2019,0.0
CY,CPA_M72,2020,0.0
CY,CPA_M72,2021,0.0
CY,CPA_M72,2022,0.0
CZ,CPA_M72,2014,0.0
CZ,CPA_M72,2015,0.0
CZ,CPA_M72,2016,0.0
CZ,CPA_M72,2017,0.0
CZ,CPA_M72,2018,0.0
CZ,CPA_M72,2019,0.0
CZ,CPA_M72,2020,0.0
CZ,CPA_M72,2021,0.0
CZ,CPA_M72,2022,0.0
CZ,CPA_M72,2023,0.0
CZ,CPA_M72,2024,0.0
DE,CPA_M72,2014,0.0
DE,CPA_M72,2015,0.0
DE,CPA_M72,2016,0.0
DE,CPA_M72,2017,0.0
DE,CPA_M72,2018,0.0
DE,CPA_M72,2019,0.0
DE,CPA_M72,2020,0.0
DE,CPA_M72,2021,0.0
DE,CPA_M72,2022,0.0
DK,CPA_M72,2014,0.0
DK,CPA_M72,2015,0.0
DK,CPA_M72,2016,0.0
DK,CPA_M72,2017,0.0
DK,CPA_M72,2018,0.0
DK,CPA_M72,2019,0.0
DK,CPA_M72,2020,0.0
DK,CPA_M72,2021,0.0
DK,CPA_M72,2022,0.0
EA21,CPA_M72,2014,0.0
EA21,CPA_M72,2015,0.0
EA21,CPA_M72,2016,0.0
EA21,CPA_M72,2017,0.0
EA21,CPA_M72,2018,0.0
EA21,CPA_M72,2019,0.0
EA21,CPA_M72,2020,0.0
EA21,CPA_M72,2021,0.0
EA21,CPA_M72,2022,0.0
EA21,CPA_M72,2023,0.0
EA21,CPA_M72,2024,0.0
EE,CPA_M72,2019,0.0
EE,CPA_M72,2020,0.0
EE,CPA_M72,2021,0.0
EE,CPA_M72,2022,0.0
EL,CPA_M72,2014,0.0
EL,CPA_M72,2015,0.0
EL,CPA_M72,2016,0.0
EL,CPA_M72,2017,0.0
EL,CPA_M72,2018,0.0
EL,CPA_M72,2019,0.0
EL,CPA_M72,2020,0.0
EL,CPA_M72,2021,0.0
EL,CPA_M72,2022,0.0
ES,CPA_M72,2014,0.0
ES,CPA_M72,2015,0.0
ES,CPA_M72,2016,0.0
ES,CPA_M72,2017,0.0
ES,CPA_M72,2018,0.0
ES,CPA_M72,2019,0.0
ES,CPA_M72,2020,0.0
ES,CPA_M72,2021,0.0
ES,CPA_M72,2022,0.0
ES,CPA_M72,2023,0.0
EU27_2020,CPA_M72,2014,0.0
EU27_2020,CPA_M72,2015,0.0
EU27_2020,CPA_M72,2016,0.0
EU27_2020,CPA_M72,2017,0.0
EU27_2020,CPA_M72,2018,0.0
EU27_2020,CPA_M72,2019,0.0
EU27_2020,CPA_M72,2020,0.0
EU27_2020,CPA_M72,2021,0.0
EU27_2020,CPA_M72,2022,0.0
EU27_2020,CPA_M72,2023,0.0
EU27_2020,CPA_M72,2024,0.0
FI,CPA_M72,2014,0.0
FI,CPA_M72,2015,0.0
FI,CPA_M72,2016,0.0
FI,CPA_M72,2017,0.0
FI,CPA_M72,2018,0.0
FI,CPA_M72,2019,0.0
FI,CPA_M72,2020,0.0
FI,CPA_M72,2021,0.0
FI,CPA_M72,2022,0.0
FI,CPA_M72,2023,0.0
FR,CPA_M72,2014,0.0
FR,CPA_M72,2015,0.0
FR,CPA_M72,2016,0.0
FR,CPA_M72,2017,0.0
FR,CPA_M72,2018,0.0
FR,CPA_M72,2019,0.0
FR,CPA_M72,2020,0.0
FR,CPA_M72,2021,0.0
FR,CPA_M72,2022,0.0
HR,CPA_M72,2015,0.0
HR,CPA_M72,2016,0.0
HR,CPA_M72,2017,0.0
HR,CPA_M72,2018,0.0
HU,CPA_M72,2014,0.0
HU,CPA_M72,2015,0.0
HU,CPA_M72,2016,0.0
HU,CPA_M72,2017,0.0
HU,CPA_M72,2018,0.0
HU,CPA_M72,2019,0.0
HU,CPA_M72,2020,0.0
HU,CPA_M72,2021,0.0
HU,CPA_M72,2022,0.0
HU,CPA_M72,2023,0.0
IE,CPA_M72,2014,0.0
IE,CPA_M72,2015,0.0
IE,CPA_M72,2016,0.0
IE,CPA_M72,2017,0.0
IE,CPA_M72,2018,0.0
IE,CPA_M72,2019,0.0
IE,CPA_M72,2020,0.0
IE,CPA_M72,2021,0.0
IE,CPA_M72,2022,0.0
IT,CPA_M72,2014,0.0
IT,CPA_M72,2015,0.0
IT,CPA_M72,2016,0.0
IT,CPA_M72,2017,0.0
IT,CPA_M72,2018,0.0
IT,CPA_M72,2019,0.0
IT,CPA_M72,2020,0.0
IT,CPA_M72,2021,0.0
IT,CPA_M72,2022,0.0
LU,CPA_M72,2014,0.0
LU,CPA_M72,2015,0.0
LU,CPA_M72,2016,0.0
LU,CPA_M72,2017,0.0
LU,CPA_M72,2018,0.0
LU,CPA_M72,2019,0.0
LU,CPA_M72,2020,0.0
LU,CPA_M72,2021,0.0
LU,CPA_M72,2022,0.0
LV,CPA_M72,2014,0.0
LV,CPA_M72,2015,0.0
LV,CPA_M72,2016,0.0
LV,CPA_M72,2017,0.0
LV,CPA_M72,2018,0.0
LV,CPA_M72,2019,0.0
LV,CPA_M72,2020,0.0
LV,CPA_M72,2021,0.0
LV,CPA_M72,2022,0.0
LV,CPA_M72,2023,0.0
MK,CPA_M72,2022,0.0
MK,CPA_M72,2023,0.0
MT,CPA_M72,2014,0.0
MT,CPA_M72,2015,0.0
MT,CPA_M72,2016,0.0
MT,CPA_M72,2017,0.0
MT,CPA_M72,2018,0.0
MT,CPA_M72,2019,0.0
MT,CPA_M72,2020,0.0
MT,CPA_M72,2021,0.0
MT,CPA_M72,2022,0.0
NL,CPA_M72,2014,0.0
NL,CPA_M72,2015,0.0
NL,CPA_M72,2016,0.0
NL,CPA_M72,2017,0.0
NL,CPA_M72,2018,0.0
NL,CPA_M72,2019,0.0
NL,CPA_M72,2020,0.0
NL,CPA_M72,2021,0.0
NL,CPA_M72,2022,0.0
NL,CPA_M72,2023,0.0
NL,CPA_M72,2024,0.0
NO,CPA_M72,2014,0.0
NO,CPA_M72,2015,0.0
NO,CPA_M72,2016,0.0
NO,CPA_M72,2017,0.0
NO,CPA_M72,2018,0.0
NO,CPA_M72,2019,0.0
NO,CPA_M72,2020,0.0
NO,CPA_M72,2021,0.0
NO,CPA_M72,2022,0.0
NO,CPA_M72,2023,0.0
PL,CPA_M72,2014,0.0
PL,CPA_M72,2015,0.0
PL,CPA_M72,2016,0.0
PL,CPA_M72,2017,0.0
PL,CPA_M72,2018,0.0
PL,CPA_M72,2019,0.0
PL,CPA_M72,2020,0.0
PL,CPA_M72,2021,0.0
PL,CPA_M72,2022,0.0
PT,CPA_M72,2014,0.0
PT,CPA_M72,2015,0.0
PT,CPA_M72,2016,0.0
PT,CPA_M72,2017,0.0
PT,CPA_M72,2018,0.0
PT,CPA_M72,2019,0.0
PT,CPA_M72,2020,0.0
PT,CPA_M72,2021,0.0
PT,CPA_M72,2022,0.0
PT,CPA_M72,2023,0.0
PT,CPA_M72,2024,0.0
RO,CPA_M72,2014,0.0
RO,CPA_M72,2015,0.0
RO,CPA_M72,2016,0.0
RO,CPA_M72,2017,0.0
RO,CPA_M72,2018,0.0
RO,CPA_M72,2019,0.0
RO,CPA_M72,2020,0.0
RO,CPA_M72,2021,0.0
RO,CPA_M72,2022,0.0
RS,CPA_M72,2014,0.0
RS,CPA_M72,2015,0.0
RS,CPA_M72,2016,0.0
RS,CPA_M72,2017,0.0
RS,CPA_M72,2018,0.0
RS,CPA_M72,2019,0.0
RS,CPA_M72,2020,0.0
RS,CPA_M72,2021,0.0
RS,CPA_M72,2022,0.0
SE,CPA_M72,2015,0.0
SE,CPA_M72,2016,0.0
SE,CPA_M72,2017,0.0
SE,CPA_M72,2018,0.0
SE,CPA_M72,2019,0.0
SE,CPA_M72,2020,0.0
SE,CPA_M72,2021,0.0
SE,CPA_M72,2022,0.0
SE,CPA_M72,2023,0.0
SI,CPA_M72,2014,0.0
SI,CPA_M72,2015,0.0
SI,CPA_M72,2016,0.0
SI,CPA_M72,2017,0.0
SI,CPA_M72,2018,0.0
SI,CPA_M72,2019,0.0
SI,CPA_M72,2020,0.0
SI,CPA_M72,2021,0.0
SI,CPA_M72,2022,0.0
SI,CPA_M72,2023,0.0
SK,CPA_M72,2014,0.0
SK,CPA_M72,2015,0.0
SK,CPA_M72,2016,0.0
SK,CPA_M72,2017,0.0
SK,CPA_M72,2018,0.0
SK,CPA_M72,2019,0.0
SK,CPA_M72,2020,0.0
SK,CPA_M72,2021,0.0
SK,CPA_M72,2022,0.0
TR,CPA_M72,2023,0.0
XK,CPA_M72,2014,0.0
XK,CPA_M72,2015,0.0
XK,CPA_M72,2016,0.0
XK,CPA_M72,2017,0.0
XK,CPA_M72,2018,0.0
XK,CPA_M72,2019,0.0
AL,CPA_M73,2014,0.0
AL,CPA_M73,2015,0.0
AL,CPA_M73,2016,0.0
AL,CPA_M73,2017,0.0
AL,CPA_M73,2018,0.0
AL,CPA_M73,2019,0.0
AL,CPA_M73,2020,0.0
AL,CPA_M73,2021,3.98
AL,CPA_M73,2022,1.31
AL,CPA_M73,2023,2.28
AL,CPA_M73,2024,1.57
AT,CPA_M73,2014,0.0
AT,CPA_M73,2015,0.0
AT,CPA_M73,2016,0.0
AT,CPA_M73,2017,0.0
AT,CPA_M73,2018,0.0
AT,CPA_M73,2019,0.0
AT,CPA_M73,2020,0.0
AT,CPA_M73,2021,0.0
AT,CPA_M73,2022,0.0
BE,CPA_M73,2014,0.0
BE,CPA_M73,2015,0.0
BE,CPA_M73,2016,0.0
BE,CPA_M73,2017,0.0
BE,CPA_M73,2018,0.0
BE,CPA_M73,2019,0.0
BE,CPA_M73,2020,0.0
BE,CPA_M73,2021,0.0
BE,CPA_M73,2022,0.0
BG,CPA_M73,2014,0.0
BG,CPA_M73,2018,0.0
BG,CPA_M73,2019,0.0
BG,CPA_M73,2020,0.0
BG,CPA_M73,2021,0.0
BG,CPA_M73,2022,0.0
CY,CPA_M73,2014,0.0
CY,CPA_M73,2015,0.0
CY,CPA_M73,2016,0.0
CY,CPA_M73,2017,0.0
CY,CPA_M73,2018,0.0
CY,CPA_M73,2019,0.0
CY,CPA_M73,2020,0.0
CY,CPA_M73,2021,0.0
CY,CPA_M73,2022,0.0
CZ,CPA_M73,2014,0.0
CZ,CPA_M73,2015,0.0
CZ,CPA_M73,2016,0.0
CZ,CPA_M73,2017,0.0
CZ,CPA_M73,2018,0.0
CZ,CPA_M73,2019,0.0
CZ,CPA_M73,2020,0.0
CZ,CPA_M73,2021,0.0
CZ,CPA_M73,2022,0.0
CZ,CPA_M73,2023,0.0
CZ,CPA_M73,2024,0.0
DE,CPA_M73,2014,0.0
DE,CPA_M73,2015,0.0
DE,CPA_M73,2016,0.0
DE,CPA_M73,2017,0.0
DE,CPA_M73,2018,0.0
DE,CPA_M73,2019,0.0
DE,CPA_M73,2020,0.0
DE,CPA_M73,2021,0.0
DE,CPA_M73,2022,0.0
DK,CPA_M73,2014,0.0
DK,CPA_M73,2015,0.0
DK,CPA_M73,2016,0.0
DK,CPA_M73,2017,0.0
DK,CPA_M73,2018,0.0
DK,CPA_M73,2019,0.0
DK,CPA_M73,2020,0.0
DK,CPA_M73,2021,0.0
DK,CPA_M73,2022,0.0
EA21,CPA_M73,2014,0.0
EA21,CPA_M73,2015,0.0
EA21,CPA_M73,2016,0.0
EA21,CPA_M73,2017,0.0
EA21,CPA_M73,2018,0.0
EA21,CPA_M73,2019,0.0
EA21,CPA_M73,2020,0.0
EA21,CPA_M73,2021,0.0
EA21,CPA_M73,2022,0.0
EA21,CPA_M73,2023,0.0
EA21,CPA_M73,2024,0.0
EE,CPA_M73,2019,0.0
EE,CPA_M73,2020,0.0
EE,CPA_M73,2021,0.0
EE,CPA_M73,2022,0.0
EL,CPA_M73,2014,0.0
EL,CPA_M73,2015,0.0
EL,CPA_M73,2016,0.0
EL,CPA_M73,2017,0.0
EL,CPA_M73,2018,0.0
EL,CPA_M73,2019,0.0
EL,CPA_M73,2020,0.0
EL,CPA_M73,2021,0.0
EL,CPA_M73,2022,0.0
ES,CPA_M73,2014,0.0
ES,CPA_M73,2015,0.0
ES,CPA_M73,2016,0.0
ES,CPA_M73,2017,0.0
ES,CPA_M73,2018,0.0
ES,CPA_M73,2019,0.0
ES,CPA_M73,2020,0.0
ES,CPA_M73,2021,0.0
ES,CPA_M73,2022,0.0
ES,CPA_M73,2023,0.0
EU27_2020,CPA_M73,2014,0.0
EU27_2020,CPA_M73,2015,0.0
EU27_2020,CPA_M73,2016,0.0
EU27_2020,CPA_M73,2017,0.0
EU27_2020,CPA_M73,2018,0.0
EU27_2020,CPA_M73,2019,0.0
EU27_2020,CPA_M73,2020,0.0
EU27_2020,CPA_M73,2021,0.0
EU27_2020,CPA_M73,2022,0.0
EU27_2020,CPA_M73,2023,0.0
EU27_2020,CPA_M73,2024,0.0
FI,CPA_M73,2014,0.0
FI,CPA_M73,2015,0.0
FI,CPA_M73,2016,0.0
FI,CPA_M73,2017,0.0
FI,CPA_M73,2018,0.0
FI,CPA_M73,2019,0.0
FI,CPA_M73,2020,0.0
FI,CPA_M73,2021,0.0
FI,CPA_M73,2022,0.0
FI,CPA_M73,2023,0.0
FR,CPA_M73,2014,0.0
FR,CPA_M73,2015,0.0
FR,CPA_M73,2016,0.0
FR,CPA_M73,2017,0.0
FR,CPA_M73,2018,0.0
FR,CPA_M73,2019,0.0
FR,CPA_M73,2020,0.0
FR,CPA_M73,2021,0.0
FR,CPA_M73,2022,0.0
HR,CPA_M73,2015,0.0
HR,CPA_M73,2016,0.0
HR,CPA_M73,2017,0.0
HR,CPA_M73,2018,0.0
HU,CPA_M73,2014,0.0
HU,CPA_M73,2015,0.0
HU,CPA_M73,2016,0.0
HU,CPA_M73,2017,0.0
HU,CPA_M73,2018,0.0
HU,CPA_M73,2019,0.0
HU,CPA_M73,2020,0.0
HU,CPA_M73,2021,0.0
HU,CPA_M73,2022,0.0
HU,CPA_M73,2023,0.0
IE,CPA_M73,2014,0.0
IE,CPA_M73,2021,0.0
IE,CPA_M73,2022,0.0
IT,CPA_M73,2014,0.0
IT,CPA_M73,2015,0.0
IT,CPA_M73,2016,0.0
IT,CPA_M73,2017,0.0
IT,CPA_M73,2018,0.0
IT,CPA_M73,2019,0.0
IT,CPA_M73,2020,0.0
IT,CPA_M73,2021,0.0
IT,CPA_M73,2022,0.0
LU,CPA_M73,2014,0.0
LU,CPA_M73,2015,0.0
LU,CPA_M73,2016,0.0
LU,CPA_M73,2017,0.0
LU,CPA_M73,2018,0.0
LU,CPA_M73,2019,0.0
LU,CPA_M73,2020,0.0
LU,CPA_M73,2021,0.0
LU,CPA_M73,2022,0.0
LV,CPA_M73,2014,0.0
LV,CPA_M73,2015,0.0
LV,CPA_M73,2016,0.0
LV,CPA_M73,2017,0.0
LV,CPA_M73,2018,0.0
LV,CPA_M73,2019,0.0
LV,CPA_M73,2020,0.0
LV,CPA_M73,2021,0.0
LV,CPA_M73,2022,0.0
LV,CPA_M73,2023,0.0
MK,CPA_M73,2022,0.0
MK,CPA_M73,2023,0.0
MT,CPA_M73,2014,0.0
MT,CPA_M73,2015,0.0
MT,CPA_M73,2016,0.0
MT,CPA_M73,2017,0.0
MT,CPA_M73,2018,0.0
MT,CPA_M73,2019,0.0
MT,CPA_M73,2020,0.0
MT,CPA_M73,2021,0.0
MT,CPA_M73,2022,0.0
NL,CPA_M73,2014,0.0
NL,CPA_M73,2015,0.0
NL,CPA_M73,2016,0.0
NL,CPA_M73,2017,0.0
NL,CPA_M73,2018,0.0
NL,CPA_M73,2019,0.0
NL,CPA_M73,2020,0.0
NL,CPA_M73,2021,0.0
NL,CPA_M73,2022,0.0
NL,CPA_M73,2023,0.0
NL,CPA_M73,2024,0.0
NO,CPA_M73,2014,0.0
NO,CPA_M73,2015,0.0
NO,CPA_M73,2016,0.0
NO,CPA_M73,2017,0.0
NO,CPA_M73,2018,0.0
NO,CPA_M73,2019,0.0
NO,CPA_M73,2020,0.0
NO,CPA_M73,2021,0.0
NO,CPA_M73,2022,0.0
NO,CPA_M73,2023,0.0
PL,CPA_M73,2014,0.0
PL,CPA_M73,2015,0.0
PL,CPA_M73,2016,0.0
PL,CPA_M73,2017,0.0
PL,CPA_M73,2018,0.0
PL,CPA_M73,2019,0.0
PL,CPA_M73,2020,0.0
PL,CPA_M73,2021,0.0
PL,CPA_M73,2022,0.0
PT,CPA_M73,2014,0.0
PT,CPA_M73,2015,0.0
PT,CPA_M73,2016,0.0
PT,CPA_M73,2017,0.0
PT,CPA_M73,2018,0.0
PT,CPA_M73,2019,0.0
PT,CPA_M73,2020,0.0
PT,CPA_M73,2021,0.0
PT,CPA_M73,2022,0.0
PT,CPA_M73,2023,0.0
PT,CPA_M73,2024,0.0
RO,CPA_M73,2014,0.0
RO,CPA_M73,2015,0.0
RO,CPA_M73,2016,0.0
RO,CPA_M73,2017,0.0
RO,CPA_M73,2018,0.0
RO,CPA_M73,2019,0.0
RO,CPA_M73,2020,0.0
RO,CPA_M73,2021,0.0
RO,CPA_M73,2022,0.0
RS,CPA_M73,2014,0.0
RS,CPA_M73,2015,0.0
RS,CPA_M73,2016,0.0
RS,CPA_M73,2017,0.0
RS,CPA_M73,2018,0.0
RS,CPA_M73,2019,0.0
RS,CPA_M73,2020,0.0
RS,CPA_M73,2021,0.0
RS,CPA_M73,2022,0.0
SE,CPA_M73,2015,0.0
SE,CPA_M73,2016,0.0
SE,CPA_M73,2017,0.0
SE,CPA_M73,2018,0.0
SE,CPA_M73,2019,0.0
SE,CPA_M73,2020,0.0
SE,CPA_M73,2021,0.0
SE,CPA_M73,2022,0.0
SE,CPA_M73,2023,0.0
SI,CPA_M73,2014,0.0
SI,CPA_M73,2015,0.0
SI,CPA_M73,2016,0.0
SI,CPA_M73,2017,0.0
SI,CPA_M73,2018,0.0
SI,CPA_M73,2019,0.0
SI,CPA_M73,2020,0.0
SI,CPA_M73,2021,0.0
SI,CPA_M73,2022,0.0
SI,CPA_M73,2023,0.0
SK,CPA_M73,2014,0.0
SK,CPA_M73,2015,0.0
SK,CPA_M73,2016,0.0
SK,CPA_M73,2017,0.0
SK,CPA_M73,2018,0.0
SK,CPA_M73,2019,0.0
SK,CPA_M73,2020,0.0
SK,CPA_M73,2021,0.0
SK,CPA_M73,2022,0.0
TR,CPA_M73,2023,0.0
XK,CPA_M73,2014,0.0
XK,CPA_M73,2015,0.0
XK,CPA_M73,2016,0.0
XK,CPA_M73,2017,0.0
XK,CPA_M73,2018,0.0
XK,CPA_M73,2019,0.0
BE,CPA_M74,2015,0.0
BE,CPA_M74,2016,0.0
BE,CPA_M74,2019,0.0
BE,CPA_M74,2020,0.0
BE,CPA_M74,2021,0.0
BE,CPA_M74,2022,0.0
BG,CPA_M74,2018,0.0
BG,CPA_M74,2019,0.0
BG,CPA_M74,2020,0.0
BG,CPA_M74,2021,0.0
BG,CPA_M74,2022,0.0
CZ,CPA_M74,2014,0.0
CZ,CPA_M74,2015,0.0
CZ,CPA_M74,2016,0.0
CZ,CPA_M74,2017,0.0
CZ,CPA_M74,2018,0.0
CZ,CPA_M74,2019,0.0
CZ,CPA_M74,2020,0.0
CZ,CPA_M74,2021,0.0
CZ,CPA_M74,2022,0.0
CZ,CPA_M74,2023,0.0
CZ,CPA_M74,2024,0.0
DK,CPA_M74,2015,4.43
DK,CPA_M74,2016,4.14
DK,CPA_M74,2017,6.21
DK,CPA_M74,2018,5.82
DK,CPA_M74,2019,5.83
DK,CPA_M74,2020,4.56
DK,CPA_M74,2021,2.72
DK,CPA_M74,2022,4.81
FR,CPA_M74,2021,0.0
FR,CPA_M74,2022,0.0
HR,CPA_M74,2015,0.0
HR,CPA_M74,2016,0.0
HR,CPA_M74,2017,0.0
HR,CPA_M74,2018,0.0
HU,CPA_M74,2016,0.0
HU,CPA_M74,2017,0.0
HU,CPA_M74,2018,0.0
HU,CPA_M74,2019,0.0
HU,CPA_M74,2020,0.0
HU,CPA_M74,2021,0.0
HU,CPA_M74,2022,0.0
HU,CPA_M74,2023,0.0
RO,CPA_M74,2014,0.0
RO,CPA_M74,2015,0.0
RO,CPA_M74,2016,0.0
RO,CPA_M74,2017,0.0
RO,CPA_M74,2018,0.0
RO,CPA_M74,2019,0.0
RO,CPA_M74,2020,0.0
RO,CPA_M74,2021,0.0
RO,CPA_M74,2022,0.0
SK,CPA_M74,2014,0.0
SK,CPA_M74,2015,0.0
SK,CPA_M74,2016,0.0
SK,CPA_M74,2017,0.0
SK,CPA_M74,2018,0.0
SK,CPA_M74,2019,0.0
SK,CPA_M74,2020,0.0
SK,CPA_M74,2021,0.0
SK,CPA_M74,2022,0.0
AL,CPA_M74_75,2014,1.21
AL,CPA_M74_75,2015,1.46
AL,CPA_M74_75,2016,0.78
AL,CPA_M74_75,2017,0.93
AL,CPA_M74_75,2018,0.3
AL,CPA_M74_75,2019,1.07
AL,CPA_M74_75,2020,0.94
AL,CPA_M74_75,2021,0.49
AL,CPA_M74_75,2022,0.27
AL,CPA_M74_75,2023,0.94
AL,CPA_M74_75,2024,1.63
AT,CPA_M74_75,2014,0.0
AT,CPA_M74_75,2015,0.0
AT,CPA_M74_75,2016,0.0
AT,CPA_M74_75,2017,0.0
AT,CPA_M74_75,2018,0.0
AT,CPA_M74_75,2019,0.0
AT,CPA_M74_75,2020,0.0
AT,CPA_M74_75,2021,0.0
AT,CPA_M74_75,2022,0.0
BE,CPA_M74_75,2014,17.15
BE,CPA_M74_75,2015,0.0
BE,CPA_M74_75,2016,0.0
BE,CPA_M74_75,2017,0.0
BE,CPA_M74_75,2018,0.0
BE,CPA_M74_75,2019,0.0
BE,CPA_M74_75,2020,0.0
BE,CPA_M74_75,2021,0.0
BE,CPA_M74_75,2022,0.0
BG,CPA_M74_75,2014,0.0
BG,CPA_M74_75,2018,0.0
BG,CPA_M74_75,2019,0.0
BG,CPA_M74_75,2020,0.0
BG,CPA_M74_75,2021,0.0
BG,CPA_M74_75,2022,0.0
CY,CPA_M74_75,2014,0.0
CY,CPA_M74_75,2015,0.0
CY,CPA_M74_75,2016,0.0
CY,CPA_M74_75,2017,0.0
CY,CPA_M74_75,2018,0.0
CY,CPA_M74_75,2019,0.0
CY,CPA_M74_75,2020,0.0
CY,CPA_M74_75,2021,0.0
CY,CPA_M74_75,2022,0.0
CZ,CPA_M74_75,2014,0.0
CZ,CPA_M74_75,2015,0.0
CZ,CPA_M74_75,2016,0.0
CZ,CPA_M74_75,2017,0.0
CZ,CPA_M74_75,2018,0.0
CZ,CPA_M74_75,2019,0.0
CZ,CPA_M74_75,2020,0.0
CZ,CPA_M74_75,2021,0.0
CZ,CPA_M74_75,2022,0.0
CZ,CPA_M74_75,2023,0.0
CZ,CPA_M74_75,2024,0.0
DE,CPA_M74_75,2014,0.0
DE,CPA_M74_75,2015,0.0
DE,CPA_M74_75,2016,0.0
DE,CPA_M74_75,2017,0.0
DE,CPA_M74_75,2018,0.0
DE,CPA_M74_75,2019,0.0
DE,CPA_M74_75,2020,0.0
DE,CPA_M74_75,2021,0.0
DE,CPA_M74_75,2022,0.0
DK,CPA_M74_75,2014,10.76
DK,CPA_M74_75,2015,4.43
DK,CPA_M74_75,2016,4.14
DK,CPA_M74_75,2017,6.21
DK,CPA_M74_75,2018,5.82
DK,CPA_M74_75,2019,5.83
DK,CPA_M74_75,2020,4.56
DK,CPA_M74_75,2021,2.72
DK,CPA_M74_75,2022,4.81
EA21,CPA_M74_75,2014,84.83
EA21,CPA_M74_75,2015,65.37
EA21,CPA_M74_75,2016,133.03
EA21,CPA_M74_75,2017,150.21
EA21,CPA_M74_75,2018,155.1
EA21,CPA_M74_75,2019,168.14
EA21,CPA_M74_75,2020,156.38
EA21,CPA_M74_75,2021,4.07
EA21,CPA_M74_75,2022,4.58
EA21,CPA_M74_75,2023,4.32
EA21,CPA_M74_75,2024,4.31
EE,CPA_M74_75,2014,0.02
EE,CPA_M74_75,2015,0.01
EE,CPA_M74_75,2016,0.01
EE,CPA_M74_75,2017,0.0
EE,CPA_M74_75,2018,0.0
EE,CPA_M74_75,2019,0.0
EE,CPA_M74_75,2020,0.0
EE,CPA_M74_75,2021,0.0
EE,CPA_M74_75,2022,0.0
EL,CPA_M74_75,2014,0.0
EL,CPA_M74_75,2015,0.0
EL,CPA_M74_75,2016,0.0
EL,CPA_M74_75,2017,0.0
EL,CPA_M74_75,2018,0.0
EL,CPA_M74_75,2019,0.0
EL,CPA_M74_75,2020,0.0
EL,CPA_M74_75,2021,0.0
EL,CPA_M74_75,2022,0.0
ES,CPA_M74_75,2014,49.5
ES,CPA_M74_75,2015,51.3
ES,CPA_M74_75,2016,120.8
ES,CPA_M74_75,2017,137.2
ES,CPA_M74_75,2018,143.0
ES,CPA_M74_75,2019,157.4
ES,CPA_M74_75,2020,150.3
ES,CPA_M74_75,2021,0.2
ES,CPA_M74_75,2022,0.2
ES,CPA_M74_75,2023,0.2
EU27_2020,CPA_M74_75,2014,95.75
EU27_2020,CPA_M74_75,2015,70.34
EU27_2020,CPA_M74_75,2016,137.68
EU27_2020,CPA_M74_75,2017,157.19
EU27_2020,CPA_M74_75,2018,161.6
EU27_2020,CPA_M74_75,2019,174.54
EU27_2020,CPA_M74_75,2020,161.31
EU27_2020,CPA_M74_75,2021,7.0
EU27_2020,CPA_M74_75,2022,9.76
EU27_2020,CPA_M74_75,2023,8.9
EU27_2020,CPA_M74_75,2024,8.23
FI,CPA_M74_75,2014,0.0
FI,CPA_M74_75,2015,0.0
FI,CPA_M74_75,2016,0.0
FI,CPA_M74_75,2017,0.0
FI,CPA_M74_75,2018,0.0
FI,CPA_M74_75,2019,0.0
FI,CPA_M74_75,2020,0.0
FI,CPA_M74_75,2021,0.0
FI,CPA_M74_75,2022,0.0
FI,CPA_M74_75,2023,0.0
FR,CPA_M74_75,2014,0.0
FR,CPA_M74_75,2015,0.0
FR,CPA_M74_75,2016,0.0
FR,CPA_M74_75,2017,0.0
FR,CPA_M74_75,2018,0.0
FR,CPA_M74_75,2019,0.0
FR,CPA_M74_75,2020,0.0
FR,CPA_M74_75,2021,0.0
FR,CPA_M74_75,2022,0.0
HR,CPA_M74_75,2015,0.0
HR,CPA_M74_75,2016,0.0
HR,CPA_M74_75,2017,0.0
HR,CPA_M74_75,2018,0.0
HU,CPA_M74_75,2014,0.0
HU,CPA_M74_75,2015,0.0
HU,CPA_M74_75,2016,0.0
HU,CPA_M74_75,2017,0.0
HU,CPA_M74_75,2018,0.0
HU,CPA_M74_75,2019,0.0
HU,CPA_M74_75,2020,0.0
HU,CPA_M74_75,2021,0.0
HU,CPA_M74_75,2022,0.0
HU,CPA_M74_75,2023,0.0
IE,CPA_M74_75,2014,0.0
IE,CPA_M74_75,2021,0.27
IE,CPA_M74_75,2022,-0.02
IT,CPA_M74_75,2014,2.48
IT,CPA_M74_75,2015,4.6
IT,CPA_M74_75,2016,4.8
IT,CPA_M74_75,2017,4.9
IT,CPA_M74_75,2018,5.0
IT,CPA_M74_75,2019,5.2
IT,CPA_M74_75,2020,3.7
IT,CPA_M74_75,2021,3.6
IT,CPA_M74_75,2022,4.4
LU,CPA_M74_75,2014,0.0
LU,CPA_M74_75,2015,0.0
LU,CPA_M74_75,2016,0.0
LU,CPA_M74_75,2017,0.0
LU,CPA_M74_75,2018,0.0
LU,CPA_M74_75,2019,0.0
LU,CPA_M74_75,2020,0.0
LU,CPA_M74_75,2021,0.0
LU,CPA_M74_75,2022,0.0
LV,CPA_M74_75,2014,0.01
LV,CPA_M74_75,2015,0.0
LV,CPA_M74_75,2016,0.0
LV,CPA_M74_75,2017,0.0
LV,CPA_M74_75,2018,0.0
LV,CPA_M74_75,2019,0.0
LV,CPA_M74_75,2020,0.0
LV,CPA_M74_75,2021,0.0
LV,CPA_M74_75,2022,0.0
LV,CPA_M74_75,2023,0.0
MK,CPA_M74_75,2022,0.0
MK,CPA_M74_75,2023,0.0
MT,CPA_M74_75,2014,0.0
MT,CPA_M74_75,2015,0.0
MT,CPA_M74_75,2016,0.0
MT,CPA_M74_75,2017,0.0
MT,CPA_M74_75,2018,0.0
MT,CPA_M74_75,2019,0.0
MT,CPA_M74_75,2020,0.0
MT,CPA_M74_75,2021,0.0
MT,CPA_M74_75,2022,0.0
NL,CPA_M74_75,2014,0.0
NL,CPA_M74_75,2015,0.0
NL,CPA_M74_75,2016,0.0
NL,CPA_M74_75,2017,0.0
NL,CPA_M74_75,2018,0.0
NL,CPA_M74_75,2019,0.0
NL,CPA_M74_75,2020,0.0
NL,CPA_M74_75,2021,0.0
NL,CPA_M74_75,2022,0.0
NL,CPA_M74_75,2023,0.0
NL,CPA_M74_75,2024,0.0
NO,CPA_M74_75,2014,0.0
NO,CPA_M74_75,2015,0.0
NO,CPA_M74_75,2016,0.0
NO,CPA_M74_75,2017,0.0
NO,CPA_M74_75,2018,0.0
NO,CPA_M74_75,2019,0.0
NO,CPA_M74_75,2020,0.0
NO,CPA_M74_75,2021,0.0
NO,CPA_M74_75,2022,0.0
NO,CPA_M74_75,2023,0.0
PL,CPA_M74_75,2014,0.0
PL,CPA_M74_75,2015,0.0
PL,CPA_M74_75,2016,0.0
PL,CPA_M74_75,2017,0.0
PL,CPA_M74_75,2018,0.0
PL,CPA_M74_75,2019,0.0
PL,CPA_M74_75,2020,0.0
PL,CPA_M74_75,2021,0.0
PL,CPA_M74_75,2022,0.0
PT,CPA_M74_75,2014,0.0
PT,CPA_M74_75,2015,0.0
PT,CPA_M74_75,2016,0.0
PT,CPA_M74_75,2017,0.0
PT,CPA_M74_75,2018,0.0
PT,CPA_M74_75,2019,0.0
PT,CPA_M74_75,2020,0.0
PT,CPA_M74_75,2021,0.0
PT,CPA_M74_75,2022,0.0
PT,CPA_M74_75,2023,0.0
PT,CPA_M74_75,2024,0.0
RO,CPA_M74_75,2014,0.0
RO,CPA_M74_75,2015,0.0
RO,CPA_M74_75,2016,0.0
RO,CPA_M74_75,2017,0.0
RO,CPA_M74_75,2018,0.0
RO,CPA_M74_75,2019,0.0
RO,CPA_M74_75,2020,0.0
RO,CPA_M74_75,2021,0.0
RO,CPA_M74_75,2022,0.0
RS,CPA_M74_75,2014,0.0
RS,CPA_M74_75,2015,0.0
RS,CPA_M74_75,2016,0.0
RS,CPA_M74_75,2017,0.0
RS,CPA_M74_75,2018,0.0
RS,CPA_M74_75,2019,0.0
RS,CPA_M74_75,2020,0.0
RS,CPA_M74_75,2021,0.0
RS,CPA_M74_75,2022,0.0
SE,CPA_M74_75,2015,0.0
SE,CPA_M74_75,2016,0.0
SE,CPA_M74_75,2017,0.0
SE,CPA_M74_75,2018,0.0
SE,CPA_M74_75,2019,0.0
SE,CPA_M74_75,2020,0.0
SE,CPA_M74_75,2021,0.0
SE,CPA_M74_75,2022,0.0
SE,CPA_M74_75,2023,0.0
SI,CPA_M74_75,2014,0.0
SI,CPA_M74_75,2015,0.0
SI,CPA_M74_75,2016,0.0
SI,CPA_M74_75,2017,0.0
SI,CPA_M74_75,2018,0.0
SI,CPA_M74_75,2019,0.0
SI,CPA_M74_75,2020,0.0
SI,CPA_M74_75,2021,0.0
SI,CPA_M74_75,2022,0.0
SI,CPA_M74_75,2023,0.0
SK,CPA_M74_75,2014,0.0
SK,CPA_M74_75,2015,0.0
SK,CPA_M74_75,2016,0.0
SK,CPA_M74_75,2017,0.0
SK,CPA_M74_75,2018,0.0
SK,CPA_M74_75,2019,0.0
SK,CPA_M74_75,2020,0.0
SK,CPA_M74_75,2021,0.0
SK,CPA_M74_75,2022,0.0
TR,CPA_M74_75,2023,0.0
XK,CPA_M74_75,2014,0.0
XK,CPA_M74_75,2015,0.0
XK,CPA_M74_75,2016,0.0
XK,CPA_M74_75,2017,0.0
XK,CPA_M74_75,2018,0.0
XK,CPA_M74_75,2019,0.0
BE,CPA_M75,2015,0.0
BE,CPA_M75,2016,0.0
BE,CPA_M75,2019,0.0
BE,CPA_M75,2020,0.0
BE,CPA_M75,2021,0.0
BE,CPA_M75,2022,0.0
BG,CPA_M75,2018,0.0
BG,CPA_M75,2019,0.0
BG,CPA_M75,2020,0.0
BG,CPA_M75,2021,0.0
BG,CPA_M75,2022,0.0
CZ,CPA_M75,2014,0.0
CZ,CPA_M75,2015,0.0
CZ,CPA_M75,2016,0.0
CZ,CPA_M75,2017,0.0
CZ,CPA_M75,2018,0.0
CZ,CPA_M75,2019,0.0
CZ,CPA_M75,2020,0.0
CZ,CPA_M75,2021,0.0
CZ,CPA_M75,2022,0.0
CZ,CPA_M75,2023,0.0
CZ,CPA_M75,2024,0.0
DK,CPA_M75,2015,0.0
DK,CPA_M75,2016,0.0
DK,CPA_M75,2017,0.0
DK,CPA_M75,2018,0.0
DK,CPA_M75,2019,0.0
DK,CPA_M75,2020,0.0
DK,CPA_M75,2021,0.0
DK,CPA_M75,2022,0.0
FR,CPA_M75,2021,0.0
FR,CPA_M75,2022,0.0
HR,CPA_M75,2015,0.0
HR,CPA_M75,2016,0.0
HR,CPA_M75,2017,0.0
HR,CPA_M75,2018,0.0
HU,CPA_M75,2016,0.0
HU,CPA_M75,2017,0.0
HU,CPA_M75,2018,0.0
HU,CPA_M75,2019,0.0
HU,CPA_M75,2020,0.0
HU,CPA_M75,2021,0.0
HU,CPA_M75,2022,0.0
HU,CPA_M75,2023,0.0
RO,CPA_M75,2014,0.0
RO,CPA_M75,2015,0.0
RO,CPA_M75,2016,0.0
RO,CPA_M75,2017,0.0
RO,CPA_M75,2018,0.0
RO,CPA_M75,2019,0.0
RO,CPA_M75,2020,0.0
RO,CPA_M75,2021,0.0
RO,CPA_M75,2022,0.0
SK,CPA_M75,2014,0.0
SK,CPA_M75,2015,0.0
SK,CPA_M75,2016,0.0
SK,CPA_M75,2017,0.0
SK,CPA_M75,2018,0.0
SK,CPA_M75,2019,0.0
SK,CPA_M75,2020,0.0
SK,CPA_M75,2021,0.0
SK,CPA_M75,2022,0.0
AL,CPA_N77,2014,0.0
AL,CPA_N77,2015,0.0
AL,CPA_N77,2016,0.0
AL,CPA_N77,2017,0.0
AL,CPA_N77,2018,0.0
AL,CPA_N77,2019,0.0
AL,CPA_N77,2020,0.0
AL,CPA_N77,2021,0.0
AL,CPA_N77,2022,0.0
AL,CPA_N77,2023,0.0
AL,CPA_N77,2024,0.0
AT,CPA_N77,2014,0.0
AT,CPA_N77,2015,0.0
AT,CPA_N77,2016,0.0
AT,CPA_N77,2017,0.0
AT,CPA_N77,2018,0.0
AT,CPA_N77,2019,0.0
AT,CPA_N77,2020,0.0
AT,CPA_N77,2021,0.0
AT,CPA_N77,2022,0.0
BE,CPA_N77,2014,0.0
BE,CPA_N77,2015,0.0
BE,CPA_N77,2016,0.0
BE,CPA_N77,2017,0.0
BE,CPA_N77,2018,0.0
BE,CPA_N77,2019,0.0
BE,CPA_N77,2020,0.0
BE,CPA_N77,2021,0.0
BE,CPA_N77,2022,0.0
BG,CPA_N77,2014,0.0
BG,CPA_N77,2018,0.0
BG,CPA_N77,2019,0.0
BG,CPA_N77,2020,0.0
BG,CPA_N77,2021,0.0
BG,CPA_N77,2022,0.0
CY,CPA_N77,2014,0.0
CY,CPA_N77,2015,0.0
CY,CPA_N77,2016,0.0
CY,CPA_N77,2017,0.0
CY,CPA_N77,2018,0.0
CY,CPA_N77,2019,0.0
CY,CPA_N77,2020,0.0
CY,CPA_N77,2021,0.0
CY,CPA_N77,2022,0.0
CZ,CPA_N77,2014,0.0
CZ,CPA_N77,2015,0.0
CZ,CPA_N77,2016,0.0
CZ,CPA_N77,2017,0.0
CZ,CPA_N77,2018,0.0
CZ,CPA_N77,2019,0.0
CZ,CPA_N77,2020,0.0
CZ,CPA_N77,2021,0.0
CZ,CPA_N77,2022,0.0
CZ,CPA_N77,2023,0.0
CZ,CPA_N77,2024,0.0
DE,CPA_N77,2014,0.0
DE,CPA_N77,2015,0.0
DE,CPA_N77,2016,0.0
DE,CPA_N77,2017,0.0
DE,CPA_N77,2018,0.0
DE,CPA_N77,2019,0.0
DE,CPA_N77,2020,0.0
DE,CPA_N77,2021,0.0
DE,CPA_N77,2022,0.0
DK,CPA_N77,2014,0.0
DK,CPA_N77,2015,0.0
DK,CPA_N77,2016,0.0
DK,CPA_N77,2017,0.0
DK,CPA_N77,2018,0.0
DK,CPA_N77,2019,0.0
DK,CPA_N77,2020,0.0
DK,CPA_N77,2021,0.0
DK,CPA_N77,2022,0.0
EA21,CPA_N77,2014,0.0
EA21,CPA_N77,2015,0.0
EA21,CPA_N77,2016,0.0
EA21,CPA_N77,2017,0.0
EA21,CPA_N77,2018,0.0
EA21,CPA_N77,2019,0.0
EA21,CPA_N77,2020,0.0
EA21,CPA_N77,2021,0.0
EA21,CPA_N77,2022,0.0
EA21,CPA_N77,2023,0.0
EA21,CPA_N77,2024,0.0
EE,CPA_N77,2019,0.0
EE,CPA_N77,2020,0.0
EE,CPA_N77,2021,0.0
EE,CPA_N77,2022,0.0
EL,CPA_N77,2014,0.0
EL,CPA_N77,2015,0.0
EL,CPA_N77,2016,0.0
EL,CPA_N77,2017,0.0
EL,CPA_N77,2018,0.0
EL,CPA_N77,2019,0.0
EL,CPA_N77,2020,0.0
EL,CPA_N77,2021,0.0
EL,CPA_N77,2022,0.0
ES,CPA_N77,2014,0.0
ES,CPA_N77,2015,0.0
ES,CPA_N77,2016,0.0
ES,CPA_N77,2017,0.0
ES,CPA_N77,2018,0.0
ES,CPA_N77,2019,0.0
ES,CPA_N77,2020,0.0
ES,CPA_N77,2021,0.0
ES,CPA_N77,2022,0.0
ES,CPA_N77,2023,0.0
EU27_2020,CPA_N77,2014,0.0
EU27_2020,CPA_N77,2015,0.0
EU27_2020,CPA_N77,2016,0.0
EU27_2020,CPA_N77,2017,0.0
EU27_2020,CPA_N77,2018,0.0
EU27_2020,CPA_N77,2019,0.0
EU27_2020,CPA_N77,2020,3.16
EU27_2020,CPA_N77,2021,0.0
EU27_2020,CPA_N77,2022,0.0
EU27_2020,CPA_N77,2023,1.97
EU27_2020,CPA_N77,2024,1.98
FI,CPA_N77,2014,0.0
FI,CPA_N77,2015,0.0
FI,CPA_N77,2016,0.0
FI,CPA_N77,2017,0.0
FI,CPA_N77,2018,0.0
FI,CPA_N77,2019,0.0
FI,CPA_N77,2020,0.0
FI,CPA_N77,2021,0.0
FI,CPA_N77,2022,0.0
FI,CPA_N77,2023,0.0
FR,CPA_N77,2014,0.0
FR,CPA_N77,2015,0.0
FR,CPA_N77,2016,0.0
FR,CPA_N77,2017,0.0
FR,CPA_N77,2018,0.0
FR,CPA_N77,2019,0.0
FR,CPA_N77,2020,0.0
FR,CPA_N77,2021,0.0
FR,CPA_N77,2022,0.0
HR,CPA_N77,2015,0.0
HR,CPA_N77,2016,0.0
HR,CPA_N77,2017,0.0
HR,CPA_N77,2018,0.0
HU,CPA_N77,2014,0.0
HU,CPA_N77,2015,0.0
HU,CPA_N77,2016,0.0
HU,CPA_N77,2017,0.0
HU,CPA_N77,2018,0.0
HU,CPA_N77,2019,0.0
HU,CPA_N77,2020,3.17
HU,CPA_N77,2021,0.0
HU,CPA_N77,2022,0.0
HU,CPA_N77,2023,1.97
IE,CPA_N77,2014,0.0
IE,CPA_N77,2015,0.0
IE,CPA_N77,2016,0.0
IE,CPA_N77,2017,0.0
IE,CPA_N77,2018,0.0
IE,CPA_N77,2019,0.0
IE,CPA_N77,2020,0.0
IE,CPA_N77,2021,0.0
IE,CPA_N77,2022,0.0
IT,CPA_N77,2014,0.0
IT,CPA_N77,2015,0.0
IT,CPA_N77,2016,0.0
IT,CPA_N77,2017,0.0
IT,CPA_N77,2018,0.0
IT,CPA_N77,2019,0.0
IT,CPA_N77,2020,0.0
IT,CPA_N77,2021,0.0
IT,CPA_N77,2022,0.0
LU,CPA_N77,2014,0.0
LU,CPA_N77,2015,0.0
LU,CPA_N77,2016,0.0
LU,CPA_N77,2017,0.0
LU,CPA_N77,2018,0.0
LU,CPA_N77,2019,0.0
LU,CPA_N77,2020,0.0
LU,CPA_N77,2021,0.0
LU,CPA_N77,2022,0.0
LV,CPA_N77,2014,0.0
LV,CPA_N77,2015,0.0
LV,CPA_N77,2016,0.0
LV,CPA_N77,2017,0.0
LV,CPA_N77,2018,0.0
LV,CPA_N77,2019,0.0
LV,CPA_N77,2020,0.0
LV,CPA_N77,2021,0.0
LV,CPA_N77,2022,0.0
LV,CPA_N77,2023,0.0
MK,CPA_N77,2022,0.0
MK,CPA_N77,2023,0.0
MT,CPA_N77,2014,0.0
MT,CPA_N77,2015,0.0
MT,CPA_N77,2016,0.0
MT,CPA_N77,2017,0.0
MT,CPA_N77,2018,0.0
MT,CPA_N77,2019,0.0
MT,CPA_N77,2020,0.0
MT,CPA_N77,2021,0.0
MT,CPA_N77,2022,0.0
NL,CPA_N77,2014,0.0
NL,CPA_N77,2015,0.0
NL,CPA_N77,2016,0.0
NL,CPA_N77,2017,0.0
NL,CPA_N77,2018,0.0
NL,CPA_N77,2019,0.0
NL,CPA_N77,2020,0.0
NL,CPA_N77,2021,0.0
NL,CPA_N77,2022,0.0
NL,CPA_N77,2023,0.0
NL,CPA_N77,2024,0.0
NO,CPA_N77,2014,0.0
NO,CPA_N77,2015,0.0
NO,CPA_N77,2016,0.0
NO,CPA_N77,2017,0.0
NO,CPA_N77,2018,0.0
NO,CPA_N77,2019,0.0
NO,CPA_N77,2020,0.0
NO,CPA_N77,2021,0.0
NO,CPA_N77,2022,0.0
NO,CPA_N77,2023,0.0
PL,CPA_N77,2014,0.0
PL,CPA_N77,2015,0.0
PL,CPA_N77,2016,0.0
PL,CPA_N77,2017,0.0
PL,CPA_N77,2018,0.0
PL,CPA_N77,2019,0.0
PL,CPA_N77,2020,0.0
PL,CPA_N77,2021,0.0
PL,CPA_N77,2022,0.0
PT,CPA_N77,2014,0.0
PT,CPA_N77,2015,0.0
PT,CPA_N77,2016,0.0
PT,CPA_N77,2017,0.0
PT,CPA_N77,2018,0.0
PT,CPA_N77,2019,0.0
PT,CPA_N77,2020,0.0
PT,CPA_N77,2021,0.0
PT,CPA_N77,2022,0.0
PT,CPA_N77,2023,0.0
PT,CPA_N77,2024,0.0
RO,CPA_N77,2014,0.0
RO,CPA_N77,2015,0.0
RO,CPA_N77,2016,0.0
RO,CPA_N77,2017,0.0
RO,CPA_N77,2018,0.0
RO,CPA_N77,2019,0.0
RO,CPA_N77,2020,0.0
RO,CPA_N77,2021,0.0
RO,CPA_N77,2022,0.0
RS,CPA_N77,2014,0.0
RS,CPA_N77,2015,0.0
RS,CPA_N77,2016,0.0
RS,CPA_N77,2017,0.0
RS,CPA_N77,2018,0.0
RS,CPA_N77,2019,0.0
RS,CPA_N77,2020,0.0
RS,CPA_N77,2021,0.0
RS,CPA_N77,2022,0.0
SE,CPA_N77,2015,0.0
SE,CPA_N77,2016,0.0
SE,CPA_N77,2017,0.0
SE,CPA_N77,2018,0.0
SE,CPA_N77,2019,0.0
SE,CPA_N77,2020,0.0
SE,CPA_N77,2021,0.0
SE,CPA_N77,2022,0.0
SE,CPA_N77,2023,0.0
SI,CPA_N77,2014,0.0
SI,CPA_N77,2015,0.0
SI,CPA_N77,2016,0.0
SI,CPA_N77,2017,0.0
SI,CPA_N77,2018,0.0
SI,CPA_N77,2019,0.0
SI,CPA_N77,2020,0.0
SI,CPA_N77,2021,0.0
SI,CPA_N77,2022,0.0
SI,CPA_N77,2023,0.0
SK,CPA_N77,2014,0.0
SK,CPA_N77,2015,0.0
SK,CPA_N77,2016,0.0
SK,CPA_N77,2017,0.0
SK,CPA_N77,2018,0.0
SK,CPA_N77,2019,0.0
SK,CPA_N77,2020,0.0
SK,CPA_N77,2021,0.0
SK,CPA_N77,2022,0.0
TR,CPA_N77,2023,0.0
XK,CPA_N77,2014,0.0
XK,CPA_N77,2015,0.0
XK,CPA_N77,2016,0.0
XK,CPA_N77,2017,0.0
XK,CPA_N77,2018,0.0
XK,CPA_N77,2019,0.0
AL,CPA_N78,2014,0.0
AL,CPA_N78,2015,0.0
AL,CPA_N78,2016,0.0
AL,CPA_N78,2017,0.0
AL,CPA_N78,2018,0.0
AL,CPA_N78,2019,0.0
AL,CPA_N78,2020,0.0
AL,CPA_N78,2021,0.0
AL,CPA_N78,2022,0.0
AL,CPA_N78,2023,0.0
AL,CPA_N78,2024,0.0
AT,CPA_N78,2014,0.0
AT,CPA_N78,2015,0.0
AT,CPA_N78,2016,0.0
AT,CPA_N78,2017,0.0
AT,CPA_N78,2018,0.0
AT,CPA_N78,2019,0.0
AT,CPA_N78,2020,0.0
AT,CPA_N78,2021,0.0
AT,CPA_N78,2022,0.0
BE,CPA_N78,2014,0.0
BE,CPA_N78,2015,0.0
BE,CPA_N78,2016,0.0
BE,CPA_N78,2017,0.0
BE,CPA_N78,2018,0.0
BE,CPA_N78,2019,0.0
BE,CPA_N78,2020,0.0
BE,CPA_N78,2021,0.0
BE,CPA_N78,2022,0.0
BG,CPA_N78,2014,0.0
BG,CPA_N78,2018,0.0
BG,CPA_N78,2019,0.0
BG,CPA_N78,2020,0.0
BG,CPA_N78,2021,0.0
BG,CPA_N78,2022,0.0
CY,CPA_N78,2014,0.0
CY,CPA_N78,2015,0.0
CY,CPA_N78,2016,0.0
CY,CPA_N78,2017,0.0
CY,CPA_N78,2018,0.0
CY,CPA_N78,2019,0.0
CY,CPA_N78,2020,0.0
CY,CPA_N78,2021,0.0
CY,CPA_N78,2022,0.0
CZ,CPA_N78,2014,0.0
CZ,CPA_N78,2015,0.0
CZ,CPA_N78,2016,0.0
CZ,CPA_N78,2017,0.0
CZ,CPA_N78,2018,0.0
CZ,CPA_N78,2019,0.0
CZ,CPA_N78,2020,0.0
CZ,CPA_N78,2021,0.0
CZ,CPA_N78,2022,0.0
CZ,CPA_N78,2023,0.0
CZ,CPA_N78,2024,0.0
DE,CPA_N78,2014,0.0
DE,CPA_N78,2015,0.0
DE,CPA_N78,2016,0.0
DE,CPA_N78,2017,0.0
DE,CPA_N78,2018,0.0
DE,CPA_N78,2019,0.0
DE,CPA_N78,2020,0.0
DE,CPA_N78,2021,0.0
DE,CPA_N78,2022,0.0
DK,CPA_N78,2014,0.0
DK,CPA_N78,2015,0.0
DK,CPA_N78,2016,0.0
DK,CPA_N78,2017,0.0
DK,CPA_N78,2018,0.0
DK,CPA_N78,2019,0.0
DK,CPA_N78,2020,0.0
DK,CPA_N78,2021,0.0
DK,CPA_N78,2022,0.0
EA21,CPA_N78,2014,0.0
EA21,CPA_N78,2015,0.0
EA21,CPA_N78,2016,0.0
EA21,CPA_N78,2017,0.0
EA21,CPA_N78,2018,0.0
EA21,CPA_N78,2019,0.0
EA21,CPA_N78,2020,0.0
EA21,CPA_N78,2021,0.0
EA21,CPA_N78,2022,0.0
EA21,CPA_N78,2023,0.0
EA21,CPA_N78,2024,0.0
EE,CPA_N78,2019,0.0
EE,CPA_N78,2020,0.0
EE,CPA_N78,2021,0.0
EE,CPA_N78,2022,0.0
EL,CPA_N78,2014,0.0
EL,CPA_N78,2015,0.0
EL,CPA_N78,2016,0.0
EL,CPA_N78,2017,0.0
EL,CPA_N78,2018,0.0
EL,CPA_N78,2019,0.0
EL,CPA_N78,2020,0.0
EL,CPA_N78,2021,0.0
EL,CPA_N78,2022,0.0
ES,CPA_N78,2014,0.0
ES,CPA_N78,2015,0.0
ES,CPA_N78,2016,0.0
ES,CPA_N78,2017,0.0
ES,CPA_N78,2018,0.0
ES,CPA_N78,2019,0.0
ES,CPA_N78,2020,0.0
ES,CPA_N78,2021,0.0
ES,CPA_N78,2022,0.0
ES,CPA_N78,2023,0.0
EU27_2020,CPA_N78,2014,0.0
EU27_2020,CPA_N78,2015,0.0
EU27_2020,CPA_N78,2016,0.0
EU27_2020,CPA_N78,2017,0.0
EU27_2020,CPA_N78,2018,0.0
EU27_2020,CPA_N78,2019,0.0
EU27_2020,CPA_N78,2020,0.0
EU27_2020,CPA_N78,2021,0.0
EU27_2020,CPA_N78,2022,0.0
EU27_2020,CPA_N78,2023,0.0
EU27_2020,CPA_N78,2024,0.0
FI,CPA_N78,2014,0.0
FI,CPA_N78,2015,0.0
FI,CPA_N78,2016,0.0
FI,CPA_N78,2017,0.0
FI,CPA_N78,2018,0.0
FI,CPA_N78,2019,0.0
FI,CPA_N78,2020,0.0
FI,CPA_N78,2021,0.0
FI,CPA_N78,2022,0.0
FI,CPA_N78,2023,0.0
FR,CPA_N78,2014,0.0
FR,CPA_N78,2015,0.0
FR,CPA_N78,2016,0.0
FR,CPA_N78,2017,0.0
FR,CPA_N78,2018,0.0
FR,CPA_N78,2019,0.0
FR,CPA_N78,2020,0.0
FR,CPA_N78,2021,0.0
FR,CPA_N78,2022,0.0
HR,CPA_N78,2015,0.0
HR,CPA_N78,2016,0.0
HR,CPA_N78,2017,0.0
HR,CPA_N78,2018,0.0
HU,CPA_N78,2014,0.0
HU,CPA_N78,2015,0.0
HU,CPA_N78,2016,0.0
HU,CPA_N78,2017,0.0
HU,CPA_N78,2018,0.0
HU,CPA_N78,2019,0.0
HU,CPA_N78,2020,0.0
HU,CPA_N78,2021,0.0
HU,CPA_N78,2022,0.0
HU,CPA_N78,2023,0.0
IE,CPA_N78,2014,0.0
IE,CPA_N78,2015,0.0
IE,CPA_N78,2016,0.0
IE,CPA_N78,2017,0.0
IE,CPA_N78,2018,0.0
IE,CPA_N78,2019,0.0
IE,CPA_N78,2020,0.0
IE,CPA_N78,2021,0.0
IE,CPA_N78,2022,0.0
IT,CPA_N78,2014,0.0
IT,CPA_N78,2015,0.0
IT,CPA_N78,2016,0.0
IT,CPA_N78,2017,0.0
IT,CPA_N78,2018,0.0
IT,CPA_N78,2019,0.0
IT,CPA_N78,2020,0.0
IT,CPA_N78,2021,0.0
IT,CPA_N78,2022,0.0
LU,CPA_N78,2014,0.0
LU,CPA_N78,2015,0.0
LU,CPA_N78,2016,0.0
LU,CPA_N78,2017,0.0
LU,CPA_N78,2018,0.0
LU,CPA_N78,2019,0.0
LU,CPA_N78,2020,0.0
LU,CPA_N78,2021,0.0
LU,CPA_N78,2022,0.0
LV,CPA_N78,2014,0.0
LV,CPA_N78,2015,0.0
LV,CPA_N78,2016,0.0
LV,CPA_N78,2017,0.0
LV,CPA_N78,2018,0.0
LV,CPA_N78,2019,0.0
LV,CPA_N78,2020,0.0
LV,CPA_N78,2021,0.0
LV,CPA_N78,2022,0.0
LV,CPA_N78,2023,0.0
MK,CPA_N78,2022,0.0
MK,CPA_N78,2023,0.0
MT,CPA_N78,2014,0.0
MT,CPA_N78,2015,0.0
MT,CPA_N78,2016,0.0
MT,CPA_N78,2017,0.0
MT,CPA_N78,2018,0.0
MT,CPA_N78,2019,0.0
MT,CPA_N78,2020,0.0
MT,CPA_N78,2021,0.0
MT,CPA_N78,2022,0.0
NL,CPA_N78,2014,0.0
NL,CPA_N78,2015,0.0
NL,CPA_N78,2016,0.0
NL,CPA_N78,2017,0.0
NL,CPA_N78,2018,0.0
NL,CPA_N78,2019,0.0
NL,CPA_N78,2020,0.0
NL,CPA_N78,2021,0.0
NL,CPA_N78,2022,0.0
NL,CPA_N78,2023,0.0
NL,CPA_N78,2024,0.0
NO,CPA_N78,2014,0.0
NO,CPA_N78,2015,0.0
NO,CPA_N78,2016,0.0
NO,CPA_N78,2017,0.0
NO,CPA_N78,2018,0.0
NO,CPA_N78,2019,0.0
NO,CPA_N78,2020,0.0
NO,CPA_N78,2021,0.0
NO,CPA_N78,2022,0.0
NO,CPA_N78,2023,0.0
PL,CPA_N78,2014,0.0
PL,CPA_N78,2015,0.0
PL,CPA_N78,2016,0.0
PL,CPA_N78,2017,0.0
PL,CPA_N78,2018,0.0
PL,CPA_N78,2019,0.0
PL,CPA_N78,2020,0.0
PL,CPA_N78,2021,0.0
PL,CPA_N78,2022,0.0
PT,CPA_N78,2014,0.0
PT,CPA_N78,2015,0.0
PT,CPA_N78,2016,0.0
PT,CPA_N78,2017,0.0
PT,CPA_N78,2018,0.0
PT,CPA_N78,2019,0.0
PT,CPA_N78,2020,0.0
PT,CPA_N78,2021,0.0
PT,CPA_N78,2022,0.0
PT,CPA_N78,2023,0.0
PT,CPA_N78,2024,0.0
RO,CPA_N78,2014,0.0
RO,CPA_N78,2015,0.0
RO,CPA_N78,2016,0.0
RO,CPA_N78,2017,0.0
RO,CPA_N78,2018,0.0
RO,CPA_N78,2019,0.0
RO,CPA_N78,2020,0.0
RO,CPA_N78,2021,0.0
RO,CPA_N78,2022,0.0
RS,CPA_N78,2014,0.0
RS,CPA_N78,2015,0.0
RS,CPA_N78,2016,0.0
RS,CPA_N78,2017,0.0
RS,CPA_N78,2018,0.0
RS,CPA_N78,2019,0.0
RS,CPA_N78,2020,0.0
RS,CPA_N78,2021,0.0
RS,CPA_N78,2022,0.0
SE,CPA_N78,2015,0.0
SE,CPA_N78,2016,0.0
SE,CPA_N78,2017,0.0
SE,CPA_N78,2018,0.0
SE,CPA_N78,2019,0.0
SE,CPA_N78,2020,0.0
SE,CPA_N78,2021,0.0
SE,CPA_N78,2022,0.0
SE,CPA_N78,2023,0.0
SI,CPA_N78,2014,0.0
SI,CPA_N78,2015,0.0
SI,CPA_N78,2016,0.0
SI,CPA_N78,2017,0.0
SI,CPA_N78,2018,0.0
SI,CPA_N78,2019,0.0
SI,CPA_N78,2020,0.0
SI,CPA_N78,2021,0.0
SI,CPA_N78,2022,0.0
SI,CPA_N78,2023,0.0
SK,CPA_N78,2014,0.0
SK,CPA_N78,2015,0.0
SK,CPA_N78,2016,0.0
SK,CPA_N78,2017,0.0
SK,CPA_N78,2018,0.0
SK,CPA_N78,2019,0.0
SK,CPA_N78,2020,0.0
SK,CPA_N78,2021,0.0
SK,CPA_N78,2022,0.0
TR,CPA_N78,2023,0.0
XK,CPA_N78,2014,0.0
XK,CPA_N78,2015,0.0
XK,CPA_N78,2016,0.0
XK,CPA_N78,2017,0.0
XK,CPA_N78,2018,0.0
XK,CPA_N78,2019,0.0
AL,CPA_N79,2014,0.0
AL,CPA_N79,2015,0.0
AL,CPA_N79,2016,0.0
AL,CPA_N79,2017,0.0
AL,CPA_N79,2018,0.0
AL,CPA_N79,2019,0.0
AL,CPA_N79,2020,0.0
AL,CPA_N79,2021,0.0
AL,CPA_N79,2022,0.0
AL,CPA_N79,2023,0.0
AL,CPA_N79,2024,0.0
AT,CPA_N79,2014,0.0
AT,CPA_N79,2015,0.0
AT,CPA_N79,2016,0.0
AT,CPA_N79,2017,0.0
AT,CPA_N79,2018,0.0
AT,CPA_N79,2019,0.0
AT,CPA_N79,2020,0.0
AT,CPA_N79,2021,0.0
AT,CPA_N79,2022,0.0
BE,CPA_N79,2014,0.0
BE,CPA_N79,2015,0.0
BE,CPA_N79,2016,0.0
BE,CPA_N79,2017,0.0
BE,CPA_N79,2018,0.0
BE,CPA_N79,2019,0.0
BE,CPA_N79,2020,0.0
BE,CPA_N79,2021,0.0
BE,CPA_N79,2022,0.0
BG,CPA_N79,2014,0.0
BG,CPA_N79,2018,0.0
BG,CPA_N79,2019,0.0
BG,CPA_N79,2020,0.0
BG,CPA_N79,2021,0.0
BG,CPA_N79,2022,0.0
CY,CPA_N79,2014,0.0
CY,CPA_N79,2015,0.0
CY,CPA_N79,2016,0.0
CY,CPA_N79,2017,0.0
CY,CPA_N79,2018,0.0
CY,CPA_N79,2019,0.0
CY,CPA_N79,2020,0.0
CY,CPA_N79,2021,0.0
CY,CPA_N79,2022,0.0
CZ,CPA_N79,2014,0.0
CZ,CPA_N79,2015,0.0
CZ,CPA_N79,2016,0.0
CZ,CPA_N79,2017,0.0
CZ,CPA_N79,2018,0.0
CZ,CPA_N79,2019,0.0
CZ,CPA_N79,2020,0.0
CZ,CPA_N79,2021,0.0
CZ,CPA_N79,2022,0.0
CZ,CPA_N79,2023,0.0
CZ,CPA_N79,2024,0.0
DE,CPA_N79,2014,0.0
DE,CPA_N79,2015,0.0
DE,CPA_N79,2016,0.0
DE,CPA_N79,2017,0.0
DE,CPA_N79,2018,0.0
DE,CPA_N79,2019,0.0
DE,CPA_N79,2020,0.0
DE,CPA_N79,2021,0.0
DE,CPA_N79,2022,0.0
DK,CPA_N79,2014,0.0
DK,CPA_N79,2015,0.0
DK,CPA_N79,2016,0.0
DK,CPA_N79,2017,0.0
DK,CPA_N79,2018,0.0
DK,CPA_N79,2019,2.03
DK,CPA_N79,2020,0.51
DK,CPA_N79,2021,0.87
DK,CPA_N79,2022,0.0
EA21,CPA_N79,2014,0.0
EA21,CPA_N79,2015,0.0
EA21,CPA_N79,2016,0.0
EA21,CPA_N79,2017,0.0
EA21,CPA_N79,2018,0.0
EA21,CPA_N79,2019,0.0
EA21,CPA_N79,2020,0.0
EA21,CPA_N79,2021,0.0
EA21,CPA_N79,2022,0.0
EA21,CPA_N79,2023,0.0
EA21,CPA_N79,2024,0.0
EE,CPA_N79,2019,0.0
EE,CPA_N79,2020,0.0
EE,CPA_N79,2021,0.0
EE,CPA_N79,2022,0.0
EL,CPA_N79,2014,0.0
EL,CPA_N79,2015,0.0
EL,CPA_N79,2016,0.0
EL,CPA_N79,2017,0.0
EL,CPA_N79,2018,0.0
EL,CPA_N79,2019,0.0
EL,CPA_N79,2020,0.0
EL,CPA_N79,2021,0.0
EL,CPA_N79,2022,0.0
ES,CPA_N79,2014,0.0
ES,CPA_N79,2015,0.0
ES,CPA_N79,2016,0.0
ES,CPA_N79,2017,0.0
ES,CPA_N79,2018,0.0
ES,CPA_N79,2019,0.0
ES,CPA_N79,2020,0.0
ES,CPA_N79,2021,0.0
ES,CPA_N79,2022,0.0
ES,CPA_N79,2023,0.0
EU27_2020,CPA_N79,2014,0.0
EU27_2020,CPA_N79,2015,0.0
EU27_2020,CPA_N79,2016,0.0
EU27_2020,CPA_N79,2017,0.0
EU27_2020,CPA_N79,2018,0.0
EU27_2020,CPA_N79,2019,2.44
EU27_2020,CPA_N79,2020,0.57
EU27_2020,CPA_N79,2021,0.99
EU27_2020,CPA_N79,2022,0.0
EU27_2020,CPA_N79,2023,0.0
EU27_2020,CPA_N79,2024,0.0
FI,CPA_N79,2014,0.0
FI,CPA_N79,2015,0.0
FI,CPA_N79,2016,0.0
FI,CPA_N79,2017,0.0
FI,CPA_N79,2018,0.0
FI,CPA_N79,2019,0.0
FI,CPA_N79,2020,0.0
FI,CPA_N79,2021,0.0
FI,CPA_N79,2022,0.0
FI,CPA_N79,2023,0.0
FR,CPA_N79,2014,0.0
FR,CPA_N79,2015,0.0
FR,CPA_N79,2016,0.0
FR,CPA_N79,2017,0.0
FR,CPA_N79,2018,0.0
FR,CPA_N79,2019,0.0
FR,CPA_N79,2020,0.0
FR,CPA_N79,2021,0.0
FR,CPA_N79,2022,0.0
HR,CPA_N79,2015,0.0
HR,CPA_N79,2016,0.0
HR,CPA_N79,2017,0.0
HR,CPA_N79,2018,0.0
HU,CPA_N79,2014,0.0
HU,CPA_N79,2015,0.0
HU,CPA_N79,2016,0.0
HU,CPA_N79,2017,0.0
HU,CPA_N79,2018,0.0
HU,CPA_N79,2019,0.0
HU,CPA_N79,2020,0.0
HU,CPA_N79,2021,0.0
HU,CPA_N79,2022,0.0
HU,CPA_N79,2023,0.0
IE,CPA_N79,2014,0.0
IE,CPA_N79,2015,0.0
IE,CPA_N79,2016,0.0
IE,CPA_N79,2017,0.0
IE,CPA_N79,2018,0.0
IE,CPA_N79,2019,0.0
IE,CPA_N79,2020,0.0
IE,CPA_N79,2021,0.0
IE,CPA_N79,2022,0.0
IT,CPA_N79,2014,0.0
IT,CPA_N79,2015,0.0
IT,CPA_N79,2016,0.0
IT,CPA_N79,2017,0.0
IT,CPA_N79,2018,0.0
IT,CPA_N79,2019,0.0
IT,CPA_N79,2020,0.0
IT,CPA_N79,2021,0.0
IT,CPA_N79,2022,0.0
LU,CPA_N79,2014,0.0
LU,CPA_N79,2015,0.0
LU,CPA_N79,2016,0.0
LU,CPA_N79,2017,0.0
LU,CPA_N79,2018,0.0
LU,CPA_N79,2019,0.0
LU,CPA_N79,2020,0.0
LU,CPA_N79,2021,0.0
LU,CPA_N79,2022,0.0
LV,CPA_N79,2014,0.0
LV,CPA_N79,2015,0.0
LV,CPA_N79,2016,0.0
LV,CPA_N79,2017,0.0
LV,CPA_N79,2018,0.0
LV,CPA_N79,2019,0.0
LV,CPA_N79,2020,0.0
LV,CPA_N79,2021,0.0
LV,CPA_N79,2022,0.0
LV,CPA_N79,2023,0.0
MK,CPA_N79,2022,0.0
MK,CPA_N79,2023,0.0
MT,CPA_N79,2014,0.0
MT,CPA_N79,2015,0.0
MT,CPA_N79,2016,0.0
MT,CPA_N79,2017,0.0
MT,CPA_N79,2018,0.0
MT,CPA_N79,2019,0.0
MT,CPA_N79,2020,0.0
MT,CPA_N79,2021,0.0
MT,CPA_N79,2022,0.0
NL,CPA_N79,2014,0.0
NL,CPA_N79,2015,0.0
NL,CPA_N79,2016,0.0
NL,CPA_N79,2017,0.0
NL,CPA_N79,2018,0.0
NL,CPA_N79,2019,0.0
NL,CPA_N79,2020,0.0
NL,CPA_N79,2021,0.0
NL,CPA_N79,2022,0.0
NL,CPA_N79,2023,0.0
NL,CPA_N79,2024,0.0
NO,CPA_N79,2014,0.0
NO,CPA_N79,2015,0.0
NO,CPA_N79,2016,0.0
NO,CPA_N79,2017,0.0
NO,CPA_N79,2018,0.0
NO,CPA_N79,2019,0.0
NO,CPA_N79,2020,0.0
NO,CPA_N79,2021,0.0
NO,CPA_N79,2022,0.0
NO,CPA_N79,2023,0.0
PL,CPA_N79,2014,0.0
PL,CPA_N79,2015,0.0
PL,CPA_N79,2016,0.0
PL,CPA_N79,2017,0.0
PL,CPA_N79,2018,0.0
PL,CPA_N79,2019,0.0
PL,CPA_N79,2020,0.0
PL,CPA_N79,2021,0.0
PL,CPA_N79,2022,0.0
PT,CPA_N79,2014,0.0
PT,CPA_N79,2015,0.0
PT,CPA_N79,2016,0.0
PT,CPA_N79,2017,0.0
PT,CPA_N79,2018,0.0
PT,CPA_N79,2019,0.0
PT,CPA_N79,2020,0.0
PT,CPA_N79,2021,0.0
PT,CPA_N79,2022,0.0
PT,CPA_N79,2023,0.0
PT,CPA_N79,2024,0.0
RO,CPA_N79,2014,0.0
RO,CPA_N79,2015,0.0
RO,CPA_N79,2016,0.0
RO,CPA_N79,2017,0.0
RO,CPA_N79,2018,0.0
RO,CPA_N79,2019,0.0
RO,CPA_N79,2020,0.0
RO,CPA_N79,2021,0.0
RO,CPA_N79,2022,0.0
RS,CPA_N79,2014,0.0
RS,CPA_N79,2015,0.0
RS,CPA_N79,2016,0.0
RS,CPA_N79,2017,0.0
RS,CPA_N79,2018,0.0
RS,CPA_N79,2019,0.0
RS,CPA_N79,2020,0.0
RS,CPA_N79,2021,0.0
RS,CPA_N79,2022,0.0
SE,CPA_N79,2015,0.0
SE,CPA_N79,2016,0.0
SE,CPA_N79,2017,0.0
SE,CPA_N79,2018,0.0
SE,CPA_N79,2019,0.0
SE,CPA_N79,2020,0.0
SE,CPA_N79,2021,0.0
SE,CPA_N79,2022,0.0
SE,CPA_N79,2023,0.0
SI,CPA_N79,2014,0.0
SI,CPA_N79,2015,0.0
SI,CPA_N79,2016,0.0
SI,CPA_N79,2017,0.0
SI,CPA_N79,2018,0.0
SI,CPA_N79,2019,0.0
SI,CPA_N79,2020,0.0
SI,CPA_N79,2021,0.0
SI,CPA_N79,2022,0.0
SI,CPA_N79,2023,0.0
SK,CPA_N79,2014,0.0
SK,CPA_N79,2015,0.0
SK,CPA_N79,2016,0.0
SK,CPA_N79,2017,0.0
SK,CPA_N79,2018,0.0
SK,CPA_N79,2019,0.0
SK,CPA_N79,2020,0.0
SK,CPA_N79,2021,0.0
SK,CPA_N79,2022,0.0
TR,CPA_N79,2023,0.0
XK,CPA_N79,2014,0.0
XK,CPA_N79,2015,0.0
XK,CPA_N79,2016,0.0
XK,CPA_N79,2017,0.0
XK,CPA_N79,2018,0.0
XK,CPA_N79,2019,0.0
BE,CPA_N80,2015,0.0
BE,CPA_N80,2016,0.0
BE,CPA_N80,2019,0.0
BE,CPA_N80,2020,0.0
BE,CPA_N80,2021,0.0
BE,CPA_N80,2022,0.0
BG,CPA_N80,2018,0.0
BG,CPA_N80,2019,0.0
BG,CPA_N80,2020,0.0
BG,CPA_N80,2021,0.0
BG,CPA_N80,2022,0.0
CZ,CPA_N80,2014,0.0
CZ,CPA_N80,2015,0.0
CZ,CPA_N80,2016,0.0
CZ,CPA_N80,2017,0.0
CZ,CPA_N80,2018,0.0
CZ,CPA_N80,2019,0.0
CZ,CPA_N80,2020,0.0
CZ,CPA_N80,2021,0.0
CZ,CPA_N80,2022,0.0
CZ,CPA_N80,2023,0.0
CZ,CPA_N80,2024,0.0
DK,CPA_N80,2015,0.0
DK,CPA_N80,2016,0.0
DK,CPA_N80,2017,0.0
DK,CPA_N80,2018,0.0
DK,CPA_N80,2019,0.0
DK,CPA_N80,2020,0.0
DK,CPA_N80,2021,0.0
DK,CPA_N80,2022,0.0
FR,CPA_N80,2021,0.0
FR,CPA_N80,2022,0.0
HR,CPA_N80,2015,0.0
HR,CPA_N80,2016,0.0
HR,CPA_N80,2017,0.0
HR,CPA_N80,2018,0.0
HU,CPA_N80,2016,0.0
HU,CPA_N80,2017,0.0
HU,CPA_N80,2018,0.0
HU,CPA_N80,2019,0.0
HU,CPA_N80,2020,0.0
HU,CPA_N80,2021,0.0
HU,CPA_N80,2022,0.0
HU,CPA_N80,2023,0.0
RO,CPA_N80,2014,0.0
RO,CPA_N80,2015,0.0
RO,CPA_N80,2016,0.0
RO,CPA_N80,2017,0.0
RO,CPA_N80,2018,0.0
RO,CPA_N80,2019,0.0
RO,CPA_N80,2020,0.0
RO,CPA_N80,2021,0.0
RO,CPA_N80,2022,0.0
SK,CPA_N80,2014,0.0
SK,CPA_N80,2015,0.0
SK,CPA_N80,2016,0.0
SK,CPA_N80,2017,0.0
SK,CPA_N80,2018,0.0
SK,CPA_N80,2019,0.0
SK,CPA_N80,2020,0.0
SK,CPA_N80,2021,0.0
SK,CPA_N80,2022,0.0
AL,CPA_N80-82,2014,0.0
AL,CPA_N80-82,2015,0.0
AL,CPA_N80-82,2016,0.0
AL,CPA_N80-82,2017,0.0
AL,CPA_N80-82,2018,0.0
AL,CPA_N80-82,2019,0.0
AL,CPA_N80-82,2020,0.0
AL,CPA_N80-82,2021,0.0
AL,CPA_N80-82,2022,0.0
AL,CPA_N80-82,2023,0.0
AL,CPA_N80-82,2024,0.0
AT,CPA_N80-82,2014,0.0
AT,CPA_N80-82,2015,0.0
AT,CPA_N80-82,2016,0.0
AT,CPA_N80-82,2017,0.0
AT,CPA_N80-82,2018,0.0
AT,CPA_N80-82,2019,0.0
AT,CPA_N80-82,2020,0.0
AT,CPA_N80-82,2021,0.0
AT,CPA_N80-82,2022,0.0
BE,CPA_N80-82,2014,0.0
BE,CPA_N80-82,2015,0.0
BE,CPA_N80-82,2016,0.0
BE,CPA_N80-82,2017,0.0
BE,CPA_N80-82,2018,0.0
BE,CPA_N80-82,2019,0.0
BE,CPA_N80-82,2020,0.0
BE,CPA_N80-82,2021,0.0
BE,CPA_N80-82,2022,0.0
BG,CPA_N80-82,2014,0.0
BG,CPA_N80-82,2018,0.0
BG,CPA_N80-82,2019,0.0
BG,CPA_N80-82,2020,0.0
BG,CPA_N80-82,2021,0.0
BG,CPA_N80-82,2022,0.0
CY,CPA_N80-82,2014,0.0
CY,CPA_N80-82,2015,0.0
CY,CPA_N80-82,2016,0.0
CY,CPA_N80-82,2017,0.0
CY,CPA_N80-82,2018,0.0
CY,CPA_N80-82,2019,0.0
CY,CPA_N80-82,2020,0.0
CY,CPA_N80-82,2021,0.0
CY,CPA_N80-82,2022,0.0
CZ,CPA_N80-82,2014,0.0
CZ,CPA_N80-82,2015,0.0
CZ,CPA_N80-82,2016,0.0
CZ,CPA_N80-82,2017,0.0
CZ,CPA_N80-82,2018,0.0
CZ,CPA_N80-82,2019,0.0
CZ,CPA_N80-82,2020,0.0
CZ,CPA_N80-82,2021,0.0
CZ,CPA_N80-82,2022,0.0
CZ,CPA_N80-82,2023,0.0
CZ,CPA_N80-82,2024,0.0
DE,CPA_N80-82,2014,0.0
DE,CPA_N80-82,2015,0.0
DE,CPA_N80-82,2016,0.0
DE,CPA_N80-82,2017,0.0
DE,CPA_N80-82,2018,0.0
DE,CPA_N80-82,2019,0.0
DE,CPA_N80-82,2020,0.0
DE,CPA_N80-82,2021,0.0
DE,CPA_N80-82,2022,0.0
DK,CPA_N80-82,2014,0.0
DK,CPA_N80-82,2015,0.0
DK,CPA_N80-82,2016,0.0
DK,CPA_N80-82,2017,0.0
DK,CPA_N80-82,2018,0.0
DK,CPA_N80-82,2019,0.0
DK,CPA_N80-82,2020,0.0
DK,CPA_N80-82,2021,0.0
DK,CPA_N80-82,2022,0.0
EA21,CPA_N80-82,2014,0.0
EA21,CPA_N80-82,2015,0.0
EA21,CPA_N80-82,2016,0.0
EA21,CPA_N80-82,2017,0.0
EA21,CPA_N80-82,2018,0.0
EA21,CPA_N80-82,2019,0.0
EA21,CPA_N80-82,2020,0.0
EA21,CPA_N80-82,2021,0.0
EA21,CPA_N80-82,2022,0.0
EA21,CPA_N80-82,2023,0.0
EA21,CPA_N80-82,2024,0.0
EE,CPA_N80-82,2019,0.0
EE,CPA_N80-82,2020,0.0
EE,CPA_N80-82,2021,0.0
EE,CPA_N80-82,2022,0.0
EL,CPA_N80-82,2014,0.0
EL,CPA_N80-82,2015,0.0
EL,CPA_N80-82,2016,0.0
EL,CPA_N80-82,2017,0.0
EL,CPA_N80-82,2018,0.0
EL,CPA_N80-82,2019,0.0
EL,CPA_N80-82,2020,0.0
EL,CPA_N80-82,2021,0.0
EL,CPA_N80-82,2022,0.0
ES,CPA_N80-82,2014,0.0
ES,CPA_N80-82,2015,0.0
ES,CPA_N80-82,2016,0.0
ES,CPA_N80-82,2017,0.0
ES,CPA_N80-82,2018,0.0
ES,CPA_N80-82,2019,0.0
ES,CPA_N80-82,2020,0.0
ES,CPA_N80-82,2021,0.0
ES,CPA_N80-82,2022,0.0
ES,CPA_N80-82,2023,0.0
EU27_2020,CPA_N80-82,2014,0.0
EU27_2020,CPA_N80-82,2015,0.0
EU27_2020,CPA_N80-82,2016,0.0
EU27_2020,CPA_N80-82,2017,0.0
EU27_2020,CPA_N80-82,2018,0.0
EU27_2020,CPA_N80-82,2019,0.0
EU27_2020,CPA_N80-82,2020,0.0
EU27_2020,CPA_N80-82,2021,0.0
EU27_2020,CPA_N80-82,2022,0.0
EU27_2020,CPA_N80-82,2023,0.0
EU27_2020,CPA_N80-82,2024,0.0
FI,CPA_N80-82,2014,0.0
FI,CPA_N80-82,2015,0.0
FI,CPA_N80-82,2016,0.0
FI,CPA_N80-82,2017,0.0
FI,CPA_N80-82,2018,0.0
FI,CPA_N80-82,2019,0.0
FI,CPA_N80-82,2020,0.0
FI,CPA_N80-82,2021,0.0
FI,CPA_N80-82,2022,0.0
FI,CPA_N80-82,2023,0.0
FR,CPA_N80-82,2014,0.0
FR,CPA_N80-82,2015,0.0
FR,CPA_N80-82,2016,0.0
FR,CPA_N80-82,2017,0.0
FR,CPA_N80-82,2018,0.0
FR,CPA_N80-82,2019,0.0
FR,CPA_N80-82,2020,0.0
FR,CPA_N80-82,2021,0.0
FR,CPA_N80-82,2022,0.0
HR,CPA_N80-82,2015,0.0
HR,CPA_N80-82,2016,0.0
HR,CPA_N80-82,2017,0.0
HR,CPA_N80-82,2018,0.0
HU,CPA_N80-82,2014,0.0
HU,CPA_N80-82,2015,0.0
HU,CPA_N80-82,2016,0.0
HU,CPA_N80-82,2017,0.0
HU,CPA_N80-82,2018,0.0
HU,CPA_N80-82,2019,0.0
HU,CPA_N80-82,2020,0.0
HU,CPA_N80-82,2021,0.0
HU,CPA_N80-82,2022,0.0
HU,CPA_N80-82,2023,0.0
IE,CPA_N80-82,2014,0.0
IE,CPA_N80-82,2015,0.0
IE,CPA_N80-82,2016,0.0
IE,CPA_N80-82,2017,0.0
IE,CPA_N80-82,2018,0.0
IE,CPA_N80-82,2019,0.0
IE,CPA_N80-82,2020,0.0
IE,CPA_N80-82,2021,0.0
IE,CPA_N80-82,2022,0.0
IT,CPA_N80-82,2014,0.0
IT,CPA_N80-82,2015,0.0
IT,CPA_N80-82,2016,0.0
IT,CPA_N80-82,2017,0.0
IT,CPA_N80-82,2018,0.0
IT,CPA_N80-82,2019,0.0
IT,CPA_N80-82,2020,0.0
IT,CPA_N80-82,2021,0.0
IT,CPA_N80-82,2022,0.0
LU,CPA_N80-82,2014,0.0
LU,CPA_N80-82,2015,0.0
LU,CPA_N80-82,2016,0.0
LU,CPA_N80-82,2017,0.0
LU,CPA_N80-82,2018,0.0
LU,CPA_N80-82,2019,0.0
LU,CPA_N80-82,2020,0.0
LU,CPA_N80-82,2021,0.0
LU,CPA_N80-82,2022,0.0
LV,CPA_N80-82,2014,0.0
LV,CPA_N80-82,2015,0.0
LV,CPA_N80-82,2016,0.0
LV,CPA_N80-82,2017,0.0
LV,CPA_N80-82,2018,0.0
LV,CPA_N80-82,2019,0.0
LV,CPA_N80-82,2020,0.0
LV,CPA_N80-82,2021,0.0
LV,CPA_N80-82,2022,0.0
LV,CPA_N80-82,2023,0.0
MK,CPA_N80-82,2022,0.0
MK,CPA_N80-82,2023,0.0
MT,CPA_N80-82,2014,0.0
MT,CPA_N80-82,2015,0.0
MT,CPA_N80-82,2016,0.0
MT,CPA_N80-82,2017,0.0
MT,CPA_N80-82,2018,0.0
MT,CPA_N80-82,2019,0.0
MT,CPA_N80-82,2020,0.0
MT,CPA_N80-82,2021,0.0
MT,CPA_N80-82,2022,0.0
NL,CPA_N80-82,2014,0.0
NL,CPA_N80-82,2015,0.0
NL,CPA_N80-82,2016,0.0
NL,CPA_N80-82,2017,0.0
NL,CPA_N80-82,2018,0.0
NL,CPA_N80-82,2019,0.0
NL,CPA_N80-82,2020,0.0
NL,CPA_N80-82,2021,0.0
NL,CPA_N80-82,2022,0.0
NL,CPA_N80-82,2023,0.0
NL,CPA_N80-82,2024,0.0
NO,CPA_N80-82,2014,0.0
NO,CPA_N80-82,2015,0.0
NO,CPA_N80-82,2016,0.0
NO,CPA_N80-82,2017,0.0
NO,CPA_N80-82,2018,0.0
NO,CPA_N80-82,2019,0.0
NO,CPA_N80-82,2020,0.0
NO,CPA_N80-82,2021,0.0
NO,CPA_N80-82,2022,0.0
NO,CPA_N80-82,2023,0.0
PL,CPA_N80-82,2014,0.0
PL,CPA_N80-82,2015,0.0
PL,CPA_N80-82,2016,0.0
PL,CPA_N80-82,2017,0.0
PL,CPA_N80-82,2018,0.0
PL,CPA_N80-82,2019,0.0
PL,CPA_N80-82,2020,0.0
PL,CPA_N80-82,2021,0.0
PL,CPA_N80-82,2022,0.0
PT,CPA_N80-82,2014,0.0
PT,CPA_N80-82,2015,0.0
PT,CPA_N80-82,2016,0.0
PT,CPA_N80-82,2017,0.0
PT,CPA_N80-82,2018,0.0
PT,CPA_N80-82,2019,0.0
PT,CPA_N80-82,2020,0.0
PT,CPA_N80-82,2021,0.0
PT,CPA_N80-82,2022,0.0
PT,CPA_N80-82,2023,0.0
PT,CPA_N80-82,2024,0.0
RO,CPA_N80-82,2014,0.0
RO,CPA_N80-82,2015,0.0
RO,CPA_N80-82,2016,0.0
RO,CPA_N80-82,2017,0.0
RO,CPA_N80-82,2018,0.0
RO,CPA_N80-82,2019,0.0
RO,CPA_N80-82,2020,0.0
RO,CPA_N80-82,2021,0.0
RO,CPA_N80-82,2022,0.0
RS,CPA_N80-82,2014,0.0
RS,CPA_N80-82,2015,0.0
RS,CPA_N80-82,2016,0.0
RS,CPA_N80-82,2017,0.0
RS,CPA_N80-82,2018,0.0
RS,CPA_N80-82,2019,0.0
RS,CPA_N80-82,2020,0.0
RS,CPA_N80-82,2021,0.0
RS,CPA_N80-82,2022,0.0
SE,CPA_N80-82,2015,0.0
SE,CPA_N80-82,2016,0.0
SE,CPA_N80-82,2017,0.0
SE,CPA_N80-82,2018,0.0
SE,CPA_N80-82,2019,0.0
SE,CPA_N80-82,2020,0.0
SE,CPA_N80-82,2021,0.0
SE,CPA_N80-82,2022,0.0
SE,CPA_N80-82,2023,0.0
SI,CPA_N80-82,2014,0.0
SI,CPA_N80-82,2015,0.0
SI,CPA_N80-82,2016,0.0
SI,CPA_N80-82,2017,0.0
SI,CPA_N80-82,2018,0.0
SI,CPA_N80-82,2019,0.0
SI,CPA_N80-82,2020,0.0
SI,CPA_N80-82,2021,0.0
SI,CPA_N80-82,2022,0.0
SI,CPA_N80-82,2023,0.0
SK,CPA_N80-82,2014,0.0
SK,CPA_N80-82,2015,0.0
SK,CPA_N80-82,2016,0.0
SK,CPA_N80-82,2017,0.0
SK,CPA_N80-82,2018,0.0
SK,CPA_N80-82,2019,0.0
SK,CPA_N80-82,2020,0.0
SK,CPA_N80-82,2021,0.0
SK,CPA_N80-82,2022,0.0
TR,CPA_N80-82,2023,0.0
XK,CPA_N80-82,2014,0.0
XK,CPA_N80-82,2015,0.0
XK,CPA_N80-82,2016,0.0
XK,CPA_N80-82,2017,0.0
XK,CPA_N80-82,2018,0.0
XK,CPA_N80-82,2019,0.0
BE,CPA_N81,2015,0.0
BE,CPA_N81,2016,0.0
BE,CPA_N81,2019,0.0
BE,CPA_N81,2020,0.0
BE,CPA_N81,2021,0.0
BE,CPA_N81,2022,0.0
BG,CPA_N81,2018,0.0
BG,CPA_N81,2019,0.0
BG,CPA_N81,2020,0.0
BG,CPA_N81,2021,0.0
BG,CPA_N81,2022,0.0
CZ,CPA_N81,2014,0.0
CZ,CPA_N81,2015,0.0
CZ,CPA_N81,2016,0.0
CZ,CPA_N81,2017,0.0
CZ,CPA_N81,2018,0.0
CZ,CPA_N81,2019,0.0
CZ,CPA_N81,2020,0.0
CZ,CPA_N81,2021,0.0
CZ,CPA_N81,2022,0.0
CZ,CPA_N81,2023,0.0
CZ,CPA_N81,2024,0.0
DK,CPA_N81,2015,0.0
DK,CPA_N81,2016,0.0
DK,CPA_N81,2017,0.0
DK,CPA_N81,2018,0.0
DK,CPA_N81,2019,0.0
DK,CPA_N81,2020,0.0
DK,CPA_N81,2021,0.0
DK,CPA_N81,2022,0.0
FR,CPA_N81,2021,0.0
FR,CPA_N81,2022,0.0
HR,CPA_N81,2015,0.0
HR,CPA_N81,2016,0.0
HR,CPA_N81,2017,0.0
HR,CPA_N81,2018,0.0
HU,CPA_N81,2016,0.0
HU,CPA_N81,2017,0.0
HU,CPA_N81,2018,0.0
HU,CPA_N81,2019,0.0
HU,CPA_N81,2020,0.0
HU,CPA_N81,2021,0.0
HU,CPA_N81,2022,0.0
HU,CPA_N81,2023,0.0
RO,CPA_N81,2014,0.0
RO,CPA_N81,2015,0.0
RO,CPA_N81,2016,0.0
RO,CPA_N81,2017,0.0
RO,CPA_N81,2018,0.0
RO,CPA_N81,2019,0.0
RO,CPA_N81,2020,0.0
RO,CPA_N81,2021,0.0
RO,CPA_N81,2022,0.0
SK,CPA_N81,2014,0.0
SK,CPA_N81,2015,0.0
SK,CPA_N81,2016,0.0
SK,CPA_N81,2017,0.0
SK,CPA_N81,2018,0.0
SK,CPA_N81,2019,0.0
SK,CPA_N81,2020,0.0
SK,CPA_N81,2021,0.0
SK,CPA_N81,2022,0.0
BE,CPA_N82,2015,0.0
BE,CPA_N82,2016,0.0
BE,CPA_N82,2019,0.0
BE,CPA_N82,2020,0.0
BE,CPA_N82,2021,0.0
BE,CPA_N82,2022,0.0
BG,CPA_N82,2018,0.0
BG,CPA_N82,2019,0.0
BG,CPA_N82,2020,0.0
BG,CPA_N82,2021,0.0
BG,CPA_N82,2022,0.0
CZ,CPA_N82,2014,0.0
CZ,CPA_N82,2015,0.0
CZ,CPA_N82,2016,0.0
CZ,CPA_N82,2017,0.0
CZ,CPA_N82,2018,0.0
CZ,CPA_N82,2019,0.0
CZ,CPA_N82,2020,0.0
CZ,CPA_N82,2021,0.0
CZ,CPA_N82,2022,0.0
CZ,CPA_N82,2023,0.0
CZ,CPA_N82,2024,0.0
DK,CPA_N82,2015,0.0
DK,CPA_N82,2016,0.0
DK,CPA_N82,2017,0.0
DK,CPA_N82,2018,0.0
DK,CPA_N82,2019,0.0
DK,CPA_N82,2020,0.0
DK,CPA_N82,2021,0.0
DK,CPA_N82,2022,0.0
FR,CPA_N82,2021,0.0
FR,CPA_N82,2022,0.0
HR,CPA_N82,2015,0.0
HR,CPA_N82,2016,0.0
HR,CPA_N82,2017,0.0
HR,CPA_N82,2018,0.0
HU,CPA_N82,2016,0.0
HU,CPA_N82,2017,0.0
HU,CPA_N82,2018,0.0
HU,CPA_N82,2019,0.0
HU,CPA_N82,2020,0.0
HU,CPA_N82,2021,0.0
HU,CPA_N82,2022,0.0
HU,CPA_N82,2023,0.0
RO,CPA_N82,2014,0.0
RO,CPA_N82,2015,0.0
RO,CPA_N82,2016,0.0
RO,CPA_N82,2017,0.0
RO,CPA_N82,2018,0.0
RO,CPA_N82,2019,0.0
RO,CPA_N82,2020,0.0
RO,CPA_N82,2021,0.0
RO,CPA_N82,2022,0.0
SK,CPA_N82,2014,0.0
SK,CPA_N82,2015,0.0
SK,CPA_N82,2016,0.0
SK,CPA_N82,2017,0.0
SK,CPA_N82,2018,0.0
SK,CPA_N82,2019,0.0
SK,CPA_N82,2020,0.0
SK,CPA_N82,2021,0.0
SK,CPA_N82,2022,0.0
AL,CPA_O,2014,0.0
AL,CPA_O,2015,0.0
AL,CPA_O,2016,0.0
AL,CPA_O,2017,0.0
AL,CPA_O,2018,0.0
AL,CPA_O,2019,0.0
AL,CPA_O,2020,0.0
AL,CPA_O,2021,0.0
AL,CPA_O,2022,0.0
AL,CPA_O,2023,0.0
AL,CPA_O,2024,0.0
AT,CPA_O,2014,0.0
AT,CPA_O,2015,0.0
AT,CPA_O,2016,0.0
AT,CPA_O,2017,0.0
AT,CPA_O,2018,0.0
AT,CPA_O,2019,0.0
AT,CPA_O,2020,0.0
AT,CPA_O,2021,0.0
AT,CPA_O,2022,0.0
BE,CPA_O,2014,0.0
BE,CPA_O,2015,0.0
BE,CPA_O,2016,0.0
BE,CPA_O,2017,0.0
BE,CPA_O,2018,0.0
BE,CPA_O,2019,0.0
BE,CPA_O,2020,0.0
BE,CPA_O,2021,0.0
BE,CPA_O,2022,0.0
BG,CPA_O,2014,0.0
BG,CPA_O,2018,0.0
BG,CPA_O,2019,0.0
BG,CPA_O,2020,0.0
BG,CPA_O,2021,0.0
BG,CPA_O,2022,0.0
CY,CPA_O,2014,0.0
CY,CPA_O,2015,0.0
CY,CPA_O,2016,0.0
CY,CPA_O,2017,0.0
CY,CPA_O,2018,0.0
CY,CPA_O,2019,0.0
CY,CPA_O,2020,0.0
CY,CPA_O,2021,0.0
CY,CPA_O,2022,0.0
CZ,CPA_O,2014,0.0
CZ,CPA_O,2015,0.0
CZ,CPA_O,2016,0.0
CZ,CPA_O,2017,0.0
CZ,CPA_O,2018,0.0
CZ,CPA_O,2019,0.0
CZ,CPA_O,2020,0.0
CZ,CPA_O,2021,0.0
CZ,CPA_O,2022,0.0
CZ,CPA_O,2023,0.0
CZ,CPA_O,2024,0.0
DE,CPA_O,2014,0.0
DE,CPA_O,2015,0.0
DE,CPA_O,2016,0.0
DE,CPA_O,2017,0.0
DE,CPA_O,2018,0.0
DE,CPA_O,2019,0.0
DE,CPA_O,2020,0.0
DE,CPA_O,2021,0.0
DE,CPA_O,2022,0.0
DK,CPA_O,2014,0.0
DK,CPA_O,2015,0.0
DK,CPA_O,2016,0.0
DK,CPA_O,2017,0.0
DK,CPA_O,2018,0.0
DK,CPA_O,2019,0.0
DK,CPA_O,2020,0.0
DK,CPA_O,2021,0.0
DK,CPA_O,2022,0.0
EA21,CPA_O,2014,0.0
EA21,CPA_O,2015,0.0
EA21,CPA_O,2016,0.0
EA21,CPA_O,2017,0.0
EA21,CPA_O,2018,0.0
EA21,CPA_O,2019,0.0
EA21,CPA_O,2020,0.0
EA21,CPA_O,2021,0.0
EA21,CPA_O,2022,0.0
EA21,CPA_O,2023,0.0
EA21,CPA_O,2024,0.0
EE,CPA_O,2019,0.0
EE,CPA_O,2020,0.0
EE,CPA_O,2021,0.0
EE,CPA_O,2022,0.0
EL,CPA_O,2014,0.0
EL,CPA_O,2015,0.0
EL,CPA_O,2016,0.0
EL,CPA_O,2017,0.0
EL,CPA_O,2018,0.0
EL,CPA_O,2019,0.0
EL,CPA_O,2020,0.0
EL,CPA_O,2021,0.0
EL,CPA_O,2022,0.0
ES,CPA_O,2014,0.0
ES,CPA_O,2015,0.0
ES,CPA_O,2016,0.0
ES,CPA_O,2017,0.0
ES,CPA_O,2018,0.0
ES,CPA_O,2019,0.0
ES,CPA_O,2020,0.0
ES,CPA_O,2021,0.0
ES,CPA_O,2022,0.0
ES,CPA_O,2023,0.0
EU27_2020,CPA_O,2014,0.0
EU27_2020,CPA_O,2015,0.0
EU27_2020,CPA_O,2016,0.0
EU27_2020,CPA_O,2017,0.0
EU27_2020,CPA_O,2018,0.0
EU27_2020,CPA_O,2019,0.0
EU27_2020,CPA_O,2020,0.0
EU27_2020,CPA_O,2021,0.0
EU27_2020,CPA_O,2022,0.0
EU27_2020,CPA_O,2023,0.0
EU27_2020,CPA_O,2024,0.0
FI,CPA_O,2014,0.0
FI,CPA_O,2015,0.0
FI,CPA_O,2016,0.0
FI,CPA_O,2017,0.0
FI,CPA_O,2018,0.0
FI,CPA_O,2019,0.0
FI,CPA_O,2020,0.0
FI,CPA_O,2021,0.0
FI,CPA_O,2022,0.0
FI,CPA_O,2023,0.0
FR,CPA_O,2014,0.0
FR,CPA_O,2015,0.0
FR,CPA_O,2016,0.0
FR,CPA_O,2017,0.0
FR,CPA_O,2018,0.0
FR,CPA_O,2019,0.0
FR,CPA_O,2020,0.0
FR,CPA_O,2021,0.0
FR,CPA_O,2022,0.0
HR,CPA_O,2015,0.0
HR,CPA_O,2016,0.0
HR,CPA_O,2017,0.0
HR,CPA_O,2018,0.0
HU,CPA_O,2014,0.0
HU,CPA_O,2015,0.0
HU,CPA_O,2016,0.0
HU,CPA_O,2017,0.0
HU,CPA_O,2018,0.0
HU,CPA_O,2019,0.0
HU,CPA_O,2020,0.0
HU,CPA_O,2021,0.0
HU,CPA_O,2022,0.0
HU,CPA_O,2023,0.0
IE,CPA_O,2014,0.0
IE,CPA_O,2015,0.0
IE,CPA_O,2016,0.0
IE,CPA_O,2017,0.0
IE,CPA_O,2018,0.0
IE,CPA_O,2019,0.0
IE,CPA_O,2020,0.0
IE,CPA_O,2021,0.0
IE,CPA_O,2022,0.0
IT,CPA_O,2014,0.0
IT,CPA_O,2015,0.0
IT,CPA_O,2016,0.0
IT,CPA_O,2017,0.0
IT,CPA_O,2018,0.0
IT,CPA_O,2019,0.0
IT,CPA_O,2020,0.0
IT,CPA_O,2021,0.0
IT,CPA_O,2022,0.0
LU,CPA_O,2014,0.0
LU,CPA_O,2015,0.0
LU,CPA_O,2016,0.0
LU,CPA_O,2017,0.0
LU,CPA_O,2018,0.0
LU,CPA_O,2019,0.0
LU,CPA_O,2020,0.0
LU,CPA_O,2021,0.0
LU,CPA_O,2022,0.0
LV,CPA_O,2014,0.0
LV,CPA_O,2015,0.0
LV,CPA_O,2016,0.0
LV,CPA_O,2017,0.0
LV,CPA_O,2018,0.0
LV,CPA_O,2019,0.0
LV,CPA_O,2020,0.0
LV,CPA_O,2021,0.0
LV,CPA_O,2022,0.0
LV,CPA_O,2023,0.0
MK,CPA_O,2022,0.0
MK,CPA_O,2023,0.0
MT,CPA_O,2014,0.0
MT,CPA_O,2015,0.0
MT,CPA_O,2016,0.0
MT,CPA_O,2017,0.0
MT,CPA_O,2018,0.0
MT,CPA_O,2019,0.0
MT,CPA_O,2020,0.0
MT,CPA_O,2021,0.0
MT,CPA_O,2022,0.0
NL,CPA_O,2014,0.0
NL,CPA_O,2015,0.0
NL,CPA_O,2016,0.0
NL,CPA_O,2017,0.0
NL,CPA_O,2018,0.0
NL,CPA_O,2019,0.0
NL,CPA_O,2020,0.0
NL,CPA_O,2021,0.0
NL,CPA_O,2022,0.0
NL,CPA_O,2023,0.0
NL,CPA_O,2024,0.0
NO,CPA_O,2014,0.0
NO,CPA_O,2015,0.0
NO,CPA_O,2016,0.0
NO,CPA_O,2017,0.0
NO,CPA_O,2018,0.0
NO,CPA_O,2019,0.0
NO,CPA_O,2020,0.0
NO,CPA_O,2021,0.0
NO,CPA_O,2022,0.0
NO,CPA_O,2023,0.0
PL,CPA_O,2014,0.0
PL,CPA_O,2015,0.0
PL,CPA_O,2016,0.0
PL,CPA_O,2017,0.0
PL,CPA_O,2018,0.0
PL,CPA_O,2019,0.0
PL,CPA_O,2020,0.0
PL,CPA_O,2021,0.0
PL,CPA_O,2022,0.0
PT,CPA_O,2014,0.0
PT,CPA_O,2015,0.0
PT,CPA_O,2016,0.0
PT,CPA_O,2017,0.0
PT,CPA_O,2018,0.0
PT,CPA_O,2019,0.0
PT,CPA_O,2020,0.0
PT,CPA_O,2021,0.0
PT,CPA_O,2022,0.0
PT,CPA_O,2023,0.0
PT,CPA_O,2024,0.0
RO,CPA_O,2014,0.0
RO,CPA_O,2015,0.0
RO,CPA_O,2016,0.0
RO,CPA_O,2017,0.0
RO,CPA_O,2018,0.0
RO,CPA_O,2019,0.0
RO,CPA_O,2020,0.0
RO,CPA_O,2021,0.0
RO,CPA_O,2022,0.0
RS,CPA_O,2014,0.0
RS,CPA_O,2015,0.0
RS,CPA_O,2016,0.0
RS,CPA_O,2017,0.0
RS,CPA_O,2018,0.0
RS,CPA_O,2019,0.0
RS,CPA_O,2020,0.0
RS,CPA_O,2021,0.0
RS,CPA_O,2022,0.0
SE,CPA_O,2015,0.0
SE,CPA_O,2016,0.0
SE,CPA_O,2017,0.0
SE,CPA_O,2018,0.0
SE,CPA_O,2019,0.0
SE,CPA_O,2020,0.0
SE,CPA_O,2021,0.0
SE,CPA_O,2022,0.0
SE,CPA_O,2023,0.0
SI,CPA_O,2014,0.0
SI,CPA_O,2015,0.0
SI,CPA_O,2016,0.0
SI,CPA_O,2017,0.0
SI,CPA_O,2018,0.0
SI,CPA_O,2019,0.0
SI,CPA_O,2020,0.0
SI,CPA_O,2021,0.0
SI,CPA_O,2022,0.0
SI,CPA_O,2023,0.0
SK,CPA_O,2014,0.0
SK,CPA_O,2015,0.0
SK,CPA_O,2016,0.0
SK,CPA_O,2017,0.0
SK,CPA_O,2018,0.0
SK,CPA_O,2019,0.0
SK,CPA_O,2020,0.0
SK,CPA_O,2021,0.0
SK,CPA_O,2022,0.0
TR,CPA_O,2023,0.0
XK,CPA_O,2014,0.0
XK,CPA_O,2015,0.0
XK,CPA_O,2016,0.0
XK,CPA_O,2017,0.0
XK,CPA_O,2018,0.0
XK,CPA_O,2019,0.0
AL,CPA_P,2014,0.0
AL,CPA_P,2015,0.0
AL,CPA_P,2016,0.0
AL,CPA_P,2017,0.0
AL,CPA_P,2018,0.0
AL,CPA_P,2019,0.0
AL,CPA_P,2020,0.0
AL,CPA_P,2021,0.0
AL,CPA_P,2022,0.0
AL,CPA_P,2023,0.0
AL,CPA_P,2024,0.0
AT,CPA_P,2014,0.0
AT,CPA_P,2015,0.0
AT,CPA_P,2016,0.0
AT,CPA_P,2017,0.0
AT,CPA_P,2018,0.0
AT,CPA_P,2019,0.0
AT,CPA_P,2020,0.0
AT,CPA_P,2021,0.0
AT,CPA_P,2022,0.0
BE,CPA_P,2014,0.0
BE,CPA_P,2015,0.0
BE,CPA_P,2016,0.0
BE,CPA_P,2017,0.0
BE,CPA_P,2018,0.0
BE,CPA_P,2019,0.0
BE,CPA_P,2020,0.0
BE,CPA_P,2021,0.0
BE,CPA_P,2022,0.0
BG,CPA_P,2014,0.0
BG,CPA_P,2018,0.0
BG,CPA_P,2019,0.0
BG,CPA_P,2020,0.0
BG,CPA_P,2021,0.0
BG,CPA_P,2022,0.0
CY,CPA_P,2014,0.0
CY,CPA_P,2015,0.0
CY,CPA_P,2016,0.0
CY,CPA_P,2017,0.0
CY,CPA_P,2018,0.0
CY,CPA_P,2019,0.0
CY,CPA_P,2020,0.0
CY,CPA_P,2021,0.0
CY,CPA_P,2022,0.0
CZ,CPA_P,2014,0.0
CZ,CPA_P,2015,0.0
CZ,CPA_P,2016,0.0
CZ,CPA_P,2017,0.0
CZ,CPA_P,2018,0.0
CZ,CPA_P,2019,0.0
CZ,CPA_P,2020,0.0
CZ,CPA_P,2021,0.0
CZ,CPA_P,2022,0.0
CZ,CPA_P,2023,0.0
CZ,CPA_P,2024,0.0
DE,CPA_P,2014,0.0
DE,CPA_P,2015,0.0
DE,CPA_P,2016,0.0
DE,CPA_P,2017,0.0
DE,CPA_P,2018,0.0
DE,CPA_P,2019,0.0
DE,CPA_P,2020,0.0
DE,CPA_P,2021,0.0
DE,CPA_P,2022,0.0
DK,CPA_P,2014,0.0
DK,CPA_P,2015,0.0
DK,CPA_P,2016,0.0
DK,CPA_P,2017,0.0
DK,CPA_P,2018,0.0
DK,CPA_P,2019,0.0
DK,CPA_P,2020,0.0
DK,CPA_P,2021,0.0
DK,CPA_P,2022,0.0
EA21,CPA_P,2014,0.0
EA21,CPA_P,2015,0.0
EA21,CPA_P,2016,0.0
EA21,CPA_P,2017,0.0
EA21,CPA_P,2018,0.0
EA21,CPA_P,2019,0.0
EA21,CPA_P,2020,0.0
EA21,CPA_P,2021,0.0
EA21,CPA_P,2022,0.0
EA21,CPA_P,2023,0.0
EA21,CPA_P,2024,0.0
EE,CPA_P,2019,0.0
EE,CPA_P,2020,0.0
EE,CPA_P,2021,0.0
EE,CPA_P,2022,0.0
EL,CPA_P,2014,0.0
EL,CPA_P,2015,0.0
EL,CPA_P,2016,0.0
EL,CPA_P,2017,0.0
EL,CPA_P,2018,0.0
EL,CPA_P,2019,0.0
EL,CPA_P,2020,0.0
EL,CPA_P,2021,0.0
EL,CPA_P,2022,0.0
ES,CPA_P,2014,0.0
ES,CPA_P,2015,0.0
ES,CPA_P,2016,0.0
ES,CPA_P,2017,0.0
ES,CPA_P,2018,0.0
ES,CPA_P,2019,0.0
ES,CPA_P,2020,0.0
ES,CPA_P,2021,0.0
ES,CPA_P,2022,0.0
ES,CPA_P,2023,0.0
EU27_2020,CPA_P,2014,0.0
EU27_2020,CPA_P,2015,0.0
EU27_2020,CPA_P,2016,0.0
EU27_2020,CPA_P,2017,0.0
EU27_2020,CPA_P,2018,0.0
EU27_2020,CPA_P,2019,0.0
EU27_2020,CPA_P,2020,0.0
EU27_2020,CPA_P,2021,0.0
EU27_2020,CPA_P,2022,0.0
EU27_2020,CPA_P,2023,0.0
EU27_2020,CPA_P,2024,0.0
FI,CPA_P,2014,0.0
FI,CPA_P,2015,0.0
FI,CPA_P,2016,0.0
FI,CPA_P,2017,0.0
FI,CPA_P,2018,0.0
FI,CPA_P,2019,0.0
FI,CPA_P,2020,0.0
FI,CPA_P,2021,0.0
FI,CPA_P,2022,0.0
FI,CPA_P,2023,0.0
FR,CPA_P,2014,0.0
FR,CPA_P,2015,0.0
FR,CPA_P,2016,0.0
FR,CPA_P,2017,0.0
FR,CPA_P,2018,0.0
FR,CPA_P,2019,0.0
FR,CPA_P,2020,0.0
FR,CPA_P,2021,0.0
FR,CPA_P,2022,0.0
HR,CPA_P,2015,0.0
HR,CPA_P,2016,0.0
HR,CPA_P,2017,0.0
HR,CPA_P,2018,0.0
HU,CPA_P,2014,0.0
HU,CPA_P,2015,0.0
HU,CPA_P,2016,0.0
HU,CPA_P,2017,0.0
HU,CPA_P,2018,0.0
HU,CPA_P,2019,0.0
HU,CPA_P,2020,0.0
HU,CPA_P,2021,0.0
HU,CPA_P,2022,0.0
HU,CPA_P,2023,0.0
IE,CPA_P,2014,0.0
IE,CPA_P,2015,0.0
IE,CPA_P,2016,0.0
IE,CPA_P,2017,0.0
IE,CPA_P,2018,0.0
IE,CPA_P,2019,0.0
IE,CPA_P,2020,0.0
IE,CPA_P,2021,0.0
IE,CPA_P,2022,0.0
IT,CPA_P,2014,0.0
IT,CPA_P,2015,0.0
IT,CPA_P,2016,0.0
IT,CPA_P,2017,0.0
IT,CPA_P,2018,0.0
IT,CPA_P,2019,0.0
IT,CPA_P,2020,0.0
IT,CPA_P,2021,0.0
IT,CPA_P,2022,0.0
LU,CPA_P,2014,0.0
LU,CPA_P,2015,0.0
LU,CPA_P,2016,0.0
LU,CPA_P,2017,0.0
LU,CPA_P,2018,0.0
LU,CPA_P,2019,0.0
LU,CPA_P,2020,0.0
LU,CPA_P,2021,0.0
LU,CPA_P,2022,0.0
LV,CPA_P,2014,0.0
LV,CPA_P,2015,0.0
LV,CPA_P,2016,0.0
LV,CPA_P,2017,0.0
LV,CPA_P,2018,0.0
LV,CPA_P,2019,0.0
LV,CPA_P,2020,0.0
LV,CPA_P,2021,0.0
LV,CPA_P,2022,0.0
LV,CPA_P,2023,0.0
MK,CPA_P,2022,0.0
MK,CPA_P,2023,0.0
MT,CPA_P,2014,0.0
MT,CPA_P,2015,0.0
MT,CPA_P,2016,0.0
MT,CPA_P,2017,0.0
MT,CPA_P,2018,0.0
MT,CPA_P,2019,0.0
MT,CPA_P,2020,0.0
MT,CPA_P,2021,0.0
MT,CPA_P,2022,0.0
NL,CPA_P,2014,0.0
NL,CPA_P,2015,0.0
NL,CPA_P,2016,0.0
NL,CPA_P,2017,0.0
NL,CPA_P,2018,0.0
NL,CPA_P,2019,0.0
NL,CPA_P,2020,0.0
NL,CPA_P,2021,0.0
NL,CPA_P,2022,0.0
NL,CPA_P,2023,0.0
NL,CPA_P,2024,0.0
NO,CPA_P,2014,0.0
NO,CPA_P,2015,0.0
NO,CPA_P,2016,0.0
NO,CPA_P,2017,0.0
NO,CPA_P,2018,0.0
NO,CPA_P,2019,0.0
NO,CPA_P,2020,0.0
NO,CPA_P,2021,0.0
NO,CPA_P,2022,0.0
NO,CPA_P,2023,0.0
PL,CPA_P,2014,0.0
PL,CPA_P,2015,0.0
PL,CPA_P,2016,0.0
PL,CPA_P,2017,0.0
PL,CPA_P,2018,0.0
PL,CPA_P,2019,0.0
PL,CPA_P,2020,0.0
PL,CPA_P,2021,0.0
PL,CPA_P,2022,0.0
PT,CPA_P,2014,0.0
PT,CPA_P,2015,0.0
PT,CPA_P,2016,0.0
PT,CPA_P,2017,0.0
PT,CPA_P,2018,0.0
PT,CPA_P,2019,0.0
PT,CPA_P,2020,0.0
PT,CPA_P,2021,0.0
PT,CPA_P,2022,0.0
PT,CPA_P,2023,0.0
PT,CPA_P,2024,0.0
RO,CPA_P,2014,0.0
RO,CPA_P,2015,0.0
RO,CPA_P,2016,0.0
RO,CPA_P,2017,0.0
RO,CPA_P,2018,0.0
RO,CPA_P,2019,0.0
RO,CPA_P,2020,0.0
RO,CPA_P,2021,0.0
RO,CPA_P,2022,0.0
RS,CPA_P,2014,0.0
RS,CPA_P,2015,0.0
RS,CPA_P,2016,0.0
RS,CPA_P,2017,0.0
RS,CPA_P,2018,0.0
RS,CPA_P,2019,0.0
RS,CPA_P,2020,0.0
RS,CPA_P,2021,0.0
RS,CPA_P,2022,0.0
SE,CPA_P,2015,0.0
SE,CPA_P,2016,0.0
SE,CPA_P,2017,0.0
SE,CPA_P,2018,0.0
SE,CPA_P,2019,0.0
SE,CPA_P,2020,0.0
SE,CPA_P,2021,0.0
SE,CPA_P,2022,0.0
SE,CPA_P,2023,0.0
SI,CPA_P,2014,0.0
SI,CPA_P,2015,0.0
SI,CPA_P,2016,0.0
SI,CPA_P,2017,0.0
SI,CPA_P,2018,0.0
SI,CPA_P,2019,0.0
SI,CPA_P,2020,0.0
SI,CPA_P,2021,0.0
SI,CPA_P,2022,0.0
SI,CPA_P,2023,0.0
SK,CPA_P,2014,0.0
SK,CPA_P,2015,0.0
SK,CPA_P,2016,0.0
SK,CPA_P,2017,0.0
SK,CPA_P,2018,0.0
SK,CPA_P,2019,0.0
SK,CPA_P,2020,0.0
SK,CPA_P,2021,0.0
SK,CPA_P,2022,0.0
TR,CPA_P,2023,0.0
XK,CPA_P,2014,0.0
XK,CPA_P,2015,0.0
XK,CPA_P,2016,0.0
XK,CPA_P,2017,0.0
XK,CPA_P,2018,0.0
XK,CPA_P,2019,0.0
AL,CPA_Q86,2014,0.0
AL,CPA_Q86,2015,0.0
AL,CPA_Q86,2016,0.0
AL,CPA_Q86,2017,0.0
AL,CPA_Q86,2018,0.0
AL,CPA_Q86,2019,0.0
AL,CPA_Q86,2020,0.0
AL,CPA_Q86,2021,0.0
AL,CPA_Q86,2022,0.0
AL,CPA_Q86,2023,0.0
AL,CPA_Q86,2024,0.0
AT,CPA_Q86,2014,0.0
AT,CPA_Q86,2015,0.0
AT,CPA_Q86,2016,0.0
AT,CPA_Q86,2017,0.0
AT,CPA_Q86,2018,0.0
AT,CPA_Q86,2019,0.0
AT,CPA_Q86,2020,0.0
AT,CPA_Q86,2021,0.0
AT,CPA_Q86,2022,0.0
BE,CPA_Q86,2014,0.0
BE,CPA_Q86,2015,0.0
BE,CPA_Q86,2016,0.0
BE,CPA_Q86,2017,0.0
BE,CPA_Q86,2018,0.0
BE,CPA_Q86,2019,0.0
BE,CPA_Q86,2020,0.0
BE,CPA_Q86,2021,0.0
BE,CPA_Q86,2022,0.0
BG,CPA_Q86,2014,0.0
BG,CPA_Q86,2018,0.0
BG,CPA_Q86,2019,0.0
BG,CPA_Q86,2020,0.0
BG,CPA_Q86,2021,0.0
BG,CPA_Q86,2022,0.0
CY,CPA_Q86,2014,0.0
CY,CPA_Q86,2015,0.0
CY,CPA_Q86,2016,0.0
CY,CPA_Q86,2017,0.0
CY,CPA_Q86,2018,0.0
CY,CPA_Q86,2019,0.0
CY,CPA_Q86,2020,0.0
CY,CPA_Q86,2021,0.0
CY,CPA_Q86,2022,0.0
CZ,CPA_Q86,2014,0.0
CZ,CPA_Q86,2015,0.0
CZ,CPA_Q86,2016,0.0
CZ,CPA_Q86,2017,0.0
CZ,CPA_Q86,2018,0.0
CZ,CPA_Q86,2019,0.0
CZ,CPA_Q86,2020,0.0
CZ,CPA_Q86,2021,0.0
CZ,CPA_Q86,2022,0.0
CZ,CPA_Q86,2023,0.0
CZ,CPA_Q86,2024,0.0
DE,CPA_Q86,2014,0.0
DE,CPA_Q86,2015,0.0
DE,CPA_Q86,2016,0.0
DE,CPA_Q86,2017,0.0
DE,CPA_Q86,2018,0.0
DE,CPA_Q86,2019,0.0
DE,CPA_Q86,2020,0.0
DE,CPA_Q86,2021,0.0
DE,CPA_Q86,2022,0.0
DK,CPA_Q86,2014,0.0
DK,CPA_Q86,2015,0.0
DK,CPA_Q86,2016,0.0
DK,CPA_Q86,2017,0.0
DK,CPA_Q86,2018,0.0
DK,CPA_Q86,2019,0.0
DK,CPA_Q86,2020,0.0
DK,CPA_Q86,2021,0.0
DK,CPA_Q86,2022,0.0
EA21,CPA_Q86,2014,0.0
EA21,CPA_Q86,2015,0.0
EA21,CPA_Q86,2016,0.0
EA21,CPA_Q86,2017,0.0
EA21,CPA_Q86,2018,0.0
EA21,CPA_Q86,2019,0.0
EA21,CPA_Q86,2020,0.0
EA21,CPA_Q86,2021,0.0
EA21,CPA_Q86,2022,0.0
EA21,CPA_Q86,2023,0.0
EA21,CPA_Q86,2024,0.0
EE,CPA_Q86,2019,0.0
EE,CPA_Q86,2020,0.0
EE,CPA_Q86,2021,0.0
EE,CPA_Q86,2022,0.0
EL,CPA_Q86,2014,0.0
EL,CPA_Q86,2015,0.0
EL,CPA_Q86,2016,0.0
EL,CPA_Q86,2017,0.0
EL,CPA_Q86,2018,0.0
EL,CPA_Q86,2019,0.0
EL,CPA_Q86,2020,0.0
EL,CPA_Q86,2021,0.0
EL,CPA_Q86,2022,0.0
ES,CPA_Q86,2014,0.0
ES,CPA_Q86,2015,0.0
ES,CPA_Q86,2016,0.0
ES,CPA_Q86,2017,0.0
ES,CPA_Q86,2018,0.0
ES,CPA_Q86,2019,0.0
ES,CPA_Q86,2020,0.0
ES,CPA_Q86,2021,0.0
ES,CPA_Q86,2022,0.0
ES,CPA_Q86,2023,0.0
EU27_2020,CPA_Q86,2014,0.0
EU27_2020,CPA_Q86,2015,0.0
EU27_2020,CPA_Q86,2016,0.0
EU27_2020,CPA_Q86,2017,0.0
EU27_2020,CPA_Q86,2018,0.0
EU27_2020,CPA_Q86,2019,0.0
EU27_2020,CPA_Q86,2020,0.0
EU27_2020,CPA_Q86,2021,0.0
EU27_2020,CPA_Q86,2022,0.0
EU27_2020,CPA_Q86,2023,0.0
EU27_2020,CPA_Q86,2024,0.0
FI,CPA_Q86,2014,0.0
FI,CPA_Q86,2015,0.0
FI,CPA_Q86,2016,0.0
FI,CPA_Q86,2017,0.0
FI,CPA_Q86,2018,0.0
FI,CPA_Q86,2019,0.0
FI,CPA_Q86,2020,0.0
FI,CPA_Q86,2021,0.0
FI,CPA_Q86,2022,0.0
FI,CPA_Q86,2023,0.0
FR,CPA_Q86,2014,0.0
FR,CPA_Q86,2015,0.0
FR,CPA_Q86,2016,0.0
FR,CPA_Q86,2017,0.0
FR,CPA_Q86,2018,0.0
FR,CPA_Q86,2019,0.0
FR,CPA_Q86,2020,0.0
FR,CPA_Q86,2021,0.0
FR,CPA_Q86,2022,0.0
HR,CPA_Q86,2015,0.0
HR,CPA_Q86,2016,0.0
HR,CPA_Q86,2017,0.0
HR,CPA_Q86,2018,0.0
HU,CPA_Q86,2014,0.0
HU,CPA_Q86,2015,0.0
HU,CPA_Q86,2016,0.0
HU,CPA_Q86,2017,0.0
HU,CPA_Q86,2018,0.0
HU,CPA_Q86,2019,0.0
HU,CPA_Q86,2020,0.0
HU,CPA_Q86,2021,0.0
HU,CPA_Q86,2022,0.0
HU,CPA_Q86,2023,0.0
IE,CPA_Q86,2014,0.0
IE,CPA_Q86,2015,0.0
IE,CPA_Q86,2016,0.0
IE,CPA_Q86,2017,0.0
IE,CPA_Q86,2018,0.0
IE,CPA_Q86,2019,0.0
IE,CPA_Q86,2020,0.0
IE,CPA_Q86,2021,0.0
IE,CPA_Q86,2022,0.0
IT,CPA_Q86,2014,0.0
IT,CPA_Q86,2015,0.0
IT,CPA_Q86,2016,0.0
IT,CPA_Q86,2017,0.0
IT,CPA_Q86,2018,0.0
IT,CPA_Q86,2019,0.0
IT,CPA_Q86,2020,0.0
IT,CPA_Q86,2021,0.0
IT,CPA_Q86,2022,0.0
LU,CPA_Q86,2014,0.0
LU,CPA_Q86,2015,0.0
LU,CPA_Q86,2016,0.0
LU,CPA_Q86,2017,0.0
LU,CPA_Q86,2018,0.0
LU,CPA_Q86,2019,0.0
LU,CPA_Q86,2020,0.0
LU,CPA_Q86,2021,0.0
LU,CPA_Q86,2022,0.0
LV,CPA_Q86,2014,0.0
LV,CPA_Q86,2015,0.0
LV,CPA_Q86,2016,0.0
LV,CPA_Q86,2017,0.0
LV,CPA_Q86,2018,0.0
LV,CPA_Q86,2019,0.0
LV,CPA_Q86,2020,0.0
LV,CPA_Q86,2021,0.0
LV,CPA_Q86,2022,0.0
LV,CPA_Q86,2023,0.0
MK,CPA_Q86,2022,0.0
MK,CPA_Q86,2023,0.0
MT,CPA_Q86,2014,0.0
MT,CPA_Q86,2015,0.0
MT,CPA_Q86,2016,0.0
MT,CPA_Q86,2017,0.0
MT,CPA_Q86,2018,0.0
MT,CPA_Q86,2019,0.0
MT,CPA_Q86,2020,0.0
MT,CPA_Q86,2021,0.0
MT,CPA_Q86,2022,0.0
NL,CPA_Q86,2014,0.0
NL,CPA_Q86,2015,0.0
NL,CPA_Q86,2016,0.0
NL,CPA_Q86,2017,0.0
NL,CPA_Q86,2018,0.0
NL,CPA_Q86,2019,0.0
NL,CPA_Q86,2020,0.0
NL,CPA_Q86,2021,0.0
NL,CPA_Q86,2022,0.0
NL,CPA_Q86,2023,0.0
NL,CPA_Q86,2024,0.0
NO,CPA_Q86,2014,0.0
NO,CPA_Q86,2015,0.0
NO,CPA_Q86,2016,0.0
NO,CPA_Q86,2017,0.0
NO,CPA_Q86,2018,0.0
NO,CPA_Q86,2019,0.0
NO,CPA_Q86,2020,0.0
NO,CPA_Q86,2021,0.0
NO,CPA_Q86,2022,0.0
NO,CPA_Q86,2023,0.0
PL,CPA_Q86,2014,0.0
PL,CPA_Q86,2015,0.0
PL,CPA_Q86,2016,0.0
PL,CPA_Q86,2017,0.0
PL,CPA_Q86,2018,0.0
PL,CPA_Q86,2019,0.0
PL,CPA_Q86,2020,0.0
PL,CPA_Q86,2021,0.0
PL,CPA_Q86,2022,0.0
PT,CPA_Q86,2014,0.0
PT,CPA_Q86,2015,0.0
PT,CPA_Q86,2016,0.0
PT,CPA_Q86,2017,0.0
PT,CPA_Q86,2018,0.0
PT,CPA_Q86,2019,0.0
PT,CPA_Q86,2020,0.0
PT,CPA_Q86,2021,0.0
PT,CPA_Q86,2022,0.0
PT,CPA_Q86,2023,0.0
PT,CPA_Q86,2024,0.0
RO,CPA_Q86,2014,0.0
RO,CPA_Q86,2015,0.0
RO,CPA_Q86,2016,0.0
RO,CPA_Q86,2017,0.0
RO,CPA_Q86,2018,0.0
RO,CPA_Q86,2019,0.0
RO,CPA_Q86,2020,0.0
RO,CPA_Q86,2021,0.0
RO,CPA_Q86,2022,0.0
RS,CPA_Q86,2014,0.0
RS,CPA_Q86,2015,0.0
RS,CPA_Q86,2016,0.0
RS,CPA_Q86,2017,0.0
RS,CPA_Q86,2018,0.0
RS,CPA_Q86,2019,0.0
RS,CPA_Q86,2020,0.0
RS,CPA_Q86,2021,0.0
RS,CPA_Q86,2022,0.0
SE,CPA_Q86,2015,0.0
SE,CPA_Q86,2016,0.0
SE,CPA_Q86,2017,0.0
SE,CPA_Q86,2018,0.0
SE,CPA_Q86,2019,0.0
SE,CPA_Q86,2020,0.0
SE,CPA_Q86,2021,0.0
SE,CPA_Q86,2022,0.0
SE,CPA_Q86,2023,0.0
SI,CPA_Q86,2014,0.0
SI,CPA_Q86,2015,0.0
SI,CPA_Q86,2016,0.0
SI,CPA_Q86,2017,0.0
SI,CPA_Q86,2018,0.0
SI,CPA_Q86,2019,0.0
SI,CPA_Q86,2020,0.0
SI,CPA_Q86,2021,0.0
SI,CPA_Q86,2022,0.0
SI,CPA_Q86,2023,0.0
SK,CPA_Q86,2014,0.0
SK,CPA_Q86,2015,0.0
SK,CPA_Q86,2016,0.0
SK,CPA_Q86,2017,0.0
SK,CPA_Q86,2018,0.0
SK,CPA_Q86,2019,0.0
SK,CPA_Q86,2020,0.0
SK,CPA_Q86,2021,0.0
SK,CPA_Q86,2022,0.0
TR,CPA_Q86,2023,0.0
XK,CPA_Q86,2014,0.0
XK,CPA_Q86,2015,0.0
XK,CPA_Q86,2016,0.0
XK,CPA_Q86,2017,0.0
XK,CPA_Q86,2018,0.0
XK,CPA_Q86,2019,0.0
BE,CPA_Q87,2015,0.0
BE,CPA_Q87,2016,0.0
BE,CPA_Q87,2019,0.0
BE,CPA_Q87,2020,0.0
BE,CPA_Q87,2021,0.0
BE,CPA_Q87,2022,0.0
BG,CPA_Q87,2018,0.0
BG,CPA_Q87,2019,0.0
BG,CPA_Q87,2020,0.0
BG,CPA_Q87,2021,0.0
BG,CPA_Q87,2022,0.0
CZ,CPA_Q87,2014,0.0
CZ,CPA_Q87,2015,0.0
CZ,CPA_Q87,2016,0.0
CZ,CPA_Q87,2017,0.0
CZ,CPA_Q87,2018,0.0
CZ,CPA_Q87,2019,0.0
CZ,CPA_Q87,2020,0.0
CZ,CPA_Q87,2021,0.0
CZ,CPA_Q87,2022,0.0
CZ,CPA_Q87,2023,0.0
CZ,CPA_Q87,2024,0.0
DK,CPA_Q87,2015,0.0
DK,CPA_Q87,2016,0.0
DK,CPA_Q87,2017,0.0
DK,CPA_Q87,2018,0.0
DK,CPA_Q87,2019,0.0
DK,CPA_Q87,2020,0.0
DK,CPA_Q87,2021,0.0
DK,CPA_Q87,2022,0.0
EU27_2020,CPA_Q87,2015,0.0
EU27_2020,CPA_Q87,2016,0.0
FR,CPA_Q87,2021,0.0
FR,CPA_Q87,2022,0.0
HR,CPA_Q87,2015,0.0
HR,CPA_Q87,2016,0.0
HR,CPA_Q87,2017,0.0
HR,CPA_Q87,2018,0.0
HU,CPA_Q87,2016,0.0
HU,CPA_Q87,2017,0.0
HU,CPA_Q87,2018,0.0
HU,CPA_Q87,2019,0.0
HU,CPA_Q87,2020,0.0
HU,CPA_Q87,2021,0.0
HU,CPA_Q87,2022,0.0
HU,CPA_Q87,2023,0.0
RO,CPA_Q87,2014,0.0
RO,CPA_Q87,2015,0.0
RO,CPA_Q87,2016,0.0
RO,CPA_Q87,2017,0.0
RO,CPA_Q87,2018,0.0
RO,CPA_Q87,2019,0.0
RO,CPA_Q87,2020,0.0
RO,CPA_Q87,2021,0.0
RO,CPA_Q87,2022,0.0
SK,CPA_Q87,2014,0.0
SK,CPA_Q87,2015,0.0
SK,CPA_Q87,2016,0.0
SK,CPA_Q87,2017,0.0
SK,CPA_Q87,2018,0.0
SK,CPA_Q87,2019,0.0
SK,CPA_Q87,2020,0.0
SK,CPA_Q87,2021,0.0
SK,CPA_Q87,2022,0.0
AL,CPA_Q87_88,2014,0.0
AL,CPA_Q87_88,2015,0.0
AL,CPA_Q87_88,2016,0.0
AL,CPA_Q87_88,2017,0.0
AL,CPA_Q87_88,2018,0.54
AL,CPA_Q87_88,2019,0.0
AL,CPA_Q87_88,2020,0.64
AL,CPA_Q87_88,2021,0.0
AL,CPA_Q87_88,2022,0.0
AL,CPA_Q87_88,2023,0.0
AL,CPA_Q87_88,2024,0.0
AT,CPA_Q87_88,2014,0.0
AT,CPA_Q87_88,2015,0.0
AT,CPA_Q87_88,2016,0.0
AT,CPA_Q87_88,2017,0.0
AT,CPA_Q87_88,2018,0.0
AT,CPA_Q87_88,2019,0.0
AT,CPA_Q87_88,2020,0.0
AT,CPA_Q87_88,2021,0.0
AT,CPA_Q87_88,2022,0.0
BE,CPA_Q87_88,2014,0.0
BE,CPA_Q87_88,2015,0.0
BE,CPA_Q87_88,2016,0.0
BE,CPA_Q87_88,2017,0.0
BE,CPA_Q87_88,2018,0.0
BE,CPA_Q87_88,2019,0.0
BE,CPA_Q87_88,2020,0.0
BE,CPA_Q87_88,2021,0.0
BE,CPA_Q87_88,2022,0.0
BG,CPA_Q87_88,2014,0.0
BG,CPA_Q87_88,2018,0.0
BG,CPA_Q87_88,2019,0.0
BG,CPA_Q87_88,2020,0.0
BG,CPA_Q87_88,2021,0.0
BG,CPA_Q87_88,2022,0.0
CY,CPA_Q87_88,2014,0.0
CY,CPA_Q87_88,2015,0.0
CY,CPA_Q87_88,2016,0.0
CY,CPA_Q87_88,2017,0.0
CY,CPA_Q87_88,2018,0.0
CY,CPA_Q87_88,2019,0.0
CY,CPA_Q87_88,2020,0.0
CY,CPA_Q87_88,2021,0.0
CY,CPA_Q87_88,2022,0.0
CZ,CPA_Q87_88,2014,0.0
CZ,CPA_Q87_88,2015,0.0
CZ,CPA_Q87_88,2016,0.0
CZ,CPA_Q87_88,2017,0.0
CZ,CPA_Q87_88,2018,0.0
CZ,CPA_Q87_88,2019,0.0
CZ,CPA_Q87_88,2020,0.0
CZ,CPA_Q87_88,2021,0.0
CZ,CPA_Q87_88,2022,0.0
CZ,CPA_Q87_88,2023,0.0
CZ,CPA_Q87_88,2024,0.0
DE,CPA_Q87_88,2014,0.0
DE,CPA_Q87_88,2015,0.0
DE,CPA_Q87_88,2016,0.0
DE,CPA_Q87_88,2017,0.0
DE,CPA_Q87_88,2018,0.0
DE,CPA_Q87_88,2019,0.0
DE,CPA_Q87_88,2020,0.0
DE,CPA_Q87_88,2021,0.0
DE,CPA_Q87_88,2022,0.0
DK,CPA_Q87_88,2014,0.0
DK,CPA_Q87_88,2015,0.0
DK,CPA_Q87_88,2016,0.0
DK,CPA_Q87_88,2017,0.0
DK,CPA_Q87_88,2018,0.0
DK,CPA_Q87_88,2019,0.0
DK,CPA_Q87_88,2020,0.0
DK,CPA_Q87_88,2021,0.0
DK,CPA_Q87_88,2022,0.0
EA21,CPA_Q87_88,2014,0.0
EA21,CPA_Q87_88,2015,0.0
EA21,CPA_Q87_88,2016,0.0
EA21,CPA_Q87_88,2017,0.0
EA21,CPA_Q87_88,2018,0.0
EA21,CPA_Q87_88,2019,0.0
EA21,CPA_Q87_88,2020,0.0
EA21,CPA_Q87_88,2021,0.0
EA21,CPA_Q87_88,2022,0.0
EA21,CPA_Q87_88,2023,0.0
EA21,CPA_Q87_88,2024,0.0
EE,CPA_Q87_88,2019,0.0
EE,CPA_Q87_88,2020,0.0
EE,CPA_Q87_88,2021,0.0
EE,CPA_Q87_88,2022,0.0
EL,CPA_Q87_88,2014,0.0
EL,CPA_Q87_88,2015,0.0
EL,CPA_Q87_88,2016,0.0
EL,CPA_Q87_88,2017,0.0
EL,CPA_Q87_88,2018,0.0
EL,CPA_Q87_88,2019,0.0
EL,CPA_Q87_88,2020,0.0
EL,CPA_Q87_88,2021,0.0
EL,CPA_Q87_88,2022,0.0
ES,CPA_Q87_88,2014,0.0
ES,CPA_Q87_88,2015,0.0
ES,CPA_Q87_88,2016,0.0
ES,CPA_Q87_88,2017,0.0
ES,CPA_Q87_88,2018,0.0
ES,CPA_Q87_88,2019,0.0
ES,CPA_Q87_88,2020,0.0
ES,CPA_Q87_88,2021,0.0
ES,CPA_Q87_88,2022,0.0
ES,CPA_Q87_88,2023,0.0
EU27_2020,CPA_Q87_88,2014,0.0
EU27_2020,CPA_Q87_88,2015,0.0
EU27_2020,CPA_Q87_88,2016,0.0
EU27_2020,CPA_Q87_88,2017,0.0
EU27_2020,CPA_Q87_88,2018,0.0
EU27_2020,CPA_Q87_88,2019,0.0
EU27_2020,CPA_Q87_88,2020,0.0
EU27_2020,CPA_Q87_88,2021,0.0
EU27_2020,CPA_Q87_88,2022,0.0
EU27_2020,CPA_Q87_88,2023,0.0
EU27_2020,CPA_Q87_88,2024,0.0
FI,CPA_Q87_88,2014,0.0
FI,CPA_Q87_88,2015,0.0
FI,CPA_Q87_88,2016,0.0
FI,CPA_Q87_88,2017,0.0
FI,CPA_Q87_88,2018,0.0
FI,CPA_Q87_88,2019,0.0
FI,CPA_Q87_88,2020,0.0
FI,CPA_Q87_88,2021,0.0
FI,CPA_Q87_88,2022,0.0
FI,CPA_Q87_88,2023,0.0
FR,CPA_Q87_88,2014,0.0
FR,CPA_Q87_88,2015,0.0
FR,CPA_Q87_88,2016,0.0
FR,CPA_Q87_88,2017,0.0
FR,CPA_Q87_88,2018,0.0
FR,CPA_Q87_88,2019,0.0
FR,CPA_Q87_88,2020,0.0
FR,CPA_Q87_88,2021,0.0
FR,CPA_Q87_88,2022,0.0
HR,CPA_Q87_88,2015,0.0
HR,CPA_Q87_88,2016,0.0
HR,CPA_Q87_88,2017,0.0
HR,CPA_Q87_88,2018,0.0
HU,CPA_Q87_88,2014,0.0
HU,CPA_Q87_88,2015,0.0
HU,CPA_Q87_88,2016,0.0
HU,CPA_Q87_88,2017,0.0
HU,CPA_Q87_88,2018,0.0
HU,CPA_Q87_88,2019,0.0
HU,CPA_Q87_88,2020,0.0
HU,CPA_Q87_88,2021,0.0
HU,CPA_Q87_88,2022,0.0
HU,CPA_Q87_88,2023,0.0
IE,CPA_Q87_88,2014,0.0
IE,CPA_Q87_88,2018,0.0
IE,CPA_Q87_88,2019,0.0
IE,CPA_Q87_88,2020,0.0
IE,CPA_Q87_88,2021,0.0
IE,CPA_Q87_88,2022,0.0
IT,CPA_Q87_88,2014,0.0
IT,CPA_Q87_88,2015,0.0
IT,CPA_Q87_88,2016,0.0
IT,CPA_Q87_88,2017,0.0
IT,CPA_Q87_88,2018,0.0
IT,CPA_Q87_88,2019,0.0
IT,CPA_Q87_88,2020,0.0
IT,CPA_Q87_88,2021,0.0
IT,CPA_Q87_88,2022,0.0
LU,CPA_Q87_88,2014,0.0
LU,CPA_Q87_88,2015,0.0
LU,CPA_Q87_88,2016,0.0
LU,CPA_Q87_88,2017,0.0
LU,CPA_Q87_88,2018,0.0
LU,CPA_Q87_88,2019,0.0
LU,CPA_Q87_88,2020,0.0
LU,CPA_Q87_88,2021,0.0
LU,CPA_Q87_88,2022,0.0
LV,CPA_Q87_88,2014,0.0
LV,CPA_Q87_88,2015,0.0
LV,CPA_Q87_88,2016,0.0
LV,CPA_Q87_88,2017,0.0
LV,CPA_Q87_88,2018,0.0
LV,CPA_Q87_88,2019,0.0
LV,CPA_Q87_88,2020,0.0
LV,CPA_Q87_88,2021,0.0
LV,CPA_Q87_88,2022,0.0
LV,CPA_Q87_88,2023,0.0
MK,CPA_Q87_88,2022,0.0
MK,CPA_Q87_88,2023,0.0
MT,CPA_Q87_88,2014,0.0
MT,CPA_Q87_88,2015,0.0
MT,CPA_Q87_88,2016,0.0
MT,CPA_Q87_88,2017,0.0
MT,CPA_Q87_88,2018,0.0
MT,CPA_Q87_88,2019,0.0
MT,CPA_Q87_88,2020,0.0
MT,CPA_Q87_88,2021,0.0
MT,CPA_Q87_88,2022,0.0
NL,CPA_Q87_88,2014,0.0
NL,CPA_Q87_88,2015,0.0
NL,CPA_Q87_88,2016,0.0
NL,CPA_Q87_88,2017,0.0
NL,CPA_Q87_88,2018,0.0
NL,CPA_Q87_88,2019,0.0
NL,CPA_Q87_88,2020,0.0
NL,CPA_Q87_88,2021,0.0
NL,CPA_Q87_88,2022,0.0
NL,CPA_Q87_88,2023,0.0
NL,CPA_Q87_88,2024,0.0
NO,CPA_Q87_88,2014,0.0
NO,CPA_Q87_88,2015,0.0
NO,CPA_Q87_88,2016,0.0
NO,CPA_Q87_88,2017,0.0
NO,CPA_Q87_88,2018,0.0
NO,CPA_Q87_88,2019,0.0
NO,CPA_Q87_88,2020,0.0
NO,CPA_Q87_88,2021,0.0
NO,CPA_Q87_88,2022,0.0
NO,CPA_Q87_88,2023,0.0
PL,CPA_Q87_88,2014,0.0
PL,CPA_Q87_88,2015,0.0
PL,CPA_Q87_88,2016,0.0
PL,CPA_Q87_88,2017,0.0
PL,CPA_Q87_88,2018,0.0
PL,CPA_Q87_88,2019,0.0
PL,CPA_Q87_88,2020,0.0
PL,CPA_Q87_88,2021,0.0
PL,CPA_Q87_88,2022,0.0
PT,CPA_Q87_88,2014,0.0
PT,CPA_Q87_88,2015,0.0
PT,CPA_Q87_88,2016,0.0
PT,CPA_Q87_88,2017,0.0
PT,CPA_Q87_88,2018,0.0
PT,CPA_Q87_88,2019,0.0
PT,CPA_Q87_88,2020,0.0
PT,CPA_Q87_88,2021,0.0
PT,CPA_Q87_88,2022,0.0
PT,CPA_Q87_88,2023,0.0
PT,CPA_Q87_88,2024,0.0
RO,CPA_Q87_88,2014,0.0
RO,CPA_Q87_88,2015,0.0
RO,CPA_Q87_88,2016,0.0
RO,CPA_Q87_88,2017,0.0
RO,CPA_Q87_88,2018,0.0
RO,CPA_Q87_88,2019,0.0
RO,CPA_Q87_88,2020,0.0
RO,CPA_Q87_88,2021,0.0
RO,CPA_Q87_88,2022,0.0
RS,CPA_Q87_88,2014,0.0
RS,CPA_Q87_88,2015,0.0
RS,CPA_Q87_88,2016,0.0
RS,CPA_Q87_88,2017,0.0
RS,CPA_Q87_88,2018,0.0
RS,CPA_Q87_88,2019,0.0
RS,CPA_Q87_88,2020,0.0
RS,CPA_Q87_88,2021,0.0
RS,CPA_Q87_88,2022,0.0
SE,CPA_Q87_88,2015,0.0
SE,CPA_Q87_88,2016,0.0
SE,CPA_Q87_88,2017,0.0
SE,CPA_Q87_88,2018,0.0
SE,CPA_Q87_88,2019,0.0
SE,CPA_Q87_88,2020,0.0
SE,CPA_Q87_88,2021,0.0
SE,CPA_Q87_88,2022,0.0
SE,CPA_Q87_88,2023,0.0
SI,CPA_Q87_88,2014,0.0
SI,CPA_Q87_88,2015,0.0
SI,CPA_Q87_88,2016,0.0
SI,CPA_Q87_88,2017,0.0
SI,CPA_Q87_88,2018,0.0
SI,CPA_Q87_88,2019,0.0
SI,CPA_Q87_88,2020,0.0
SI,CPA_Q87_88,2021,0.0
SI,CPA_Q87_88,2022,0.0
SI,CPA_Q87_88,2023,0.0
SK,CPA_Q87_88,2014,0.0
SK,CPA_Q87_88,2015,0.0
SK,CPA_Q87_88,2016,0.0
SK,CPA_Q87_88,2017,0.0
SK,CPA_Q87_88,2018,0.0
SK,CPA_Q87_88,2019,0.0
SK,CPA_Q87_88,2020,0.0
SK,CPA_Q87_88,2021,0.0
SK,CPA_Q87_88,2022,0.0
TR,CPA_Q87_88,2023,0.0
XK,CPA_Q87_88,2014,0.0
XK,CPA_Q87_88,2015,0.0
XK,CPA_Q87_88,2016,0.0
XK,CPA_Q87_88,2017,0.0
XK,CPA_Q87_88,2018,0.0
XK,CPA_Q87_88,2019,0.0
BE,CPA_Q88,2015,0.0
BE,CPA_Q88,2016,0.0
BE,CPA_Q88,2019,0.0
BE,CPA_Q88,2020,0.0
BE,CPA_Q88,2021,0.0
BE,CPA_Q88,2022,0.0
BG,CPA_Q88,2018,0.0
BG,CPA_Q88,2019,0.0
BG,CPA_Q88,2020,0.0
BG,CPA_Q88,2021,0.0
BG,CPA_Q88,2022,0.0
CZ,CPA_Q88,2014,0.0
CZ,CPA_Q88,2015,0.0
CZ,CPA_Q88,2016,0.0
CZ,CPA_Q88,2017,0.0
CZ,CPA_Q88,2018,0.0
CZ,CPA_Q88,2019,0.0
CZ,CPA_Q88,2020,0.0
CZ,CPA_Q88,2021,0.0
CZ,CPA_Q88,2022,0.0
CZ,CPA_Q88,2023,0.0
CZ,CPA_Q88,2024,0.0
DK,CPA_Q88,2015,0.0
DK,CPA_Q88,2016,0.0
DK,CPA_Q88,2017,0.0
DK,CPA_Q88,2018,0.0
DK,CPA_Q88,2019,0.0
DK,CPA_Q88,2020,0.0
DK,CPA_Q88,2021,0.0
DK,CPA_Q88,2022,0.0
EU27_2020,CPA_Q88,2015,0.0
EU27_2020,CPA_Q88,2016,0.0
FR,CPA_Q88,2021,0.0
FR,CPA_Q88,2022,0.0
HR,CPA_Q88,2015,0.0
HR,CPA_Q88,2016,0.0
HR,CPA_Q88,2017,0.0
HR,CPA_Q88,2018,0.0
HU,CPA_Q88,2016,0.0
HU,CPA_Q88,2017,0.0
HU,CPA_Q88,2018,0.0
HU,CPA_Q88,2019,0.0
HU,CPA_Q88,2020,0.0
HU,CPA_Q88,2021,0.0
HU,CPA_Q88,2022,0.0
HU,CPA_Q88,2023,0.0
RO,CPA_Q88,2014,0.0
RO,CPA_Q88,2015,0.0
RO,CPA_Q88,2016,0.0
RO,CPA_Q88,2017,0.0
RO,CPA_Q88,2018,0.0
RO,CPA_Q88,2019,0.0
RO,CPA_Q88,2020,0.0
RO,CPA_Q88,2021,0.0
RO,CPA_Q88,2022,0.0
SK,CPA_Q88,2014,0.0
SK,CPA_Q88,2015,0.0
SK,CPA_Q88,2016,0.0
SK,CPA_Q88,2017,0.0
SK,CPA_Q88,2018,0.0
SK,CPA_Q88,2019,0.0
SK,CPA_Q88,2020,0.0
SK,CPA_Q88,2021,0.0
SK,CPA_Q88,2022,0.0
BE,CPA_R90,2015,101.1
BE,CPA_R90,2016,108.9
BE,CPA_R90,2019,111.7
BE,CPA_R90,2020,121.9
BE,CPA_R90,2021,137.5
BE,CPA_R90,2022,73.5
BG,CPA_R90,2018,0.0
BG,CPA_R90,2019,0.0
BG,CPA_R90,2020,0.0
BG,CPA_R90,2021,0.0
BG,CPA_R90,2022,0.0
CZ,CPA_R90,2014,0.0
CZ,CPA_R90,2015,0.0
CZ,CPA_R90,2016,0.0
CZ,CPA_R90,2017,0.0
CZ,CPA_R90,2018,0.0
CZ,CPA_R90,2019,0.0
CZ,CPA_R90,2020,0.0
CZ,CPA_R90,2021,0.0
CZ,CPA_R90,2022,0.0
CZ,CPA_R90,2023,0.0
CZ,CPA_R90,2024,0.0
DK,CPA_R90,2015,8.87
DK,CPA_R90,2016,8.18
DK,CPA_R90,2017,9.25
DK,CPA_R90,2018,12.01
DK,CPA_R90,2019,14.25
DK,CPA_R90,2020,17.53
DK,CPA_R90,2021,19.56
DK,CPA_R90,2022,16.57
FR,CPA_R90,2021,0.0
FR,CPA_R90,2022,0.0
HR,CPA_R90,2015,0.0
HR,CPA_R90,2016,0.0
HR,CPA_R90,2017,0.0
HR,CPA_R90,2018,0.0
HU,CPA_R90,2016,1.44
HU,CPA_R90,2017,1.49
HU,CPA_R90,2018,1.65
HU,CPA_R90,2019,2.01
HU,CPA_R90,2020,1.54
HU,CPA_R90,2021,2.95
HU,CPA_R90,2022,2.57
HU,CPA_R90,2023,0.0
RO,CPA_R90,2014,0.0
RO,CPA_R90,2015,0.0
RO,CPA_R90,2016,0.0
RO,CPA_R90,2017,0.0
RO,CPA_R90,2018,0.0
RO,CPA_R90,2019,0.0
RO,CPA_R90,2020,0.0
RO,CPA_R90,2021,0.0
RO,CPA_R90,2022,0.0
SK,CPA_R90,2014,0.0
SK,CPA_R90,2015,4.27
SK,CPA_R90,2016,4.38
SK,CPA_R90,2017,5.73
SK,CPA_R90,2018,7.05
SK,CPA_R90,2019,7.17
SK,CPA_R90,2020,8.7
SK,CPA_R90,2021,8.5
SK,CPA_R90,2022,35.62
AL,CPA_R90-92,2014,0.76
AL,CPA_R90-92,2015,0.5
AL,CPA_R90-92,2016,0.51
AL,CPA_R90-92,2017,0.52
AL,CPA_R90-92,2018,0.01
AL,CPA_R90-92,2019,0.0
AL,CPA_R90-92,2020,0.0
AL,CPA_R90-92,2021,0.64
AL,CPA_R90-92,2022,0.01
AL,CPA_R90-92,2023,1.95
AL,CPA_R90-92,2024,1.28
AT,CPA_R90-92,2014,77.4
AT,CPA_R90-92,2015,84.37
AT,CPA_R90-92,2016,64.64
AT,CPA_R90-92,2017,59.14
AT,CPA_R90-92,2018,76.13
AT,CPA_R90-92,2019,104.41
AT,CPA_R90-92,2020,37.89
AT,CPA_R90-92,2021,75.3
AT,CPA_R90-92,2022,96.61
BE,CPA_R90-92,2014,0.0
BE,CPA_R90-92,2015,101.6
BE,CPA_R90-92,2016,109.36
BE,CPA_R90-92,2017,106.1
BE,CPA_R90-92,2018,108.5
BE,CPA_R90-92,2019,112.2
BE,CPA_R90-92,2020,121.9
BE,CPA_R90-92,2021,137.5
BE,CPA_R90-92,2022,82.1
BG,CPA_R90-92,2014,0.0
BG,CPA_R90-92,2018,0.0
BG,CPA_R90-92,2019,0.0
BG,CPA_R90-92,2020,0.0
BG,CPA_R90-92,2021,0.0
BG,CPA_R90-92,2022,0.0
CY,CPA_R90-92,2014,0.32
CY,CPA_R90-92,2015,0.23
CY,CPA_R90-92,2016,0.13
CY,CPA_R90-92,2017,0.09
CY,CPA_R90-92,2018,0.07
CY,CPA_R90-92,2019,0.06
CY,CPA_R90-92,2020,0.02
CY,CPA_R90-92,2021,0.03
CY,CPA_R90-92,2022,0.03
CZ,CPA_R90-92,2014,0.0
CZ,CPA_R90-92,2015,0.0
CZ,CPA_R90-92,2016,0.0
CZ,CPA_R90-92,2017,0.0
CZ,CPA_R90-92,2018,0.0
CZ,CPA_R90-92,2019,0.0
CZ,CPA_R90-92,2020,0.0
CZ,CPA_R90-92,2021,0.0
CZ,CPA_R90-92,2022,0.0
CZ,CPA_R90-92,2023,0.0
CZ,CPA_R90-92,2024,0.0
DE,CPA_R90-92,2014,0.0
DE,CPA_R90-92,2015,0.0
DE,CPA_R90-92,2016,0.0
DE,CPA_R90-92,2017,0.0
DE,CPA_R90-92,2018,0.0
DE,CPA_R90-92,2019,0.0
DE,CPA_R90-92,2020,0.0
DE,CPA_R90-92,2021,0.0
DE,CPA_R90-92,2022,0.0
DK,CPA_R90-92,2014,17.24
DK,CPA_R90-92,2015,25.34
DK,CPA_R90-92,2016,21.94
DK,CPA_R90-92,2017,23.96
DK,CPA_R90-92,2018,27.17
DK,CPA_R90-92,2019,29.51
DK,CPA_R90-92,2020,30.97
DK,CPA_R90-92,2021,36.83
DK,CPA_R90-92,2022,37.03
EA21,CPA_R90-92,2014,645.39
EA21,CPA_R90-92,2015,865.02
EA21,CPA_R90-92,2016,692.53
EA21,CPA_R90-92,2017,712.14
EA21,CPA_R90-92,2018,812.31
EA21,CPA_R90-92,2019,909.75
EA21,CPA_R90-92,2020,657.97
EA21,CPA_R90-92,2021,759.59
EA21,CPA_R90-92,2022,928.51
EA21,CPA_R90-92,2023,887.86
EA21,CPA_R90-92,2024,866.25
EE,CPA_R90-92,2014,2.0
EE,CPA_R90-92,2015,1.76
EE,CPA_R90-92,2016,3.73
EE,CPA_R90-92,2017,2.39
EE,CPA_R90-92,2018,2.33
EE,CPA_R90-92,2019,4.34
EE,CPA_R90-92,2020,4.11
EE,CPA_R90-92,2021,5.75
EE,CPA_R90-92,2022,5.22
EL,CPA_R90-92,2014,0.0
EL,CPA_R90-92,2015,0.0
EL,CPA_R90-92,2016,0.0
EL,CPA_R90-92,2017,0.0
EL,CPA_R90-92,2018,0.0
EL,CPA_R90-92,2019,0.0
EL,CPA_R90-92,2020,0.0
EL,CPA_R90-92,2021,0.0
EL,CPA_R90-92,2022,0.0
ES,CPA_R90-92,2014,163.0
ES,CPA_R90-92,2015,165.7
ES,CPA_R90-92,2016,65.7
ES,CPA_R90-92,2017,69.3
ES,CPA_R90-92,2018,74.9
ES,CPA_R90-92,2019,85.6
ES,CPA_R90-92,2020,50.7
ES,CPA_R90-92,2021,0.3
ES,CPA_R90-92,2022,0.3
ES,CPA_R90-92,2023,0.2
EU27_2020,CPA_R90-92,2014,819.11
EU27_2020,CPA_R90-92,2015,1053.8
EU27_2020,CPA_R90-92,2016,885.28
EU27_2020,CPA_R90-92,2017,931.85
EU27_2020,CPA_R90-92,2018,1008.06
EU27_2020,CPA_R90-92,2019,1133.45
EU27_2020,CPA_R90-92,2020,921.5
EU27_2020,CPA_R90-92,2021,1070.79
EU27_2020,CPA_R90-92,2022,1160.52
EU27_2020,CPA_R90-92,2023,1132.8
EU27_2020,CPA_R90-92,2024,1107.08
FI,CPA_R90-92,2014,0.0
FI,CPA_R90-92,2015,84.95
FI,CPA_R90-92,2016,61.86
FI,CPA_R90-92,2017,69.41
FI,CPA_R90-92,2018,114.29
FI,CPA_R90-92,2019,124.7
FI,CPA_R90-92,2020,100.17
FI,CPA_R90-92,2021,85.28
FI,CPA_R90-92,2022,126.42
FI,CPA_R90-92,2023,107.37
FR,CPA_R90-92,2014,0.0
FR,CPA_R90-92,2015,0.0
FR,CPA_R90-92,2016,0.0
FR,CPA_R90-92,2017,0.0
FR,CPA_R90-92,2018,0.0
FR,CPA_R90-92,2019,0.0
FR,CPA_R90-92,2020,0.0
FR,CPA_R90-92,2021,0.0
FR,CPA_R90-92,2022,0.0
HR,CPA_R90-92,2015,0.0
HR,CPA_R90-92,2016,0.0
HR,CPA_R90-92,2017,0.0
HR,CPA_R90-92,2018,0.0
HU,CPA_R90-92,2014,1.08
HU,CPA_R90-92,2015,1.27
HU,CPA_R90-92,2016,1.44
HU,CPA_R90-92,2017,1.49
HU,CPA_R90-92,2018,1.65
HU,CPA_R90-92,2019,2.01
HU,CPA_R90-92,2020,1.54
HU,CPA_R90-92,2021,2.95
HU,CPA_R90-92,2022,2.57
HU,CPA_R90-92,2023,0.0
IE,CPA_R90-92,2014,0.0
IE,CPA_R90-92,2015,0.0
IE,CPA_R90-92,2016,0.0
IE,CPA_R90-92,2017,0.0
IE,CPA_R90-92,2018,17.65
IE,CPA_R90-92,2019,13.51
IE,CPA_R90-92,2020,2.55
IE,CPA_R90-92,2021,6.92
IE,CPA_R90-92,2022,15.51
IT,CPA_R90-92,2014,330.66
IT,CPA_R90-92,2015,387.8
IT,CPA_R90-92,2016,348.2
IT,CPA_R90-92,2017,365.3
IT,CPA_R90-92,2018,371.1
IT,CPA_R90-92,2019,423.5
IT,CPA_R90-92,2020,285.1
IT,CPA_R90-92,2021,328.4
IT,CPA_R90-92,2022,431.8
LU,CPA_R90-92,2014,0.0
LU,CPA_R90-92,2015,0.0
LU,CPA_R90-92,2016,0.0
LU,CPA_R90-92,2017,0.0
LU,CPA_R90-92,2018,0.0
LU,CPA_R90-92,2019,0.0
LU,CPA_R90-92,2020,0.0
LU,CPA_R90-92,2021,0.0
LU,CPA_R90-92,2022,0.0
LV,CPA_R90-92,2014,0.01
LV,CPA_R90-92,2015,0.01
LV,CPA_R90-92,2016,0.01
LV,CPA_R90-92,2017,0.01
LV,CPA_R90-92,2018,0.01
LV,CPA_R90-92,2019,0.05
LV,CPA_R90-92,2020,0.01
LV,CPA_R90-92,2021,0.01
LV,CPA_R90-92,2022,0.03
LV,CPA_R90-92,2023,2.53
MK,CPA_R90-92,2022,0.0
MK,CPA_R90-92,2023,0.0
MT,CPA_R90-92,2014,0.0
MT,CPA_R90-92,2015,0.0
MT,CPA_R90-92,2016,0.0
MT,CPA_R90-92,2017,0.0
MT,CPA_R90-92,2018,0.0
MT,CPA_R90-92,2019,0.0
MT,CPA_R90-92,2020,0.0
MT,CPA_R90-92,2021,0.0
MT,CPA_R90-92,2022,0.0
NL,CPA_R90-92,2014,94.0
NL,CPA_R90-92,2015,103.0
NL,CPA_R90-92,2016,109.0
NL,CPA_R90-92,2017,119.0
NL,CPA_R90-92,2018,135.0
NL,CPA_R90-92,2019,141.0
NL,CPA_R90-92,2020,102.0
NL,CPA_R90-92,2021,110.0
NL,CPA_R90-92,2022,133.0
NL,CPA_R90-92,2023,133.0
NL,CPA_R90-92,2024,138.0
NO,CPA_R90-92,2014,0.0
NO,CPA_R90-92,2015,0.0
NO,CPA_R90-92,2016,0.0
NO,CPA_R90-92,2017,0.0
NO,CPA_R90-92,2018,0.0
NO,CPA_R90-92,2019,0.0
NO,CPA_R90-92,2020,0.0
NO,CPA_R90-92,2021,0.0
NO,CPA_R90-92,2022,0.0
NO,CPA_R90-92,2023,0.0
PL,CPA_R90-92,2014,0.0
PL,CPA_R90-92,2015,0.0
PL,CPA_R90-92,2016,0.0
PL,CPA_R90-92,2017,0.0
PL,CPA_R90-92,2018,0.0
PL,CPA_R90-92,2019,0.0
PL,CPA_R90-92,2020,0.0
PL,CPA_R90-92,2021,0.0
PL,CPA_R90-92,2022,0.0
PT,CPA_R90-92,2014,0.93
PT,CPA_R90-92,2015,1.0
PT,CPA_R90-92,2016,1.22
PT,CPA_R90-92,2017,1.36
PT,CPA_R90-92,2018,1.63
PT,CPA_R90-92,2019,1.59
PT,CPA_R90-92,2020,1.13
PT,CPA_R90-92,2021,1.78
PT,CPA_R90-92,2022,1.95
PT,CPA_R90-92,2023,2.44
PT,CPA_R90-92,2024,2.47
RO,CPA_R90-92,2014,0.0
RO,CPA_R90-92,2015,0.0
RO,CPA_R90-92,2016,0.0
RO,CPA_R90-92,2017,0.0
RO,CPA_R90-92,2018,0.0
RO,CPA_R90-92,2019,0.0
RO,CPA_R90-92,2020,0.0
RO,CPA_R90-92,2021,0.0
RO,CPA_R90-92,2022,0.0
RS,CPA_R90-92,2014,0.0
RS,CPA_R90-92,2015,0.0
RS,CPA_R90-92,2016,0.0
RS,CPA_R90-92,2017,0.0
RS,CPA_R90-92,2018,0.0
RS,CPA_R90-92,2019,0.0
RS,CPA_R90-92,2020,0.0
RS,CPA_R90-92,2021,0.0
RS,CPA_R90-92,2022,0.0
SE,CPA_R90-92,2014,120.15
SE,CPA_R90-92,2015,145.38
SE,CPA_R90-92,2016,152.31
SE,CPA_R90-92,2017,174.64
SE,CPA_R90-92,2018,146.64
SE,CPA_R90-92,2019,175.1
SE,CPA_R90-92,2020,202.1
SE,CPA_R90-92,2021,270.04
SE,CPA_R90-92,2022,190.51
SE,CPA_R90-92,2023,208.73
SI,CPA_R90-92,2014,0.0
SI,CPA_R90-92,2015,0.0
SI,CPA_R90-92,2016,0.0
SI,CPA_R90-92,2017,0.0
SI,CPA_R90-92,2018,0.0
SI,CPA_R90-92,2019,0.0
SI,CPA_R90-92,2020,0.0
SI,CPA_R90-92,2021,0.0
SI,CPA_R90-92,2022,0.0
SI,CPA_R90-92,2023,0.0
SK,CPA_R90-92,2014,0.0
SK,CPA_R90-92,2015,4.27
SK,CPA_R90-92,2016,4.38
SK,CPA_R90-92,2017,5.73
SK,CPA_R90-92,2018,7.05
SK,CPA_R90-92,2019,7.17
SK,CPA_R90-92,2020,8.7
SK,CPA_R90-92,2021,8.5
SK,CPA_R90-92,2022,35.62
TR,CPA_R90-92,2023,0.0
XK,CPA_R90-92,2014,0.0
XK,CPA_R90-92,2015,0.0
XK,CPA_R90-92,2016,0.0
XK,CPA_R90-92,2017,0.0
XK,CPA_R90-92,2018,0.0
XK,CPA_R90-92,2019,0.0
BE,CPA_R91,2015,0.5
BE,CPA_R91,2016,0.46
BE,CPA_R91,2019,0.5
BE,CPA_R91,2020,0.0
BE,CPA_R91,2021,0.0
BE,CPA_R91,2022,8.6
BG,CPA_R91,2018,0.0
BG,CPA_R91,2019,0.0
BG,CPA_R91,2020,0.0
BG,CPA_R91,2021,0.0
BG,CPA_R91,2022,0.0
CZ,CPA_R91,2014,0.0
CZ,CPA_R91,2015,0.0
CZ,CPA_R91,2016,0.0
CZ,CPA_R91,2017,0.0
CZ,CPA_R91,2018,0.0
CZ,CPA_R91,2019,0.0
CZ,CPA_R91,2020,0.0
CZ,CPA_R91,2021,0.0
CZ,CPA_R91,2022,0.0
CZ,CPA_R91,2023,0.0
CZ,CPA_R91,2024,0.0
DK,CPA_R91,2015,16.48
DK,CPA_R91,2016,13.76
DK,CPA_R91,2017,14.71
DK,CPA_R91,2018,15.16
DK,CPA_R91,2019,15.26
DK,CPA_R91,2020,13.43
DK,CPA_R91,2021,17.28
DK,CPA_R91,2022,20.46
FR,CPA_R91,2021,0.0
FR,CPA_R91,2022,0.0
HR,CPA_R91,2015,0.0
HR,CPA_R91,2016,0.0
HR,CPA_R91,2017,0.0
HR,CPA_R91,2018,0.0
HU,CPA_R91,2016,0.0
HU,CPA_R91,2017,0.0
HU,CPA_R91,2018,0.0
HU,CPA_R91,2019,0.0
HU,CPA_R91,2020,0.0
HU,CPA_R91,2021,0.0
HU,CPA_R91,2022,0.0
HU,CPA_R91,2023,0.0
RO,CPA_R91,2014,0.0
RO,CPA_R91,2015,0.0
RO,CPA_R91,2016,0.0
RO,CPA_R91,2017,0.0
RO,CPA_R91,2018,0.0
RO,CPA_R91,2019,0.0
RO,CPA_R91,2020,0.0
RO,CPA_R91,2021,0.0
RO,CPA_R91,2022,0.0
SK,CPA_R91,2014,0.0
SK,CPA_R91,2015,0.0
SK,CPA_R91,2016,0.0
SK,CPA_R91,2017,0.0
SK,CPA_R91,2018,0.0
SK,CPA_R91,2019,0.0
SK,CPA_R91,2020,0.0
SK,CPA_R91,2021,0.0
SK,CPA_R91,2022,0.0
BE,CPA_R92,2015,0.0
BE,CPA_R92,2016,0.0
BE,CPA_R92,2019,0.0
BE,CPA_R92,2020,0.0
BE,CPA_R92,2021,0.0
BE,CPA_R92,2022,0.0
BG,CPA_R92,2018,0.0
BG,CPA_R92,2019,0.0
BG,CPA_R92,2020,0.0
BG,CPA_R92,2021,0.0
BG,CPA_R92,2022,0.0
CZ,CPA_R92,2014,0.0
CZ,CPA_R92,2015,0.0
CZ,CPA_R92,2016,0.0
CZ,CPA_R92,2017,0.0
CZ,CPA_R92,2018,0.0
CZ,CPA_R92,2019,0.0
CZ,CPA_R92,2020,0.0
CZ,CPA_R92,2021,0.0
CZ,CPA_R92,2022,0.0
CZ,CPA_R92,2023,0.0
CZ,CPA_R92,2024,0.0
DK,CPA_R92,2015,0.0
DK,CPA_R92,2016,0.0
DK,CPA_R92,2017,0.0
DK,CPA_R92,2018,0.0
DK,CPA_R92,2019,0.0
DK,CPA_R92,2020,0.0
DK,CPA_R92,2021,0.0
DK,CPA_R92,2022,0.0
FR,CPA_R92,2021,0.0
FR,CPA_R92,2022,0.0
HR,CPA_R92,2015,0.0
HR,CPA_R92,2016,0.0
HR,CPA_R92,2017,0.0
HR,CPA_R92,2018,0.0
HU,CPA_R92,2016,0.0
HU,CPA_R92,2017,0.0
HU,CPA_R92,2018,0.0
HU,CPA_R92,2019,0.0
HU,CPA_R92,2020,0.0
HU,CPA_R92,2021,0.0
HU,CPA_R92,2022,0.0
HU,CPA_R92,2023,0.0
RO,CPA_R92,2014,0.0
RO,CPA_R92,2015,0.0
RO,CPA_R92,2016,0.0
RO,CPA_R92,2017,0.0
RO,CPA_R92,2018,0.0
RO,CPA_R92,2019,0.0
RO,CPA_R92,2020,0.0
RO,CPA_R92,2021,0.0
RO,CPA_R92,2022,0.0
SK,CPA_R92,2014,0.0
SK,CPA_R92,2015,0.0
SK,CPA_R92,2016,0.0
SK,CPA_R92,2017,0.0
SK,CPA_R92,2018,0.0
SK,CPA_R92,2019,0.0
SK,CPA_R92,2020,0.0
SK,CPA_R92,2021,0.0
SK,CPA_R92,2022,0.0
AL,CPA_R93,2014,0.0
AL,CPA_R93,2015,0.0
AL,CPA_R93,2016,0.0
AL,CPA_R93,2017,0.0
AL,CPA_R93,2018,0.0
AL,CPA_R93,2019,0.0
AL,CPA_R93,2020,0.0
AL,CPA_R93,2021,0.0
AL,CPA_R93,2022,0.0
AL,CPA_R93,2023,0.0
AL,CPA_R93,2024,0.0
AT,CPA_R93,2014,0.0
AT,CPA_R93,2015,0.0
AT,CPA_R93,2016,0.0
AT,CPA_R93,2017,0.0
AT,CPA_R93,2018,0.0
AT,CPA_R93,2019,0.0
AT,CPA_R93,2020,0.0
AT,CPA_R93,2021,0.0
AT,CPA_R93,2022,0.0
BE,CPA_R93,2014,0.0
BE,CPA_R93,2015,0.0
BE,CPA_R93,2016,0.0
BE,CPA_R93,2017,0.0
BE,CPA_R93,2018,0.0
BE,CPA_R93,2019,0.0
BE,CPA_R93,2020,0.0
BE,CPA_R93,2021,0.0
BE,CPA_R93,2022,0.0
BG,CPA_R93,2014,0.0
BG,CPA_R93,2018,0.0
BG,CPA_R93,2019,0.0
BG,CPA_R93,2020,0.0
BG,CPA_R93,2021,0.0
BG,CPA_R93,2022,0.0
CY,CPA_R93,2014,0.0
CY,CPA_R93,2015,0.0
CY,CPA_R93,2016,0.0
CY,CPA_R93,2017,0.0
CY,CPA_R93,2018,0.0
CY,CPA_R93,2019,0.0
CY,CPA_R93,2020,0.0
CY,CPA_R93,2021,0.0
CY,CPA_R93,2022,0.0
CZ,CPA_R93,2014,0.0
CZ,CPA_R93,2015,0.0
CZ,CPA_R93,2016,0.0
CZ,CPA_R93,2017,0.0
CZ,CPA_R93,2018,0.0
CZ,CPA_R93,2019,0.0
CZ,CPA_R93,2020,0.0
CZ,CPA_R93,2021,0.0
CZ,CPA_R93,2022,0.0
CZ,CPA_R93,2023,0.0
CZ,CPA_R93,2024,0.0
DE,CPA_R93,2014,0.0
DE,CPA_R93,2015,0.0
DE,CPA_R93,2016,0.0
DE,CPA_R93,2017,0.0
DE,CPA_R93,2018,0.0
DE,CPA_R93,2019,0.0
DE,CPA_R93,2020,0.0
DE,CPA_R93,2021,0.0
DE,CPA_R93,2022,0.0
DK,CPA_R93,2014,0.0
DK,CPA_R93,2015,0.0
DK,CPA_R93,2016,0.0
DK,CPA_R93,2017,0.0
DK,CPA_R93,2018,0.0
DK,CPA_R93,2019,0.0
DK,CPA_R93,2020,0.0
DK,CPA_R93,2021,0.0
DK,CPA_R93,2022,0.0
EA21,CPA_R93,2014,0.0
EA21,CPA_R93,2015,0.0
EA21,CPA_R93,2016,0.0
EA21,CPA_R93,2017,0.0
EA21,CPA_R93,2018,0.0
EA21,CPA_R93,2019,0.0
EA21,CPA_R93,2020,0.0
EA21,CPA_R93,2021,0.0
EA21,CPA_R93,2022,0.0
EA21,CPA_R93,2023,0.0
EA21,CPA_R93,2024,0.0
EE,CPA_R93,2019,0.0
EE,CPA_R93,2020,0.0
EE,CPA_R93,2021,0.0
EE,CPA_R93,2022,0.0
EL,CPA_R93,2014,0.0
EL,CPA_R93,2015,0.0
EL,CPA_R93,2016,0.0
EL,CPA_R93,2017,0.0
EL,CPA_R93,2018,0.0
EL,CPA_R93,2019,0.0
EL,CPA_R93,2020,0.0
EL,CPA_R93,2021,0.0
EL,CPA_R93,2022,0.0
ES,CPA_R93,2014,0.0
ES,CPA_R93,2015,0.0
ES,CPA_R93,2016,0.0
ES,CPA_R93,2017,0.0
ES,CPA_R93,2018,0.0
ES,CPA_R93,2019,0.0
ES,CPA_R93,2020,0.0
ES,CPA_R93,2021,0.0
ES,CPA_R93,2022,0.0
ES,CPA_R93,2023,0.0
EU27_2020,CPA_R93,2014,0.0
EU27_2020,CPA_R93,2015,0.0
EU27_2020,CPA_R93,2016,0.0
EU27_2020,CPA_R93,2017,0.0
EU27_2020,CPA_R93,2018,0.0
EU27_2020,CPA_R93,2019,0.0
EU27_2020,CPA_R93,2020,0.0
EU27_2020,CPA_R93,2021,0.0
EU27_2020,CPA_R93,2022,0.0
EU27_2020,CPA_R93,2023,0.0
EU27_2020,CPA_R93,2024,0.0
FI,CPA_R93,2014,0.0
FI,CPA_R93,2015,0.0
FI,CPA_R93,2016,0.0
FI,CPA_R93,2017,0.0
FI,CPA_R93,2018,0.0
FI,CPA_R93,2019,0.0
FI,CPA_R93,2020,0.0
FI,CPA_R93,2021,0.0
FI,CPA_R93,2022,0.0
FI,CPA_R93,2023,0.0
FR,CPA_R93,2014,0.0
FR,CPA_R93,2015,0.0
FR,CPA_R93,2016,0.0
FR,CPA_R93,2017,0.0
FR,CPA_R93,2018,0.0
FR,CPA_R93,2019,0.0
FR,CPA_R93,2020,0.0
FR,CPA_R93,2021,0.0
FR,CPA_R93,2022,0.0
HR,CPA_R93,2015,0.0
HR,CPA_R93,2016,0.0
HR,CPA_R93,2017,0.0
HR,CPA_R93,2018,0.0
HU,CPA_R93,2014,0.0
HU,CPA_R93,2015,0.0
HU,CPA_R93,2016,0.0
HU,CPA_R93,2017,0.0
HU,CPA_R93,2018,0.0
HU,CPA_R93,2019,0.0
HU,CPA_R93,2020,0.0
HU,CPA_R93,2021,0.0
HU,CPA_R93,2022,0.0
HU,CPA_R93,2023,0.0
IE,CPA_R93,2014,0.0
IE,CPA_R93,2015,0.0
IE,CPA_R93,2016,0.0
IE,CPA_R93,2017,0.0
IE,CPA_R93,2018,0.0
IE,CPA_R93,2019,0.0
IE,CPA_R93,2020,0.0
IE,CPA_R93,2021,0.0
IE,CPA_R93,2022,0.0
IT,CPA_R93,2014,0.0
IT,CPA_R93,2015,0.0
IT,CPA_R93,2016,0.0
IT,CPA_R93,2017,0.0
IT,CPA_R93,2018,0.0
IT,CPA_R93,2019,0.0
IT,CPA_R93,2020,0.0
IT,CPA_R93,2021,0.0
IT,CPA_R93,2022,0.0
LU,CPA_R93,2014,0.0
LU,CPA_R93,2015,0.0
LU,CPA_R93,2016,0.0
LU,CPA_R93,2017,0.0
LU,CPA_R93,2018,0.0
LU,CPA_R93,2019,0.0
LU,CPA_R93,2020,0.0
LU,CPA_R93,2021,0.0
LU,CPA_R93,2022,0.0
LV,CPA_R93,2014,0.0
LV,CPA_R93,2015,0.0
LV,CPA_R93,2016,0.0
LV,CPA_R93,2017,0.0
LV,CPA_R93,2018,0.0
LV,CPA_R93,2019,0.0
LV,CPA_R93,2020,0.0
LV,CPA_R93,2021,0.0
LV,CPA_R93,2022,0.0
LV,CPA_R93,2023,0.0
MK,CPA_R93,2022,0.0
MK,CPA_R93,2023,0.0
MT,CPA_R93,2014,0.0
MT,CPA_R93,2015,0.0
MT,CPA_R93,2016,0.0
MT,CPA_R93,2017,0.0
MT,CPA_R93,2018,0.0
MT,CPA_R93,2019,0.0
MT,CPA_R93,2020,0.0
MT,CPA_R93,2021,0.0
MT,CPA_R93,2022,0.0
NL,CPA_R93,2014,0.0
NL,CPA_R93,2015,0.0
NL,CPA_R93,2016,0.0
NL,CPA_R93,2017,0.0
NL,CPA_R93,2018,0.0
NL,CPA_R93,2019,0.0
NL,CPA_R93,2020,0.0
NL,CPA_R93,2021,0.0
NL,CPA_R93,2022,0.0
NL,CPA_R93,2023,0.0
NL,CPA_R93,2024,0.0
NO,CPA_R93,2014,0.0
NO,CPA_R93,2015,0.0
NO,CPA_R93,2016,0.0
NO,CPA_R93,2017,0.0
NO,CPA_R93,2018,0.0
NO,CPA_R93,2019,0.0
NO,CPA_R93,2020,0.0
NO,CPA_R93,2021,0.0
NO,CPA_R93,2022,0.0
NO,CPA_R93,2023,0.0
PL,CPA_R93,2014,0.0
PL,CPA_R93,2015,0.0
PL,CPA_R93,2016,0.0
PL,CPA_R93,2017,0.0
PL,CPA_R93,2018,0.0
PL,CPA_R93,2019,0.0
PL,CPA_R93,2020,0.0
PL,CPA_R93,2021,0.0
PL,CPA_R93,2022,0.0
PT,CPA_R93,2014,0.0
PT,CPA_R93,2015,0.0
PT,CPA_R93,2016,0.0
PT,CPA_R93,2017,0.0
PT,CPA_R93,2018,0.0
PT,CPA_R93,2019,0.0
PT,CPA_R93,2020,0.0
PT,CPA_R93,2021,0.0
PT,CPA_R93,2022,0.0
PT,CPA_R93,2023,0.0
PT,CPA_R93,2024,0.0
RO,CPA_R93,2014,0.0
RO,CPA_R93,2015,0.0
RO,CPA_R93,2016,0.0
RO,CPA_R93,2017,0.0
RO,CPA_R93,2018,0.0
RO,CPA_R93,2019,0.0
RO,CPA_R93,2020,0.0
RO,CPA_R93,2021,0.0
RO,CPA_R93,2022,0.0
RS,CPA_R93,2014,0.0
RS,CPA_R93,2015,0.0
RS,CPA_R93,2016,0.0
RS,CPA_R93,2017,0.0
RS,CPA_R93,2018,0.0
RS,CPA_R93,2019,0.0
RS,CPA_R93,2020,0.0
RS,CPA_R93,2021,0.0
RS,CPA_R93,2022,0.0
SE,CPA_R93,2015,0.0
SE,CPA_R93,2016,0.0
SE,CPA_R93,2017,0.0
SE,CPA_R93,2018,0.0
SE,CPA_R93,2019,0.0
SE,CPA_R93,2020,0.0
SE,CPA_R93,2021,0.0
SE,CPA_R93,2022,0.0
SE,CPA_R93,2023,0.0
SI,CPA_R93,2014,0.0
SI,CPA_R93,2015,0.0
SI,CPA_R93,2016,0.0
SI,CPA_R93,2017,0.0
SI,CPA_R93,2018,0.0
SI,CPA_R93,2019,0.0
SI,CPA_R93,2020,0.0
SI,CPA_R93,2021,0.0
SI,CPA_R93,2022,0.0
SI,CPA_R93,2023,0.0
SK,CPA_R93,2014,0.0
SK,CPA_R93,2015,0.0
SK,CPA_R93,2016,0.0
SK,CPA_R93,2017,0.0
SK,CPA_R93,2018,0.0
SK,CPA_R93,2019,0.0
SK,CPA_R93,2020,0.0
SK,CPA_R93,2021,0.0
SK,CPA_R93,2022,0.0
TR,CPA_R93,2023,0.0
XK,CPA_R93,2014,0.0
XK,CPA_R93,2015,0.0
XK,CPA_R93,2016,0.0
XK,CPA_R93,2017,0.0
XK,CPA_R93,2018,0.0
XK,CPA_R93,2019,0.0
AL,CPA_S94,2014,0.0
AL,CPA_S94,2015,0.0
AL,CPA_S94,2016,0.0
AL,CPA_S94,2017,0.0
AL,CPA_S94,2018,0.0
AL,CPA_S94,2019,0.0
AL,CPA_S94,2020,0.0
AL,CPA_S94,2021,0.0
AL,CPA_S94,2022,0.0
AL,CPA_S94,2023,0.0
AL,CPA_S94,2024,0.0
AT,CPA_S94,2014,0.0
AT,CPA_S94,2015,0.0
AT,CPA_S94,2016,0.0
AT,CPA_S94,2017,0.0
AT,CPA_S94,2018,0.0
AT,CPA_S94,2019,0.0
AT,CPA_S94,2020,0.0
AT,CPA_S94,2021,0.0
AT,CPA_S94,2022,0.0
BE,CPA_S94,2014,0.0
BE,CPA_S94,2015,0.0
BE,CPA_S94,2016,0.0
BE,CPA_S94,2017,0.0
BE,CPA_S94,2018,0.0
BE,CPA_S94,2019,0.0
BE,CPA_S94,2020,0.0
BE,CPA_S94,2021,0.0
BE,CPA_S94,2022,0.0
BG,CPA_S94,2014,0.0
BG,CPA_S94,2018,0.0
BG,CPA_S94,2019,0.0
BG,CPA_S94,2020,0.0
BG,CPA_S94,2021,0.0
BG,CPA_S94,2022,0.0
CY,CPA_S94,2014,0.0
CY,CPA_S94,2015,0.0
CY,CPA_S94,2016,0.0
CY,CPA_S94,2017,0.0
CY,CPA_S94,2018,0.0
CY,CPA_S94,2019,0.0
CY,CPA_S94,2020,0.0
CY,CPA_S94,2021,0.0
CY,CPA_S94,2022,0.0
CZ,CPA_S94,2014,0.0
CZ,CPA_S94,2015,0.0
CZ,CPA_S94,2016,0.0
CZ,CPA_S94,2017,0.0
CZ,CPA_S94,2018,0.0
CZ,CPA_S94,2019,0.0
CZ,CPA_S94,2020,0.0
CZ,CPA_S94,2021,0.0
CZ,CPA_S94,2022,0.0
CZ,CPA_S94,2023,0.0
CZ,CPA_S94,2024,0.0
DE,CPA_S94,2014,0.0
DE,CPA_S94,2015,0.0
DE,CPA_S94,2016,0.0
DE,CPA_S94,2017,0.0
DE,CPA_S94,2018,0.0
DE,CPA_S94,2019,0.0
DE,CPA_S94,2020,0.0
DE,CPA_S94,2021,0.0
DE,CPA_S94,2022,0.0
DK,CPA_S94,2014,0.0
DK,CPA_S94,2015,0.0
DK,CPA_S94,2016,0.0
DK,CPA_S94,2017,0.0
DK,CPA_S94,2018,0.0
DK,CPA_S94,2019,0.0
DK,CPA_S94,2020,0.0
DK,CPA_S94,2021,0.0
DK,CPA_S94,2022,0.0
EA21,CPA_S94,2014,0.0
EA21,CPA_S94,2015,0.0
EA21,CPA_S94,2016,0.0
EA21,CPA_S94,2017,0.0
EA21,CPA_S94,2018,0.0
EA21,CPA_S94,2019,0.0
EA21,CPA_S94,2020,0.0
EA21,CPA_S94,2021,0.0
EA21,CPA_S94,2022,0.0
EA21,CPA_S94,2023,0.0
EA21,CPA_S94,2024,0.0
EE,CPA_S94,2019,0.0
EE,CPA_S94,2020,0.0
EE,CPA_S94,2021,0.0
EE,CPA_S94,2022,0.0
EL,CPA_S94,2014,0.0
EL,CPA_S94,2015,0.0
EL,CPA_S94,2016,0.0
EL,CPA_S94,2017,0.0
EL,CPA_S94,2018,0.0
EL,CPA_S94,2019,0.0
EL,CPA_S94,2020,0.0
EL,CPA_S94,2021,0.0
EL,CPA_S94,2022,0.0
ES,CPA_S94,2014,0.0
ES,CPA_S94,2015,0.0
ES,CPA_S94,2016,0.0
ES,CPA_S94,2017,0.0
ES,CPA_S94,2018,0.0
ES,CPA_S94,2019,0.0
ES,CPA_S94,2020,0.0
ES,CPA_S94,2021,0.0
ES,CPA_S94,2022,0.0
ES,CPA_S94,2023,0.0
EU27_2020,CPA_S94,2014,0.0
EU27_2020,CPA_S94,2015,0.0
EU27_2020,CPA_S94,2016,0.0
EU27_2020,CPA_S94,2017,0.0
EU27_2020,CPA_S94,2018,0.0
EU27_2020,CPA_S94,2019,0.0
EU27_2020,CPA_S94,2020,0.0
EU27_2020,CPA_S94,2021,0.0
EU27_2020,CPA_S94,2022,0.0
EU27_2020,CPA_S94,2023,0.0
EU27_2020,CPA_S94,2024,0.0
FI,CPA_S94,2014,0.0
FI,CPA_S94,2015,0.0
FI,CPA_S94,2016,0.0
FI,CPA_S94,2017,0.0
FI,CPA_S94,2018,0.0
FI,CPA_S94,2019,0.0
FI,CPA_S94,2020,0.0
FI,CPA_S94,2021,0.0
FI,CPA_S94,2022,0.0
FI,CPA_S94,2023,0.0
FR,CPA_S94,2014,0.0
FR,CPA_S94,2015,0.0
FR,CPA_S94,2016,0.0
FR,CPA_S94,2017,0.0
FR,CPA_S94,2018,0.0
FR,CPA_S94,2019,0.0
FR,CPA_S94,2020,0.0
FR,CPA_S94,2021,0.0
FR,CPA_S94,2022,0.0
HR,CPA_S94,2015,0.0
HR,CPA_S94,2016,0.0
HR,CPA_S94,2017,0.0
HR,CPA_S94,2018,0.0
HU,CPA_S94,2014,0.0
HU,CPA_S94,2015,0.0
HU,CPA_S94,2016,0.0
HU,CPA_S94,2017,0.0
HU,CPA_S94,2018,0.0
HU,CPA_S94,2019,0.0
HU,CPA_S94,2020,0.0
HU,CPA_S94,2021,0.0
HU,CPA_S94,2022,0.0
HU,CPA_S94,2023,0.0
IE,CPA_S94,2014,0.0
IE,CPA_S94,2015,0.0
IE,CPA_S94,2016,0.0
IE,CPA_S94,2017,0.0
IE,CPA_S94,2018,0.0
IE,CPA_S94,2019,0.0
IE,CPA_S94,2020,0.0
IE,CPA_S94,2021,0.0
IE,CPA_S94,2022,0.0
IT,CPA_S94,2014,0.0
IT,CPA_S94,2015,0.0
IT,CPA_S94,2016,0.0
IT,CPA_S94,2017,0.0
IT,CPA_S94,2018,0.0
IT,CPA_S94,2019,0.0
IT,CPA_S94,2020,0.0
IT,CPA_S94,2021,0.0
IT,CPA_S94,2022,0.0
LU,CPA_S94,2014,0.0
LU,CPA_S94,2015,0.0
LU,CPA_S94,2016,0.0
LU,CPA_S94,2017,0.0
LU,CPA_S94,2018,0.0
LU,CPA_S94,2019,0.0
LU,CPA_S94,2020,0.0
LU,CPA_S94,2021,0.0
LU,CPA_S94,2022,0.0
LV,CPA_S94,2014,0.0
LV,CPA_S94,2015,0.0
LV,CPA_S94,2016,0.0
LV,CPA_S94,2017,0.0
LV,CPA_S94,2018,0.0
LV,CPA_S94,2019,0.0
LV,CPA_S94,2020,0.0
LV,CPA_S94,2021,0.0
LV,CPA_S94,2022,0.0
LV,CPA_S94,2023,0.0
MK,CPA_S94,2022,0.0
MK,CPA_S94,2023,0.0
MT,CPA_S94,2014,0.0
MT,CPA_S94,2015,0.0
MT,CPA_S94,2016,0.0
MT,CPA_S94,2017,0.0
MT,CPA_S94,2018,0.0
MT,CPA_S94,2019,0.0
MT,CPA_S94,2020,0.0
MT,CPA_S94,2021,0.0
MT,CPA_S94,2022,0.0
NL,CPA_S94,2014,0.0
NL,CPA_S94,2015,0.0
NL,CPA_S94,2016,0.0
NL,CPA_S94,2017,0.0
NL,CPA_S94,2018,0.0
NL,CPA_S94,2019,0.0
NL,CPA_S94,2020,0.0
NL,CPA_S94,2021,0.0
NL,CPA_S94,2022,0.0
NL,CPA_S94,2023,0.0
NL,CPA_S94,2024,0.0
NO,CPA_S94,2014,0.0
NO,CPA_S94,2015,0.0
NO,CPA_S94,2016,0.0
NO,CPA_S94,2017,0.0
NO,CPA_S94,2018,0.0
NO,CPA_S94,2019,0.0
NO,CPA_S94,2020,0.0
NO,CPA_S94,2021,0.0
NO,CPA_S94,2022,0.0
NO,CPA_S94,2023,0.0
PL,CPA_S94,2014,0.0
PL,CPA_S94,2015,0.0
PL,CPA_S94,2016,0.0
PL,CPA_S94,2017,0.0
PL,CPA_S94,2018,0.0
PL,CPA_S94,2019,0.0
PL,CPA_S94,2020,0.0
PL,CPA_S94,2021,0.0
PL,CPA_S94,2022,0.0
PT,CPA_S94,2014,0.0
PT,CPA_S94,2015,0.0
PT,CPA_S94,2016,0.0
PT,CPA_S94,2017,0.0
PT,CPA_S94,2018,0.0
PT,CPA_S94,2019,0.0
PT,CPA_S94,2020,0.0
PT,CPA_S94,2021,0.0
PT,CPA_S94,2022,0.0
PT,CPA_S94,2023,0.0
PT,CPA_S94,2024,0.0
RO,CPA_S94,2014,0.0
RO,CPA_S94,2015,0.0
RO,CPA_S94,2016,0.0
RO,CPA_S94,2017,0.0
RO,CPA_S94,2018,0.0
RO,CPA_S94,2019,0.0
RO,CPA_S94,2020,0.0
RO,CPA_S94,2021,0.0
RO,CPA_S94,2022,0.0
RS,CPA_S94,2014,0.0
RS,CPA_S94,2015,0.0
RS,CPA_S94,2016,0.0
RS,CPA_S94,2017,0.0
RS,CPA_S94,2018,0.0
RS,CPA_S94,2019,0.0
RS,CPA_S94,2020,0.0
RS,CPA_S94,2021,0.0
RS,CPA_S94,2022,0.0
SE,CPA_S94,2015,0.0
SE,CPA_S94,2016,0.0
SE,CPA_S94,2017,0.0
SE,CPA_S94,2018,0.0
SE,CPA_S94,2019,0.0
SE,CPA_S94,2020,0.0
SE,CPA_S94,2021,0.0
SE,CPA_S94,2022,0.0
SE,CPA_S94,2023,0.0
SI,CPA_S94,2014,0.0
SI,CPA_S94,2015,0.0
SI,CPA_S94,2016,0.0
SI,CPA_S94,2017,0.0
SI,CPA_S94,2018,0.0
SI,CPA_S94,2019,0.0
SI,CPA_S94,2020,0.0
SI,CPA_S94,2021,0.0
SI,CPA_S94,2022,0.0
SI,CPA_S94,2023,0.0
SK,CPA_S94,2014,0.0
SK,CPA_S94,2015,0.0
SK,CPA_S94,2016,0.0
SK,CPA_S94,2017,0.0
SK,CPA_S94,2018,0.0
SK,CPA_S94,2019,0.0
SK,CPA_S94,2020,0.0
SK,CPA_S94,2021,0.0
SK,CPA_S94,2022,0.0
TR,CPA_S94,2023,0.0
XK,CPA_S94,2014,0.0
XK,CPA_S94,2015,0.0
XK,CPA_S94,2016,0.0
XK,CPA_S94,2017,0.0
XK,CPA_S94,2018,0.0
XK,CPA_S94,2019,0.0
AL,CPA_S95,2014,0.0
AL,CPA_S95,2015,0.0
AL,CPA_S95,2016,0.0
AL,CPA_S95,2017,0.0
AL,CPA_S95,2018,0.0
AL,CPA_S95,2019,0.0
AL,CPA_S95,2020,0.0
AL,CPA_S95,2021,0.0
AL,CPA_S95,2022,0.0
AL,CPA_S95,2023,0.0
AL,CPA_S95,2024,0.0
AT,CPA_S95,2014,0.0
AT,CPA_S95,2015,0.0
AT,CPA_S95,2016,0.0
AT,CPA_S95,2017,0.0
AT,CPA_S95,2018,0.0
AT,CPA_S95,2019,0.0
AT,CPA_S95,2020,0.0
AT,CPA_S95,2021,0.0
AT,CPA_S95,2022,0.0
BE,CPA_S95,2014,0.0
BE,CPA_S95,2015,0.0
BE,CPA_S95,2016,0.0
BE,CPA_S95,2017,0.0
BE,CPA_S95,2018,0.0
BE,CPA_S95,2019,0.0
BE,CPA_S95,2020,0.0
BE,CPA_S95,2021,0.0
BE,CPA_S95,2022,0.0
BG,CPA_S95,2014,0.0
BG,CPA_S95,2018,0.0
BG,CPA_S95,2019,0.0
BG,CPA_S95,2020,0.0
BG,CPA_S95,2021,0.0
BG,CPA_S95,2022,0.0
CY,CPA_S95,2014,0.0
CY,CPA_S95,2015,0.0
CY,CPA_S95,2016,0.0
CY,CPA_S95,2017,0.0
CY,CPA_S95,2018,0.0
CY,CPA_S95,2019,0.0
CY,CPA_S95,2020,0.0
CY,CPA_S95,2021,0.0
CY,CPA_S95,2022,0.0
CZ,CPA_S95,2014,0.0
CZ,CPA_S95,2015,0.0
CZ,CPA_S95,2016,0.0
CZ,CPA_S95,2017,0.0
CZ,CPA_S95,2018,0.0
CZ,CPA_S95,2019,0.0
CZ,CPA_S95,2020,0.0
CZ,CPA_S95,2021,0.0
CZ,CPA_S95,2022,0.0
CZ,CPA_S95,2023,0.0
CZ,CPA_S95,2024,0.0
DE,CPA_S95,2014,0.0
DE,CPA_S95,2015,0.0
DE,CPA_S95,2016,0.0
DE,CPA_S95,2017,0.0
DE,CPA_S95,2018,0.0
DE,CPA_S95,2019,0.0
DE,CPA_S95,2020,0.0
DE,CPA_S95,2021,0.0
DE,CPA_S95,2022,0.0
DK,CPA_S95,2014,0.0
DK,CPA_S95,2015,0.0
DK,CPA_S95,2016,0.0
DK,CPA_S95,2017,0.0
DK,CPA_S95,2018,0.0
DK,CPA_S95,2019,0.0
DK,CPA_S95,2020,0.0
DK,CPA_S95,2021,0.0
DK,CPA_S95,2022,0.0
EA21,CPA_S95,2014,0.0
EA21,CPA_S95,2015,0.0
EA21,CPA_S95,2016,0.0
EA21,CPA_S95,2017,0.0
EA21,CPA_S95,2018,0.0
EA21,CPA_S95,2019,0.0
EA21,CPA_S95,2020,0.0
EA21,CPA_S95,2021,0.0
EA21,CPA_S95,2022,0.0
EA21,CPA_S95,2023,0.0
EA21,CPA_S95,2024,0.0
EE,CPA_S95,2019,0.0
EE,CPA_S95,2020,0.0
EE,CPA_S95,2021,0.0
EE,CPA_S95,2022,0.0
EL,CPA_S95,2014,0.0
EL,CPA_S95,2015,0.0
EL,CPA_S95,2016,0.0
EL,CPA_S95,2017,0.0
EL,CPA_S95,2018,0.0
EL,CPA_S95,2019,0.0
EL,CPA_S95,2020,0.0
EL,CPA_S95,2021,0.0
EL,CPA_S95,2022,0.0
ES,CPA_S95,2014,0.0
ES,CPA_S95,2015,0.0
ES,CPA_S95,2016,0.0
ES,CPA_S95,2017,0.0
ES,CPA_S95,2018,0.0
ES,CPA_S95,2019,0.0
ES,CPA_S95,2020,0.0
ES,CPA_S95,2021,0.0
ES,CPA_S95,2022,0.0
ES,CPA_S95,2023,0.0
EU27_2020,CPA_S95,2014,0.0
EU27_2020,CPA_S95,2015,0.0
EU27_2020,CPA_S95,2016,0.0
EU27_2020,CPA_S95,2017,0.0
EU27_2020,CPA_S95,2018,0.0
EU27_2020,CPA_S95,2019,0.0
EU27_2020,CPA_S95,2020,0.0
EU27_2020,CPA_S95,2021,0.0
EU27_2020,CPA_S95,2022,0.0
EU27_2020,CPA_S95,2023,0.0
EU27_2020,CPA_S95,2024,0.0
FI,CPA_S95,2014,0.0
FI,CPA_S95,2015,0.0
FI,CPA_S95,2016,0.0
FI,CPA_S95,2017,0.0
FI,CPA_S95,2018,0.0
FI,CPA_S95,2019,0.0
FI,CPA_S95,2020,0.0
FI,CPA_S95,2021,0.0
FI,CPA_S95,2022,0.0
FI,CPA_S95,2023,0.0
FR,CPA_S95,2014,0.0
FR,CPA_S95,2015,0.0
FR,CPA_S95,2016,0.0
FR,CPA_S95,2017,0.0
FR,CPA_S95,2018,0.0
FR,CPA_S95,2019,0.0
FR,CPA_S95,2020,0.0
FR,CPA_S95,2021,0.0
FR,CPA_S95,2022,0.0
HR,CPA_S95,2015,0.0
HR,CPA_S95,2016,0.0
HR,CPA_S95,2017,0.0
HR,CPA_S95,2018,0.0
HU,CPA_S95,2014,0.0
HU,CPA_S95,2015,0.0
HU,CPA_S95,2016,0.0
HU,CPA_S95,2017,0.0
HU,CPA_S95,2018,0.0
HU,CPA_S95,2019,0.0
HU,CPA_S95,2020,0.0
HU,CPA_S95,2021,0.0
HU,CPA_S95,2022,0.0
HU,CPA_S95,2023,0.0
IE,CPA_S95,2014,0.0
IE,CPA_S95,2015,0.0
IE,CPA_S95,2016,0.0
IE,CPA_S95,2017,0.0
IE,CPA_S95,2018,0.0
IE,CPA_S95,2019,0.0
IE,CPA_S95,2020,0.0
IE,CPA_S95,2021,0.0
IE,CPA_S95,2022,0.0
IT,CPA_S95,2014,0.0
IT,CPA_S95,2015,0.0
IT,CPA_S95,2016,0.0
IT,CPA_S95,2017,0.0
IT,CPA_S95,2018,0.0
IT,CPA_S95,2019,0.0
IT,CPA_S95,2020,0.0
IT,CPA_S95,2021,0.0
IT,CPA_S95,2022,0.0
LU,CPA_S95,2014,0.0
LU,CPA_S95,2015,0.0
LU,CPA_S95,2016,0.0
LU,CPA_S95,2017,0.0
LU,CPA_S95,2018,0.0
LU,CPA_S95,2019,0.0
LU,CPA_S95,2020,0.0
LU,CPA_S95,2021,0.0
LU,CPA_S95,2022,0.0
LV,CPA_S95,2014,0.0
LV,CPA_S95,2015,0.0
LV,CPA_S95,2016,0.0
LV,CPA_S95,2017,0.0
LV,CPA_S95,2018,0.0
LV,CPA_S95,2019,0.0
LV,CPA_S95,2020,0.0
LV,CPA_S95,2021,0.0
LV,CPA_S95,2022,0.0
LV,CPA_S95,2023,0.0
MK,CPA_S95,2022,0.0
MK,CPA_S95,2023,0.0
MT,CPA_S95,2014,0.0
MT,CPA_S95,2015,0.0
MT,CPA_S95,2016,0.0
MT,CPA_S95,2017,0.0
MT,CPA_S95,2018,0.0
MT,CPA_S95,2019,0.0
MT,CPA_S95,2020,0.0
MT,CPA_S95,2021,0.0
MT,CPA_S95,2022,0.0
NL,CPA_S95,2014,0.0
NL,CPA_S95,2015,0.0
NL,CPA_S95,2016,0.0
NL,CPA_S95,2017,0.0
NL,CPA_S95,2018,0.0
NL,CPA_S95,2019,0.0
NL,CPA_S95,2020,0.0
NL,CPA_S95,2021,0.0
NL,CPA_S95,2022,0.0
NL,CPA_S95,2023,0.0
NL,CPA_S95,2024,0.0
NO,CPA_S95,2014,0.0
NO,CPA_S95,2015,0.0
NO,CPA_S95,2016,0.0
NO,CPA_S95,2017,0.0
NO,CPA_S95,2018,0.0
NO,CPA_S95,2019,0.0
NO,CPA_S95,2020,0.0
NO,CPA_S95,2021,0.0
NO,CPA_S95,2022,0.0
NO,CPA_S95,2023,0.0
PL,CPA_S95,2014,0.0
PL,CPA_S95,2015,0.0
PL,CPA_S95,2016,0.0
PL,CPA_S95,2017,0.0
PL,CPA_S95,2018,0.0
PL,CPA_S95,2019,0.0
PL,CPA_S95,2020,0.0
PL,CPA_S95,2021,0.0
PL,CPA_S95,2022,0.0
PT,CPA_S95,2014,0.0
PT,CPA_S95,2015,0.0
PT,CPA_S95,2016,0.0
PT,CPA_S95,2017,0.0
PT,CPA_S95,2018,0.0
PT,CPA_S95,2019,0.0
PT,CPA_S95,2020,0.0
PT,CPA_S95,2021,0.0
PT,CPA_S95,2022,0.0
PT,CPA_S95,2023,0.0
PT,CPA_S95,2024,0.0
RO,CPA_S95,2014,0.0
RO,CPA_S95,2015,0.0
RO,CPA_S95,2016,0.0
RO,CPA_S95,2017,0.0
RO,CPA_S95,2018,0.0
RO,CPA_S95,2019,0.0
RO,CPA_S95,2020,0.0
RO,CPA_S95,2021,0.0
RO,CPA_S95,2022,0.0
RS,CPA_S95,2014,0.0
RS,CPA_S95,2015,0.0
RS,CPA_S95,2016,0.0
RS,CPA_S95,2017,0.0
RS,CPA_S95,2018,0.0
RS,CPA_S95,2019,0.0
RS,CPA_S95,2020,0.0
RS,CPA_S95,2021,0.0
RS,CPA_S95,2022,0.0
SE,CPA_S95,2015,0.0
SE,CPA_S95,2016,0.0
SE,CPA_S95,2017,0.0
SE,CPA_S95,2018,0.0
SE,CPA_S95,2019,0.0
SE,CPA_S95,2020,0.0
SE,CPA_S95,2021,0.0
SE,CPA_S95,2022,0.0
SE,CPA_S95,2023,0.0
SI,CPA_S95,2014,0.0
SI,CPA_S95,2015,0.0
SI,CPA_S95,2016,0.0
SI,CPA_S95,2017,0.0
SI,CPA_S95,2018,0.0
SI,CPA_S95,2019,0.0
SI,CPA_S95,2020,0.0
SI,CPA_S95,2021,0.0
SI,CPA_S95,2022,0.0
SI,CPA_S95,2023,0.0
SK,CPA_S95,2014,0.0
SK,CPA_S95,2015,0.0
SK,CPA_S95,2016,0.0
SK,CPA_S95,2017,0.0
SK,CPA_S95,2018,0.0
SK,CPA_S95,2019,0.0
SK,CPA_S95,2020,0.0
SK,CPA_S95,2021,0.0
SK,CPA_S95,2022,0.0
TR,CPA_S95,2023,0.0
XK,CPA_S95,2014,0.0
XK,CPA_S95,2015,0.0
XK,CPA_S95,2016,0.0
XK,CPA_S95,2017,0.0
XK,CPA_S95,2018,0.0
XK,CPA_S95,2019,0.0
AL,CPA_S96,2014,0.0
AL,CPA_S96,2015,0.0
AL,CPA_S96,2016,0.0
AL,CPA_S96,2017,0.0
AL,CPA_S96,2018,0.0
AL,CPA_S96,2019,0.0
AL,CPA_S96,2020,0.0
AL,CPA_S96,2021,0.02
AL,CPA_S96,2022,0.0
AL,CPA_S96,2023,0.0
AL,CPA_S96,2024,0.0
AT,CPA_S96,2014,0.0
AT,CPA_S96,2015,0.0
AT,CPA_S96,2016,0.0
AT,CPA_S96,2017,0.0
AT,CPA_S96,2018,0.0
AT,CPA_S96,2019,0.0
AT,CPA_S96,2020,0.0
AT,CPA_S96,2021,0.0
AT,CPA_S96,2022,0.0
BE,CPA_S96,2014,0.0
BE,CPA_S96,2015,0.0
BE,CPA_S96,2016,0.0
BE,CPA_S96,2017,0.0
BE,CPA_S96,2018,0.0
BE,CPA_S96,2019,0.0
BE,CPA_S96,2020,0.0
BE,CPA_S96,2021,0.0
BE,CPA_S96,2022,0.0
BG,CPA_S96,2014,0.0
BG,CPA_S96,2018,0.0
BG,CPA_S96,2019,0.0
BG,CPA_S96,2020,0.0
BG,CPA_S96,2021,0.0
BG,CPA_S96,2022,0.0
CY,CPA_S96,2014,0.0
CY,CPA_S96,2015,0.0
CY,CPA_S96,2016,0.0
CY,CPA_S96,2017,0.0
CY,CPA_S96,2018,0.0
CY,CPA_S96,2019,0.0
CY,CPA_S96,2020,0.0
CY,CPA_S96,2021,0.0
CY,CPA_S96,2022,0.0
CZ,CPA_S96,2014,0.0
CZ,CPA_S96,2015,0.0
CZ,CPA_S96,2016,0.0
CZ,CPA_S96,2017,0.0
CZ,CPA_S96,2018,0.0
CZ,CPA_S96,2019,0.0
CZ,CPA_S96,2020,0.0
CZ,CPA_S96,2021,0.0
CZ,CPA_S96,2022,0.0
CZ,CPA_S96,2023,0.0
CZ,CPA_S96,2024,0.0
DE,CPA_S96,2014,0.0
DE,CPA_S96,2015,0.0
DE,CPA_S96,2016,0.0
DE,CPA_S96,2017,0.0
DE,CPA_S96,2018,0.0
DE,CPA_S96,2019,0.0
DE,CPA_S96,2020,0.0
DE,CPA_S96,2021,0.0
DE,CPA_S96,2022,0.0
DK,CPA_S96,2014,0.0
DK,CPA_S96,2015,0.0
DK,CPA_S96,2016,0.0
DK,CPA_S96,2017,0.0
DK,CPA_S96,2018,0.0
DK,CPA_S96,2019,0.0
DK,CPA_S96,2020,0.0
DK,CPA_S96,2021,0.0
DK,CPA_S96,2022,0.0
EA21,CPA_S96,2014,0.54
EA21,CPA_S96,2015,0.58
EA21,CPA_S96,2016,0.76
EA21,CPA_S96,2017,0.82
EA21,CPA_S96,2018,0.99
EA21,CPA_S96,2019,1.14
EA21,CPA_S96,2020,1.12
EA21,CPA_S96,2021,1.35
EA21,CPA_S96,2022,1.51
EA21,CPA_S96,2023,1.45
EA21,CPA_S96,2024,1.35
EE,CPA_S96,2014,0.54
EE,CPA_S96,2015,0.57
EE,CPA_S96,2016,0.55
EE,CPA_S96,2017,0.61
EE,CPA_S96,2018,0.78
EE,CPA_S96,2019,0.9
EE,CPA_S96,2020,0.91
EE,CPA_S96,2021,1.15
EE,CPA_S96,2022,1.28
EL,CPA_S96,2014,0.0
EL,CPA_S96,2015,0.0
EL,CPA_S96,2016,0.0
EL,CPA_S96,2017,0.0
EL,CPA_S96,2018,0.0
EL,CPA_S96,2019,0.0
EL,CPA_S96,2020,0.0
EL,CPA_S96,2021,0.0
EL,CPA_S96,2022,0.0
ES,CPA_S96,2014,0.0
ES,CPA_S96,2015,0.0
ES,CPA_S96,2016,0.2
ES,CPA_S96,2017,0.2
ES,CPA_S96,2018,0.2
ES,CPA_S96,2019,0.2
ES,CPA_S96,2020,0.2
ES,CPA_S96,2021,0.2
ES,CPA_S96,2022,0.2
ES,CPA_S96,2023,0.2
EU27_2020,CPA_S96,2014,0.54
EU27_2020,CPA_S96,2015,0.58
EU27_2020,CPA_S96,2016,0.76
EU27_2020,CPA_S96,2017,0.82
EU27_2020,CPA_S96,2018,0.99
EU27_2020,CPA_S96,2019,1.14
EU27_2020,CPA_S96,2020,1.12
EU27_2020,CPA_S96,2021,1.35
EU27_2020,CPA_S96,2022,1.51
EU27_2020,CPA_S96,2023,1.45
EU27_2020,CPA_S96,2024,1.35
FI,CPA_S96,2014,0.0
FI,CPA_S96,2015,0.0
FI,CPA_S96,2016,0.0
FI,CPA_S96,2017,0.0
FI,CPA_S96,2018,0.0
FI,CPA_S96,2019,0.0
FI,CPA_S96,2020,0.0
FI,CPA_S96,2021,0.0
FI,CPA_S96,2022,0.0
FI,CPA_S96,2023,0.0
FR,CPA_S96,2014,0.0
FR,CPA_S96,2015,0.0
FR,CPA_S96,2016,0.0
FR,CPA_S96,2017,0.0
FR,CPA_S96,2018,0.0
FR,CPA_S96,2019,0.0
FR,CPA_S96,2020,0.0
FR,CPA_S96,2021,0.0
FR,CPA_S96,2022,0.0
HR,CPA_S96,2015,0.0
HR,CPA_S96,2016,0.0
HR,CPA_S96,2017,0.0
HR,CPA_S96,2018,0.0
HU,CPA_S96,2014,0.0
HU,CPA_S96,2015,0.0
HU,CPA_S96,2016,0.0
HU,CPA_S96,2017,0.0
HU,CPA_S96,2018,0.0
HU,CPA_S96,2019,0.0
HU,CPA_S96,2020,0.0
HU,CPA_S96,2021,0.0
HU,CPA_S96,2022,0.0
HU,CPA_S96,2023,0.0
IE,CPA_S96,2014,0.0
IE,CPA_S96,2015,0.0
IE,CPA_S96,2016,0.0
IE,CPA_S96,2017,0.0
IE,CPA_S96,2018,0.0
IE,CPA_S96,2019,0.02
IE,CPA_S96,2020,0.02
IE,CPA_S96,2021,0.0
IE,CPA_S96,2022,0.0
IT,CPA_S96,2014,0.0
IT,CPA_S96,2015,0.0
IT,CPA_S96,2016,0.0
IT,CPA_S96,2017,0.0
IT,CPA_S96,2018,0.0
IT,CPA_S96,2019,0.0
IT,CPA_S96,2020,0.0
IT,CPA_S96,2021,0.0
IT,CPA_S96,2022,0.0
LU,CPA_S96,2014,0.0
LU,CPA_S96,2015,0.0
LU,CPA_S96,2016,0.0
LU,CPA_S96,2017,0.0
LU,CPA_S96,2018,0.0
LU,CPA_S96,2019,0.0
LU,CPA_S96,2020,0.0
LU,CPA_S96,2021,0.0
LU,CPA_S96,2022,0.0
LV,CPA_S96,2014,0.0
LV,CPA_S96,2015,0.0
LV,CPA_S96,2016,0.0
LV,CPA_S96,2017,0.0
LV,CPA_S96,2018,0.0
LV,CPA_S96,2019,0.0
LV,CPA_S96,2020,0.0
LV,CPA_S96,2021,0.0
LV,CPA_S96,2022,0.0
LV,CPA_S96,2023,0.0
MK,CPA_S96,2022,0.0
MK,CPA_S96,2023,0.0
MT,CPA_S96,2014,0.0
MT,CPA_S96,2015,0.0
MT,CPA_S96,2016,0.0
MT,CPA_S96,2017,0.0
MT,CPA_S96,2018,0.0
MT,CPA_S96,2019,0.0
MT,CPA_S96,2020,0.0
MT,CPA_S96,2021,0.0
MT,CPA_S96,2022,0.0
NL,CPA_S96,2014,0.0
NL,CPA_S96,2015,0.0
NL,CPA_S96,2016,0.0
NL,CPA_S96,2017,0.0
NL,CPA_S96,2018,0.0
NL,CPA_S96,2019,0.0
NL,CPA_S96,2020,0.0
NL,CPA_S96,2021,0.0
NL,CPA_S96,2022,0.0
NL,CPA_S96,2023,0.0
NL,CPA_S96,2024,0.0
NO,CPA_S96,2014,0.0
NO,CPA_S96,2015,0.0
NO,CPA_S96,2016,0.0
NO,CPA_S96,2017,0.0
NO,CPA_S96,2018,0.0
NO,CPA_S96,2019,0.0
NO,CPA_S96,2020,0.0
NO,CPA_S96,2021,0.0
NO,CPA_S96,2022,0.0
NO,CPA_S96,2023,0.0
PL,CPA_S96,2014,0.0
PL,CPA_S96,2015,0.0
PL,CPA_S96,2016,0.0
PL,CPA_S96,2017,0.0
PL,CPA_S96,2018,0.0
PL,CPA_S96,2019,0.0
PL,CPA_S96,2020,0.0
PL,CPA_S96,2021,0.0
PL,CPA_S96,2022,0.0
PT,CPA_S96,2014,0.0
PT,CPA_S96,2015,0.0
PT,CPA_S96,2016,0.0
PT,CPA_S96,2017,0.0
PT,CPA_S96,2018,0.0
PT,CPA_S96,2019,0.0
PT,CPA_S96,2020,0.0
PT,CPA_S96,2021,0.0
PT,CPA_S96,2022,0.0
PT,CPA_S96,2023,0.0
PT,CPA_S96,2024,0.0
RO,CPA_S96,2014,0.0
RO,CPA_S96,2015,0.0
RO,CPA_S96,2016,0.0
RO,CPA_S96,2017,0.0
RO,CPA_S96,2018,0.0
RO,CPA_S96,2019,0.0
RO,CPA_S96,2020,0.0
RO,CPA_S96,2021,0.0
RO,CPA_S96,2022,0.0
RS,CPA_S96,2014,0.0
RS,CPA_S96,2015,0.0
RS,CPA_S96,2016,0.0
RS,CPA_S96,2017,0.0
RS,CPA_S96,2018,0.0
RS,CPA_S96,2019,0.0
RS,CPA_S96,2020,0.0
RS,CPA_S96,2021,0.0
RS,CPA_S96,2022,0.0
SE,CPA_S96,2015,0.0
SE,CPA_S96,2016,0.0
SE,CPA_S96,2017,0.0
SE,CPA_S96,2018,0.0
SE,CPA_S96,2019,0.0
SE,CPA_S96,2020,0.0
SE,CPA_S96,2021,0.0
SE,CPA_S96,2022,0.0
SE,CPA_S96,2023,0.0
SI,CPA_S96,2014,0.0
SI,CPA_S96,2015,0.0
SI,CPA_S96,2016,0.0
SI,CPA_S96,2017,0.0
SI,CPA_S96,2018,0.0
SI,CPA_S96,2019,0.0
SI,CPA_S96,2020,0.0
SI,CPA_S96,2021,0.0
SI,CPA_S96,2022,0.0
SI,CPA_S96,2023,0.0
SK,CPA_S96,2014,0.0
SK,CPA_S96,2015,0.0
SK,CPA_S96,2016,0.0
SK,CPA_S96,2017,0.0
SK,CPA_S96,2018,0.0
SK,CPA_S96,2019,0.0
SK,CPA_S96,2020,0.0
SK,CPA_S96,2021,0.0
SK,CPA_S96,2022,0.0
TR,CPA_S96,2023,0.0
XK,CPA_S96,2014,0.0
XK,CPA_S96,2015,0.0
XK,CPA_S96,2016,0.0
XK,CPA_S96,2017,0.0
XK,CPA_S96,2018,0.0
XK,CPA_S96,2019,0.0
AL,CPA_T,2014,0.0
AL,CPA_T,2015,0.0
AL,CPA_T,2016,0.0
AL,CPA_T,2017,0.0
AL,CPA_T,2018,0.0
AL,CPA_T,2019,0.0
AL,CPA_T,2020,0.0
AL,CPA_T,2021,0.0
AL,CPA_T,2022,0.0
AL,CPA_T,2023,0.0
AL,CPA_T,2024,0.0
AT,CPA_T,2014,0.0
AT,CPA_T,2015,0.0
AT,CPA_T,2016,0.0
AT,CPA_T,2017,0.0
AT,CPA_T,2018,0.0
AT,CPA_T,2019,0.0
AT,CPA_T,2020,0.0
AT,CPA_T,2021,0.0
AT,CPA_T,2022,0.0
BE,CPA_T,2014,0.0
BE,CPA_T,2015,0.0
BE,CPA_T,2016,0.0
BE,CPA_T,2017,0.0
BE,CPA_T,2018,0.0
BE,CPA_T,2019,0.0
BE,CPA_T,2020,0.0
BE,CPA_T,2021,0.0
BE,CPA_T,2022,0.0
BG,CPA_T,2014,0.0
BG,CPA_T,2019,0.0
BG,CPA_T,2020,0.0
CY,CPA_T,2014,0.0
CY,CPA_T,2015,0.0
CY,CPA_T,2016,0.0
CY,CPA_T,2017,0.0
CY,CPA_T,2018,0.0
CY,CPA_T,2019,0.0
CY,CPA_T,2020,0.0
CY,CPA_T,2021,0.0
CY,CPA_T,2022,0.0
CZ,CPA_T,2014,0.0
CZ,CPA_T,2015,0.0
CZ,CPA_T,2016,0.0
CZ,CPA_T,2017,0.0
CZ,CPA_T,2018,0.0
CZ,CPA_T,2019,0.0
CZ,CPA_T,2020,0.0
CZ,CPA_T,2021,0.0
CZ,CPA_T,2022,0.0
CZ,CPA_T,2023,0.0
CZ,CPA_T,2024,0.0
DE,CPA_T,2014,0.0
DE,CPA_T,2015,0.0
DE,CPA_T,2016,0.0
DE,CPA_T,2017,0.0
DE,CPA_T,2018,0.0
DE,CPA_T,2019,0.0
DE,CPA_T,2020,0.0
DE,CPA_T,2021,0.0
DE,CPA_T,2022,0.0
DK,CPA_T,2014,0.0
DK,CPA_T,2015,0.0
DK,CPA_T,2016,0.0
DK,CPA_T,2017,0.0
DK,CPA_T,2018,0.0
DK,CPA_T,2019,0.0
DK,CPA_T,2020,0.0
DK,CPA_T,2021,0.0
DK,CPA_T,2022,0.0
EA21,CPA_T,2014,0.0
EA21,CPA_T,2015,0.0
EA21,CPA_T,2016,0.0
EA21,CPA_T,2017,0.0
EA21,CPA_T,2018,0.0
EA21,CPA_T,2019,0.0
EA21,CPA_T,2020,0.0
EA21,CPA_T,2021,0.0
EA21,CPA_T,2022,0.0
EA21,CPA_T,2023,0.0
EA21,CPA_T,2024,0.0
EE,CPA_T,2019,0.0
EE,CPA_T,2020,0.0
EE,CPA_T,2021,0.0
EE,CPA_T,2022,0.0
EL,CPA_T,2014,0.0
EL,CPA_T,2015,0.0
EL,CPA_T,2016,0.0
EL,CPA_T,2017,0.0
EL,CPA_T,2018,0.0
EL,CPA_T,2019,0.0
EL,CPA_T,2020,0.0
EL,CPA_T,2021,0.0
EL,CPA_T,2022,0.0
ES,CPA_T,2014,0.0
ES,CPA_T,2015,0.0
ES,CPA_T,2016,0.0
ES,CPA_T,2017,0.0
ES,CPA_T,2018,0.0
ES,CPA_T,2019,0.0
ES,CPA_T,2020,0.0
ES,CPA_T,2021,0.0
ES,CPA_T,2022,0.0
ES,CPA_T,2023,0.0
EU27_2020,CPA_T,2014,0.0
EU27_2020,CPA_T,2015,0.0
EU27_2020,CPA_T,2016,0.0
EU27_2020,CPA_T,2017,0.0
EU27_2020,CPA_T,2018,0.0
EU27_2020,CPA_T,2019,0.0
EU27_2020,CPA_T,2020,0.0
EU27_2020,CPA_T,2021,0.0
EU27_2020,CPA_T,2022,0.0
EU27_2020,CPA_T,2023,0.0
EU27_2020,CPA_T,2024,0.0
FI,CPA_T,2014,0.0
FI,CPA_T,2015,0.0
FI,CPA_T,2016,0.0
FI,CPA_T,2017,0.0
FI,CPA_T,2018,0.0
FI,CPA_T,2019,0.0
FI,CPA_T,2020,0.0
FI,CPA_T,2021,0.0
FI,CPA_T,2022,0.0
FI,CPA_T,2023,0.0
FR,CPA_T,2014,0.0
FR,CPA_T,2015,0.0
FR,CPA_T,2016,0.0
FR,CPA_T,2017,0.0
FR,CPA_T,2018,0.0
FR,CPA_T,2019,0.0
FR,CPA_T,2020,0.0
FR,CPA_T,2021,0.0
FR,CPA_T,2022,0.0
HR,CPA_T,2015,0.0
HR,CPA_T,2016,0.0
HR,CPA_T,2017,0.0
HR,CPA_T,2018,0.0
HU,CPA_T,2014,0.0
HU,CPA_T,2015,0.0
HU,CPA_T,2016,0.0
HU,CPA_T,2017,0.0
HU,CPA_T,2018,0.0
HU,CPA_T,2019,0.0
HU,CPA_T,2020,0.0
HU,CPA_T,2021,0.0
HU,CPA_T,2022,0.0
HU,CPA_T,2023,0.0
IE,CPA_T,2014,0.0
IE,CPA_T,2015,0.0
IE,CPA_T,2016,0.0
IE,CPA_T,2017,0.0
IE,CPA_T,2018,0.0
IE,CPA_T,2019,0.0
IE,CPA_T,2020,0.0
IE,CPA_T,2021,0.0
IE,CPA_T,2022,0.0
IT,CPA_T,2014,0.0
IT,CPA_T,2015,0.0
IT,CPA_T,2016,0.0
IT,CPA_T,2017,0.0
IT,CPA_T,2018,0.0
IT,CPA_T,2019,0.0
IT,CPA_T,2020,0.0
IT,CPA_T,2021,0.0
IT,CPA_T,2022,0.0
LU,CPA_T,2014,0.0
LU,CPA_T,2015,0.0
LU,CPA_T,2016,0.0
LU,CPA_T,2017,0.0
LU,CPA_T,2018,0.0
LU,CPA_T,2019,0.0
LU,CPA_T,2020,0.0
LU,CPA_T,2021,0.0
LU,CPA_T,2022,0.0
LV,CPA_T,2014,0.0
LV,CPA_T,2015,0.0
LV,CPA_T,2016,0.0
LV,CPA_T,2017,0.0
LV,CPA_T,2018,0.0
LV,CPA_T,2019,0.0
LV,CPA_T,2020,0.0
LV,CPA_T,2021,0.0
LV,CPA_T,2022,0.0
LV,CPA_T,2023,0.0
MK,CPA_T,2022,0.0
MK,CPA_T,2023,0.0
MT,CPA_T,2014,0.0
MT,CPA_T,2015,0.0
MT,CPA_T,2016,0.0
MT,CPA_T,2017,0.0
MT,CPA_T,2018,0.0
MT,CPA_T,2019,0.0
MT,CPA_T,2020,0.0
MT,CPA_T,2021,0.0
MT,CPA_T,2022,0.0
NL,CPA_T,2014,0.0
NL,CPA_T,2015,0.0
NL,CPA_T,2016,0.0
NL,CPA_T,2017,0.0
NL,CPA_T,2018,0.0
NL,CPA_T,2019,0.0
NL,CPA_T,2020,0.0
NL,CPA_T,2021,0.0
NL,CPA_T,2022,0.0
NL,CPA_T,2023,0.0
NL,CPA_T,2024,0.0
NO,CPA_T,2014,0.0
NO,CPA_T,2015,0.0
NO,CPA_T,2016,0.0
NO,CPA_T,2017,0.0
NO,CPA_T,2018,0.0
NO,CPA_T,2019,0.0
NO,CPA_T,2020,0.0
NO,CPA_T,2021,0.0
NO,CPA_T,2022,0.0
NO,CPA_T,2023,0.0
PL,CPA_T,2014,0.0
PL,CPA_T,2015,0.0
PL,CPA_T,2016,0.0
PL,CPA_T,2017,0.0
PL,CPA_T,2018,0.0
PL,CPA_T,2019,0.0
PL,CPA_T,2020,0.0
PL,CPA_T,2021,0.0
PL,CPA_T,2022,0.0
PT,CPA_T,2014,0.0
PT,CPA_T,2015,0.0
PT,CPA_T,2016,0.0
PT,CPA_T,2017,0.0
PT,CPA_T,2018,0.0
PT,CPA_T,2019,0.0
PT,CPA_T,2020,0.0
PT,CPA_T,2021,0.0
PT,CPA_T,2022,0.0
PT,CPA_T,2023,0.0
PT,CPA_T,2024,0.0
RO,CPA_T,2014,0.0
RO,CPA_T,2015,0.0
RO,CPA_T,2016,0.0
RO,CPA_T,2017,0.0
RO,CPA_T,2018,0.0
RO,CPA_T,2019,0.0
RO,CPA_T,2020,0.0
RO,CPA_T,2021,0.0
RO,CPA_T,2022,0.0
RS,CPA_T,2014,0.0
RS,CPA_T,2015,0.0
RS,CPA_T,2016,0.0
RS,CPA_T,2017,0.0
RS,CPA_T,2018,0.0
RS,CPA_T,2019,0.0
RS,CPA_T,2020,0.0
RS,CPA_T,2021,0.0
RS,CPA_T,2022,0.0
SE,CPA_T,2015,0.0
SE,CPA_T,2016,0.0
SE,CPA_T,2017,0.0
SE,CPA_T,2018,0.0
SE,CPA_T,2019,0.0
SE,CPA_T,2020,0.0
SE,CPA_T,2021,0.0
SE,CPA_T,2022,0.0
SE,CPA_T,2023,0.0
SI,CPA_T,2014,0.0
SI,CPA_T,2015,0.0
SI,CPA_T,2016,0.0
SI,CPA_T,2017,0.0
SI,CPA_T,2018,0.0
SI,CPA_T,2019,0.0
SI,CPA_T,2020,0.0
SI,CPA_T,2021,0.0
SI,CPA_T,2022,0.0
SI,CPA_T,2023,0.0
SK,CPA_T,2014,0.0
SK,CPA_T,2015,0.0
SK,CPA_T,2016,0.0
SK,CPA_T,2017,0.0
SK,CPA_T,2018,0.0
SK,CPA_T,2019,0.0
SK,CPA_T,2020,0.0
SK,CPA_T,2021,0.0
SK,CPA_T,2022,0.0
TR,CPA_T,2023,0.0
XK,CPA_T,2014,0.0
XK,CPA_T,2015,0.0
XK,CPA_T,2016,0.0
XK,CPA_T,2017,0.0
XK,CPA_T,2018,0.0
XK,CPA_T,2019,0.0
BE,CPA_T97,2015,0.0
BE,CPA_T97,2016,0.0
BE,CPA_T97,2019,0.0
BE,CPA_T97,2020,0.0
BE,CPA_T97,2021,0.0
BE,CPA_T97,2022,0.0
BG,CPA_T97,2019,0.0
BG,CPA_T97,2020,0.0
CZ,CPA_T97,2014,0.0
CZ,CPA_T97,2015,0.0
CZ,CPA_T97,2016,0.0
CZ,CPA_T97,2017,0.0
CZ,CPA_T97,2018,0.0
CZ,CPA_T97,2019,0.0
CZ,CPA_T97,2020,0.0
CZ,CPA_T97,2021,0.0
CZ,CPA_T97,2022,0.0
CZ,CPA_T97,2023,0.0
CZ,CPA_T97,2024,0.0
DK,CPA_T97,2015,0.0
DK,CPA_T97,2016,0.0
DK,CPA_T97,2017,0.0
DK,CPA_T97,2018,0.0
DK,CPA_T97,2019,0.0
DK,CPA_T97,2020,0.0
DK,CPA_T97,2021,0.0
DK,CPA_T97,2022,0.0
FR,CPA_T97,2021,0.0
FR,CPA_T97,2022,0.0
HR,CPA_T97,2015,0.0
HR,CPA_T97,2016,0.0
HR,CPA_T97,2017,0.0
HR,CPA_T97,2018,0.0
HU,CPA_T97,2016,0.0
HU,CPA_T97,2017,0.0
HU,CPA_T97,2018,0.0
HU,CPA_T97,2019,0.0
HU,CPA_T97,2020,0.0
HU,CPA_T97,2021,0.0
HU,CPA_T97,2022,0.0
HU,CPA_T97,2023,0.0
RO,CPA_T97,2014,0.0
RO,CPA_T97,2015,0.0
RO,CPA_T97,2016,0.0
RO,CPA_T97,2017,0.0
RO,CPA_T97,2018,0.0
RO,CPA_T97,2019,0.0
RO,CPA_T97,2020,0.0
RO,CPA_T97,2021,0.0
RO,CPA_T97,2022,0.0
SK,CPA_T97,2014,0.0
SK,CPA_T97,2015,0.0
SK,CPA_T97,2016,0.0
SK,CPA_T97,2017,0.0
SK,CPA_T97,2018,0.0
SK,CPA_T97,2019,0.0
SK,CPA_T97,2020,0.0
SK,CPA_T97,2021,0.0
SK,CPA_T97,2022,0.0
BE,CPA_T98,2015,0.0
BE,CPA_T98,2016,0.0
BE,CPA_T98,2019,0.0
BE,CPA_T98,2020,0.0
BE,CPA_T98,2021,0.0
BE,CPA_T98,2022,0.0
CZ,CPA_T98,2014,0.0
CZ,CPA_T98,2015,0.0
CZ,CPA_T98,2016,0.0
CZ,CPA_T98,2017,0.0
CZ,CPA_T98,2018,0.0
CZ,CPA_T98,2019,0.0
CZ,CPA_T98,2020,0.0
CZ,CPA_T98,2021,0.0
CZ,CPA_T98,2022,0.0
CZ,CPA_T98,2023,0.0
CZ,CPA_T98,2024,0.0
DK,CPA_T98,2015,0.0
DK,CPA_T98,2016,0.0
DK,CPA_T98,2017,0.0
DK,CPA_T98,2018,0.0
DK,CPA_T98,2019,0.0
DK,CPA_T98,2020,0.0
DK,CPA_T98,2021,0.0
DK,CPA_T98,2022,0.0
FR,CPA_T98,2021,0.0
FR,CPA_T98,2022,0.0
HR,CPA_T98,2015,0.0
HR,CPA_T98,2016,0.0
HR,CPA_T98,2017,0.0
HR,CPA_T98,2018,0.0
HU,CPA_T98,2016,0.0
HU,CPA_T98,2017,0.0
HU,CPA_T98,2018,0.0
HU,CPA_T98,2019,0.0
HU,CPA_T98,2020,0.0
HU,CPA_T98,2021,0.0
HU,CPA_T98,2022,0.0
HU,CPA_T98,2023,0.0
RO,CPA_T98,2014,0.0
RO,CPA_T98,2015,0.0
RO,CPA_T98,2016,0.0
RO,CPA_T98,2017,0.0
RO,CPA_T98,2018,0.0
RO,CPA_T98,2019,0.0
RO,CPA_T98,2020,0.0
RO,CPA_T98,2021,0.0
RO,CPA_T98,2022,0.0
SK,CPA_T98,2014,0.0
SK,CPA_T98,2015,0.0
SK,CPA_T98,2016,0.0
SK,CPA_T98,2017,0.0
SK,CPA_T98,2018,0.0
SK,CPA_T98,2019,0.0
SK,CPA_T98,2020,0.0
SK,CPA_T98,2021,0.0
SK,CPA_T98,2022,0.0
AL,CPA_TOTAL,2014,0.0
AL,CPA_TOTAL,2015,0.0
AL,CPA_TOTAL,2016,0.0
AL,CPA_TOTAL,2017,0.0
AL,CPA_TOTAL,2018,0.0
AL,CPA_TOTAL,2019,0.0
AL,CPA_TOTAL,2020,0.0
AL,CPA_TOTAL,2021,0.0
AL,CPA_TOTAL,2022,0.0
AL,CPA_TOTAL,2023,0.0
AL,CPA_TOTAL,2024,0.0
AT,CPA_TOTAL,2014,0.0
AT,CPA_TOTAL,2015,0.0
AT,CPA_TOTAL,2016,0.0
AT,CPA_TOTAL,2017,0.0
AT,CPA_TOTAL,2018,0.0
AT,CPA_TOTAL,2019,0.0
AT,CPA_TOTAL,2020,0.0
AT,CPA_TOTAL,2021,0.0
AT,CPA_TOTAL,2022,0.0
BE,CPA_TOTAL,2014,0.0
BE,CPA_TOTAL,2015,0.0
BE,CPA_TOTAL,2016,0.0
BE,CPA_TOTAL,2017,0.0
BE,CPA_TOTAL,2018,0.0
BE,CPA_TOTAL,2019,0.1
BE,CPA_TOTAL,2020,0.0
BE,CPA_TOTAL,2021,0.0
BE,CPA_TOTAL,2022,0.0
BG,CPA_TOTAL,2014,0.0
BG,CPA_TOTAL,2018,0.0
BG,CPA_TOTAL,2019,0.0
BG,CPA_TOTAL,2020,0.0
BG,CPA_TOTAL,2021,0.0
BG,CPA_TOTAL,2022,0.0
CY,CPA_TOTAL,2014,0.0
CY,CPA_TOTAL,2015,0.0
CY,CPA_TOTAL,2016,0.0
CY,CPA_TOTAL,2017,0.0
CY,CPA_TOTAL,2018,0.0
CY,CPA_TOTAL,2019,0.0
CY,CPA_TOTAL,2020,0.0
CY,CPA_TOTAL,2021,0.0
CY,CPA_TOTAL,2022,0.0
CZ,CPA_TOTAL,2014,0.0
CZ,CPA_TOTAL,2015,0.0
CZ,CPA_TOTAL,2016,0.0
CZ,CPA_TOTAL,2017,0.0
CZ,CPA_TOTAL,2018,0.0
CZ,CPA_TOTAL,2019,0.0
CZ,CPA_TOTAL,2020,0.0
CZ,CPA_TOTAL,2021,0.0
CZ,CPA_TOTAL,2022,0.0
CZ,CPA_TOTAL,2023,0.0
CZ,CPA_TOTAL,2024,0.0
DE,CPA_TOTAL,2014,0.0
DE,CPA_TOTAL,2015,0.0
DE,CPA_TOTAL,2016,0.0
DE,CPA_TOTAL,2017,0.0
DE,CPA_TOTAL,2018,0.0
DE,CPA_TOTAL,2019,0.0
DE,CPA_TOTAL,2020,0.0
DE,CPA_TOTAL,2021,0.0
DE,CPA_TOTAL,2022,0.0
DK,CPA_TOTAL,2014,0.0
DK,CPA_TOTAL,2015,0.0
DK,CPA_TOTAL,2016,0.0
DK,CPA_TOTAL,2017,0.0
DK,CPA_TOTAL,2018,0.0
DK,CPA_TOTAL,2019,0.0
DK,CPA_TOTAL,2020,0.0
DK,CPA_TOTAL,2021,0.0
DK,CPA_TOTAL,2022,0.0
EA21,CPA_TOTAL,2014,0.0
EA21,CPA_TOTAL,2015,0.0
EA21,CPA_TOTAL,2016,0.0
EA21,CPA_TOTAL,2017,0.0
EA21,CPA_TOTAL,2018,0.0
EA21,CPA_TOTAL,2019,0.0
EA21,CPA_TOTAL,2020,0.0
EA21,CPA_TOTAL,2021,0.0
EA21,CPA_TOTAL,2022,0.0
EA21,CPA_TOTAL,2023,0.0
EA21,CPA_TOTAL,2024,0.0
EE,CPA_TOTAL,2014,0.0
EE,CPA_TOTAL,2015,0.0
EE,CPA_TOTAL,2016,0.0
EE,CPA_TOTAL,2017,0.0
EE,CPA_TOTAL,2018,0.0
EE,CPA_TOTAL,2019,0.0
EE,CPA_TOTAL,2020,0.0
EE,CPA_TOTAL,2021,0.0
EE,CPA_TOTAL,2022,0.0
EL,CPA_TOTAL,2014,0.0
EL,CPA_TOTAL,2015,0.0
EL,CPA_TOTAL,2016,0.0
EL,CPA_TOTAL,2017,0.0
EL,CPA_TOTAL,2018,0.0
EL,CPA_TOTAL,2019,0.0
EL,CPA_TOTAL,2020,0.0
EL,CPA_TOTAL,2021,0.0
EL,CPA_TOTAL,2022,0.0
ES,CPA_TOTAL,2014,0.0
ES,CPA_TOTAL,2015,0.0
ES,CPA_TOTAL,2016,0.0
ES,CPA_TOTAL,2017,0.0
ES,CPA_TOTAL,2018,0.0
ES,CPA_TOTAL,2019,0.0
ES,CPA_TOTAL,2020,0.0
ES,CPA_TOTAL,2021,0.0
ES,CPA_TOTAL,2022,0.0
ES,CPA_TOTAL,2023,0.0
EU27_2020,CPA_TOTAL,2014,0.0
EU27_2020,CPA_TOTAL,2015,0.0
EU27_2020,CPA_TOTAL,2016,0.0
EU27_2020,CPA_TOTAL,2017,0.0
EU27_2020,CPA_TOTAL,2018,0.0
EU27_2020,CPA_TOTAL,2019,0.0
EU27_2020,CPA_TOTAL,2020,0.0
EU27_2020,CPA_TOTAL,2021,0.0
EU27_2020,CPA_TOTAL,2022,0.0
EU27_2020,CPA_TOTAL,2023,0.0
EU27_2020,CPA_TOTAL,2024,0.0
FI,CPA_TOTAL,2014,0.0
FI,CPA_TOTAL,2015,0.0
FI,CPA_TOTAL,2016,0.0
FI,CPA_TOTAL,2017,0.0
FI,CPA_TOTAL,2018,0.0
FI,CPA_TOTAL,2019,0.0
FI,CPA_TOTAL,2020,0.0
FI,CPA_TOTAL,2021,0.0
FI,CPA_TOTAL,2022,0.0
FI,CPA_TOTAL,2023,0.0
FR,CPA_TOTAL,2014,0.0
FR,CPA_TOTAL,2015,0.0
FR,CPA_TOTAL,2016,0.0
FR,CPA_TOTAL,2017,0.0
FR,CPA_TOTAL,2018,0.0
FR,CPA_TOTAL,2019,0.0
FR,CPA_TOTAL,2020,0.0
FR,CPA_TOTAL,2021,0.0
FR,CPA_TOTAL,2022,0.0
HR,CPA_TOTAL,2015,0.0
HR,CPA_TOTAL,2016,0.0
HR,CPA_TOTAL,2017,0.0
HR,CPA_TOTAL,2018,0.0
HR,CPA_TOTAL,2019,0.0
HR,CPA_TOTAL,2021,0.0
HR,CPA_TOTAL,2022,0.0
HU,CPA_TOTAL,2014,0.0
HU,CPA_TOTAL,2015,0.0
HU,CPA_TOTAL,2016,0.0
HU,CPA_TOTAL,2017,0.0
HU,CPA_TOTAL,2018,0.0
HU,CPA_TOTAL,2019,0.0
HU,CPA_TOTAL,2020,0.0
HU,CPA_TOTAL,2021,0.0
HU,CPA_TOTAL,2022,0.0
HU,CPA_TOTAL,2023,0.0
IE,CPA_TOTAL,2014,0.0
IE,CPA_TOTAL,2015,0.0
IE,CPA_TOTAL,2016,0.0
IE,CPA_TOTAL,2017,0.0
IE,CPA_TOTAL,2018,0.0
IE,CPA_TOTAL,2019,0.0
IE,CPA_TOTAL,2020,0.0
IE,CPA_TOTAL,2021,0.0
IE,CPA_TOTAL,2022,0.0
IT,CPA_TOTAL,2014,0.0
IT,CPA_TOTAL,2015,0.0
IT,CPA_TOTAL,2016,0.0
IT,CPA_TOTAL,2017,0.0
IT,CPA_TOTAL,2018,0.0
IT,CPA_TOTAL,2019,0.0
IT,CPA_TOTAL,2020,0.0
IT,CPA_TOTAL,2021,0.0
IT,CPA_TOTAL,2022,0.0
LT,CPA_TOTAL,2020,0.0
LT,CPA_TOTAL,2021,0.0
LT,CPA_TOTAL,2022,0.0
LU,CPA_TOTAL,2014,0.0
LU,CPA_TOTAL,2015,0.0
LU,CPA_TOTAL,2016,0.0
LU,CPA_TOTAL,2017,0.0
LU,CPA_TOTAL,2018,0.0
LU,CPA_TOTAL,2019,0.0
LU,CPA_TOTAL,2020,0.0
LU,CPA_TOTAL,2021,0.0
LU,CPA_TOTAL,2022,0.0
LV,CPA_TOTAL,2014,0.0
LV,CPA_TOTAL,2015,0.0
LV,CPA_TOTAL,2016,0.0
LV,CPA_TOTAL,2017,0.0
LV,CPA_TOTAL,2018,0.0
LV,CPA_TOTAL,2019,0.0
LV,CPA_TOTAL,2020,0.0
LV,CPA_TOTAL,2021,0.0
LV,CPA_TOTAL,2022,0.0
LV,CPA_TOTAL,2023,0.0
MK,CPA_TOTAL,2014,0.0
MK,CPA_TOTAL,2015,0.0
MK,CPA_TOTAL,2018,0.0
MK,CPA_TOTAL,2019,0.0
MK,CPA_TOTAL,2020,0.0
MK,CPA_TOTAL,2021,0.0
MK,CPA_TOTAL,2022,0.0
MK,CPA_TOTAL,2023,0.0
MT,CPA_TOTAL,2014,0.0
MT,CPA_TOTAL,2015,0.0
MT,CPA_TOTAL,2016,0.0
MT,CPA_TOTAL,2017,0.0
MT,CPA_TOTAL,2018,0.0
MT,CPA_TOTAL,2019,0.0
MT,CPA_TOTAL,2020,0.0
MT,CPA_TOTAL,2021,0.0
MT,CPA_TOTAL,2022,0.0
NL,CPA_TOTAL,2014,0.0
NL,CPA_TOTAL,2015,0.0
NL,CPA_TOTAL,2016,0.0
NL,CPA_TOTAL,2017,0.0
NL,CPA_TOTAL,2018,0.0
NL,CPA_TOTAL,2019,0.0
NL,CPA_TOTAL,2020,0.0
NL,CPA_TOTAL,2021,0.0
NL,CPA_TOTAL,2022,0.0
NL,CPA_TOTAL,2023,0.0
NL,CPA_TOTAL,2024,0.0
NO,CPA_TOTAL,2014,0.0
NO,CPA_TOTAL,2015,0.0
NO,CPA_TOTAL,2016,0.0
NO,CPA_TOTAL,2017,0.0
NO,CPA_TOTAL,2018,0.0
NO,CPA_TOTAL,2019,0.0
NO,CPA_TOTAL,2020,0.0
NO,CPA_TOTAL,2021,0.0
NO,CPA_TOTAL,2022,0.0
NO,CPA_TOTAL,2023,0.0
PL,CPA_TOTAL,2014,0.0
PL,CPA_TOTAL,2015,0.0
PL,CPA_TOTAL,2016,0.0
PL,CPA_TOTAL,2017,0.0
PL,CPA_TOTAL,2018,0.0
PL,CPA_TOTAL,2019,0.0
PL,CPA_TOTAL,2020,0.0
PL,CPA_TOTAL,2021,0.0
PL,CPA_TOTAL,2022,0.0
PT,CPA_TOTAL,2014,0.0
PT,CPA_TOTAL,2015,0.0
PT,CPA_TOTAL,2016,0.0
PT,CPA_TOTAL,2017,0.0
PT,CPA_TOTAL,2018,0.0
PT,CPA_TOTAL,2019,0.0
PT,CPA_TOTAL,2020,0.0
PT,CPA_TOTAL,2021,0.0
PT,CPA_TOTAL,2022,0.0
PT,CPA_TOTAL,2023,0.0
PT,CPA_TOTAL,2024,0.0
RO,CPA_TOTAL,2014,0.0
RO,CPA_TOTAL,2015,0.0
RO,CPA_TOTAL,2016,0.0
RO,CPA_TOTAL,2017,0.0
RO,CPA_TOTAL,2018,0.0
RO,CPA_TOTAL,2019,0.0
RO,CPA_TOTAL,2020,0.0
RO,CPA_TOTAL,2021,0.0
RO,CPA_TOTAL,2022,0.0
RS,CPA_TOTAL,2014,0.0
RS,CPA_TOTAL,2015,0.0
RS,CPA_TOTAL,2016,0.0
RS,CPA_TOTAL,2017,0.0
RS,CPA_TOTAL,2018,0.0
RS,CPA_TOTAL,2019,0.0
RS,CPA_TOTAL,2020,0.0
RS,CPA_TOTAL,2021,0.0
RS,CPA_TOTAL,2022,0.0
SE,CPA_TOTAL,2014,0.0
SE,CPA_TOTAL,2015,0.0
SE,CPA_TOTAL,2016,0.0
SE,CPA_TOTAL,2017,0.0
SE,CPA_TOTAL,2018,0.0
SE,CPA_TOTAL,2019,0.0
SE,CPA_TOTAL,2020,0.0
SE,CPA_TOTAL,2021,0.0
SE,CPA_TOTAL,2022,0.0
SE,CPA_TOTAL,2023,0.0
SI,CPA_TOTAL,2014,0.0
SI,CPA_TOTAL,2015,0.0
SI,CPA_TOTAL,2016,0.0
SI,CPA_TOTAL,2017,0.0
SI,CPA_TOTAL,2018,0.0
SI,CPA_TOTAL,2019,0.0
SI,CPA_TOTAL,2020,0.0
SI,CPA_TOTAL,2021,0.0
SI,CPA_TOTAL,2022,0.0
SI,CPA_TOTAL,2023,0.0
SK,CPA_TOTAL,2014,0.0
SK,CPA_TOTAL,2015,0.0
SK,CPA_TOTAL,2016,0.0
SK,CPA_TOTAL,2017,0.0
SK,CPA_TOTAL,2018,0.0
SK,CPA_TOTAL,2019,0.0
SK,CPA_TOTAL,2020,0.0
SK,CPA_TOTAL,2021,0.0
SK,CPA_TOTAL,2022,0.0
TR,CPA_TOTAL,2023,0.0
XK,CPA_TOTAL,2014,0.0
XK,CPA_TOTAL,2015,0.0
XK,CPA_TOTAL,2016,0.0
XK,CPA_TOTAL,2017,0.0
XK,CPA_TOTAL,2018,0.0
XK,CPA_TOTAL,2019,0.0
AL,CPA_U,2014,0.0
AL,CPA_U,2015,0.0
AL,CPA_U,2016,0.0
AL,CPA_U,2017,0.0
AL,CPA_U,2018,0.0
AL,CPA_U,2019,0.0
AL,CPA_U,2020,0.0
AL,CPA_U,2021,0.0
AL,CPA_U,2022,0.0
AL,CPA_U,2023,0.0
AL,CPA_U,2024,0.0
AT,CPA_U,2014,0.0
AT,CPA_U,2015,0.0
AT,CPA_U,2016,0.0
AT,CPA_U,2017,0.0
AT,CPA_U,2018,0.0
AT,CPA_U,2019,0.0
AT,CPA_U,2020,0.0
AT,CPA_U,2021,0.0
AT,CPA_U,2022,0.0
BE,CPA_U,2014,0.0
BE,CPA_U,2015,0.0
BE,CPA_U,2016,0.0
BE,CPA_U,2017,0.0
BE,CPA_U,2018,0.0
BE,CPA_U,2019,0.0
BE,CPA_U,2020,0.0
BE,CPA_U,2021,0.0
BE,CPA_U,2022,0.0
BG,CPA_U,2014,0.0
BG,CPA_U,2019,0.0
BG,CPA_U,2020,0.0
CY,CPA_U,2014,0.0
CY,CPA_U,2015,0.0
CY,CPA_U,2016,0.0
CY,CPA_U,2017,0.0
CY,CPA_U,2018,0.0
CY,CPA_U,2019,0.0
CY,CPA_U,2020,0.0
CY,CPA_U,2021,0.0
CY,CPA_U,2022,0.0
CZ,CPA_U,2014,0.0
CZ,CPA_U,2015,0.0
CZ,CPA_U,2016,0.0
CZ,CPA_U,2017,0.0
CZ,CPA_U,2018,0.0
CZ,CPA_U,2019,0.0
CZ,CPA_U,2020,0.0
CZ,CPA_U,2021,0.0
CZ,CPA_U,2022,0.0
CZ,CPA_U,2023,0.0
CZ,CPA_U,2024,0.0
DE,CPA_U,2014,0.0
DE,CPA_U,2015,0.0
DE,CPA_U,2016,0.0
DE,CPA_U,2017,0.0
DE,CPA_U,2018,0.0
DE,CPA_U,2019,0.0
DE,CPA_U,2020,0.0
DE,CPA_U,2021,0.0
DE,CPA_U,2022,0.0
DK,CPA_U,2014,0.0
DK,CPA_U,2015,0.0
DK,CPA_U,2016,0.0
DK,CPA_U,2017,0.0
DK,CPA_U,2018,0.0
DK,CPA_U,2019,0.0
DK,CPA_U,2020,0.0
DK,CPA_U,2021,0.0
DK,CPA_U,2022,0.0
EA21,CPA_U,2014,0.0
EA21,CPA_U,2015,0.0
EA21,CPA_U,2016,0.0
EA21,CPA_U,2017,0.0
EA21,CPA_U,2018,0.0
EA21,CPA_U,2019,0.0
EA21,CPA_U,2020,0.0
EA21,CPA_U,2021,0.0
EA21,CPA_U,2022,0.0
EA21,CPA_U,2023,0.0
EA21,CPA_U,2024,0.0
EE,CPA_U,2019,0.0
EL,CPA_U,2014,0.0
EL,CPA_U,2015,0.0
EL,CPA_U,2016,0.0
EL,CPA_U,2017,0.0
EL,CPA_U,2018,0.0
EL,CPA_U,2019,0.0
EL,CPA_U,2020,0.0
EL,CPA_U,2021,0.0
EL,CPA_U,2022,0.0
ES,CPA_U,2014,0.0
ES,CPA_U,2015,0.0
ES,CPA_U,2016,0.0
ES,CPA_U,2017,0.0
ES,CPA_U,2018,0.0
ES,CPA_U,2019,0.0
ES,CPA_U,2020,0.0
ES,CPA_U,2021,0.0
ES,CPA_U,2022,0.0
ES,CPA_U,2023,0.0
EU27_2020,CPA_U,2014,0.0
EU27_2020,CPA_U,2015,0.0
EU27_2020,CPA_U,2016,0.0
EU27_2020,CPA_U,2017,0.0
EU27_2020,CPA_U,2018,0.0
EU27_2020,CPA_U,2019,0.0
EU27_2020,CPA_U,2020,0.0
EU27_2020,CPA_U,2021,0.0
EU27_2020,CPA_U,2022,0.0
EU27_2020,CPA_U,2023,0.0
EU27_2020,CPA_U,2024,0.0
FR,CPA_U,2014,0.0
FR,CPA_U,2015,0.0
FR,CPA_U,2016,0.0
FR,CPA_U,2017,0.0
FR,CPA_U,2018,0.0
FR,CPA_U,2019,0.0
FR,CPA_U,2020,0.0
FR,CPA_U,2021,0.0
FR,CPA_U,2022,0.0
HR,CPA_U,2015,0.0
HR,CPA_U,2016,0.0
HR,CPA_U,2017,0.0
HR,CPA_U,2018,0.0
HU,CPA_U,2014,0.0
HU,CPA_U,2015,0.0
HU,CPA_U,2016,0.0
HU,CPA_U,2017,0.0
HU,CPA_U,2018,0.0
HU,CPA_U,2019,0.0
HU,CPA_U,2020,0.0
HU,CPA_U,2021,0.0
HU,CPA_U,2022,0.0
HU,CPA_U,2023,0.0
IE,CPA_U,2014,0.0
IT,CPA_U,2014,0.0
IT,CPA_U,2015,0.0
IT,CPA_U,2016,0.0
IT,CPA_U,2017,0.0
IT,CPA_U,2018,0.0
IT,CPA_U,2019,0.0
IT,CPA_U,2020,0.0
IT,CPA_U,2021,0.0
IT,CPA_U,2022,0.0
LU,CPA_U,2014,0.0
LU,CPA_U,2015,0.0
LU,CPA_U,2016,0.0
LU,CPA_U,2017,0.0
LU,CPA_U,2018,0.0
LU,CPA_U,2019,0.0
LU,CPA_U,2020,0.0
LU,CPA_U,2021,0.0
LU,CPA_U,2022,0.0
LV,CPA_U,2014,0.0
LV,CPA_U,2015,0.0
LV,CPA_U,2016,0.0
LV,CPA_U,2017,0.0
LV,CPA_U,2018,0.0
LV,CPA_U,2019,0.0
LV,CPA_U,2020,0.0
LV,CPA_U,2021,0.0
LV,CPA_U,2022,0.0
LV,CPA_U,2023,0.0
MK,CPA_U,2022,0.0
MK,CPA_U,2023,0.0
MT,CPA_U,2014,0.0
MT,CPA_U,2015,0.0
MT,CPA_U,2016,0.0
MT,CPA_U,2017,0.0
MT,CPA_U,2018,0.0
MT,CPA_U,2019,0.0
MT,CPA_U,2020,0.0
MT,CPA_U,2021,0.0
MT,CPA_U,2022,0.0
NL,CPA_U,2014,0.0
NL,CPA_U,2015,0.0
NL,CPA_U,2016,0.0
NL,CPA_U,2017,0.0
NL,CPA_U,2018,0.0
NL,CPA_U,2019,0.0
NL,CPA_U,2020,0.0
NL,CPA_U,2021,0.0
NL,CPA_U,2022,0.0
NL,CPA_U,2023,0.0
NL,CPA_U,2024,0.0
NO,CPA_U,2014,0.0
NO,CPA_U,2015,0.0
NO,CPA_U,2016,0.0
NO,CPA_U,2017,0.0
NO,CPA_U,2018,0.0
NO,CPA_U,2019,0.0
NO,CPA_U,2020,0.0
NO,CPA_U,2021,0.0
NO,CPA_U,2022,0.0
NO,CPA_U,2023,0.0
PT,CPA_U,2014,0.0
PT,CPA_U,2015,0.0
PT,CPA_U,2016,0.0
PT,CPA_U,2017,0.0
PT,CPA_U,2018,0.0
PT,CPA_U,2019,0.0
PT,CPA_U,2020,0.0
PT,CPA_U,2021,0.0
PT,CPA_U,2022,0.0
PT,CPA_U,2023,0.0
PT,CPA_U,2024,0.0
RO,CPA_U,2014,0.0
RO,CPA_U,2015,0.0
RO,CPA_U,2016,0.0
RO,CPA_U,2017,0.0
RO,CPA_U,2018,0.0
RO,CPA_U,2019,0.0
RO,CPA_U,2020,0.0
RO,CPA_U,2021,0.0
RO,CPA_U,2022,0.0
SE,CPA_U,2015,0.0
SE,CPA_U,2016,0.0
SE,CPA_U,2017,0.0
SE,CPA_U,2018,0.0
SE,CPA_U,2019,0.0
SE,CPA_U,2020,0.0
SE,CPA_U,2021,0.0
SE,CPA_U,2022,0.0
SE,CPA_U,2023,0.0
SI,CPA_U,2014,0.0
SI,CPA_U,2015,0.0
SI,CPA_U,2016,0.0
SI,CPA_U,2017,0.0
SI,CPA_U,2018,0.0
SI,CPA_U,2019,0.0
SI,CPA_U,2020,0.0
SI,CPA_U,2021,0.0
SI,CPA_U,2022,0.0
SI,CPA_U,2023,0.0
SK,CPA_U,2014,0.0
SK,CPA_U,2015,0.0
SK,CPA_U,2016,0.0
SK,CPA_U,2017,0.0
SK,CPA_U,2018,0.0
SK,CPA_U,2019,0.0
SK,CPA_U,2020,0.0
SK,CPA_U,2021,0.0
SK,CPA_U,2022,0.0
XK,CPA_U,2014,0.0
XK,CPA_U,2015,0.0
XK,CPA_U,2016,0.0
XK,CPA_U,2017,0.0
XK,CPA_U,2019,0.0
AL,OP_RES,2014,0.0
AL,OP_RES,2016,0.0
AL,OP_RES,2017,0.0
AT,OP_RES,2014,0.0
AT,OP_RES,2015,0.0
AT,OP_RES,2016,0.0
BE,OP_RES,2014,0.0
BE,OP_RES,2015,0.0
BE,OP_RES,2016,0.0
BG,OP_RES,2014,0.0
CY,OP_RES,2014,0.0
CY,OP_RES,2015,0.0
CY,OP_RES,2016,0.0
CZ,OP_RES,2014,0.0
CZ,OP_RES,2015,0.0
CZ,OP_RES,2016,0.0
CZ,OP_RES,2017,0.0
CZ,OP_RES,2018,0.0
CZ,OP_RES,2019,0.0
DE,OP_RES,2015,0.0
DK,OP_RES,2014,0.0
DK,OP_RES,2015,0.0
DK,OP_RES,2016,0.0
EE,OP_RES,2014,0.0
EE,OP_RES,2015,0.0
EE,OP_RES,2016,0.0
EL,OP_RES,2014,0.0
EL,OP_RES,2015,0.0
EL,OP_RES,2016,0.0
ES,OP_RES,2014,0.0
ES,OP_RES,2015,0.0
ES,OP_RES,2016,0.0
EU27_2020,OP_RES,2014,0.0
EU27_2020,OP_RES,2015,0.0
EU27_2020,OP_RES,2016,0.0
EU27_2020,OP_RES,2018,0.0
FI,OP_RES,2014,0.0
FI,OP_RES,2015,0.0
FI,OP_RES,2016,0.0
FI,OP_RES,2017,0.0
FI,OP_RES,2018,0.0
FI,OP_RES,2019,0.0
FI,OP_RES,2020,0.0
FI,OP_RES,2021,0.0
FI,OP_RES,2022,0.0
FI,OP_RES,2023,0.0
HR,OP_RES,2014,0.0
HR,OP_RES,2015,0.0
HR,OP_RES,2016,0.0
HR,OP_RES,2017,0.0
HR,OP_RES,2018,0.0
HU,OP_RES,2014,0.0
HU,OP_RES,2015,0.0
HU,OP_RES,2016,0.0
HU,OP_RES,2017,0.0
IE,OP_RES,2014,0.0
IE,OP_RES,2015,0.0
IE,OP_RES,2016,0.0
IE,OP_RES,2017,0.0
IT,OP_RES,2014,0.0
IT,OP_RES,2015,0.0
IT,OP_RES,2016,0.0
LU,OP_RES,2014,0.0
LU,OP_RES,2015,0.0
LU,OP_RES,2016,0.0
LU,OP_RES,2017,0.0
LU,OP_RES,2018,0.0
LV,OP_RES,2014,0.0
LV,OP_RES,2015,0.0
LV,OP_RES,2016,0.0
MK,OP_RES,2015,0.0
MK,OP_RES,2016,0.0
MK,OP_RES,2017,0.0
MT,OP_RES,2014,0.0
MT,OP_RES,2015,0.0
NL,OP_RES,2014,0.0
NL,OP_RES,2015,0.0
NL,OP_RES,2016,0.0
NO,OP_RES,2014,0.0
NO,OP_RES,2015,0.0
NO,OP_RES,2016,0.0
NO,OP_RES,2017,0.0
NO,OP_RES,2018,0.0
NO,OP_RES,2019,0.0
NO,OP_RES,2020,0.0
NO,OP_RES,2021,0.0
NO,OP_RES,2022,0.0
NO,OP_RES,2023,0.0
PL,OP_RES,2014,0.0
PL,OP_RES,2015,0.0
PL,OP_RES,2016,0.0
PT,OP_RES,2014,0.0
PT,OP_RES,2015,0.0
PT,OP_RES,2016,0.0
PT,OP_RES,2017,0.0
RO,OP_RES,2014,0.0
RO,OP_RES,2015,0.0
RO,OP_RES,2016,0.0
RO,OP_RES,2017,0.0
RO,OP_RES,2019,0.0
RO,OP_RES,2021,0.0
RO,OP_RES,2022,0.0
RS,OP_RES,2015,0.0
RS,OP_RES,2016,0.0
RS,OP_RES,2017,0.0
RS,OP_RES,2018,0.0
SE,OP_RES,2014,0.0
SE,OP_RES,2015,0.0
SE,OP_RES,2016,0.0
SE,OP_RES,2017,0.0
SE,OP_RES,2018,0.0
SI,OP_RES,2014,0.0
SI,OP_RES,2015,0.0
SI,OP_RES,2016,0.0
SI,OP_RES,2017,0.0
SI,OP_RES,2023,0.0
SK,OP_RES,2014,0.0
SK,OP_RES,2015,0.0
SK,OP_RES,2016,0.0
AL,TOTADJ,2022,0.0
AL,TOTADJ,2023,0.0
AL,TOTADJ,2024,0.0
AT,TOTADJ,2014,0.0
AT,TOTADJ,2015,0.0
AT,TOTADJ,2016,0.0
AT,TOTADJ,2017,0.0
AT,TOTADJ,2018,0.0
AT,TOTADJ,2019,0.0
AT,TOTADJ,2020,0.0
AT,TOTADJ,2021,0.0
AT,TOTADJ,2022,0.0
BE,TOTADJ,2014,0.0
BE,TOTADJ,2015,0.0
BE,TOTADJ,2016,0.0
BE,TOTADJ,2017,0.0
BE,TOTADJ,2018,0.0
BE,TOTADJ,2019,0.1
BE,TOTADJ,2020,0.0
BE,TOTADJ,2021,0.0
BE,TOTADJ,2022,0.0
BG,TOTADJ,2014,0.0
BG,TOTADJ,2018,0.0
BG,TOTADJ,2019,0.0
BG,TOTADJ,2020,0.0
BG,TOTADJ,2021,0.0
BG,TOTADJ,2022,0.0
CY,TOTADJ,2014,0.0
CY,TOTADJ,2015,0.0
CY,TOTADJ,2016,0.0
CY,TOTADJ,2017,0.0
CY,TOTADJ,2018,0.0
CY,TOTADJ,2019,0.0
CY,TOTADJ,2020,0.0
CY,TOTADJ,2021,0.0
CY,TOTADJ,2022,0.0
CZ,TOTADJ,2014,0.0
CZ,TOTADJ,2015,0.0
CZ,TOTADJ,2016,0.0
CZ,TOTADJ,2017,0.0
CZ,TOTADJ,2018,0.0
CZ,TOTADJ,2019,0.0
CZ,TOTADJ,2020,0.0
CZ,TOTADJ,2021,0.0
CZ,TOTADJ,2022,0.0
CZ,TOTADJ,2023,0.0
CZ,TOTADJ,2024,0.0
DE,TOTADJ,2014,0.0
DE,TOTADJ,2015,0.0
DE,TOTADJ,2016,0.0
DE,TOTADJ,2017,0.0
DE,TOTADJ,2018,0.0
DE,TOTADJ,2019,0.0
DE,TOTADJ,2020,0.0
DE,TOTADJ,2021,0.0
DE,TOTADJ,2022,0.0
DK,TOTADJ,2014,0.0
DK,TOTADJ,2015,0.0
DK,TOTADJ,2016,0.0
DK,TOTADJ,2017,0.0
DK,TOTADJ,2018,0.0
DK,TOTADJ,2019,0.0
DK,TOTADJ,2020,0.0
DK,TOTADJ,2021,0.0
DK,TOTADJ,2022,0.0
EA21,TOTADJ,2014,0.0
EA21,TOTADJ,2015,0.0
EA21,TOTADJ,2016,0.0
EA21,TOTADJ,2017,0.0
EA21,TOTADJ,2018,0.0
EA21,TOTADJ,2019,0.0
EA21,TOTADJ,2020,0.0
EA21,TOTADJ,2021,0.0
EA21,TOTADJ,2022,0.0
EA21,TOTADJ,2023,0.0
EA21,TOTADJ,2024,0.0
EE,TOTADJ,2014,0.0
EE,TOTADJ,2015,0.0
EE,TOTADJ,2016,0.0
EE,TOTADJ,2017,0.0
EE,TOTADJ,2018,0.0
EE,TOTADJ,2019,0.0
EE,TOTADJ,2020,0.0
EE,TOTADJ,2021,0.0
EE,TOTADJ,2022,0.0
EL,TOTADJ,2014,0.0
EL,TOTADJ,2015,0.0
EL,TOTADJ,2016,0.0
EL,TOTADJ,2017,0.0
EL,TOTADJ,2018,0.0
EL,TOTADJ,2019,0.0
EL,TOTADJ,2020,0.0
EL,TOTADJ,2021,0.0
EL,TOTADJ,2022,0.0
ES,TOTADJ,2014,0.0
ES,TOTADJ,2015,0.0
ES,TOTADJ,2016,0.0
ES,TOTADJ,2017,0.0
ES,TOTADJ,2018,0.0
ES,TOTADJ,2019,0.0
ES,TOTADJ,2020,0.0
ES,TOTADJ,2021,0.0
ES,TOTADJ,2022,0.0
ES,TOTADJ,2023,0.0
EU27_2020,TOTADJ,2014,0.0
EU27_2020,TOTADJ,2015,0.0
EU27_2020,TOTADJ,2016,0.0
EU27_2020,TOTADJ,2017,0.0
EU27_2020,TOTADJ,2018,0.0
EU27_2020,TOTADJ,2019,0.0
EU27_2020,TOTADJ,2020,0.0
EU27_2020,TOTADJ,2021,0.0
EU27_2020,TOTADJ,2022,0.0
EU27_2020,TOTADJ,2023,0.0
EU27_2020,TOTADJ,2024,0.0
FI,TOTADJ,2014,0.0
FI,TOTADJ,2015,0.0
FI,TOTADJ,2016,0.0
FI,TOTADJ,2017,0.0
FI,TOTADJ,2018,0.0
FI,TOTADJ,2019,0.0
FI,TOTADJ,2020,0.0
FI,TOTADJ,2021,0.0
FI,TOTADJ,2022,0.0
FI,TOTADJ,2023,0.0
FR,TOTADJ,2014,0.0
FR,TOTADJ,2015,0.0
FR,TOTADJ,2016,0.0
FR,TOTADJ,2017,0.0
FR,TOTADJ,2018,0.0
FR,TOTADJ,2019,0.0
FR,TOTADJ,2020,0.0
FR,TOTADJ,2021,0.0
FR,TOTADJ,2022,0.0
HR,TOTADJ,2015,0.0
HR,TOTADJ,2016,0.0
HR,TOTADJ,2017,0.0
HR,TOTADJ,2018,0.0
HR,TOTADJ,2019,0.0
HR,TOTADJ,2021,0.0
HR,TOTADJ,2022,0.0
HU,TOTADJ,2014,0.0
HU,TOTADJ,2015,0.0
HU,TOTADJ,2016,0.0
HU,TOTADJ,2017,0.0
HU,TOTADJ,2018,0.0
HU,TOTADJ,2019,0.0
HU,TOTADJ,2020,0.0
HU,TOTADJ,2021,0.0
HU,TOTADJ,2022,0.0
HU,TOTADJ,2023,0.0
IE,TOTADJ,2014,0.0
IE,TOTADJ,2015,0.0
IE,TOTADJ,2016,0.0
IE,TOTADJ,2017,0.0
IE,TOTADJ,2018,0.0
IE,TOTADJ,2019,0.0
IE,TOTADJ,2020,0.0
IE,TOTADJ,2021,0.0
IE,TOTADJ,2022,0.0
IT,TOTADJ,2014,0.0
IT,TOTADJ,2015,0.0
IT,TOTADJ,2016,0.0
IT,TOTADJ,2017,0.0
IT,TOTADJ,2018,0.0
IT,TOTADJ,2019,0.0
IT,TOTADJ,2020,0.0
IT,TOTADJ,2021,0.0
IT,TOTADJ,2022,0.0
LT,TOTADJ,2020,0.0
LT,TOTADJ,2021,0.0
LT,TOTADJ,2022,0.0
LU,TOTADJ,2014,0.0
LU,TOTADJ,2015,0.0
LU,TOTADJ,2016,0.0
LU,TOTADJ,2017,0.0
LU,TOTADJ,2018,0.0
LU,TOTADJ,2019,0.0
LU,TOTADJ,2020,0.0
LU,TOTADJ,2021,0.0
LU,TOTADJ,2022,0.0
LV,TOTADJ,2014,0.0
LV,TOTADJ,2015,0.0
LV,TOTADJ,2016,0.0
LV,TOTADJ,2017,0.0
LV,TOTADJ,2018,0.0
LV,TOTADJ,2019,0.0
LV,TOTADJ,2020,0.0
LV,TOTADJ,2021,0.0
LV,TOTADJ,2022,0.0
LV,TOTADJ,2023,0.0
MK,TOTADJ,2014,0.0
MK,TOTADJ,2015,0.0
MK,TOTADJ,2018,0.0
MK,TOTADJ,2019,0.0
MK,TOTADJ,2020,0.0
MK,TOTADJ,2021,0.0
MK,TOTADJ,2022,0.0
MK,TOTADJ,2023,0.0
MT,TOTADJ,2014,0.0
MT,TOTADJ,2015,0.0
MT,TOTADJ,2016,0.0
MT,TOTADJ,2017,0.0
MT,TOTADJ,2018,0.0
MT,TOTADJ,2019,0.0
MT,TOTADJ,2020,0.0
MT,TOTADJ,2021,0.0
MT,TOTADJ,2022,0.0
NL,TOTADJ,2014,0.0
NL,TOTADJ,2015,0.0
NL,TOTADJ,2016,0.0
NL,TOTADJ,2017,0.0
NL,TOTADJ,2018,0.0
NL,TOTADJ,2019,0.0
NL,TOTADJ,2020,0.0
NL,TOTADJ,2021,0.0
NL,TOTADJ,2022,0.0
NL,TOTADJ,2023,0.0
NL,TOTADJ,2024,0.0
NO,TOTADJ,2014,0.0
NO,TOTADJ,2015,0.0
NO,TOTADJ,2016,0.0
NO,TOTADJ,2017,0.0
NO,TOTADJ,2018,0.0
NO,TOTADJ,2019,0.0
NO,TOTADJ,2020,0.0
NO,TOTADJ,2021,0.0
NO,TOTADJ,2022,0.0
NO,TOTADJ,2023,0.0
PL,TOTADJ,2014,0.0
PL,TOTADJ,2015,0.0
PL,TOTADJ,2016,0.0
PL,TOTADJ,2017,0.0
PL,TOTADJ,2018,0.0
PL,TOTADJ,2019,0.0
PL,TOTADJ,2020,0.0
PL,TOTADJ,2021,0.0
PL,TOTADJ,2022,0.0
PT,TOTADJ,2014,0.0
PT,TOTADJ,2015,0.0
PT,TOTADJ,2016,0.0
PT,TOTADJ,2017,0.0
PT,TOTADJ,2018,0.0
PT,TOTADJ,2019,0.0
PT,TOTADJ,2020,0.0
PT,TOTADJ,2021,0.0
PT,TOTADJ,2022,0.0
PT,TOTADJ,2023,0.0
PT,TOTADJ,2024,0.0
RO,TOTADJ,2014,0.0
RO,TOTADJ,2015,0.0
RO,TOTADJ,2016,0.0
RO,TOTADJ,2017,0.0
RO,TOTADJ,2018,0.0
RO,TOTADJ,2019,0.0
RO,TOTADJ,2020,0.0
RO,TOTADJ,2021,0.0
RO,TOTADJ,2022,0.0
RS,TOTADJ,2014,0.0
RS,TOTADJ,2015,0.0
RS,TOTADJ,2016,0.0
RS,TOTADJ,2017,0.0
RS,TOTADJ,2018,0.0
RS,TOTADJ,2019,0.0
RS,TOTADJ,2020,0.0
RS,TOTADJ,2021,0.0
RS,TOTADJ,2022,0.0
SE,TOTADJ,2014,0.0
SE,TOTADJ,2015,0.0
SE,TOTADJ,2016,0.0
SE,TOTADJ,2017,0.0
SE,TOTADJ,2018,0.0
SE,TOTADJ,2019,0.0
SE,TOTADJ,2020,0.0
SE,TOTADJ,2021,0.0
SE,TOTADJ,2022,0.0
SE,TOTADJ,2023,0.0
SI,TOTADJ,2014,0.0
SI,TOTADJ,2015,0.0
SI,TOTADJ,2016,0.0
SI,TOTADJ,2017,0.0
SI,TOTADJ,2018,0.0
SI,TOTADJ,2019,0.0
SI,TOTADJ,2020,0.0
SI,TOTADJ,2021,0.0
SI,TOTADJ,2022,0.0
SI,TOTADJ,2023,0.0
SK,TOTADJ,2014,0.0
SK,TOTADJ,2015,0.0
SK,TOTADJ,2016,0.0
SK,TOTADJ,2017,0.0
SK,TOTADJ,2018,0.0
SK,TOTADJ,2019,0.0
SK,TOTADJ,2020,0.0
SK,TOTADJ,2021,0.0
SK,TOTADJ,2022,0.0
TR,TOTADJ,2023,0.0
XK,TOTADJ,2014,0.0
XK,TOTADJ,2015,0.0
XK,TOTADJ,2016,0.0
XK,TOTADJ,2017,0.0
XK,TOTADJ,2018,0.0
XK,TOTADJ,2019,0.0
