geo,nace_r2,time,value
AL,A,2020,3501.1
AL,A,2021,3744.5
AL,A,2022,4234.1
AL,A,2023,4997.7
AL,A,2024,5411.1
AL,A,2025,5579.4
AT,A,2020,9660.5
AT,A,2021,11325.8
AT,A,2022,13846.2
AT,A,2023,13812.7
AT,A,2024,13578.3
AT,A,2025,14231.2
BA,A,2020,2324.0
BA,A,2021,2256.0
BA,A,2022,2504.6
BA,A,2023,2611.1
BE,A,2020,11330.7
BE,A,2021,12575.4
BE,A,2022,14288.7
BE,A,2023,14342.4
BE,A,2024,14580.2
BG,A,2020,4640.8
BG,A,2021,6359.7
BG,A,2022,8230.0
BG,A,2023,6950.4
BG,A,2024,5999.1
CH,A,2020,11591.4
CH,A,2021,11344.1
CH,A,2022,12939.7
CH,A,2023,13510.1
CH,A,2024,13818.5
CY,A,2020,813.2
CY,A,2021,845.4
CY,A,2022,850.7
CY,A,2023,927.1
CY,A,2024,993.8
CZ,A,2020,11276.5
CZ,A,2021,12204.4
CZ,A,2022,15736.5
CZ,A,2023,16155.7
CZ,A,2024,14786.3
CZ,A,2025,16491.9
DE,A,2020,59893.0
DE,A,2021,64944.0
DE,A,2022,83926.0
DE,A,2023,82550.0
DE,A,2024,81845.0
DE,A,2025,82619.0
DK,A,2020,11968.4
DK,A,2021,12212.7
DK,A,2022,14237.6
DK,A,2023,14001.8
DK,A,2024,13648.1
DK,A,2025,15894.4
EA12,A,2020,366371.1
EA12,A,2021,399190.5
EA12,A,2022,471281.9
EA12,A,2023,477448.3
EA12,A,2024,475377.1
EA19,A,2020,382406.6
EA19,A,2021,417102.3
EA19,A,2022,494533.5
EA19,A,2023,499272.0
EA19,A,2024,496966.4
EA20,A,2020,385707.2
EA20,A,2021,420831.7
EA20,A,2022,498948.2
EA20,A,2023,503585.6
EA20,A,2024,501544.0
EA21,A,2020,390348.1
EA21,A,2021,427191.4
EA21,A,2022,507178.4
EA21,A,2023,510536.1
EA21,A,2024,507543.2
EE,A,2020,1888.4
EE,A,2021,2172.4
EE,A,2022,3039.0
EE,A,2023,2559.2
EE,A,2024,2595.1
EE,A,2025,2582.7
EL,A,2020,13162.5
EL,A,2021,13847.0
EL,A,2022,16792.4
EL,A,2023,17320.4
EL,A,2024,17934.1
ES,A,2020,59667.0
ES,A,2021,65538.0
ES,A,2022,70567.0
ES,A,2023,76428.0
ES,A,2024,77382.0
EU27_2020,A,2020,493914.5
EU27_2020,A,2021,541032.6
EU27_2020,A,2022,644124.2
EU27_2020,A,2023,647353.4
EU27_2020,A,2024,644326.3
FI,A,2020,10343.0
FI,A,2021,10698.0
FI,A,2022,12319.0
FI,A,2023,12782.0
FI,A,2024,13672.0
FI,A,2025,14070.0
FR,A,2020,86673.9
FR,A,2021,94310.6
FR,A,2022,111798.5
FR,A,2023,110766.5
FR,A,2024,102420.4
FR,A,2025,106739.7
HR,A,2020,3300.6
HR,A,2021,3729.3
HR,A,2022,4414.8
HR,A,2023,4313.6
HR,A,2024,4577.6
HU,A,2020,10431.9
HU,A,2021,11917.4
HU,A,2022,13375.2
HU,A,2023,14347.9
HU,A,2024,13522.0
IE,A,2020,9982.0
IE,A,2021,11418.4
IE,A,2022,14519.3
IE,A,2023,12635.2
IE,A,2024,13677.7
IS,A,2020,1756.1
IS,A,2021,1964.4
IS,A,2022,2355.2
IS,A,2023,2501.9
IS,A,2024,2354.1
IS,A,2025,2589.9
IT,A,2020,59405.5
IT,A,2021,63662.8
IT,A,2022,74272.7
IT,A,2023,75364.6
IT,A,2024,77057.4
LI,A,2020,45.7
LI,A,2021,42.8
LI,A,2022,52.0
LT,A,2020,4137.4
LT,A,2021,4611.7
LT,A,2022,6494.0
LT,A,2023,5492.5
LT,A,2024,5523.4
LU,A,2020,449.4
LU,A,2021,510.8
LU,A,2022,611.7
LU,A,2023,610.7
LU,A,2024,642.0
LV,A,2020,3066.0
LV,A,2021,3506.4
LV,A,2022,4885.5
LV,A,2023,4362.3
LV,A,2024,4494.1
ME,A,2020,379.9
ME,A,2021,426.9
ME,A,2022,508.5
ME,A,2023,573.2
ME,A,2024,601.8
MK,A,2020,1769.3
MK,A,2021,1592.7
MT,A,2020,334.2
MT,A,2021,393.0
MT,A,2022,506.3
MT,A,2023,403.0
MT,A,2024,408.8
MT,A,2025,432.1
NL,A,2020,35640.0
NL,A,2021,38802.0
NL,A,2022,45171.0
NL,A,2023,46125.0
NL,A,2024,46700.0
NL,A,2025,47548.0
NO,A,2020,15165.3
NO,A,2021,17261.1
NO,A,2022,21826.2
NO,A,2023,20510.1
NO,A,2024,21083.1
NO,A,2025,22823.3
PL,A,2020,35346.6
PL,A,2021,36834.5
PL,A,2022,51268.6
PL,A,2023,50946.1
PL,A,2024,53449.8
PT,A,2020,10163.5
PT,A,2021,11557.7
PT,A,2022,13050.4
PT,A,2023,14724.9
PT,A,2024,14650.0
PT,A,2025,14791.6
RO,A,2020,17154.7
RO,A,2021,21253.2
RO,A,2022,21808.0
RO,A,2023,22271.2
RO,A,2024,21202.6
RS,A,2020,5547.4
RS,A,2021,6145.1
RS,A,2022,7239.2
RS,A,2023,6443.2
RS,A,2024,6346.9
SE,A,2020,17388.2
SE,A,2021,19419.0
SE,A,2022,20521.6
SE,A,2023,20079.5
SI,A,2020,1815.0
SI,A,2021,1855.9
SI,A,2022,2180.0
SI,A,2023,2184.5
SI,A,2024,2209.2
SI,A,2025,2291.0
SK,A,2020,3981.5
SK,A,2021,4531.0
SK,A,2022,5303.6
SK,A,2023,5884.1
SK,A,2024,5368.5
TR,A,2023,104174.6
UA,A,2020,29628.9
UA,A,2021,43298.2
UA,A,2022,32365.0
UA,A,2023,31163.2
UA,A,2024,32189.9
AT,A01,2020,7694.1
AT,A01,2021,8604.6
AT,A01,2022,10557.2
AT,A01,2023,10223.7
AT,A01,2024,10008.2
AT,A01,2025,10937.7
BA,A01,2020,2046.2
BA,A01,2021,1963.9
BA,A01,2022,2153.0
BA,A01,2023,2220.6
BE,A01,2020,10773.4
BE,A01,2021,11931.7
BE,A01,2022,13563.4
BE,A01,2023,13713.2
BG,A01,2020,4180.6
BG,A01,2021,5832.8
BG,A01,2022,7576.9
BG,A01,2023,6305.1
BG,A01,2024,5216.8
CY,A01,2020,740.8
CY,A01,2021,761.8
CY,A01,2022,756.3
CY,A01,2023,836.0
CZ,A01,2020,9106.6
CZ,A01,2021,9867.3
CZ,A01,2022,12612.5
CZ,A01,2023,13324.7
CZ,A01,2024,11999.4
CZ,A01,2025,13688.8
DE,A01,2020,55270.0
DE,A01,2021,59327.0
DE,A01,2022,76122.0
DE,A01,2023,74276.0
DE,A01,2024,74096.0
DK,A01,2020,10799.8
DK,A01,2021,10876.7
DK,A01,2022,12874.7
DK,A01,2023,12372.2
DK,A01,2024,12093.2
DK,A01,2025,14209.2
EA12,A01,2020,332081.3
EA12,A01,2021,359911.5
EA12,A01,2022,425711.9
EA12,A01,2023,430513.8
EA19,A01,2020,343526.5
EA19,A01,2021,372305.8
EA19,A01,2022,441642.9
EA19,A01,2023,445371.0
EA20,A01,2020,346121.8
EA20,A01,2021,375272.5
EA20,A01,2022,445237.6
EA20,A01,2023,448741.7
EA21,A01,2020,350302.4
EA21,A01,2021,381105.4
EA21,A01,2022,452814.6
EA21,A01,2023,455047.0
EE,A01,2020,1004.6
EE,A01,2021,1133.6
EE,A01,2022,1641.2
EE,A01,2023,1319.0
EE,A01,2024,1316.4
EE,A01,2025,1407.7
EL,A01,2020,12193.8
EL,A01,2021,12800.4
EL,A01,2022,15513.7
EL,A01,2023,16202.3
EL,A01,2024,16765.3
ES,A01,2020,54963.0
ES,A01,2021,60108.0
ES,A01,2022,65005.0
ES,A01,2023,70778.0
EU27_2020,A01,2020,433916.5
EU27_2020,A01,2021,473496.8
EU27_2020,A01,2022,566180.4
EU27_2020,A01,2023,566608.4
FI,A01,2020,4745.0
FI,A01,2021,4763.0
FI,A01,2022,5844.0
FI,A01,2023,5743.0
FI,A01,2024,5763.0
FI,A01,2025,5748.0
FR,A01,2020,78937.2
FR,A01,2021,85338.8
FR,A01,2022,101156.9
FR,A01,2023,100303.6
FR,A01,2024,92494.2
HR,A01,2020,2595.3
HR,A01,2021,2966.7
HR,A01,2022,3594.7
HR,A01,2023,3370.7
HR,A01,2024,3661.6
HU,A01,2020,9895.1
HU,A01,2021,11284.2
HU,A01,2022,12606.4
HU,A01,2023,13512.6
HU,A01,2024,12762.8
IE,A01,2020,9395.1
IE,A01,2021,10738.2
IE,A01,2022,13782.8
IE,A01,2023,11957.8
IE,A01,2024,12987.1
IS,A01,2020,393.7
IS,A01,2021,431.2
IS,A01,2022,520.5
IS,A01,2023,565.6
IS,A01,2024,582.6
IS,A01,2025,626.2
IT,A01,2020,55159.9
IT,A01,2021,59160.3
IT,A01,2022,69609.2
IT,A01,2023,70492.9
LT,A01,2020,3489.1
LT,A01,2021,3752.7
LT,A01,2022,5330.8
LT,A01,2023,4387.8
LT,A01,2024,4575.3
LU,A01,2020,440.4
LU,A01,2021,501.6
LU,A01,2022,597.3
LU,A01,2023,596.5
LU,A01,2024,626.3
LV,A01,2020,1710.6
LV,A01,2021,1906.8
LV,A01,2022,2496.0
LV,A01,2023,2036.7
LV,A01,2024,2105.8
MK,A01,2020,1710.9
MK,A01,2021,1534.8
MT,A01,2020,131.8
MT,A01,2021,137.0
MT,A01,2022,150.5
MT,A01,2023,160.4
MT,A01,2024,172.9
MT,A01,2025,181.5
NL,A01,2020,34752.0
NL,A01,2021,37838.0
NL,A01,2022,44117.0
NL,A01,2023,45177.0
NL,A01,2024,45684.0
NL,A01,2025,46537.0
NO,A01,2020,3861.7
NO,A01,2021,4346.8
NO,A01,2022,4848.8
NO,A01,2023,4225.8
PL,A01,2020,31607.7
PL,A01,2021,32817.2
PL,A01,2022,46363.1
PL,A01,2023,45575.7
PT,A01,2020,7757.3
PT,A01,2021,8799.8
PT,A01,2022,9837.2
PT,A01,2023,11443.8
PT,A01,2024,11396.7
RO,A01,2020,13837.0
RO,A01,2021,17909.0
RO,A01,2022,18003.5
RO,A01,2023,17705.8
RO,A01,2024,16246.8
RS,A01,2020,5314.8
RS,A01,2021,5889.5
RS,A01,2022,6931.0
RS,A01,2023,6105.2
RS,A01,2024,6029.6
SE,A01,2020,8367.9
SE,A01,2021,9637.1
SE,A01,2022,10906.9
SE,A01,2023,9767.9
SI,A01,2020,1438.0
SI,A01,2021,1372.7
SI,A01,2022,1632.5
SI,A01,2023,1635.2
SI,A01,2024,1709.7
SI,A01,2025,1744.0
SK,A01,2020,2930.3
SK,A01,2021,3333.4
SK,A01,2022,3931.3
SK,A01,2023,4487.6
SK,A01,2024,4100.2
TR,A01,2023,98895.9
AT,A02,2020,1857.7
AT,A02,2021,2621.7
AT,A02,2022,3179.0
AT,A02,2023,3479.3
AT,A02,2024,3458.2
AT,A02,2025,3176.4
BA,A02,2020,262.7
BA,A02,2021,276.1
BA,A02,2022,331.0
BA,A02,2023,363.6
BE,A02,2020,410.7
BE,A02,2021,501.0
BE,A02,2022,561.7
BE,A02,2023,492.3
BG,A02,2020,392.3
BG,A02,2021,456.7
BG,A02,2022,621.4
BG,A02,2023,611.5
BG,A02,2024,705.9
CY,A02,2020,25.9
CY,A02,2021,30.2
CY,A02,2022,34.8
CY,A02,2023,39.7
CZ,A02,2020,2100.7
CZ,A02,2021,2277.1
CZ,A02,2022,3048.0
CZ,A02,2023,2740.3
CZ,A02,2024,2712.7
CZ,A02,2025,2725.5
DE,A02,2020,3986.0
DE,A02,2021,5025.0
DE,A02,2022,7086.0
DE,A02,2023,7596.0
DE,A02,2024,7045.0
DK,A02,2020,501.6
DK,A02,2021,669.6
DK,A02,2022,702.5
DK,A02,2023,883.3
DK,A02,2024,823.9
DK,A02,2025,879.6
EA12,A02,2020,24366.9
EA12,A02,2021,28035.0
EA12,A02,2022,33942.8
EA12,A02,2023,35640.8
EA19,A02,2020,28390.2
EA19,A02,2021,32910.3
EA19,A02,2022,40461.6
EA19,A02,2023,41894.8
EA20,A02,2020,28786.3
EA20,A02,2021,33347.1
EA20,A02,2022,40990.7
EA20,A02,2023,42463.0
EA21,A02,2020,29178.6
EA21,A02,2021,33803.8
EA21,A02,2022,41612.1
EA21,A02,2023,43074.6
EE,A02,2020,807.7
EE,A02,2021,962.3
EE,A02,2022,1306.4
EE,A02,2023,1146.2
EE,A02,2024,1170.6
EE,A02,2025,1059.9
EL,A02,2020,58.6
EL,A02,2021,60.1
EL,A02,2022,81.5
EL,A02,2023,84.5
EL,A02,2024,84.5
ES,A02,2020,1880.0
ES,A02,2021,2014.0
ES,A02,2022,2456.0
ES,A02,2023,2442.0
EU27_2020,A02,2020,47309.9
EU27_2020,A02,2021,53632.1
EU27_2020,A02,2022,63506.7
EU27_2020,A02,2023,66089.4
FI,A02,2020,5364.0
FI,A02,2021,5684.0
FI,A02,2022,6189.0
FI,A02,2023,6718.0
FI,A02,2024,7615.0
FI,A02,2025,7952.0
FR,A02,2020,5465.0
FR,A02,2021,6414.0
FR,A02,2022,7919.6
FR,A02,2023,7669.6
FR,A02,2024,7364.3
HR,A02,2020,396.1
HR,A02,2021,436.8
HR,A02,2022,529.1
HR,A02,2023,568.2
HR,A02,2024,630.2
HU,A02,2020,495.9
HU,A02,2021,584.9
HU,A02,2022,713.1
HU,A02,2023,773.7
HU,A02,2024,698.7
IE,A02,2020,180.4
IE,A02,2021,200.9
IE,A02,2022,228.9
IE,A02,2023,221.4
IE,A02,2024,232.6
IS,A02,2020,4.4
IS,A02,2021,6.0
IS,A02,2022,7.2
IS,A02,2023,9.6
IS,A02,2024,8.9
IS,A02,2025,10.7
IT,A02,2020,2996.4
IT,A02,2021,3103.2
IT,A02,2022,3255.9
IT,A02,2023,3487.8
LT,A02,2020,530.5
LT,A02,2021,726.3
LT,A02,2022,1008.3
LT,A02,2023,947.5
LT,A02,2024,815.4
LU,A02,2020,9.0
LU,A02,2021,9.2
LU,A02,2022,14.4
LU,A02,2023,14.2
LU,A02,2024,15.7
LV,A02,2020,1253.7
LV,A02,2021,1498.3
LV,A02,2022,2272.7
LV,A02,2023,2202.3
LV,A02,2024,2251.2
MK,A02,2020,53.7
MK,A02,2021,53.5
MT,A02,2020,0.0
MT,A02,2021,0.0
MT,A02,2022,0.0
MT,A02,2023,0.0
MT,A02,2024,0.0
MT,A02,2025,0.0
NL,A02,2020,349.0
NL,A02,2021,392.0
NL,A02,2022,466.0
NL,A02,2023,484.0
NL,A02,2024,545.0
NL,A02,2025,544.0
NO,A02,2020,805.0
NO,A02,2021,991.9
NO,A02,2022,1121.3
NO,A02,2023,1061.2
PL,A02,2020,3515.6
PL,A02,2021,3808.8
PL,A02,2022,4727.2
PL,A02,2023,5161.2
PT,A02,2020,1810.1
PT,A02,2021,2009.9
PT,A02,2022,2392.8
PT,A02,2023,2526.7
PT,A02,2024,2364.9
RO,A02,2020,2736.8
RO,A02,2021,2953.6
RO,A02,2022,3346.9
RO,A02,2023,3627.1
RO,A02,2024,3883.6
RS,A02,2020,208.8
RS,A02,2021,232.3
RS,A02,2022,288.2
RS,A02,2023,307.5
RS,A02,2024,288.2
SE,A02,2020,8780.6
SE,A02,2021,9534.2
SE,A02,2022,9357.2
SE,A02,2023,10059.2
SI,A02,2020,362.5
SI,A02,2021,468.1
SI,A02,2022,531.5
SI,A02,2023,533.5
SI,A02,2024,483.3
SI,A02,2025,530.5
SK,A02,2020,1042.9
SK,A02,2021,1190.2
SK,A02,2022,1365.1
SK,A02,2023,1383.9
SK,A02,2024,1253.5
TR,A02,2023,2652.9
AT,A03,2020,108.6
AT,A03,2021,99.5
AT,A03,2022,110.1
AT,A03,2023,109.7
AT,A03,2024,112.0
AT,A03,2025,117.2
BA,A03,2020,15.1
BA,A03,2021,16.0
BA,A03,2022,20.6
BA,A03,2023,27.0
BE,A03,2020,146.6
BE,A03,2021,142.7
BE,A03,2022,163.6
BE,A03,2023,136.9
BG,A03,2020,67.9
BG,A03,2021,70.1
BG,A03,2022,31.7
BG,A03,2023,33.8
BG,A03,2024,76.3
CY,A03,2020,46.5
CY,A03,2021,53.4
CY,A03,2022,59.6
CY,A03,2023,51.4
CZ,A03,2020,69.1
CZ,A03,2021,59.9
CZ,A03,2022,76.0
CZ,A03,2023,90.8
CZ,A03,2024,74.3
CZ,A03,2025,77.6
DE,A03,2020,637.0
DE,A03,2021,592.0
DE,A03,2022,718.0
DE,A03,2023,678.0
DE,A03,2024,704.0
DK,A03,2020,667.1
DK,A03,2021,666.4
DK,A03,2022,660.4
DK,A03,2023,746.3
DK,A03,2024,731.0
DK,A03,2025,805.6
EA12,A03,2020,9922.9
EA12,A03,2021,11243.9
EA12,A03,2022,11627.2
EA12,A03,2023,11293.7
EA19,A03,2020,10489.9
EA19,A03,2021,11886.2
EA19,A03,2022,12429.0
EA19,A03,2023,12006.2
EA20,A03,2020,10799.1
EA20,A03,2021,12212.1
EA20,A03,2022,12720.0
EA20,A03,2023,12380.8
EA21,A03,2020,10867.0
EA21,A03,2021,12282.2
EA21,A03,2022,12751.6
EA21,A03,2023,12414.6
EE,A03,2020,76.1
EE,A03,2021,76.5
EE,A03,2022,91.4
EE,A03,2023,94.0
EE,A03,2024,108.1
EE,A03,2025,115.1
EL,A03,2020,910.1
EL,A03,2021,986.5
EL,A03,2022,1197.2
EL,A03,2023,1033.6
EL,A03,2024,1084.4
ES,A03,2020,2824.0
ES,A03,2021,3416.0
ES,A03,2022,3106.0
ES,A03,2023,3208.0
EU27_2020,A03,2020,12688.1
EU27_2020,A03,2021,13903.7
EU27_2020,A03,2022,14437.1
EU27_2020,A03,2023,14655.6
FI,A03,2020,234.0
FI,A03,2021,251.0
FI,A03,2022,286.0
FI,A03,2023,321.0
FI,A03,2024,294.0
FI,A03,2025,370.0
FR,A03,2020,2271.7
FR,A03,2021,2557.8
FR,A03,2022,2722.0
FR,A03,2023,2793.3
FR,A03,2024,2561.9
HR,A03,2020,309.2
HR,A03,2021,325.9
HR,A03,2022,290.9
HR,A03,2023,374.7
HR,A03,2024,285.8
HU,A03,2020,40.9
HU,A03,2021,48.3
HU,A03,2022,55.7
HU,A03,2023,61.6
HU,A03,2024,60.4
IE,A03,2020,406.5
IE,A03,2021,479.3
IE,A03,2022,507.6
IE,A03,2023,456.0
IE,A03,2024,458.0
IS,A03,2020,1358.1
IS,A03,2021,1527.1
IS,A03,2022,1827.5
IS,A03,2023,1926.7
IS,A03,2024,1762.6
IS,A03,2025,1952.9
IT,A03,2020,1249.2
IT,A03,2021,1399.2
IT,A03,2022,1407.5
IT,A03,2023,1383.9
LT,A03,2020,117.7
LT,A03,2021,132.7
LT,A03,2022,154.9
LT,A03,2023,157.2
LT,A03,2024,132.7
LU,A03,2020,0.0
LU,A03,2021,0.0
LU,A03,2022,0.0
LU,A03,2023,0.0
LU,A03,2024,0.0
LV,A03,2020,101.6
LV,A03,2021,101.3
LV,A03,2022,116.8
LV,A03,2023,123.4
LV,A03,2024,137.1
MK,A03,2020,4.7
MK,A03,2021,4.5
MT,A03,2020,202.4
MT,A03,2021,256.0
MT,A03,2022,355.8
MT,A03,2023,242.6
MT,A03,2024,235.9
MT,A03,2025,250.6
NL,A03,2020,539.0
NL,A03,2021,572.0
NL,A03,2022,588.0
NL,A03,2023,464.0
NL,A03,2024,471.0
NL,A03,2025,467.0
NO,A03,2020,10498.7
NO,A03,2021,11922.4
NO,A03,2022,15856.1
NO,A03,2023,15223.1
NO,A03,2024,15157.7
NO,A03,2025,16077.4
PL,A03,2020,223.3
PL,A03,2021,208.5
PL,A03,2022,178.4
PL,A03,2023,209.2
PT,A03,2020,596.1
PT,A03,2021,748.0
PT,A03,2022,820.4
PT,A03,2023,754.5
PT,A03,2024,888.4
RO,A03,2020,580.9
RO,A03,2021,390.6
RO,A03,2022,457.6
RO,A03,2023,938.2
RO,A03,2024,1072.2
RS,A03,2020,23.7
RS,A03,2021,23.3
RS,A03,2022,20.0
RS,A03,2023,30.6
RS,A03,2024,29.2
SE,A03,2020,239.7
SE,A03,2021,247.7
SE,A03,2022,257.5
SE,A03,2023,252.4
SI,A03,2020,14.5
SI,A03,2021,15.1
SI,A03,2022,16.1
SI,A03,2023,15.8
SI,A03,2024,16.2
SI,A03,2025,16.5
SK,A03,2020,8.3
SK,A03,2021,7.3
SK,A03,2022,7.2
SK,A03,2023,12.6
SK,A03,2024,14.8
TR,A03,2023,2625.7
AL,B,2020,476.4
AL,B,2021,665.9
AL,B,2022,867.2
AL,B,2023,703.1
AL,B,2024,733.6
AL,B,2025,641.3
AT,B,2020,1672.0
AT,B,2021,2009.9
AT,B,2022,2575.0
AT,B,2023,2036.3
AT,B,2024,2054.4
AT,B,2025,1905.2
BA,B,2020,487.4
BA,B,2021,445.2
BA,B,2022,528.8
BA,B,2023,622.8
BE,B,2020,779.2
BE,B,2021,872.9
BE,B,2022,881.4
BE,B,2023,861.5
BE,B,2024,884.7
BG,B,2020,1628.7
BG,B,2021,1829.6
BG,B,2022,2162.6
BG,B,2023,2320.4
BG,B,2024,2371.6
CH,B,2020,1962.7
CH,B,2021,1878.3
CH,B,2022,2076.7
CH,B,2023,2101.5
CH,B,2024,2158.5
CY,B,2020,66.1
CY,B,2021,74.4
CY,B,2022,156.3
CY,B,2023,168.7
CY,B,2024,187.4
CZ,B,2020,2206.7
CZ,B,2021,2418.3
CZ,B,2022,2983.6
CZ,B,2023,3424.8
CZ,B,2024,3020.8
CZ,B,2025,2699.7
DE,B,2020,10321.0
DE,B,2021,11343.0
DE,B,2022,13400.0
DE,B,2023,12917.0
DE,B,2024,12924.0
DE,B,2025,12731.0
DK,B,2020,2276.3
DK,B,2021,2685.6
DK,B,2022,4841.8
DK,B,2023,3461.4
DK,B,2024,3633.6
DK,B,2025,4411.7
EA12,B,2020,42979.8
EA12,B,2021,54773.0
EA12,B,2022,71824.8
EA12,B,2023,61723.3
EA12,B,2024,61196.8
EA19,B,2020,44701.6
EA19,B,2021,56576.0
EA19,B,2022,74037.1
EA19,B,2023,63913.6
EA19,B,2024,63548.4
EA20,B,2020,44917.8
EA20,B,2021,56811.9
EA20,B,2022,74320.1
EA20,B,2023,64223.8
EA20,B,2024,63872.9
EA21,B,2020,46546.6
EA21,B,2021,58641.5
EA21,B,2022,76482.7
EA21,B,2023,66544.3
EA21,B,2024,66244.6
EE,B,2020,359.2
EE,B,2021,332.3
EE,B,2022,407.1
EE,B,2023,401.6
EE,B,2024,415.3
EE,B,2025,415.2
EL,B,2020,1009.0
EL,B,2021,1056.9
EL,B,2022,1225.7
EL,B,2023,1240.7
EL,B,2024,1217.1
ES,B,2020,5175.0
ES,B,2021,7481.0
ES,B,2022,10340.0
ES,B,2023,7929.0
ES,B,2024,7085.0
EU27_2020,B,2020,72463.5
EU27_2020,B,2021,90376.1
EU27_2020,B,2022,119857.6
EU27_2020,B,2023,108929.6
EU27_2020,B,2024,106468.5
FI,B,2020,2527.0
FI,B,2021,2611.0
FI,B,2022,2941.0
FI,B,2023,2841.0
FI,B,2024,2743.0
FI,B,2025,3092.0
FR,B,2020,5278.3
FR,B,2021,5992.8
FR,B,2022,6265.9
FR,B,2023,6181.7
FR,B,2024,6023.0
FR,B,2025,5888.2
HR,B,2020,216.2
HR,B,2021,235.9
HR,B,2022,283.0
HR,B,2023,310.3
HR,B,2024,324.6
HU,B,2020,577.4
HU,B,2021,739.8
HU,B,2022,1175.4
HU,B,2023,1109.5
HU,B,2024,1305.9
IE,B,2020,810.5
IE,B,2021,1059.0
IE,B,2022,1078.6
IE,B,2023,1032.3
IE,B,2024,1096.4
IS,B,2020,47.1
IS,B,2021,55.7
IS,B,2022,73.7
IS,B,2023,79.2
IS,B,2024,84.3
IS,B,2025,99.5
IT,B,2020,7157.9
IT,B,2021,10090.9
IT,B,2022,9226.7
IT,B,2023,8784.8
IT,B,2024,9090.0
LI,B,2020,25.0
LI,B,2021,27.6
LI,B,2022,28.7
LT,B,2020,270.3
LT,B,2021,297.6
LT,B,2022,334.7
LT,B,2023,306.7
LT,B,2024,355.4
LU,B,2020,83.5
LU,B,2021,79.7
LU,B,2022,85.8
LU,B,2023,92.5
LU,B,2024,92.9
LV,B,2020,309.6
LV,B,2021,337.3
LV,B,2022,411.3
LV,B,2023,373.8
LV,B,2024,431.7
ME,B,2020,115.6
ME,B,2021,94.7
ME,B,2022,116.8
ME,B,2023,141.2
ME,B,2024,153.0
MK,B,2020,245.6
MK,B,2021,307.6
NL,B,2020,6946.0
NL,B,2021,10578.0
NL,B,2022,22308.0
NL,B,2023,10671.0
NL,B,2024,12381.0
NL,B,2025,12213.0
NO,B,2020,52436.4
NO,B,2021,117238.9
NO,B,2022,224020.8
NO,B,2023,131143.7
NO,B,2024,124554.3
NO,B,2025,116943.8
PL,B,2020,12250.1
PL,B,2021,14403.8
PL,B,2022,20102.4
PL,B,2023,21886.6
PL,B,2024,19784.7
PT,B,2020,1220.4
PT,B,2021,1597.9
PT,B,2022,1707.6
PT,B,2023,1725.0
PT,B,2024,1813.4
PT,B,2025,1968.3
RO,B,2020,3000.3
RO,B,2021,3255.6
RO,B,2022,6816.3
RO,B,2023,5665.6
RO,B,2024,5554.3
RS,B,2020,1587.9
RS,B,2021,2120.9
RS,B,2022,3254.3
RS,B,2023,3323.0
RS,B,2024,3792.3
SE,B,2020,5606.2
SE,B,2021,8231.5
SE,B,2022,7452.9
SE,B,2023,6759.1
SI,B,2020,291.6
SI,B,2021,306.6
SI,B,2022,384.8
SI,B,2023,368.6
SI,B,2024,418.8
SI,B,2025,418.8
SK,B,2020,360.1
SK,B,2021,381.5
SK,B,2022,423.9
SK,B,2023,489.8
SK,B,2024,428.7
TR,B,2023,21260.2
UA,B,2020,12173.8
UA,B,2021,21258.6
UA,B,2022,14538.5
UA,B,2023,14983.3
UA,B,2024,14799.2
AL,B-E,2020,3590.9
AL,B-E,2021,4273.1
AL,B-E,2022,5225.3
AL,B-E,2023,5650.5
AL,B-E,2024,6011.0
AL,B-E,2025,5891.0
AT,B-E,2020,226222.8
AT,B-E,2021,265546.1
AT,B-E,2022,339625.4
AT,B-E,2023,342330.2
AT,B-E,2024,319586.2
AT,B-E,2025,315989.8
BA,B-E,2020,9366.1
BA,B-E,2021,11626.1
BA,B-E,2022,14285.4
BA,B-E,2023,13988.6
BE,B-E,2020,244091.1
BE,B-E,2021,294552.0
BE,B-E,2022,360608.9
BE,B-E,2023,337145.8
BE,B-E,2024,326851.5
BG,B-E,2020,39027.5
BG,B-E,2021,47073.4
BG,B-E,2022,63775.2
BG,B-E,2023,61019.4
BG,B-E,2024,60819.8
CH,B-E,2020,392700.0
CH,B-E,2021,461095.4
CH,B-E,2022,553442.3
CH,B-E,2023,547825.3
CH,B-E,2024,547310.7
CY,B-E,2020,4603.1
CY,B-E,2021,5262.5
CY,B-E,2022,6369.9
CY,B-E,2023,6736.1
CY,B-E,2024,6919.9
CZ,B-E,2020,187313.2
CZ,B-E,2021,219795.7
CZ,B-E,2022,273758.0
CZ,B-E,2023,282575.4
CZ,B-E,2024,275577.9
CZ,B-E,2025,287498.3
DE,B-E,2020,2047644.0
DE,B-E,2021,2273172.0
DE,B-E,2022,2650727.0
DE,B-E,2023,2738798.0
DE,B-E,2024,2689485.0
DE,B-E,2025,2691795.0
DK,B-E,2020,120968.9
DK,B-E,2021,134858.0
DK,B-E,2022,168365.2
DK,B-E,2023,171222.5
DK,B-E,2024,181228.9
DK,B-E,2025,193531.8
EA12,B-E,2020,5917997.5
EA12,B-E,2021,6870755.1
EA12,B-E,2022,8304962.8
EA12,B-E,2023,8248755.7
EA12,B-E,2024,8055495.4
EA19,B-E,2020,6095859.0
EA19,B-E,2021,7082095.1
EA19,B-E,2022,8564684.4
EA19,B-E,2023,8505595.8
EA19,B-E,2024,8306287.8
EA20,B-E,2020,6118442.0
EA20,B-E,2021,7108799.7
EA20,B-E,2022,8600293.0
EA20,B-E,2023,8543614.6
EA20,B-E,2024,8342483.7
EA21,B-E,2020,6157470.1
EA21,B-E,2021,7155873.8
EA21,B-E,2022,8664069.1
EA21,B-E,2023,8604634.9
EA21,B-E,2024,8403304.4
EE,B-E,2020,15126.6
EE,B-E,2021,18690.9
EE,B-E,2022,22746.8
EE,B-E,2023,20735.7
EE,B-E,2024,19960.1
EE,B-E,2025,20753.6
EL,B-E,2020,64542.4
EL,B-E,2021,78071.5
EL,B-E,2022,108371.9
EL,B-E,2023,106897.1
EL,B-E,2024,111043.4
ES,B-E,2020,569359.0
ES,B-E,2021,676150.0
ES,B-E,2022,837561.0
ES,B-E,2023,806912.0
ES,B-E,2024,843942.0
EU27_2020,B-E,2020,7284454.0
EU27_2020,B-E,2021,8484449.1
EU27_2020,B-E,2022,10307918.1
EU27_2020,B-E,2023,10259767.1
EU27_2020,B-E,2024,10060259.6
FI,B-E,2020,131644.0
FI,B-E,2021,150491.0
FI,B-E,2022,183409.0
FI,B-E,2023,168217.0
FI,B-E,2024,164761.0
FI,B-E,2025,167295.0
FR,B-E,2020,874656.9
FR,B-E,2021,1006592.2
FR,B-E,2022,1233273.5
FR,B-E,2023,1263891.6
FR,B-E,2024,1204627.9
FR,B-E,2025,1205189.7
HR,B-E,2020,22583.0
HR,B-E,2021,26704.5
HR,B-E,2022,35608.6
HR,B-E,2023,38018.7
HR,B-E,2024,36195.9
HU,B-E,2020,106474.8
HU,B-E,2021,122937.6
HU,B-E,2022,152747.9
HU,B-E,2023,158941.4
HU,B-E,2024,151079.5
IE,B-E,2020,256412.3
IE,B-E,2021,305682.2
IE,B-E,2022,358647.1
IE,B-E,2023,314424.4
IE,B-E,2024,349023.0
IS,B-E,2020,7102.5
IS,B-E,2021,8701.2
IS,B-E,2022,11274.1
IS,B-E,2023,10752.1
IS,B-E,2024,10975.9
IS,B-E,2025,11448.6
IT,B-E,2020,1012503.2
IT,B-E,2021,1250727.2
IT,B-E,2022,1486104.7
IT,B-E,2023,1448202.1
IT,B-E,2024,1421771.6
LI,B-E,2020,6523.5
LI,B-E,2021,7356.5
LI,B-E,2022,10275.0
LT,B-E,2020,25729.2
LT,B-E,2021,33348.8
LT,B-E,2022,42914.5
LT,B-E,2023,38670.4
LT,B-E,2024,38834.7
LU,B-E,2020,17990.6
LU,B-E,2021,20971.8
LU,B-E,2022,24609.5
LU,B-E,2023,24350.0
LU,B-E,2024,25003.1
LV,B-E,2020,12428.4
LV,B-E,2021,15988.8
LV,B-E,2022,20009.7
LV,B-E,2023,18498.4
LV,B-E,2024,17417.2
ME,B-E,2020,1074.6
ME,B-E,2021,1206.8
ME,B-E,2022,1395.9
ME,B-E,2023,1519.5
ME,B-E,2024,1573.7
MK,B-E,2020,7000.5
MK,B-E,2021,8281.5
MT,B-E,2020,3921.6
MT,B-E,2021,4232.1
MT,B-E,2022,5115.6
MT,B-E,2023,5466.1
MT,B-E,2024,5698.9
MT,B-E,2025,5617.0
NL,B-E,2020,365820.0
NL,B-E,2021,423873.0
NL,B-E,2022,544997.0
NL,B-E,2023,525999.0
NL,B-E,2024,522016.0
NL,B-E,2025,533304.0
NO,B-E,2020,145698.0
NO,B-E,2021,233730.9
NO,B-E,2022,366541.2
NO,B-E,2023,255582.7
NO,B-E,2024,247517.8
NO,B-E,2025,247907.0
PL,B-E,2020,370744.3
PL,B-E,2021,447103.1
PL,B-E,2022,569426.0
PL,B-E,2023,580133.6
PL,B-E,2024,575474.0
PT,B-E,2020,107111.3
PT,B-E,2021,124926.2
PT,B-E,2022,156033.9
PT,B-E,2023,148827.7
PT,B-E,2024,149325.2
PT,B-E,2025,149127.3
RO,B-E,2020,122566.4
RO,B-E,2021,142945.2
RO,B-E,2022,177166.3
RO,B-E,2023,174954.9
RO,B-E,2024,171910.6
RS,B-E,2020,39167.6
RS,B-E,2021,44221.6
RS,B-E,2022,51689.8
RS,B-E,2023,56767.9
RS,B-E,2024,60340.4
SE,B-E,2020,218916.2
SE,B-E,2021,260935.6
SE,B-E,2022,302192.3
SE,B-E,2023,287055.8
SI,B-E,2020,31317.0
SI,B-E,2021,36875.4
SI,B-E,2022,42661.9
SI,B-E,2023,43954.5
SI,B-E,2024,44182.7
SI,B-E,2025,43775.1
SK,B-E,2020,84735.6
SK,B-E,2021,96951.4
SK,B-E,2022,120005.4
SK,B-E,2023,122634.4
SK,B-E,2024,117075.4
TR,B-E,2023,812124.1
UA,B-E,2020,95849.4
UA,B-E,2021,129668.5
UA,B-E,2022,102279.4
UA,B-E,2023,115766.6
UA,B-E,2024,121651.7
AL,C,2020,2508.6
AL,C,2021,2908.0
AL,C,2022,3524.0
AL,C,2023,3879.1
AL,C,2024,4085.1
AL,C,2025,4069.2
AT,C,2020,185798.1
AT,C,2021,219142.0
AT,C,2022,257537.0
AT,C,2023,251773.9
AT,C,2024,246456.7
AT,C,2025,251649.7
BA,C,2020,7294.0
BA,C,2021,9206.2
BA,C,2022,11583.7
BA,C,2023,11085.6
BE,C,2020,217065.3
BE,C,2021,262462.8
BE,C,2022,318377.3
BE,C,2023,299676.8
BE,C,2024,291488.6
BG,C,2020,32664.5
BG,C,2021,37388.2
BG,C,2022,49085.9
BG,C,2023,50106.9
BG,C,2024,50839.6
CH,C,2020,353645.7
CH,C,2021,409374.8
CH,C,2022,479764.8
CH,C,2023,480305.5
CH,C,2024,488771.3
CY,C,2020,3493.1
CY,C,2021,3864.8
CY,C,2022,4313.3
CY,C,2023,4665.4
CY,C,2024,4799.8
CZ,C,2020,166983.4
CZ,C,2021,194212.7
CZ,C,2022,233539.6
CZ,C,2023,245656.8
CZ,C,2024,240958.8
CZ,C,2025,250771.2
DE,C,2020,1823290.0
DE,C,2021,2023935.0
DE,C,2022,2354914.0
DE,C,2023,2389495.0
DE,C,2024,2338449.0
DE,C,2025,2336421.0
DK,C,2020,105116.9
DK,C,2021,115021.0
DK,C,2022,137341.3
DK,C,2023,146374.5
DK,C,2024,156029.3
DK,C,2025,166583.8
EA12,C,2020,5145593.5
EA12,C,2021,5952781.9
EA12,C,2022,7046821.1
EA12,C,2023,6985004.4
EA12,C,2024,6895110.7
EA19,C,2020,5297739.8
EA19,C,2021,6134124.0
EA19,C,2022,7263001.6
EA19,C,2023,7198259.6
EA19,C,2024,7105703.6
EA20,C,2020,5315939.4
EA20,C,2021,6155586.5
EA20,C,2022,7289819.9
EA20,C,2023,7226453.9
EA20,C,2024,7133177.4
EA21,C,2020,5348604.5
EA21,C,2021,6192975.3
EA21,C,2022,7338906.6
EA21,C,2023,7276561.6
EA21,C,2024,7184017.7
EE,C,2020,12841.8
EE,C,2021,15575.8
EE,C,2022,18318.0
EE,C,2023,16933.8
EE,C,2024,16575.0
EE,C,2025,17238.1
EL,C,2020,49695.8
EL,C,2021,60844.8
EL,C,2022,83703.0
EL,C,2023,84307.6
EL,C,2024,87544.2
ES,C,2020,475873.0
ES,C,2021,565051.0
ES,C,2022,684705.0
ES,C,2023,675108.0
ES,C,2024,713561.0
EU27_2020,C,2020,6326755.9
EU27_2020,C,2021,7337477.9
EU27_2020,C,2022,8718881.7
EU27_2020,C,2023,8694533.8
EU27_2020,C,2024,8611960.7
FI,C,2020,116043.0
FI,C,2021,132550.0
FI,C,2022,161892.0
FI,C,2023,147472.0
FI,C,2024,144850.0
FI,C,2025,148288.0
FR,C,2020,716362.6
FR,C,2021,807436.6
FR,C,2022,938923.3
FR,C,2023,968220.7
FR,C,2024,965914.9
FR,C,2025,980928.1
HR,C,2020,18199.6
HR,C,2021,21462.5
HR,C,2022,26818.2
HR,C,2023,28194.2
HR,C,2024,27473.7
HU,C,2020,99242.6
HU,C,2021,114023.3
HU,C,2022,139765.3
HU,C,2023,144055.5
HU,C,2024,136672.1
IE,C,2020,244899.8
IE,C,2021,289638.5
IE,C,2022,337355.4
IE,C,2023,291931.1
IE,C,2024,325070.2
IS,C,2020,5692.0
IS,C,2021,7084.1
IS,C,2022,9234.6
IS,C,2023,8699.0
IS,C,2024,8780.1
IS,C,2025,8991.7
IT,C,2020,884442.6
IT,C,2021,1090674.9
IT,C,2022,1286762.8
IT,C,2023,1266156.5
IT,C,2024,1247079.8
LI,C,2020,6267.4
LI,C,2021,6969.6
LI,C,2022,7988.2
LT,C,2020,22972.9
LT,C,2021,29893.0
LT,C,2022,38402.4
LT,C,2023,34629.8
LT,C,2024,34532.0
LU,C,2020,16379.6
LU,C,2021,19068.2
LU,C,2022,22164.9
LU,C,2023,22069.2
LU,C,2024,22246.8
LV,C,2020,9936.7
LV,C,2021,12410.4
LV,C,2022,14456.5
LV,C,2023,13727.8
LV,C,2024,13241.2
ME,C,2020,475.1
ME,C,2021,568.2
ME,C,2022,739.3
ME,C,2023,689.4
ME,C,2024,733.3
MK,C,2020,5876.5
MK,C,2021,6949.1
MT,C,2020,2903.2
MT,C,2021,3124.9
MT,C,2022,3711.8
MT,C,2023,4108.4
MT,C,2024,4313.5
MT,C,2025,4246.0
NL,C,2020,328849.0
NL,C,2021,379647.0
NL,C,2022,471836.0
NL,C,2023,460915.0
NL,C,2024,457136.0
NL,C,2025,465035.0
NO,C,2020,80470.6
NO,C,2021,94913.0
NO,C,2022,110996.7
NO,C,2023,101276.3
NO,C,2024,101968.6
NO,C,2025,107938.3
PL,C,2020,319268.5
PL,C,2021,385342.6
PL,C,2022,480113.7
PL,C,2023,494442.1
PL,C,2024,493586.3
PT,C,2020,86894.6
PT,C,2021,102331.1
PT,C,2022,126777.5
PT,C,2023,123676.3
PT,C,2024,125034.7
PT,C,2025,123535.9
RO,C,2020,100589.7
RO,C,2021,115463.9
RO,C,2022,135057.0
RO,C,2023,138607.9
RO,C,2024,138516.9
RS,C,2020,29790.1
RS,C,2021,34031.8
RS,C,2022,39078.4
RS,C,2023,40650.0
RS,C,2024,43567.7
SE,C,2020,186950.3
SE,C,2021,220439.2
SE,C,2022,253981.1
SE,C,2023,247380.4
SI,C,2020,27777.1
SI,C,2021,32792.5
SI,C,2022,38528.8
SI,C,2023,38144.1
SI,C,2024,38404.6
SI,C,2025,38366.4
SK,C,2020,72221.6
SK,C,2021,83694.2
SK,C,2022,98466.2
SK,C,2023,101022.7
SK,C,2024,98710.9
TR,C,2023,671549.5
UA,C,2020,68733.4
UA,C,2021,87500.6
UA,C,2022,61995.9
UA,C,2023,71175.9
UA,C,2024,75707.6
AT,C10-C12,2020,24151.9
AT,C10-C12,2021,26538.4
AT,C10-C12,2022,32531.0
AT,C10-C12,2023,34258.6
AT,C10-C12,2024,34704.1
AT,C10-C12,2025,36003.1
BA,C10-C12,2020,1629.2
BA,C10-C12,2021,1762.0
BA,C10-C12,2022,2149.6
BA,C10-C12,2023,2215.2
BE,C10-C12,2020,43665.2
BE,C10-C12,2021,49285.5
BE,C10-C12,2022,57474.1
BE,C10-C12,2023,62340.1
BE,C10-C12,2024,62804.2
BG,C10-C12,2020,5984.6
BG,C10-C12,2021,6859.2
BG,C10-C12,2022,9254.6
BG,C10-C12,2023,8913.6
BG,C10-C12,2024,9018.4
CH,C10-C12,2020,49236.5
CH,C10-C12,2021,51194.5
CH,C10-C12,2022,56749.0
CH,C10-C12,2023,61020.0
CH,C10-C12,2024,63367.6
CY,C10-C12,2020,1393.4
CY,C10-C12,2021,1520.5
CY,C10-C12,2022,1693.9
CY,C10-C12,2023,1845.0
CZ,C10-C12,2020,14062.8
CZ,C10-C12,2021,15159.8
CZ,C10-C12,2022,18924.3
CZ,C10-C12,2023,20631.4
CZ,C10-C12,2024,20183.0
CZ,C10-C12,2025,20836.0
DE,C10-C12,2020,206212.0
DE,C10-C12,2021,200974.0
DE,C10-C12,2022,234917.0
DE,C10-C12,2023,248833.0
DE,C10-C12,2024,253561.0
DK,C10-C12,2020,21649.3
DK,C10-C12,2021,22031.6
DK,C10-C12,2022,26031.9
DK,C10-C12,2023,26086.8
DK,C10-C12,2024,25636.9
DK,C10-C12,2025,26941.2
EA12,C10-C12,2020,848912.5
EA12,C10-C12,2021,902137.9
EA12,C10-C12,2022,1072777.6
EA12,C10-C12,2023,1137578.8
EA19,C10-C12,2020,866390.8
EA19,C10-C12,2021,920945.6
EA19,C10-C12,2022,1096215.8
EA19,C10-C12,2023,1162453.2
EA20,C10-C12,2020,870771.7
EA20,C10-C12,2021,925714.1
EA20,C10-C12,2022,1102025.7
EA20,C10-C12,2023,1168832.9
EA21,C10-C12,2020,876756.3
EA21,C10-C12,2021,932573.4
EA21,C10-C12,2022,1111280.5
EA21,C10-C12,2023,1177746.7
EE,C10-C12,2020,1875.8
EE,C10-C12,2021,2001.4
EE,C10-C12,2022,2496.6
EE,C10-C12,2023,2668.5
EE,C10-C12,2024,2816.0
EE,C10-C12,2025,2924.9
EL,C10-C12,2020,15616.2
EL,C10-C12,2021,17312.7
EL,C10-C12,2022,21261.6
EL,C10-C12,2023,23576.2
EL,C10-C12,2024,25312.7
ES,C10-C12,2020,121837.0
ES,C10-C12,2021,133789.0
ES,C10-C12,2022,164571.0
ES,C10-C12,2023,174399.0
EU27_2020,C10-C12,2020,1028680.7
EU27_2020,C10-C12,2021,1095474.7
EU27_2020,C10-C12,2022,1313006.4
EU27_2020,C10-C12,2023,1393131.5
FI,C10-C12,2020,11649.0
FI,C10-C12,2021,12143.0
FI,C10-C12,2022,13515.0
FI,C10-C12,2023,13999.0
FI,C10-C12,2024,14223.0
FI,C10-C12,2025,14559.0
FR,C10-C12,2020,159230.5
FR,C10-C12,2021,170749.3
FR,C10-C12,2022,192318.9
FR,C10-C12,2023,204161.6
FR,C10-C12,2024,203463.6
FR,C10-C12,2025,207316.6
HR,C10-C12,2020,4380.9
HR,C10-C12,2021,4768.5
HR,C10-C12,2022,5810.0
HR,C10-C12,2023,6379.7
HR,C10-C12,2024,6440.7
HU,C10-C12,2020,11574.1
HU,C10-C12,2021,12960.1
HU,C10-C12,2022,17008.3
HU,C10-C12,2023,18181.7
HU,C10-C12,2024,17912.5
IE,C10-C12,2020,23899.1
IE,C10-C12,2021,27237.3
IE,C10-C12,2022,33924.1
IE,C10-C12,2023,36863.2
IE,C10-C12,2024,39415.7
IS,C10-C12,2020,2465.8
IS,C10-C12,2021,2884.3
IS,C10-C12,2022,3521.8
IS,C10-C12,2023,3605.8
IS,C10-C12,2024,3321.6
IS,C10-C12,2025,3561.6
IT,C10-C12,2020,140423.1
IT,C10-C12,2021,155336.1
IT,C10-C12,2022,182695.4
IT,C10-C12,2023,191944.4
IT,C10-C12,2024,198174.2
LI,C10-C12,2020,709.2
LI,C10-C12,2021,787.6
LI,C10-C12,2022,883.3
LT,C10-C12,2020,4862.2
LT,C10-C12,2021,5211.7
LT,C10-C12,2022,6594.0
LT,C10-C12,2023,6592.2
LT,C10-C12,2024,6827.1
LV,C10-C12,2020,2194.9
LV,C10-C12,2021,2318.6
LV,C10-C12,2022,2758.7
LV,C10-C12,2023,2871.9
MK,C10-C12,2020,1156.4
MK,C10-C12,2021,1199.4
MT,C10-C12,2020,448.1
MT,C10-C12,2021,483.4
MT,C10-C12,2022,572.9
MT,C10-C12,2023,627.5
MT,C10-C12,2024,694.2
MT,C10-C12,2025,725.9
NL,C10-C12,2020,81984.0
NL,C10-C12,2021,86903.0
NL,C10-C12,2022,112266.0
NL,C10-C12,2023,115536.0
NL,C10-C12,2024,112900.0
NL,C10-C12,2025,117679.0
NO,C10-C12,2020,25363.7
NO,C10-C12,2021,28662.7
NO,C10-C12,2022,32981.7
NO,C10-C12,2023,31552.8
NO,C10-C12,2024,32451.8
NO,C10-C12,2025,33903.9
PL,C10-C12,2020,64460.3
PL,C10-C12,2021,70085.6
PL,C10-C12,2022,92342.7
PL,C10-C12,2023,97044.7
PT,C10-C12,2020,17296.6
PT,C10-C12,2021,18658.4
PT,C10-C12,2022,22728.0
PT,C10-C12,2023,24728.8
PT,C10-C12,2024,24958.4
RO,C10-C12,2020,22431.7
RO,C10-C12,2021,23380.5
RO,C10-C12,2022,26538.0
RO,C10-C12,2023,31806.0
RO,C10-C12,2024,33045.3
RS,C10-C12,2020,7670.8
RS,C10-C12,2021,8343.8
RS,C10-C12,2022,9832.5
RS,C10-C12,2023,10969.9
RS,C10-C12,2024,11258.7
SE,C10-C12,2020,17746.3
SE,C10-C12,2021,19283.6
SE,C10-C12,2022,20860.0
SE,C10-C12,2023,20685.7
SI,C10-C12,2020,2116.8
SI,C10-C12,2021,2341.5
SI,C10-C12,2022,2819.8
SI,C10-C12,2023,3044.6
SI,C10-C12,2024,3197.8
SI,C10-C12,2025,3441.4
SK,C10-C12,2020,4326.9
SK,C10-C12,2021,4544.1
SK,C10-C12,2022,5730.6
SK,C10-C12,2023,6482.4
SK,C10-C12,2024,6584.6
TR,C10-C12,2023,108777.3
AT,C13-C15,2020,2489.0
AT,C13-C15,2021,2695.9
AT,C13-C15,2022,3049.1
AT,C13-C15,2023,3008.8
AT,C13-C15,2024,2725.0
AT,C13-C15,2025,2646.7
BA,C13-C15,2020,549.3
BA,C13-C15,2021,580.9
BA,C13-C15,2022,670.6
BA,C13-C15,2023,657.4
BE,C13-C15,2020,3940.5
BE,C13-C15,2021,4335.6
BE,C13-C15,2022,4999.8
BE,C13-C15,2023,4915.0
BE,C13-C15,2024,4749.6
BG,C13-C15,2020,1855.3
BG,C13-C15,2021,1920.3
BG,C13-C15,2022,2261.9
BG,C13-C15,2023,2125.8
BG,C13-C15,2024,1939.4
CH,C13-C15,2020,2782.9
CH,C13-C15,2021,3207.9
CH,C13-C15,2022,4223.8
CH,C13-C15,2023,4635.0
CH,C13-C15,2024,5124.0
CY,C13-C15,2020,36.6
CY,C13-C15,2021,41.9
CY,C13-C15,2022,45.8
CY,C13-C15,2023,50.2
CZ,C13-C15,2020,2706.5
CZ,C13-C15,2021,3112.0
CZ,C13-C15,2022,3637.0
CZ,C13-C15,2023,3637.2
CZ,C13-C15,2024,3450.8
CZ,C13-C15,2025,3388.5
DE,C13-C15,2020,20291.0
DE,C13-C15,2021,21783.0
DE,C13-C15,2022,24560.0
DE,C13-C15,2023,24394.0
DE,C13-C15,2024,30939.0
DK,C13-C15,2020,1395.5
DK,C13-C15,2021,1518.5
DK,C13-C15,2022,1656.6
DK,C13-C15,2023,1550.0
DK,C13-C15,2024,1581.0
DK,C13-C15,2025,1574.1
EA12,C13-C15,2020,146576.1
EA12,C13-C15,2021,167972.0
EA12,C13-C15,2022,192804.7
EA12,C13-C15,2023,194342.2
EA19,C13-C15,2020,150528.2
EA19,C13-C15,2021,172215.5
EA19,C13-C15,2022,197739.8
EA19,C13-C15,2023,199004.6
EA20,C13-C15,2020,151454.8
EA20,C13-C15,2021,173172.9
EA20,C13-C15,2022,198860.8
EA20,C13-C15,2023,200119.3
EA21,C13-C15,2020,153310.2
EA21,C13-C15,2021,175093.3
EA21,C13-C15,2022,201122.7
EA21,C13-C15,2023,202245.2
EE,C13-C15,2020,547.9
EE,C13-C15,2021,568.5
EE,C13-C15,2022,612.8
EE,C13-C15,2023,601.2
EE,C13-C15,2024,527.7
EE,C13-C15,2025,513.7
EL,C13-C15,2020,1307.3
EL,C13-C15,2021,1646.0
EL,C13-C15,2022,1822.0
EL,C13-C15,2023,1776.2
EL,C13-C15,2024,1800.6
ES,C13-C15,2020,16719.0
ES,C13-C15,2021,19086.0
ES,C13-C15,2022,20511.0
ES,C13-C15,2023,22065.0
EU27_2020,C13-C15,2020,172518.5
EU27_2020,C13-C15,2021,196120.8
EU27_2020,C13-C15,2022,224854.6
FI,C13-C15,2020,1015.0
FI,C13-C15,2021,1144.0
FI,C13-C15,2022,1294.0
FI,C13-C15,2023,1198.0
FI,C13-C15,2024,1178.0
FI,C13-C15,2025,1082.0
FR,C13-C15,2020,16092.6
FR,C13-C15,2021,17417.6
FR,C13-C15,2022,20141.0
FR,C13-C15,2023,22227.7
FR,C13-C15,2024,22792.0
FR,C13-C15,2025,22620.3
HR,C13-C15,2020,926.6
HR,C13-C15,2021,957.4
HR,C13-C15,2022,1120.9
HR,C13-C15,2023,1114.7
HR,C13-C15,2024,1001.0
HU,C13-C15,2020,1180.7
HU,C13-C15,2021,1296.6
HU,C13-C15,2022,1489.4
HU,C13-C15,2023,1515.9
HU,C13-C15,2024,1367.2
IE,C13-C15,2020,292.5
IE,C13-C15,2021,333.8
IE,C13-C15,2022,397.7
IE,C13-C15,2023,448.7
IE,C13-C15,2024,464.4
IS,C13-C15,2020,60.8
IS,C13-C15,2021,78.6
IS,C13-C15,2022,96.1
IS,C13-C15,2023,97.0
IS,C13-C15,2024,87.9
IS,C13-C15,2025,95.5
IT,C13-C15,2020,70530.6
IT,C13-C15,2021,83586.5
IT,C13-C15,2022,98833.1
IT,C13-C15,2023,97999.8
IT,C13-C15,2024,91100.8
LI,C13-C15,2020,20.6
LI,C13-C15,2021,25.4
LI,C13-C15,2022,24.3
LT,C13-C15,2020,939.7
LT,C13-C15,2021,1080.4
LT,C13-C15,2022,1281.0
LT,C13-C15,2023,1190.5
LT,C13-C15,2024,1135.6
LU,C13-C15,2020,605.9
LU,C13-C15,2021,654.8
LU,C13-C15,2022,688.5
LU,C13-C15,2023,679.3
LU,C13-C15,2024,670.0
LV,C13-C15,2020,289.0
LV,C13-C15,2021,312.9
LV,C13-C15,2022,348.1
LV,C13-C15,2023,343.8
MK,C13-C15,2020,494.4
MK,C13-C15,2021,522.8
MT,C13-C15,2020,47.7
MT,C13-C15,2021,53.9
MT,C13-C15,2022,56.2
MT,C13-C15,2023,51.1
MT,C13-C15,2024,48.5
MT,C13-C15,2025,47.4
NL,C13-C15,2020,3624.0
NL,C13-C15,2021,4194.0
NL,C13-C15,2022,4018.0
NL,C13-C15,2023,4111.0
NL,C13-C15,2024,4282.0
NL,C13-C15,2025,4263.0
NO,C13-C15,2020,951.7
NO,C13-C15,2021,1066.0
NO,C13-C15,2022,1077.2
NO,C13-C15,2023,935.9
NO,C13-C15,2024,964.2
NO,C13-C15,2025,974.4
PL,C13-C15,2020,7295.3
PL,C13-C15,2021,8055.7
PL,C13-C15,2022,8412.5
PT,C13-C15,2020,9622.0
PT,C13-C15,2021,11030.2
PT,C13-C15,2022,12397.8
PT,C13-C15,2023,11678.6
PT,C13-C15,2024,11321.3
RO,C13-C15,2020,5486.2
RO,C13-C15,2021,5816.8
RO,C13-C15,2022,7220.4
RO,C13-C15,2023,8053.3
RO,C13-C15,2024,7207.6
RS,C13-C15,2020,1581.0
RS,C13-C15,2021,1604.0
RS,C13-C15,2022,1650.4
RS,C13-C15,2023,1672.2
RS,C13-C15,2024,1575.3
SE,C13-C15,2020,1144.0
SE,C13-C15,2021,1227.9
SE,C13-C15,2022,1314.3
SE,C13-C15,2023,1251.0
SI,C13-C15,2020,710.6
SI,C13-C15,2021,759.9
SI,C13-C15,2022,840.4
SI,C13-C15,2023,875.4
SI,C13-C15,2024,822.4
SI,C13-C15,2025,793.3
SK,C13-C15,2020,1329.1
SK,C13-C15,2021,1344.6
SK,C13-C15,2022,1601.0
SK,C13-C15,2023,1415.4
SK,C13-C15,2024,1321.7
TR,C13-C15,2023,82967.5
AT,C16,2020,8807.9
AT,C16,2021,11499.8
AT,C16,2022,12697.9
AT,C16,2023,10791.8
AT,C16,2024,10391.0
AT,C16,2025,11286.7
BA,C16,2020,586.5
BA,C16,2021,672.8
BA,C16,2022,839.6
BA,C16,2023,772.7
BE,C16,2020,3661.7
BE,C16,2021,4517.6
BE,C16,2022,5496.1
BE,C16,2023,5039.9
BG,C16,2020,503.0
BG,C16,2021,675.5
BG,C16,2022,906.1
BG,C16,2023,763.7
BG,C16,2024,773.7
CH,C16,2020,7818.7
CH,C16,2021,8572.6
CH,C16,2022,9670.8
CH,C16,2023,9546.8
CH,C16,2024,9341.9
CY,C16,2020,139.1
CY,C16,2021,170.4
CY,C16,2022,198.6
CY,C16,2023,213.8
CZ,C16,2020,3574.4
CZ,C16,2021,4674.8
CZ,C16,2022,5503.5
CZ,C16,2023,4777.6
CZ,C16,2024,4513.8
CZ,C16,2025,4859.8
DE,C16,2020,26539.0
DE,C16,2021,31150.0
DE,C16,2022,37045.0
DE,C16,2023,32157.0
DE,C16,2024,30249.0
DK,C16,2020,1652.6
DK,C16,2021,1989.1
DK,C16,2022,2217.5
DK,C16,2023,1944.7
DK,C16,2024,1921.0
DK,C16,2025,2136.4
EA12,C16,2020,84427.8
EA12,C16,2021,104563.1
EA12,C16,2022,122475.5
EA12,C16,2023,109013.2
EA19,C16,2020,93415.9
EA19,C16,2021,117087.1
EA19,C16,2022,137289.2
EA19,C16,2023,121519.7
EA20,C16,2020,94252.5
EA20,C16,2021,118179.9
EA20,C16,2022,138852.2
EA20,C16,2023,123089.1
EA21,C16,2020,94755.5
EA21,C16,2021,118855.4
EA21,C16,2022,139758.3
EA21,C16,2023,123852.8
EE,C16,2020,2514.7
EE,C16,2021,3706.9
EE,C16,2022,4072.6
EE,C16,2023,3177.3
EE,C16,2024,2993.9
EE,C16,2025,3149.3
EL,C16,2020,401.8
EL,C16,2021,421.3
EL,C16,2022,529.2
EL,C16,2023,579.4
EL,C16,2024,532.0
ES,C16,2020,6985.0
ES,C16,2021,9015.0
ES,C16,2022,10546.0
ES,C16,2023,9707.0
EU27_2020,C16,2020,125453.2
EU27_2020,C16,2021,159105.1
EU27_2020,C16,2022,185026.2
EU27_2020,C16,2023,160748.0
FI,C16,2020,6191.0
FI,C16,2021,8382.0
FI,C16,2022,9494.0
FI,C16,2023,7175.0
FI,C16,2024,7075.0
FI,C16,2025,7688.0
FR,C16,2020,10662.1
FR,C16,2021,12862.0
FR,C16,2022,15227.0
FR,C16,2023,14665.0
FR,C16,2024,13542.7
HR,C16,2020,836.6
HR,C16,2021,1092.9
HR,C16,2022,1563.0
HR,C16,2023,1569.4
HR,C16,2024,1488.4
HU,C16,2020,1055.6
HU,C16,2021,1401.6
HU,C16,2022,1752.9
HU,C16,2023,1547.0
HU,C16,2024,1399.7
IE,C16,2020,943.7
IE,C16,2021,1407.0
IE,C16,2022,1560.7
IE,C16,2023,1558.6
IE,C16,2024,1597.9
IS,C16,2020,23.6
IS,C16,2021,29.6
IS,C16,2022,25.8
IS,C16,2023,28.8
IS,C16,2024,30.9
IS,C16,2025,35.3
IT,C16,2020,12733.3
IT,C16,2021,16449.7
IT,C16,2022,19626.4
IT,C16,2023,17853.5
LT,C16,2020,1415.0
LT,C16,2021,1956.7
LT,C16,2022,2553.8
LT,C16,2023,2229.7
LT,C16,2024,2132.3
LV,C16,2020,2571.9
LV,C16,2021,3743.2
LV,C16,2022,4282.5
LV,C16,2023,3577.1
MK,C16,2020,45.1
MK,C16,2021,58.2
MT,C16,2020,7.9
MT,C16,2021,8.1
MT,C16,2022,9.5
MT,C16,2023,10.6
MT,C16,2024,13.0
MT,C16,2025,11.1
NL,C16,2020,3749.0
NL,C16,2021,4534.0
NL,C16,2022,5159.0
NL,C16,2023,5079.0
NL,C16,2024,4971.0
NL,C16,2025,5123.0
NO,C16,2020,3471.9
NO,C16,2021,4679.4
NO,C16,2022,4803.6
NO,C16,2023,3401.5
PL,C16,2020,10567.9
PL,C16,2021,13482.4
PL,C16,2022,16088.4
PL,C16,2023,13656.8
PT,C16,2020,3414.6
PT,C16,2021,3888.5
PT,C16,2022,4614.2
PT,C16,2023,4598.4
PT,C16,2024,4347.8
RO,C16,2020,3427.5
RO,C16,2021,4545.0
RO,C16,2022,4950.2
RO,C16,2023,3995.7
RO,C16,2024,4429.1
RS,C16,2020,603.2
RS,C16,2021,692.2
RS,C16,2022,778.9
RS,C16,2023,742.4
RS,C16,2024,668.6
SE,C16,2020,10419.7
SE,C16,2021,14156.8
SE,C16,2022,14753.3
SE,C16,2023,10984.2
SI,C16,2020,874.7
SI,C16,2021,1073.4
SI,C16,2022,1347.0
SI,C16,2023,1215.0
SI,C16,2024,1127.8
SI,C16,2025,1210.6
SK,C16,2020,1385.1
SK,C16,2021,1714.8
SK,C16,2022,2050.6
SK,C16,2023,1830.9
SK,C16,2024,1686.3
TR,C16,2023,10545.0
AT,C16-C18,2020,16365.4
AT,C16-C18,2021,19876.3
AT,C16-C18,2022,23212.3
AT,C16-C18,2023,19605.3
AT,C16-C18,2024,19319.9
AT,C16-C18,2025,19936.6
BA,C16-C18,2020,934.3
BA,C16-C18,2021,1099.1
BA,C16-C18,2022,1412.6
BA,C16-C18,2023,1301.2
BE,C16-C18,2020,9400.8
BE,C16-C18,2021,10978.9
BE,C16-C18,2022,13846.6
BE,C16-C18,2023,12557.0
BE,C16-C18,2024,12107.2
BG,C16-C18,2020,1502.6
BG,C16-C18,2021,1840.8
BG,C16-C18,2022,2439.8
BG,C16-C18,2023,2135.1
BG,C16-C18,2024,2155.1
CH,C16-C18,2020,12766.1
CH,C16-C18,2021,13680.9
CH,C16-C18,2022,15600.7
CH,C16-C18,2023,15219.4
CH,C16-C18,2024,14462.0
CY,C16-C18,2020,244.7
CY,C16-C18,2021,272.8
CY,C16-C18,2022,319.9
CY,C16-C18,2023,333.1
CZ,C16-C18,2020,8228.8
CZ,C16-C18,2021,10155.7
CZ,C16-C18,2022,12477.7
CZ,C16-C18,2023,11340.5
CZ,C16-C18,2024,10910.0
CZ,C16-C18,2025,11361.3
DE,C16-C18,2020,78953.0
DE,C16-C18,2021,89047.0
DE,C16-C18,2022,106877.0
DE,C16-C18,2023,95612.0
DE,C16-C18,2024,90777.0
DK,C16-C18,2020,3739.5
DK,C16-C18,2021,4021.3
DK,C16-C18,2022,4453.6
DK,C16-C18,2023,4006.2
DK,C16-C18,2024,3890.6
DK,C16-C18,2025,4315.8
EA12,C16-C18,2020,253144.5
EA12,C16-C18,2021,296163.6
EA12,C16-C18,2022,356509.4
EA12,C16-C18,2023,320675.2
EA19,C16-C18,2020,267088.3
EA19,C16-C18,2021,314427.4
EA19,C16-C18,2022,378573.7
EA19,C16-C18,2023,339825.4
EA20,C16-C18,2020,268964.2
EA20,C16-C18,2021,316828.9
EA20,C16-C18,2022,381555.4
EA20,C16-C18,2023,342805.9
EA21,C16-C18,2020,270466.8
EA21,C16-C18,2021,318669.7
EA21,C16-C18,2022,383995.2
EA21,C16-C18,2023,344941.0
EE,C16-C18,2020,2946.2
EE,C16-C18,2021,4208.1
EE,C16-C18,2022,4690.3
EE,C16-C18,2023,3667.1
EE,C16-C18,2024,3515.6
EE,C16-C18,2025,3646.5
EL,C16-C18,2020,2398.5
EL,C16-C18,2021,2648.4
EL,C16-C18,2022,3423.7
EL,C16-C18,2023,3546.1
EL,C16-C18,2024,3624.6
ES,C16-C18,2020,25112.0
ES,C16-C18,2021,30259.0
ES,C16-C18,2022,37051.0
ES,C16-C18,2023,33826.0
EU27_2020,C16-C18,2020,342744.1
EU27_2020,C16-C18,2021,406146.3
EU27_2020,C16-C18,2022,487140.4
EU27_2020,C16-C18,2023,434506.4
FI,C16-C18,2020,19818.0
FI,C16-C18,2021,24516.0
FI,C16-C18,2022,28235.0
FI,C16-C18,2023,23184.0
FI,C16-C18,2024,22982.0
FI,C16-C18,2025,23330.0
FR,C16-C18,2020,31480.7
FR,C16-C18,2021,36226.3
FR,C16-C18,2022,42770.9
FR,C16-C18,2023,39335.9
FR,C16-C18,2024,37813.5
FR,C16-C18,2025,36889.3
HR,C16-C18,2020,1875.9
HR,C16-C18,2021,2401.5
HR,C16-C18,2022,2981.7
HR,C16-C18,2023,2980.6
HR,C16-C18,2024,2898.5
HU,C16-C18,2020,3458.4
HU,C16-C18,2021,4154.0
HU,C16-C18,2022,5360.6
HU,C16-C18,2023,5005.5
HU,C16-C18,2024,4860.2
IE,C16-C18,2020,2149.3
IE,C16-C18,2021,2570.3
IE,C16-C18,2022,2942.2
IE,C16-C18,2023,3107.7
IE,C16-C18,2024,3172.0
IS,C16-C18,2020,73.6
IS,C16-C18,2021,83.7
IS,C16-C18,2022,93.0
IS,C16-C18,2023,95.8
IS,C16-C18,2024,102.9
IS,C16-C18,2025,108.7
IT,C16-C18,2020,44854.7
IT,C16-C18,2021,53857.0
IT,C16-C18,2022,66153.7
IT,C16-C18,2023,59610.8
IT,C16-C18,2024,59318.0
LI,C16-C18,2020,85.9
LI,C16-C18,2021,91.2
LI,C16-C18,2022,103.3
LT,C16-C18,2020,2308.1
LT,C16-C18,2021,3052.2
LT,C16-C18,2022,3878.1
LT,C16-C18,2023,3498.9
LT,C16-C18,2024,3298.1
LV,C16-C18,2020,2963.1
LV,C16-C18,2021,4222.6
LV,C16-C18,2022,4834.8
LV,C16-C18,2023,4084.9
MK,C16-C18,2020,193.7
MK,C16-C18,2021,208.7
MT,C16-C18,2020,324.3
MT,C16-C18,2021,351.2
MT,C16-C18,2022,364.9
MT,C16-C18,2023,431.6
MT,C16-C18,2024,465.1
MT,C16-C18,2025,463.6
NL,C16-C18,2020,13473.0
NL,C16-C18,2021,15351.0
NL,C16-C18,2022,18142.0
NL,C16-C18,2023,16898.0
NL,C16-C18,2024,16748.0
NL,C16-C18,2025,17065.0
NO,C16-C18,2020,5697.2
NO,C16-C18,2021,7050.7
NO,C16-C18,2022,7871.0
NO,C16-C18,2023,6119.1
NO,C16-C18,2024,5877.2
NO,C16-C18,2025,5900.2
PL,C16-C18,2020,25249.2
PL,C16-C18,2021,30958.6
PL,C16-C18,2022,37534.8
PL,C16-C18,2023,33261.1
PT,C16-C18,2020,8201.2
PT,C16-C18,2021,9696.6
PT,C16-C18,2022,12507.4
PT,C16-C18,2023,11135.8
PT,C16-C18,2024,11087.2
RO,C16-C18,2020,5621.6
RO,C16-C18,2021,6873.6
RO,C16-C18,2022,7997.3
RO,C16-C18,2023,6974.2
RO,C16-C18,2024,7464.1
RS,C16-C18,2020,1995.2
RS,C16-C18,2021,2133.0
RS,C16-C18,2022,2482.1
RS,C16-C18,2023,2301.9
RS,C16-C18,2024,2272.6
SE,C16-C18,2020,25979.8
SE,C16-C18,2021,31313.6
SE,C16-C18,2022,35314.9
SE,C16-C18,2023,28976.9
SI,C16-C18,2020,2051.0
SI,C16-C18,2021,2362.6
SI,C16-C18,2022,3043.0
SI,C16-C18,2023,2719.4
SI,C16-C18,2024,2654.7
SI,C16-C18,2025,2687.6
SK,C16-C18,2020,2986.6
SK,C16-C18,2021,3569.9
SK,C16-C18,2022,4479.0
SK,C16-C18,2023,4020.2
SK,C16-C18,2024,3893.2
TR,C16-C18,2023,31669.9
AT,C17,2020,5772.5
AT,C17,2021,6608.6
AT,C17,2022,8528.0
AT,C17,2023,6859.4
AT,C17,2024,7027.6
AT,C17,2025,6819.8
BA,C17,2020,242.5
BA,C17,2021,307.5
BA,C17,2022,426.0
BA,C17,2023,385.2
BE,C17,2020,3642.7
BE,C17,2021,4244.2
BE,C17,2022,5778.5
BE,C17,2023,4990.7
BG,C17,2020,637.8
BG,C17,2021,746.7
BG,C17,2022,1029.0
BG,C17,2023,868.6
BG,C17,2024,828.1
CH,C17,2020,2188.1
CH,C17,2021,2440.9
CH,C17,2022,2898.5
CH,C17,2023,2602.4
CH,C17,2024,2485.2
CY,C17,2020,53.7
CY,C17,2021,52.8
CY,C17,2022,60.3
CY,C17,2023,56.3
CZ,C17,2020,3169.3
CZ,C17,2021,3810.8
CZ,C17,2022,4884.8
CZ,C17,2023,4518.5
CZ,C17,2024,4520.2
CZ,C17,2025,4631.5
DE,C17,2020,36038.0
DE,C17,2021,41266.0
DE,C17,2022,51953.0
DE,C17,2023,44339.0
DE,C17,2024,42688.0
DK,C17,2020,1172.5
DK,C17,2021,1189.5
DK,C17,2022,1344.0
DK,C17,2023,1227.0
DK,C17,2024,1217.9
DK,C17,2025,1343.0
EA12,C17,2020,121742.0
EA12,C17,2021,142091.9
EA12,C17,2022,178665.5
EA12,C17,2023,155221.8
EA19,C17,2020,124844.4
EA19,C17,2021,145760.8
EA19,C17,2022,183520.6
EA19,C17,2023,159437.3
EA20,C17,2020,125280.3
EA20,C17,2021,146388.9
EA20,C17,2022,184274.8
EA20,C17,2023,160128.0
EA21,C17,2020,125918.1
EA21,C17,2021,147135.5
EA21,C17,2022,185303.9
EA21,C17,2023,160996.6
EE,C17,2020,213.9
EE,C17,2021,275.9
EE,C17,2022,357.6
EE,C17,2023,233.6
EE,C17,2024,274.2
EE,C17,2025,230.5
EL,C17,2020,1440.6
EL,C17,2021,1598.9
EL,C17,2022,2117.2
EL,C17,2023,2205.6
EL,C17,2024,2254.2
ES,C17,2020,13104.0
ES,C17,2021,15692.0
ES,C17,2022,19927.0
ES,C17,2023,17696.0
EU27_2020,C17,2020,158152.2
EU27_2020,C17,2021,184312.5
EU27_2020,C17,2022,231730.3
EU27_2020,C17,2023,202147.3
FI,C17,2020,12748.0
FI,C17,2021,15246.0
FI,C17,2022,17763.0
FI,C17,2023,15002.0
FI,C17,2024,14986.0
FI,C17,2025,14741.0
FR,C17,2020,14349.5
FR,C17,2021,16412.3
FR,C17,2022,19990.4
FR,C17,2023,17360.8
FR,C17,2024,16920.6
HR,C17,2020,435.9
HR,C17,2021,628.1
HR,C17,2022,754.2
HR,C17,2023,690.7
HR,C17,2024,696.1
HU,C17,2020,1682.4
HU,C17,2021,1915.3
HU,C17,2022,2595.8
HU,C17,2023,2440.0
HU,C17,2024,2413.9
IE,C17,2020,597.1
IE,C17,2021,655.5
IE,C17,2022,739.9
IE,C17,2023,883.7
IE,C17,2024,919.7
IS,C17,2020,1.8
IS,C17,2021,1.6
IS,C17,2022,3.2
IS,C17,2023,4.2
IS,C17,2024,10.1
IS,C17,2025,10.3
IT,C17,2020,22690.8
IT,C17,2021,26949.1
IT,C17,2022,34839.8
IT,C17,2023,29931.4
LT,C17,2020,619.9
LT,C17,2021,771.3
LT,C17,2022,982.6
LT,C17,2023,919.5
LT,C17,2024,824.5
LV,C17,2020,127.4
LV,C17,2021,163.8
LV,C17,2022,187.5
LV,C17,2023,169.2
MK,C17,2020,56.9
MK,C17,2021,66.8
MT,C17,2021,19.5
MT,C17,2022,24.3
MT,C17,2023,23.7
MT,C17,2024,24.3
MT,C17,2025,23.2
NL,C17,2020,7006.0
NL,C17,2021,8033.0
NL,C17,2022,9602.0
NL,C17,2023,8664.0
NL,C17,2024,8562.0
NL,C17,2025,8708.0
NO,C17,2020,1530.9
NO,C17,2021,1579.4
NO,C17,2022,2194.6
NO,C17,2023,1967.2
PL,C17,2020,10844.0
PL,C17,2021,13139.4
PL,C17,2022,16614.9
PL,C17,2023,14478.6
PT,C17,2020,3923.5
PT,C17,2021,4870.5
PT,C17,2022,6794.0
PT,C17,2023,5427.3
PT,C17,2024,5598.6
RO,C17,2020,1185.8
RO,C17,2021,1456.5
RO,C17,2022,1943.7
RO,C17,2023,1861.0
RO,C17,2024,1930.4
RS,C17,2020,916.0
RS,C17,2021,974.0
RS,C17,2022,1249.2
RS,C17,2023,1143.6
RS,C17,2024,1180.3
SE,C17,2020,14180.1
SE,C17,2021,15665.5
SE,C17,2022,19040.3
SE,C17,2023,16617.4
SI,C17,2020,789.0
SI,C17,2021,853.2
SI,C17,2022,1145.6
SI,C17,2023,955.4
SI,C17,2024,971.2
SI,C17,2025,927.7
SK,C17,2020,1233.1
SK,C17,2021,1473.5
SK,C17,2022,1982.1
SK,C17,2023,1754.4
SK,C17,2024,1774.6
TR,C17,2023,16554.8
AT,C18,2020,1785.0
AT,C18,2021,1767.9
AT,C18,2022,1986.4
AT,C18,2023,1954.1
AT,C18,2024,1901.3
AT,C18,2025,1830.1
BA,C18,2020,105.2
BA,C18,2021,118.8
BA,C18,2022,146.9
BA,C18,2023,143.3
BE,C18,2020,2096.4
BE,C18,2021,2217.1
BE,C18,2022,2572.0
BE,C18,2023,2526.4
BG,C18,2020,361.8
BG,C18,2021,418.6
BG,C18,2022,504.7
BG,C18,2023,502.8
BG,C18,2024,553.3
CH,C18,2020,2759.2
CH,C18,2021,2667.5
CH,C18,2022,3031.4
CH,C18,2023,3070.2
CH,C18,2024,2634.9
CY,C18,2020,51.9
CY,C18,2021,49.5
CY,C18,2022,61.0
CY,C18,2023,63.0
CZ,C18,2020,1485.1
CZ,C18,2021,1670.1
CZ,C18,2022,2089.4
CZ,C18,2023,2044.3
CZ,C18,2024,1876.0
CZ,C18,2025,1870.1
DE,C18,2020,16376.0
DE,C18,2021,16631.0
DE,C18,2022,17879.0
DE,C18,2023,19116.0
DE,C18,2024,17840.0
DK,C18,2020,914.4
DK,C18,2021,842.8
DK,C18,2022,892.1
DK,C18,2023,834.5
DK,C18,2024,751.8
DK,C18,2025,836.4
EA12,C18,2020,46974.7
EA12,C18,2021,49508.6
EA12,C18,2022,55368.4
EA12,C18,2023,56440.2
EA19,C18,2020,48828.0
EA19,C18,2021,51579.6
EA19,C18,2022,57763.8
EA19,C18,2023,58868.3
EA20,C18,2020,49431.4
EA20,C18,2021,52260.1
EA20,C18,2022,58428.3
EA20,C18,2023,59588.8
EA21,C18,2020,49793.2
EA21,C18,2021,52678.7
EA21,C18,2022,58933.0
EA21,C18,2023,60091.6
EE,C18,2020,217.6
EE,C18,2021,225.3
EE,C18,2022,260.0
EE,C18,2023,256.2
EE,C18,2024,247.5
EE,C18,2025,266.8
EL,C18,2020,556.1
EL,C18,2021,628.2
EL,C18,2022,777.3
EL,C18,2023,761.1
EL,C18,2024,838.4
ES,C18,2020,5023.0
ES,C18,2021,5552.0
ES,C18,2022,6578.0
ES,C18,2023,6423.0
EU27_2020,C18,2020,59138.7
EU27_2020,C18,2021,62728.7
EU27_2020,C18,2022,70383.9
EU27_2020,C18,2023,71611.0
FI,C18,2020,879.0
FI,C18,2021,888.0
FI,C18,2022,978.0
FI,C18,2023,1007.0
FI,C18,2024,921.0
FI,C18,2025,901.0
FR,C18,2020,6469.1
FR,C18,2021,6952.0
FR,C18,2022,7553.5
FR,C18,2023,7310.1
FR,C18,2024,7350.2
HR,C18,2020,603.4
HR,C18,2021,680.5
HR,C18,2022,664.5
HR,C18,2023,720.5
HR,C18,2024,714.0
HU,C18,2020,720.4
HU,C18,2021,837.1
HU,C18,2022,1012.0
HU,C18,2023,1018.6
HU,C18,2024,1046.6
IE,C18,2020,608.5
IE,C18,2021,507.7
IE,C18,2022,641.6
IE,C18,2023,665.3
IE,C18,2024,654.5
IS,C18,2020,48.3
IS,C18,2021,52.5
IS,C18,2022,64.0
IS,C18,2023,62.8
IS,C18,2024,61.8
IS,C18,2025,63.0
IT,C18,2020,9430.6
IT,C18,2021,10458.2
IT,C18,2022,11687.5
IT,C18,2023,11826.0
LT,C18,2020,273.3
LT,C18,2021,324.2
LT,C18,2022,341.7
LT,C18,2023,349.8
LT,C18,2024,341.3
LV,C18,2020,263.8
LV,C18,2021,315.6
LV,C18,2022,364.9
LV,C18,2023,338.6
MK,C18,2020,91.7
MK,C18,2021,83.7
MT,C18,2021,323.6
MT,C18,2022,331.1
MT,C18,2023,397.2
MT,C18,2024,427.8
MT,C18,2025,429.3
NL,C18,2020,2718.0
NL,C18,2021,2784.0
NL,C18,2022,3381.0
NL,C18,2023,3155.0
NL,C18,2024,3215.0
NL,C18,2025,3234.0
NO,C18,2020,694.4
NO,C18,2021,791.9
NO,C18,2022,872.8
NO,C18,2023,750.5
PL,C18,2020,3837.3
PL,C18,2021,4336.7
PL,C18,2022,4831.5
PL,C18,2023,5125.7
PT,C18,2020,863.1
PT,C18,2021,937.6
PT,C18,2022,1099.2
PT,C18,2023,1110.2
PT,C18,2024,1140.9
RO,C18,2020,1008.3
RO,C18,2021,872.0
RO,C18,2022,1103.4
RO,C18,2023,1117.5
RO,C18,2024,1104.6
RS,C18,2020,475.9
RS,C18,2021,466.8
RS,C18,2022,453.9
RS,C18,2023,415.9
RS,C18,2024,423.7
SE,C18,2020,1380.1
SE,C18,2021,1491.3
SE,C18,2022,1521.2
SE,C18,2023,1375.2
SI,C18,2020,387.4
SI,C18,2021,436.1
SI,C18,2022,550.4
SI,C18,2023,549.0
SI,C18,2024,555.8
SI,C18,2025,549.4
SK,C18,2020,368.3
SK,C18,2021,381.6
SK,C18,2022,446.3
SK,C18,2023,434.9
SK,C18,2024,432.3
TR,C18,2023,4570.1
AT,C19,2020,3025.8
AT,C19,2021,5421.9
AT,C19,2022,8075.9
AT,C19,2023,7951.9
AT,C19,2024,7246.6
AT,C19,2025,6046.2
BA,C19,2020,112.1
BA,C19,2021,233.0
BA,C19,2022,333.4
BA,C19,2023,248.4
BE,C19,2020,16964.5
BE,C19,2021,28371.0
BE,C19,2022,37331.5
BE,C19,2023,28264.0
BE,C19,2024,26725.9
BG,C19,2020,1787.3
BG,C19,2021,1072.3
BG,C19,2022,1988.9
BG,C19,2023,4915.2
BG,C19,2024,4849.7
CY,C19,2020,4.0
CY,C19,2021,4.3
CY,C19,2022,9.0
CY,C19,2023,8.7
CZ,C19,2020,217.4
CZ,C19,2021,324.5
CZ,C19,2022,454.6
CZ,C19,2023,360.6
CZ,C19,2024,306.8
CZ,C19,2025,276.6
DE,C19,2020,50146.0
DE,C19,2021,71251.0
DE,C19,2022,120861.0
DE,C19,2023,98303.0
DE,C19,2024,94651.0
DK,C19,2020,2737.2
DK,C19,2021,4072.1
DK,C19,2022,7496.5
DK,C19,2023,5778.0
DK,C19,2024,4897.9
DK,C19,2025,5671.6
EE,C19,2020,256.0
EE,C19,2021,330.6
EE,C19,2022,428.6
EE,C19,2023,406.1
EE,C19,2024,373.9
EE,C19,2025,345.4
EL,C19,2020,9598.6
EL,C19,2021,14603.3
EL,C19,2022,25655.9
EL,C19,2023,21698.5
EL,C19,2024,20863.7
ES,C19,2020,20429.0
ES,C19,2021,36100.0
ES,C19,2022,64969.0
ES,C19,2023,47969.0
FI,C19,2020,5540.0
FI,C19,2021,6778.0
FI,C19,2022,13344.0
FI,C19,2023,10731.0
FI,C19,2024,8944.0
FI,C19,2025,8702.0
FR,C19,2020,20381.2
FR,C19,2021,31039.6
FR,C19,2022,53564.3
FR,C19,2023,42471.9
FR,C19,2024,39288.6
FR,C19,2025,35507.3
HR,C19,2020,1265.1
HR,C19,2021,1930.9
HR,C19,2022,3050.7
HR,C19,2023,2342.4
HR,C19,2024,2399.4
HU,C19,2020,3640.6
HU,C19,2021,5233.0
HU,C19,2022,8170.3
HU,C19,2023,6780.4
HU,C19,2024,6272.5
IS,C19,2020,2.4
IS,C19,2021,1.6
IS,C19,2022,1.9
IS,C19,2023,1.2
IS,C19,2024,0.7
IS,C19,2025,0.1
IT,C19,2020,26924.0
IT,C19,2021,43032.8
IT,C19,2022,79880.4
IT,C19,2023,61765.6
IT,C19,2024,60456.6
LU,C19,2020,0.0
LU,C19,2021,0.0
LU,C19,2022,0.0
LU,C19,2023,0.0
LU,C19,2024,0.0
LV,C19,2020,0.7
LV,C19,2021,1.7
LV,C19,2022,2.1
LV,C19,2023,0.7
MK,C19,2020,1.0
MK,C19,2021,1.3
MT,C19,2022,0.0
MT,C19,2023,0.0
MT,C19,2024,0.0
MT,C19,2025,0.0
NL,C19,2020,19622.0
NL,C19,2021,32303.0
NL,C19,2022,52691.0
NL,C19,2023,43815.0
NL,C19,2024,39650.0
NL,C19,2025,35699.0
PL,C19,2020,14235.4
PL,C19,2021,22386.5
PL,C19,2022,38350.4
PT,C19,2020,4554.7
PT,C19,2021,7007.9
PT,C19,2022,12680.1
PT,C19,2023,9715.6
PT,C19,2024,9788.1
RO,C19,2020,4057.4
RO,C19,2021,6431.1
RO,C19,2022,7041.5
RO,C19,2023,4880.7
RO,C19,2024,5195.8
RS,C19,2020,1612.7
RS,C19,2021,2276.7
RS,C19,2022,3990.7
RS,C19,2023,3146.1
RS,C19,2024,2682.0
SE,C19,2020,7336.5
SE,C19,2021,11832.0
SE,C19,2022,20395.6
SE,C19,2023,16280.0
SI,C19,2020,1.4
SI,C19,2021,0.5
SI,C19,2022,1.3
SI,C19,2023,2.0
SI,C19,2024,2.2
SI,C19,2025,2.3
SK,C19,2020,2602.0
SK,C19,2021,3924.4
SK,C19,2022,5748.7
SK,C19,2023,4774.5
SK,C19,2024,4156.8
TR,C19,2023,30772.7
AT,C20,2020,12286.0
AT,C20,2021,16740.8
AT,C20,2022,19344.9
AT,C20,2023,15609.3
AT,C20,2024,16150.4
AT,C20,2025,16411.4
BA,C20,2020,271.6
BA,C20,2021,297.4
BA,C20,2022,411.0
BA,C20,2023,459.2
BE,C20,2020,28928.8
BE,C20,2021,37479.6
BE,C20,2022,47506.2
BE,C20,2023,36981.5
BE,C20,2024,37207.1
BG,C20,2020,1591.9
BG,C20,2021,1924.9
BG,C20,2022,2884.9
BG,C20,2023,2318.7
BG,C20,2024,2182.6
CY,C20,2020,67.1
CY,C20,2021,69.7
CY,C20,2022,87.6
CY,C20,2023,84.2
CZ,C20,2020,8191.6
CZ,C20,2021,11233.3
CZ,C20,2022,16537.1
CZ,C20,2023,14395.5
CZ,C20,2024,13533.8
CZ,C20,2025,14747.6
DE,C20,2020,135903.0
DE,C20,2021,163025.0
DE,C20,2022,190052.0
DE,C20,2023,168006.0
DE,C20,2024,158943.0
DK,C20,2020,6601.1
DK,C20,2021,7265.7
DK,C20,2022,8198.6
DK,C20,2023,7513.0
DK,C20,2024,7785.9
DK,C20,2025,8208.0
EE,C20,2020,472.7
EE,C20,2021,573.9
EE,C20,2022,688.3
EE,C20,2023,498.9
EE,C20,2024,491.4
EE,C20,2025,462.6
EL,C20,2020,2415.5
EL,C20,2021,2938.4
EL,C20,2022,3776.9
EL,C20,2023,3873.9
EL,C20,2024,4139.9
ES,C20,2020,37367.0
ES,C20,2021,47974.0
ES,C20,2022,58761.0
ES,C20,2023,50699.0
FI,C20,2020,9507.0
FI,C20,2021,11665.0
FI,C20,2022,16475.0
FI,C20,2023,14105.0
FI,C20,2024,11905.0
FI,C20,2025,13272.0
FR,C20,2020,52425.0
FR,C20,2021,62305.9
FR,C20,2022,74477.4
FR,C20,2023,69129.1
FR,C20,2024,68053.1
FR,C20,2025,64994.3
HR,C20,2020,676.2
HR,C20,2021,780.2
HR,C20,2022,664.9
HR,C20,2023,679.9
HR,C20,2024,663.8
HU,C20,2020,4762.7
HU,C20,2021,7201.9
HU,C20,2022,8190.0
HU,C20,2023,6948.5
HU,C20,2024,6804.9
IS,C20,2020,106.1
IS,C20,2021,143.0
IS,C20,2022,212.7
IS,C20,2023,137.5
IS,C20,2024,196.1
IS,C20,2025,151.7
IT,C20,2020,48708.2
IT,C20,2021,60342.2
IT,C20,2022,70202.3
IT,C20,2023,63317.1
IT,C20,2024,63354.1
LI,C20,2020,24.1
LI,C20,2021,24.1
LI,C20,2022,25.9
LT,C20,2020,2983.1
LT,C20,2021,4416.0
LT,C20,2022,4771.1
LT,C20,2023,2706.1
LT,C20,2024,2963.2
LU,C20,2020,452.0
LU,C20,2021,569.8
LU,C20,2022,622.1
LU,C20,2023,561.5
LU,C20,2024,558.3
LV,C20,2020,384.8
LV,C20,2021,552.4
LV,C20,2022,723.5
LV,C20,2023,592.7
MK,C20,2020,61.1
MK,C20,2021,79.9
MT,C20,2020,31.6
MT,C20,2021,33.4
MT,C20,2022,38.4
MT,C20,2023,40.6
MT,C20,2024,41.6
MT,C20,2025,39.7
NL,C20,2020,43141.0
NL,C20,2021,61974.0
NL,C20,2022,79513.0
NL,C20,2023,61624.0
NL,C20,2024,62805.0
NL,C20,2025,58575.0
PL,C20,2020,16018.0
PL,C20,2021,20867.7
PL,C20,2022,27559.2
PL,C20,2023,22926.7
PT,C20,2020,4470.6
PT,C20,2021,6089.1
PT,C20,2022,7581.2
PT,C20,2023,5914.8
PT,C20,2024,5849.1
RO,C20,2020,3320.9
RO,C20,2021,4001.7
RO,C20,2022,4693.0
RO,C20,2023,3654.4
RO,C20,2024,3622.9
RS,C20,2020,1700.6
RS,C20,2021,2081.6
RS,C20,2022,2253.7
RS,C20,2023,2067.0
RS,C20,2024,2212.7
SI,C20,2020,1323.4
SI,C20,2021,1649.9
SI,C20,2022,1966.8
SI,C20,2023,1701.9
SI,C20,2024,1754.9
SI,C20,2025,1732.9
SK,C20,2020,1424.5
SK,C20,2021,1956.2
SK,C20,2022,2773.1
SK,C20,2023,2062.3
SK,C20,2024,2108.5
TR,C20,2023,33650.7
AT,C21,2020,4948.0
AT,C21,2021,5077.8
AT,C21,2022,5945.9
AT,C21,2023,7062.5
AT,C21,2024,9275.2
AT,C21,2025,9663.0
BA,C21,2020,115.6
BA,C21,2021,117.9
BA,C21,2022,145.3
BA,C21,2023,140.9
BE,C21,2020,25980.1
BE,C21,2021,27860.1
BE,C21,2022,33090.0
BE,C21,2023,33769.9
BE,C21,2024,34809.7
BG,C21,2020,631.7
BG,C21,2021,674.6
BG,C21,2022,760.5
BG,C21,2023,827.5
BG,C21,2024,831.3
CH,C21,2020,98393.3
CH,C21,2021,119958.9
CH,C21,2022,139435.2
CH,C21,2023,132174.9
CH,C21,2024,142777.4
CY,C21,2020,378.8
CY,C21,2021,330.9
CY,C21,2022,365.0
CY,C21,2023,388.1
CZ,C21,2020,2125.8
CZ,C21,2021,2174.6
CZ,C21,2022,2425.3
CZ,C21,2023,2757.2
CZ,C21,2024,2721.2
CZ,C21,2025,2931.3
DE,C21,2020,54015.0
DE,C21,2021,61255.0
DE,C21,2022,62731.0
DE,C21,2023,63097.0
DE,C21,2024,63328.0
DK,C21,2020,19322.9
DK,C21,2021,20773.9
DK,C21,2022,27543.5
DK,C21,2023,36882.7
DK,C21,2024,46750.7
DK,C21,2025,51825.0
EE,C21,2020,58.0
EE,C21,2021,55.9
EE,C21,2022,66.2
EE,C21,2023,73.8
EE,C21,2024,72.5
EE,C21,2025,94.8
EL,C21,2020,2373.9
EL,C21,2021,2635.5
EL,C21,2022,3093.0
EL,C21,2023,3685.7
EL,C21,2024,3741.5
ES,C21,2020,17464.0
ES,C21,2021,23105.0
ES,C21,2022,22919.0
ES,C21,2023,20380.0
FI,C21,2020,2118.0
FI,C21,2021,2139.0
FI,C21,2022,2354.0
FI,C21,2023,2421.0
FI,C21,2024,2915.0
FI,C21,2025,3159.0
FR,C21,2020,23817.8
FR,C21,2021,25341.9
FR,C21,2022,29257.4
FR,C21,2023,33160.1
FR,C21,2024,35415.2
FR,C21,2025,37529.8
HR,C21,2020,885.3
HR,C21,2021,843.6
HR,C21,2022,901.2
HR,C21,2023,1019.8
HR,C21,2024,994.6
HU,C21,2020,3397.6
HU,C21,2021,3569.2
HU,C21,2022,4134.6
HU,C21,2023,4581.6
HU,C21,2024,4517.1
IS,C21,2020,83.0
IS,C21,2021,54.4
IS,C21,2022,107.7
IS,C21,2023,273.3
IS,C21,2024,609.1
IS,C21,2025,334.6
IT,C21,2020,25684.5
IT,C21,2021,26387.2
IT,C21,2022,28844.4
IT,C21,2023,29726.9
IT,C21,2024,31086.7
LV,C21,2020,222.0
LV,C21,2021,276.4
LV,C21,2022,332.3
LV,C21,2023,374.7
MK,C21,2020,166.1
MK,C21,2021,182.6
MT,C21,2020,194.3
MT,C21,2021,191.7
MT,C21,2022,213.2
MT,C21,2023,260.1
MT,C21,2024,305.7
MT,C21,2025,293.3
NL,C21,2020,12094.0
NL,C21,2021,14888.0
NL,C21,2022,17031.0
NL,C21,2023,18642.0
NL,C21,2024,20519.0
NL,C21,2025,21431.0
PL,C21,2020,3505.3
PL,C21,2021,3788.7
PL,C21,2022,4195.6
PL,C21,2023,4818.6
PT,C21,2020,1596.4
PT,C21,2021,1678.4
PT,C21,2022,1913.2
PT,C21,2023,2173.7
PT,C21,2024,2247.3
RO,C21,2020,662.4
RO,C21,2021,731.3
RO,C21,2022,968.3
RO,C21,2023,1124.2
RO,C21,2024,1155.7
RS,C21,2020,424.8
RS,C21,2021,463.3
RS,C21,2022,500.7
RS,C21,2023,583.1
RS,C21,2024,558.4
SI,C21,2020,2696.7
SI,C21,2021,2686.8
SI,C21,2022,3171.9
SI,C21,2023,3485.4
SI,C21,2024,3787.3
SI,C21,2025,3941.5
SK,C21,2020,181.9
SK,C21,2021,192.0
SK,C21,2022,206.9
SK,C21,2023,259.3
SK,C21,2024,262.6
TR,C21,2023,7168.3
AT,C22,2020,6370.1
AT,C22,2021,7223.1
AT,C22,2022,8266.2
AT,C22,2023,8098.6
AT,C22,2024,7958.7
AT,C22,2025,8165.7
BA,C22,2020,463.0
BA,C22,2021,577.7
BA,C22,2022,669.5
BA,C22,2023,719.7
BE,C22,2020,8054.6
BE,C22,2021,9202.1
BE,C22,2022,10058.9
BE,C22,2023,8721.3
BG,C22,2020,1847.8
BG,C22,2021,2228.5
BG,C22,2022,2642.0
BG,C22,2023,2477.3
BG,C22,2024,2536.2
CH,C22,2020,6798.3
CH,C22,2021,7401.9
CH,C22,2022,8566.9
CH,C22,2023,8526.6
CH,C22,2024,8273.2
CY,C22,2020,90.4
CY,C22,2021,113.2
CY,C22,2022,125.3
CY,C22,2023,132.7
CZ,C22,2020,10296.4
CZ,C22,2021,12104.1
CZ,C22,2022,13951.8
CZ,C22,2023,13870.7
CZ,C22,2024,13689.7
CZ,C22,2025,14556.2
DE,C22,2020,79388.0
DE,C22,2021,91292.0
DE,C22,2022,101673.0
DE,C22,2023,93909.0
DE,C22,2024,89163.0
DK,C22,2020,2901.0
DK,C22,2021,3073.2
DK,C22,2022,3372.3
DK,C22,2023,3083.3
DK,C22,2024,3064.0
DK,C22,2025,3201.5
EA12,C22,2020,199754.6
EA12,C22,2021,236813.1
EA12,C22,2022,265124.4
EA12,C22,2023,249818.2
EA19,C22,2020,207813.4
EA19,C22,2021,246319.4
EA19,C22,2022,276028.6
EA19,C22,2023,260162.3
EA20,C22,2020,208677.6
EA20,C22,2021,247350.6
EA20,C22,2022,277255.6
EA20,C22,2023,261350.8
EA21,C22,2020,210525.5
EA21,C22,2021,249579.1
EA21,C22,2022,279897.6
EA21,C22,2023,263828.1
EE,C22,2020,449.1
EE,C22,2021,567.5
EE,C22,2022,620.3
EE,C22,2023,565.7
EE,C22,2024,571.1
EE,C22,2025,582.3
EL,C22,2020,1831.5
EL,C22,2021,2154.0
EL,C22,2022,2474.1
EL,C22,2023,2581.6
EL,C22,2024,2743.4
ES,C22,2020,19043.0
ES,C22,2021,23136.0
ES,C22,2022,27065.0
ES,C22,2023,24583.0
EU27_2020,C22,2020,263370.6
EU27_2020,C22,2021,313314.9
EU27_2020,C22,2022,352832.4
EU27_2020,C22,2023,334415.2
FI,C22,2020,2953.0
FI,C22,2021,3434.0
FI,C22,2022,3901.0
FI,C22,2023,3693.0
FI,C22,2024,3420.0
FI,C22,2025,3523.0
FR,C22,2020,23448.8
FR,C22,2021,27091.1
FR,C22,2022,29764.5
FR,C22,2023,29084.9
FR,C22,2024,28112.3
HR,C22,2020,864.2
HR,C22,2021,1031.2
HR,C22,2022,1227.0
HR,C22,2023,1188.5
HR,C22,2024,1172.4
HU,C22,2020,5676.3
HU,C22,2021,6752.9
HU,C22,2022,7687.1
HU,C22,2023,7518.8
HU,C22,2024,7446.9
IE,C22,2020,1785.0
IE,C22,2021,2362.4
IE,C22,2022,2435.2
IE,C22,2023,2679.5
IE,C22,2024,2861.1
IS,C22,2020,45.3
IS,C22,2021,68.4
IS,C22,2022,82.5
IS,C22,2023,84.5
IS,C22,2024,74.0
IS,C22,2025,79.2
IT,C22,2020,42913.4
IT,C22,2021,54167.5
IT,C22,2022,60368.5
IT,C22,2023,57951.6
LT,C22,2020,1173.4
LT,C22,2021,1500.5
LT,C22,2022,1798.5
LT,C22,2023,1562.9
LT,C22,2024,1591.6
LV,C22,2020,246.4
LV,C22,2021,344.0
LV,C22,2022,321.8
LV,C22,2023,311.8
MK,C22,2020,151.3
MK,C22,2021,188.4
MT,C22,2020,150.2
MT,C22,2021,139.5
MT,C22,2022,157.7
MT,C22,2023,161.1
MT,C22,2024,161.5
MT,C22,2025,145.6
NL,C22,2020,9091.0
NL,C22,2021,10706.0
NL,C22,2022,11950.0
NL,C22,2023,11000.0
NL,C22,2024,10779.0
NL,C22,2025,11430.0
NO,C22,2020,1297.0
NO,C22,2021,1581.2
NO,C22,2022,1861.2
NO,C22,2023,1541.7
PL,C22,2020,23717.3
PL,C22,2021,29683.3
PL,C22,2022,33928.2
PL,C22,2023,32566.5
PT,C22,2020,4110.0
PT,C22,2021,5110.0
PT,C22,2022,6087.4
PT,C22,2023,5644.4
PT,C22,2024,5674.1
RO,C22,2020,5493.0
RO,C22,2021,6779.8
RO,C22,2022,8412.3
RO,C22,2023,8424.8
RO,C22,2024,7884.8
RS,C22,2020,2143.7
RS,C22,2021,2536.1
RS,C22,2022,2687.4
RS,C22,2023,2781.4
RS,C22,2024,3249.9
SE,C22,2020,4761.1
SE,C22,2021,5342.6
SE,C22,2022,5573.9
SE,C22,2023,5134.4
SI,C22,2020,1847.2
SI,C22,2021,2235.2
SI,C22,2022,2477.2
SI,C22,2023,2412.4
SI,C22,2024,2451.2
SI,C22,2025,2438.0
SK,C22,2020,4040.6
SK,C22,2021,4495.1
SK,C22,2022,5192.8
SK,C22,2023,5021.8
SK,C22,2024,4809.5
TR,C22,2023,32751.4
AT,C22_C23,2020,12788.4
AT,C22_C23,2021,14574.4
AT,C22_C23,2022,16454.8
AT,C22_C23,2023,15995.2
AT,C22_C23,2024,15489.0
AT,C22_C23,2025,15714.5
BA,C22_C23,2020,757.8
BA,C22_C23,2021,927.2
BA,C22_C23,2022,1126.9
BA,C22_C23,2023,1248.1
BE,C22_C23,2020,15935.2
BE,C22_C23,2021,18339.7
BE,C22_C23,2022,20875.8
BE,C22_C23,2023,18885.3
BE,C22_C23,2024,17993.3
BG,C22_C23,2020,4135.1
BG,C22_C23,2021,4108.1
BG,C22_C23,2022,5039.7
BG,C22_C23,2023,5004.2
BG,C22_C23,2024,4964.2
CH,C22_C23,2020,12309.1
CH,C22_C23,2021,13218.2
CH,C22_C23,2022,15504.1
CH,C22_C23,2023,15623.8
CH,C22_C23,2024,15137.1
CY,C22_C23,2020,509.2
CY,C22_C23,2021,585.8
CY,C22_C23,2022,653.7
CY,C22_C23,2023,741.2
CZ,C22_C23,2020,15944.0
CZ,C22_C23,2021,18955.5
CZ,C22_C23,2022,22513.4
CZ,C22_C23,2023,21951.2
CZ,C22_C23,2024,21288.3
CZ,C22_C23,2025,22605.5
DE,C22_C23,2020,129894.0
DE,C22_C23,2021,144263.0
DE,C22_C23,2022,162048.0
DE,C22_C23,2023,152514.0
DE,C22_C23,2024,145621.0
DK,C22_C23,2020,6323.2
DK,C22_C23,2021,6810.9
DK,C22_C23,2022,7664.2
DK,C22_C23,2023,6961.8
DK,C22_C23,2024,6765.4
DK,C22_C23,2025,6840.8
EA12,C22_C23,2020,354194.6
EA12,C22_C23,2021,413045.1
EA12,C22_C23,2022,469000.4
EA12,C22_C23,2023,453433.0
EA19,C22_C23,2020,367610.8
EA19,C22_C23,2021,428756.7
EA19,C22_C23,2022,487463.9
EA19,C22_C23,2023,471182.2
EA20,C22_C23,2020,369679.3
EA20,C22_C23,2021,431209.6
EA20,C22_C23,2022,490440.3
EA20,C22_C23,2023,474302.3
EA21,C22_C23,2020,373814.5
EA21,C22_C23,2021,435317.7
EA21,C22_C23,2022,495480.1
EA21,C22_C23,2023,479306.6
EE,C22_C23,2020,967.4
EE,C22_C23,2021,1207.8
EE,C22_C23,2022,1382.0
EE,C22_C23,2023,1265.7
EE,C22_C23,2024,1209.8
EE,C22_C23,2025,1250.8
EL,C22_C23,2020,3796.8
EL,C22_C23,2021,4464.7
EL,C22_C23,2022,5195.6
EL,C22_C23,2023,5592.4
EL,C22_C23,2024,6145.2
ES,C22_C23,2020,38258.0
ES,C22_C23,2021,46207.0
ES,C22_C23,2022,54084.0
ES,C22_C23,2023,51187.0
EU27_2020,C22_C23,2020,462640.1
EU27_2020,C22_C23,2021,540280.3
EU27_2020,C22_C23,2022,617545.4
EU27_2020,C22_C23,2023,596777.4
FI,C22_C23,2020,6067.0
FI,C22_C23,2021,6773.0
FI,C22_C23,2022,7684.0
FI,C22_C23,2023,7086.0
FI,C22_C23,2024,6391.0
FI,C22_C23,2025,6584.0
FR,C22_C23,2020,46702.9
FR,C22_C23,2021,53612.4
FR,C22_C23,2022,59315.6
FR,C22_C23,2023,59671.3
FR,C22_C23,2024,55865.1
FR,C22_C23,2025,54011.0
HR,C22_C23,2020,2068.6
HR,C22_C23,2021,2453.0
HR,C22_C23,2022,2976.4
HR,C22_C23,2023,3120.1
HR,C22_C23,2024,3125.8
HU,C22_C23,2020,8320.0
HU,C22_C23,2021,9921.3
HU,C22_C23,2022,11247.0
HU,C22_C23,2023,10663.1
HU,C22_C23,2024,10453.1
IE,C22_C23,2020,3863.1
IE,C22_C23,2021,4972.5
IE,C22_C23,2022,5824.3
IE,C22_C23,2023,6230.3
IE,C22_C23,2024,6473.6
IS,C22_C23,2020,236.7
IS,C22_C23,2021,298.7
IS,C22_C23,2022,382.7
IS,C22_C23,2023,376.6
IS,C22_C23,2024,357.2
IS,C22_C23,2025,378.5
IT,C22_C23,2020,71457.2
IT,C22_C23,2021,90328.9
IT,C22_C23,2022,103152.2
IT,C22_C23,2023,101517.6
IT,C22_C23,2024,100507.9
LI,C22_C23,2020,319.9
LI,C22_C23,2021,8.0
LI,C22_C23,2022,5.7
LT,C22_C23,2020,1880.5
LT,C22_C23,2021,2367.4
LT,C22_C23,2022,2898.4
LT,C22_C23,2023,2658.9
LT,C22_C23,2024,2719.2
LV,C22_C23,2020,821.8
LV,C22_C23,2021,1013.6
LV,C22_C23,2022,1133.8
LV,C22_C23,2023,1055.1
MK,C22_C23,2020,364.4
MK,C22_C23,2021,441.0
MT,C22_C23,2020,380.4
MT,C22_C23,2021,407.8
MT,C22_C23,2022,424.4
MT,C22_C23,2023,439.0
MT,C22_C23,2024,404.8
MT,C22_C23,2025,414.3
NL,C22_C23,2020,15609.0
NL,C22_C23,2021,17774.0
NL,C22_C23,2022,20267.0
NL,C22_C23,2023,19336.0
NL,C22_C23,2024,18668.0
NL,C22_C23,2025,19430.0
NO,C22_C23,2020,4653.5
NO,C22_C23,2021,5718.8
NO,C22_C23,2022,6308.3
NO,C22_C23,2023,5570.3
NO,C22_C23,2024,5158.1
NO,C22_C23,2025,5344.5
PL,C22_C23,2020,38957.0
PL,C22_C23,2021,47211.1
PL,C22_C23,2022,55545.3
PL,C22_C23,2023,53362.2
PT,C22_C23,2020,8485.9
PT,C22_C23,2021,10131.9
PT,C22_C23,2022,12186.2
PT,C22_C23,2023,11899.8
PT,C22_C23,2024,12048.2
RO,C22_C23,2020,9401.7
RO,C22_C23,2021,11179.9
RO,C22_C23,2022,13747.0
RO,C22_C23,2023,14054.8
RO,C22_C23,2024,13544.0
RS,C22_C23,2020,3174.5
RS,C22_C23,2021,3677.0
RS,C22_C23,2022,4003.2
RS,C22_C23,2023,4170.1
RS,C22_C23,2024,4692.9
SE,C22_C23,2020,9879.6
SE,C22_C23,2021,10884.0
SE,C22_C23,2022,11335.1
SE,C22_C23,2023,10521.5
SI,C22_C23,2020,2719.2
SI,C22_C23,2021,3253.1
SI,C22_C23,2022,3672.0
SI,C22_C23,2023,3620.4
SI,C22_C23,2024,3567.0
SI,C22_C23,2025,3549.2
SK,C22_C23,2020,6044.0
SK,C22_C23,2021,6706.1
SK,C22_C23,2022,7959.5
SK,C22_C23,2023,7669.9
SK,C22_C23,2024,7382.6
TR,C22_C23,2023,68621.3
AT,C23,2020,6418.4
AT,C23,2021,7351.3
AT,C23,2022,8188.6
AT,C23,2023,7896.6
AT,C23,2024,7530.3
AT,C23,2025,7548.8
BA,C23,2020,294.8
BA,C23,2021,349.5
BA,C23,2022,457.4
BA,C23,2023,528.4
BE,C23,2020,7880.6
BE,C23,2021,9137.6
BE,C23,2022,10816.9
BE,C23,2023,10164.0
BG,C23,2020,2287.3
BG,C23,2021,1879.6
BG,C23,2022,2397.7
BG,C23,2023,2526.9
BG,C23,2024,2428.0
CH,C23,2020,5510.7
CH,C23,2021,5816.3
CH,C23,2022,6937.2
CH,C23,2023,7097.2
CH,C23,2024,6863.9
CY,C23,2020,418.8
CY,C23,2021,472.6
CY,C23,2022,528.4
CY,C23,2023,608.4
CZ,C23,2020,5647.6
CZ,C23,2021,6851.4
CZ,C23,2022,8561.5
CZ,C23,2023,8080.4
CZ,C23,2024,7598.6
CZ,C23,2025,8049.3
DE,C23,2020,50506.0
DE,C23,2021,52971.0
DE,C23,2022,60375.0
DE,C23,2023,58605.0
DE,C23,2024,56458.0
DK,C23,2020,3422.2
DK,C23,2021,3737.7
DK,C23,2022,4291.9
DK,C23,2023,3878.5
DK,C23,2024,3701.4
DK,C23,2025,3639.4
EA12,C23,2020,154439.9
EA12,C23,2021,176232.0
EA12,C23,2022,203876.1
EA12,C23,2023,203614.8
EA19,C23,2020,159797.4
EA19,C23,2021,182437.3
EA19,C23,2022,211435.3
EA19,C23,2023,211019.9
EA20,C23,2020,161001.7
EA20,C23,2021,183859.1
EA20,C23,2022,213184.7
EA20,C23,2023,212951.5
EA21,C23,2020,163289.0
EA21,C23,2021,185738.7
EA21,C23,2022,215582.5
EA21,C23,2023,215478.5
EE,C23,2020,518.3
EE,C23,2021,640.4
EE,C23,2022,761.7
EE,C23,2023,700.0
EE,C23,2024,638.7
EE,C23,2025,668.5
EL,C23,2020,1965.3
EL,C23,2021,2310.7
EL,C23,2022,2721.5
EL,C23,2023,3010.8
EL,C23,2024,3401.8
ES,C23,2020,19215.0
ES,C23,2021,23071.0
ES,C23,2022,27019.0
ES,C23,2023,26604.0
EU27_2020,C23,2020,199269.5
EU27_2020,C23,2021,226965.4
EU27_2020,C23,2022,264713.0
EU27_2020,C23,2023,262362.2
FI,C23,2020,3114.0
FI,C23,2021,3339.0
FI,C23,2022,3783.0
FI,C23,2023,3393.0
FI,C23,2024,2971.0
FI,C23,2025,3061.0
FR,C23,2020,23254.1
FR,C23,2021,26521.3
FR,C23,2022,29551.1
FR,C23,2023,30586.4
FR,C23,2024,27752.8
HR,C23,2020,1204.3
HR,C23,2021,1421.8
HR,C23,2022,1749.5
HR,C23,2023,1931.6
HR,C23,2024,1953.5
HU,C23,2020,2643.7
HU,C23,2021,3168.4
HU,C23,2022,3559.9
HU,C23,2023,3144.3
HU,C23,2024,3006.2
IE,C23,2020,2078.1
IE,C23,2021,2610.1
IE,C23,2022,3389.2
IE,C23,2023,3550.8
IE,C23,2024,3612.5
IS,C23,2020,191.4
IS,C23,2021,230.2
IS,C23,2022,300.3
IS,C23,2023,292.1
IS,C23,2024,283.2
IS,C23,2025,299.3
IT,C23,2020,28543.9
IT,C23,2021,36161.4
IT,C23,2022,42783.7
IT,C23,2023,43566.0
LT,C23,2020,707.1
LT,C23,2021,866.9
LT,C23,2022,1099.9
LT,C23,2023,1096.1
LT,C23,2024,1127.6
LV,C23,2020,575.5
LV,C23,2021,669.6
LV,C23,2022,812.1
LV,C23,2023,743.3
MK,C23,2020,213.1
MK,C23,2021,252.6
MT,C23,2020,230.2
MT,C23,2021,268.2
MT,C23,2022,266.8
MT,C23,2023,277.9
MT,C23,2024,243.2
MT,C23,2025,268.8
NL,C23,2020,6518.0
NL,C23,2021,7068.0
NL,C23,2022,8317.0
NL,C23,2023,8336.0
NL,C23,2024,7889.0
NL,C23,2025,8000.0
NO,C23,2020,3356.5
NO,C23,2021,4137.6
NO,C23,2022,4447.1
NO,C23,2023,4028.6
PL,C23,2020,15239.7
PL,C23,2021,17527.8
PL,C23,2022,21617.1
PL,C23,2023,20795.7
PT,C23,2020,4376.0
PT,C23,2021,5021.9
PT,C23,2022,6098.8
PT,C23,2023,6255.3
PT,C23,2024,6374.1
RO,C23,2020,3908.7
RO,C23,2021,4400.1
RO,C23,2022,5334.7
RO,C23,2023,5630.0
RO,C23,2024,5659.2
RS,C23,2020,1030.8
RS,C23,2021,1140.9
RS,C23,2022,1315.7
RS,C23,2023,1388.7
RS,C23,2024,1443.0
SE,C23,2020,5118.6
SE,C23,2021,5541.3
SE,C23,2022,5761.3
SE,C23,2023,5387.1
SI,C23,2020,872.0
SI,C23,2021,1017.9
SI,C23,2022,1194.8
SI,C23,2023,1208.0
SI,C23,2024,1115.8
SI,C23,2025,1111.3
SK,C23,2020,2003.4
SK,C23,2021,2211.1
SK,C23,2022,2766.7
SK,C23,2023,2648.2
SK,C23,2024,2573.1
TR,C23,2023,35869.9
AT,C24,2020,14842.2
AT,C24,2021,19636.5
AT,C24,2022,25481.5
AT,C24,2023,23538.9
AT,C24,2024,23107.3
AT,C24,2025,23618.3
BA,C24,2020,576.5
BA,C24,2021,1153.1
BA,C24,2022,1624.1
BA,C24,2023,933.0
BE,C24,2020,19080.3
BE,C24,2021,27500.9
BE,C24,2022,33772.2
BE,C24,2023,27632.8
BG,C24,2020,5275.9
BG,C24,2021,6927.5
BG,C24,2022,8786.5
BG,C24,2023,7201.2
BG,C24,2024,8349.3
CH,C24,2020,4356.2
CH,C24,2021,5311.6
CH,C24,2022,7141.7
CH,C24,2023,6076.7
CH,C24,2024,5534.7
CY,C24,2020,67.9
CY,C24,2021,86.4
CY,C24,2022,93.4
CY,C24,2023,94.3
CZ,C24,2020,6624.9
CZ,C24,2021,9537.4
CZ,C24,2022,11128.3
CZ,C24,2023,9017.1
CZ,C24,2024,8154.2
CZ,C24,2025,8436.8
DE,C24,2020,91609.0
DE,C24,2021,117393.0
DE,C24,2022,148879.0
DE,C24,2023,137093.0
DE,C24,2024,127506.0
DK,C24,2020,1282.3
DK,C24,2021,1754.1
DK,C24,2022,2303.9
DK,C24,2023,2079.3
DK,C24,2024,1886.5
DK,C24,2025,1727.3
EA12,C24,2020,250561.4
EA12,C24,2021,354621.5
EA12,C24,2022,434361.3
EA12,C24,2023,379093.5
EA19,C24,2020,256925.3
EA19,C24,2021,364767.0
EA19,C24,2022,446740.4
EA19,C24,2023,389098.7
EA20,C24,2020,257133.8
EA20,C24,2021,365117.0
EA20,C24,2022,447199.7
EA20,C24,2023,389627.7
EA21,C24,2020,262409.8
EA21,C24,2021,372044.7
EA21,C24,2022,455986.4
EA21,C24,2023,396829.0
EE,C24,2020,76.3
EE,C24,2021,105.8
EE,C24,2022,130.0
EE,C24,2023,112.1
EE,C24,2024,114.7
EE,C24,2025,83.6
EL,C24,2020,4642.3
EL,C24,2021,4940.6
EL,C24,2022,8442.5
EL,C24,2023,8884.5
EL,C24,2024,9759.1
ES,C24,2020,24307.0
ES,C24,2021,38646.0
ES,C24,2022,42822.0
ES,C24,2023,35835.0
EU27_2020,C24,2020,303063.5
EU27_2020,C24,2021,429124.7
EU27_2020,C24,2022,523232.6
EU27_2020,C24,2023,451628.0
FI,C24,2020,9421.0
FI,C24,2021,13356.0
FI,C24,2022,17570.0
FI,C24,2023,13564.0
FI,C24,2024,12573.0
FI,C24,2025,11914.0
FR,C24,2020,22012.3
FR,C24,2021,30538.9
FR,C24,2022,37833.5
FR,C24,2023,32021.2
FR,C24,2024,30928.8
HR,C24,2020,208.5
HR,C24,2021,350.1
HR,C24,2022,459.3
HR,C24,2023,529.0
HR,C24,2024,476.5
HU,C24,2020,2732.1
HU,C24,2021,3776.9
HU,C24,2022,3951.1
HU,C24,2023,2861.4
HU,C24,2024,2868.2
IE,C24,2020,1048.5
IE,C24,2021,1190.1
IE,C24,2022,1238.0
IE,C24,2023,1285.0
IE,C24,2024,1469.2
IS,C24,2020,1479.0
IS,C24,2021,2131.6
IS,C24,2022,3039.7
IS,C24,2023,2322.0
IS,C24,2024,2299.1
IS,C24,2025,2357.5
IT,C24,2020,52656.2
IT,C24,2021,85497.8
IT,C24,2022,98824.1
IT,C24,2023,81697.1
LT,C24,2020,35.5
LT,C24,2021,58.6
LT,C24,2022,59.6
LT,C24,2023,39.4
LT,C24,2024,65.2
LV,C24,2020,101.2
LV,C24,2021,137.2
LV,C24,2022,192.8
LV,C24,2023,206.2
MK,C24,2020,444.5
MK,C24,2021,720.0
MT,C24,2020,7.7
MT,C24,2021,24.5
MT,C24,2022,35.0
MT,C24,2023,39.4
MT,C24,2024,44.8
MT,C24,2025,49.4
NL,C24,2020,7439.0
NL,C24,2021,10774.0
NL,C24,2022,12969.0
NL,C24,2023,10008.0
NL,C24,2024,10020.0
NL,C24,2025,10339.0
NO,C24,2020,5451.0
NO,C24,2021,7769.0
NO,C24,2022,10387.3
NO,C24,2023,8266.1
PL,C24,2020,11026.6
PL,C24,2021,17727.6
PL,C24,2022,21288.7
PL,C24,2023,16825.6
PT,C24,2020,2651.0
PT,C24,2021,3896.1
PT,C24,2022,4620.3
PT,C24,2023,3866.6
PT,C24,2024,3752.0
RO,C24,2020,4418.5
RO,C24,2021,7134.0
RO,C24,2022,8401.7
RO,C24,2023,5793.7
RO,C24,2024,5293.3
RS,C24,2020,2260.0
RS,C24,2021,3157.1
RS,C24,2022,2891.3
RS,C24,2023,2970.2
RS,C24,2024,3883.2
SE,C24,2020,14569.3
SE,C24,2021,17150.2
SE,C24,2022,20167.5
SE,C24,2023,18181.3
SI,C24,2020,2136.4
SI,C24,2021,2833.9
SI,C24,2022,3783.6
SI,C24,2023,3132.0
SI,C24,2024,3065.3
SI,C24,2025,2894.3
SK,C24,2020,3937.2
SK,C24,2021,6908.0
SK,C24,2022,8095.8
SK,C24,2023,6397.4
SK,C24,2024,5670.6
TR,C24,2023,67841.5
AT,C24_C25,2020,30617.6
AT,C24_C25,2021,38861.2
AT,C24_C25,2022,47849.6
AT,C24_C25,2023,43829.7
AT,C24_C25,2024,42495.6
AT,C24_C25,2025,42783.7
BA,C24_C25,2020,1695.8
BA,C24_C25,2021,2574.0
BA,C24_C25,2022,3467.0
BA,C24_C25,2023,2747.1
BE,C24_C25,2020,31249.5
BE,C24_C25,2021,41792.1
BE,C24_C25,2022,49120.3
BE,C24_C25,2023,42607.2
BE,C24_C25,2024,41385.2
BG,C24_C25,2020,7237.9
BG,C24_C25,2021,9129.4
BG,C24_C25,2022,11901.2
BG,C24_C25,2023,11145.1
BG,C24_C25,2024,12805.4
CH,C24_C25,2020,21582.1
CH,C24_C25,2021,24654.5
CH,C24_C25,2022,30042.7
CH,C24_C25,2023,28718.0
CH,C24_C25,2024,28179.1
CY,C24_C25,2020,426.6
CY,C24_C25,2021,525.7
CY,C24_C25,2022,573.3
CY,C24_C25,2023,615.4
CZ,C24_C25,2020,21050.7
CZ,C24_C25,2021,27043.0
CZ,C24_C25,2022,32641.1
CZ,C24_C25,2023,30384.6
CZ,C24_C25,2024,29299.0
CZ,C24_C25,2025,30751.7
DE,C24_C25,2020,218223.0
DE,C24_C25,2021,262286.0
DE,C24_C25,2022,315430.0
DE,C24_C25,2023,303015.0
DE,C24_C25,2024,287217.0
DK,C24_C25,2020,8068.0
DK,C24_C25,2021,8869.5
DK,C24_C25,2022,10775.2
DK,C24_C25,2023,10338.9
DK,C24_C25,2024,10064.2
DK,C24_C25,2025,9688.1
EA12,C24_C25,2020,614398.0
EA12,C24_C25,2021,786436.0
EA12,C24_C25,2022,931139.7
EA12,C24_C25,2023,874040.4
EA19,C24_C25,2020,633641.7
EA19,C24_C25,2021,812455.8
EA19,C24_C25,2022,962843.4
EA19,C24_C25,2023,903285.1
EA20,C24_C25,2020,635705.8
EA20,C24_C25,2021,815052.1
EA20,C24_C25,2022,966025.3
EA20,C24_C25,2023,906794.9
EA21,C24_C25,2020,642943.8
EA21,C24_C25,2021,824181.7
EA21,C24_C25,2022,977926.7
EA21,C24_C25,2023,917940.2
EE,C24_C25,2020,1445.5
EE,C24_C25,2021,1856.8
EE,C24_C25,2022,2231.4
EE,C24_C25,2023,1992.7
EE,C24_C25,2024,1955.8
EE,C24_C25,2025,1983.9
EL,C24_C25,2020,7411.7
EL,C24_C25,2021,8336.2
EL,C24_C25,2022,12093.6
EL,C24_C25,2023,12657.3
EL,C24_C25,2024,13575.1
ES,C24_C25,2020,58682.0
ES,C24_C25,2021,79949.0
ES,C24_C25,2022,91752.0
ES,C24_C25,2023,84543.0
EU27_2020,C24_C25,2020,758170.4
EU27_2020,C24_C25,2021,972245.1
EU27_2020,C24_C25,2022,1154394.0
EU27_2020,C24_C25,2023,1078525.5
FI,C24_C25,2020,17319.0
FI,C24_C25,2021,21977.0
FI,C24_C25,2022,27858.0
FI,C24_C25,2023,23247.0
FI,C24_C25,2024,21505.0
FI,C24_C25,2025,20933.0
FR,C24_C25,2020,69219.0
FR,C24_C25,2021,84865.1
FR,C24_C25,2022,98662.1
FR,C24_C25,2023,95201.8
FR,C24_C25,2024,91234.1
FR,C24_C25,2025,89685.6
HR,C24_C25,2020,2064.1
HR,C24_C25,2021,2596.3
HR,C24_C25,2022,3181.9
HR,C24_C25,2023,3509.9
HR,C24_C25,2024,3366.7
HU,C24_C25,2020,7791.4
HU,C24_C25,2021,10060.6
HU,C24_C25,2022,11445.2
HU,C24_C25,2023,10467.3
HU,C24_C25,2024,9854.4
IE,C24_C25,2020,3888.1
IE,C24_C25,2021,3928.9
IE,C24_C25,2022,4318.0
IE,C24_C25,2023,4887.3
IE,C24_C25,2024,5379.1
IS,C24_C25,2020,1726.0
IS,C24_C25,2021,2413.1
IS,C24_C25,2022,3402.2
IS,C24_C25,2023,2714.0
IS,C24_C25,2024,2728.8
IS,C24_C25,2025,2789.1
IT,C24_C25,2020,137638.0
IT,C24_C25,2021,194448.5
IT,C24_C25,2022,224756.6
IT,C24_C25,2023,207675.8
IT,C24_C25,2024,203640.6
LI,C24_C25,2020,413.3
LI,C24_C25,2021,474.7
LI,C24_C25,2022,569.8
LT,C24_C25,2020,1288.0
LT,C24_C25,2021,1748.6
LT,C24_C25,2022,2161.6
LT,C24_C25,2023,2117.6
LT,C24_C25,2024,2216.9
LV,C24_C25,2020,938.6
LV,C24_C25,2021,1173.7
LV,C24_C25,2022,1333.2
LV,C24_C25,2023,1322.6
MK,C24_C25,2020,658.9
MK,C24_C25,2021,1001.8
MT,C24_C25,2020,168.3
MT,C24_C25,2021,218.0
MT,C24_C25,2022,259.2
MT,C24_C25,2023,251.6
MT,C24_C25,2024,257.4
MT,C24_C25,2025,271.3
NL,C24_C25,2020,28591.0
NL,C24_C25,2021,35266.0
NL,C24_C25,2022,41589.0
NL,C24_C25,2023,38095.0
NL,C24_C25,2024,37642.0
NL,C24_C25,2025,38149.0
NO,C24_C25,2020,9959.2
NO,C24_C25,2021,12985.1
NO,C24_C25,2022,16653.8
NO,C24_C25,2023,14412.1
NO,C24_C25,2024,14948.4
NO,C24_C25,2025,15928.5
PL,C24_C25,2020,41043.4
PL,C24_C25,2021,55477.5
PL,C24_C25,2022,67392.1
PL,C24_C25,2023,61523.6
PT,C24_C25,2020,9390.5
PT,C24_C25,2021,11862.3
PT,C24_C25,2022,13961.9
PT,C24_C25,2023,13635.3
PT,C24_C25,2024,13892.5
RO,C24_C25,2020,9377.8
RO,C24_C25,2021,13393.8
RO,C24_C25,2022,15978.9
RO,C24_C25,2023,13229.5
RO,C24_C25,2024,13308.8
RS,C24_C25,2020,4813.3
RS,C24_C25,2021,5855.7
RS,C24_C25,2022,5917.1
RS,C24_C25,2023,5998.6
RS,C24_C25,2024,7353.2
SE,C24_C25,2020,27895.3
SE,C24_C25,2021,33219.0
SE,C24_C25,2022,38221.1
SE,C24_C25,2023,34542.6
SI,C24_C25,2020,5229.8
SI,C24_C25,2021,6807.8
SI,C24_C25,2022,8685.3
SI,C24_C25,2023,7979.7
SI,C24_C25,2024,7712.6
SI,C24_C25,2025,7622.1
SK,C24_C25,2020,9679.6
SK,C24_C25,2021,13573.8
SK,C24_C25,2022,16224.4
SK,C24_C25,2023,14746.3
SK,C24_C25,2024,13771.6
TR,C24_C25,2023,113963.6
AT,C25,2020,15775.4
AT,C25,2021,19224.7
AT,C25,2022,22368.1
AT,C25,2023,20290.8
AT,C25,2024,19388.3
AT,C25,2025,19165.4
BA,C25,2020,1119.3
BA,C25,2021,1420.9
BA,C25,2022,1842.9
BA,C25,2023,1814.0
BE,C25,2020,12169.2
BE,C25,2021,14291.2
BE,C25,2022,15348.1
BE,C25,2023,14974.4
BG,C25,2020,1962.0
BG,C25,2021,2201.9
BG,C25,2022,3114.7
BG,C25,2023,3943.9
BG,C25,2024,4456.1
CH,C25,2020,17225.8
CH,C25,2021,19342.9
CH,C25,2022,22900.9
CH,C25,2023,22641.3
CH,C25,2024,22644.4
CY,C25,2020,358.7
CY,C25,2021,439.3
CY,C25,2022,479.9
CY,C25,2023,521.1
CZ,C25,2020,14425.8
CZ,C25,2021,17505.6
CZ,C25,2022,21512.7
CZ,C25,2023,21367.5
CZ,C25,2024,21144.8
CZ,C25,2025,22314.9
DE,C25,2020,126614.0
DE,C25,2021,144893.0
DE,C25,2022,166551.0
DE,C25,2023,165922.0
DE,C25,2024,159711.0
DK,C25,2020,6785.7
DK,C25,2021,7115.4
DK,C25,2022,8471.3
DK,C25,2023,8259.6
DK,C25,2024,8177.7
DK,C25,2025,7960.8
EA12,C25,2020,363836.7
EA12,C25,2021,431814.5
EA12,C25,2022,496778.4
EA12,C25,2023,494946.8
EA19,C25,2020,376716.4
EA19,C25,2021,447688.8
EA19,C25,2022,516103.0
EA19,C25,2023,514186.4
EA20,C25,2020,378571.9
EA20,C25,2021,449935.1
EA20,C25,2022,518825.6
EA20,C25,2023,517167.3
EA21,C25,2020,380534.0
EA21,C25,2021,452137.0
EA21,C25,2022,521940.3
EA21,C25,2023,521111.2
EE,C25,2020,1369.1
EE,C25,2021,1751.0
EE,C25,2022,2101.4
EE,C25,2023,1880.6
EE,C25,2024,1841.1
EE,C25,2025,1900.3
EL,C25,2020,2769.4
EL,C25,2021,3395.6
EL,C25,2022,3651.1
EL,C25,2023,3772.8
EL,C25,2024,3816.0
ES,C25,2020,34375.0
ES,C25,2021,41303.0
ES,C25,2022,48930.0
ES,C25,2023,48708.0
EU27_2020,C25,2020,455107.0
EU27_2020,C25,2021,543120.4
EU27_2020,C25,2022,631161.3
EU27_2020,C25,2023,626897.5
FI,C25,2020,7898.0
FI,C25,2021,8621.0
FI,C25,2022,10288.0
FI,C25,2023,9683.0
FI,C25,2024,8932.0
FI,C25,2025,9019.0
FR,C25,2020,47206.7
FR,C25,2021,54326.2
FR,C25,2022,60828.6
FR,C25,2023,63180.6
FR,C25,2024,60305.3
HR,C25,2020,1855.6
HR,C25,2021,2246.2
HR,C25,2022,2722.5
HR,C25,2023,2980.9
HR,C25,2024,2890.2
HU,C25,2020,5059.3
HU,C25,2021,6283.7
HU,C25,2022,7494.1
HU,C25,2023,7606.0
HU,C25,2024,6986.2
IE,C25,2020,2839.6
IE,C25,2021,2738.8
IE,C25,2022,3080.0
IE,C25,2023,3602.3
IE,C25,2024,3909.8
IS,C25,2020,247.0
IS,C25,2021,281.5
IS,C25,2022,362.5
IS,C25,2023,392.0
IS,C25,2024,429.6
IS,C25,2025,431.6
IT,C25,2020,84981.8
IT,C25,2021,108950.7
IT,C25,2022,125932.5
IT,C25,2023,125978.6
LT,C25,2020,1252.6
LT,C25,2021,1690.0
LT,C25,2022,2102.0
LT,C25,2023,2078.2
LT,C25,2024,2151.7
LV,C25,2020,837.4
LV,C25,2021,1036.5
LV,C25,2022,1140.4
LV,C25,2023,1116.4
MK,C25,2020,214.4
MK,C25,2021,281.8
MT,C25,2020,160.6
MT,C25,2021,193.5
MT,C25,2022,224.1
MT,C25,2023,212.2
MT,C25,2024,212.6
MT,C25,2025,221.9
NL,C25,2020,21152.0
NL,C25,2021,24492.0
NL,C25,2022,28620.0
NL,C25,2023,28087.0
NL,C25,2024,27622.0
NL,C25,2025,27810.0
NO,C25,2020,4508.2
NO,C25,2021,5216.0
NO,C25,2022,6266.5
NO,C25,2023,6146.0
PL,C25,2020,30016.9
PL,C25,2021,37749.9
PL,C25,2022,46103.4
PL,C25,2023,44697.9
PT,C25,2020,6739.5
PT,C25,2021,7966.2
PT,C25,2022,9341.6
PT,C25,2023,9768.7
PT,C25,2024,10140.5
RO,C25,2020,4959.3
RO,C25,2021,6259.9
RO,C25,2022,7577.2
RO,C25,2023,7435.9
RO,C25,2024,8015.5
RS,C25,2020,2553.3
RS,C25,2021,2698.6
RS,C25,2022,3025.9
RS,C25,2023,3028.3
RS,C25,2024,3470.0
SE,C25,2020,13326.1
SE,C25,2021,16068.9
SE,C25,2022,18053.6
SE,C25,2023,16361.4
SI,C25,2020,3093.3
SI,C25,2021,3973.9
SI,C25,2022,4901.7
SI,C25,2023,4847.7
SI,C25,2024,4647.3
SI,C25,2025,4727.8
SK,C25,2020,5742.4
SK,C25,2021,6665.8
SK,C25,2022,8128.6
SK,C25,2023,8348.9
SK,C25,2024,8101.0
TR,C25,2023,46122.2
AT,C26,2020,9406.3
AT,C26,2021,10959.9
AT,C26,2022,13356.2
AT,C26,2023,13441.3
AT,C26,2024,13251.2
AT,C26,2025,13894.0
BA,C26,2020,33.0
BA,C26,2021,41.8
BA,C26,2022,48.9
BA,C26,2023,59.7
BE,C26,2020,3788.8
BE,C26,2021,4252.9
BE,C26,2022,4881.2
BE,C26,2023,5172.9
BE,C26,2024,5055.1
BG,C26,2020,683.3
BG,C26,2021,935.2
BG,C26,2022,1274.6
BG,C26,2023,1271.7
BG,C26,2024,1254.0
CH,C26,2020,57012.7
CH,C26,2021,76277.5
CH,C26,2022,86819.3
CH,C26,2023,91702.1
CH,C26,2024,89613.9
CY,C26,2020,49.3
CY,C26,2021,71.1
CY,C26,2022,41.3
CY,C26,2023,48.2
CZ,C26,2020,12539.9
CZ,C26,2021,12610.8
CZ,C26,2022,13606.7
CZ,C26,2023,13291.7
CZ,C26,2024,14312.5
CZ,C26,2025,14659.3
DE,C26,2020,92686.0
DE,C26,2021,100246.0
DE,C26,2022,108625.0
DE,C26,2023,118371.0
DE,C26,2024,116241.0
DK,C26,2020,4616.2
DK,C26,2021,5144.1
DK,C26,2022,5830.9
DK,C26,2023,6391.0
DK,C26,2024,5892.6
DK,C26,2025,6568.3
EE,C26,2020,1215.4
EE,C26,2021,1287.5
EE,C26,2022,1572.8
EE,C26,2023,1510.5
EE,C26,2024,1390.9
EE,C26,2025,1411.4
EL,C26,2020,560.7
EL,C26,2021,895.9
EL,C26,2022,1114.3
EL,C26,2023,1172.3
EL,C26,2024,1253.4
ES,C26,2020,4832.0
ES,C26,2021,5418.0
ES,C26,2022,6025.0
ES,C26,2023,6767.0
FI,C26,2020,12072.0
FI,C26,2021,12286.0
FI,C26,2022,14427.0
FI,C26,2023,12107.0
FI,C26,2024,14160.0
FI,C26,2025,14335.0
FR,C26,2020,22998.1
FR,C26,2021,25350.8
FR,C26,2022,29098.3
FR,C26,2023,31977.2
FR,C26,2024,32368.8
FR,C26,2025,32571.4
HR,C26,2020,345.1
HR,C26,2021,326.2
HR,C26,2022,413.5
HR,C26,2023,457.5
HR,C26,2024,438.2
HU,C26,2020,12487.1
HU,C26,2021,13077.2
HU,C26,2022,14540.1
HU,C26,2023,13874.4
HU,C26,2024,13588.9
IS,C26,2020,29.7
IS,C26,2021,142.6
IS,C26,2022,253.4
IS,C26,2023,174.0
IS,C26,2024,171.9
IS,C26,2025,200.7
IT,C26,2020,22700.2
IT,C26,2021,26390.6
IT,C26,2022,29420.4
IT,C26,2023,30405.6
IT,C26,2024,30308.0
LI,C26,2020,246.4
LI,C26,2021,314.9
LI,C26,2022,400.4
LT,C26,2020,639.1
LT,C26,2021,1045.8
LT,C26,2022,1195.3
LT,C26,2023,1381.8
LT,C26,2024,1407.3
LV,C26,2020,481.9
LV,C26,2021,539.2
LV,C26,2022,602.3
LV,C26,2023,706.7
MK,C26,2020,115.8
MK,C26,2021,150.7
MT,C26,2022,817.9
MT,C26,2023,985.8
MT,C26,2024,936.1
MT,C26,2025,808.3
NL,C26,2020,23579.0
NL,C26,2021,16493.0
NL,C26,2022,18111.0
NL,C26,2023,18413.0
NL,C26,2024,18896.0
NL,C26,2025,18592.0
NO,C26,2020,2749.7
NO,C26,2021,3193.5
NO,C26,2022,3465.3
NO,C26,2023,3439.5
NO,C26,2024,3696.1
NO,C26,2025,4119.6
PL,C26,2020,10247.1
PL,C26,2021,13140.9
PL,C26,2022,14286.5
PL,C26,2023,13767.3
PT,C26,2020,2365.2
PT,C26,2021,2494.9
PT,C26,2022,3113.3
PT,C26,2023,3117.7
PT,C26,2024,3574.9
RO,C26,2020,2969.6
RO,C26,2021,3022.4
RO,C26,2022,3302.1
RO,C26,2023,3708.4
RO,C26,2024,3395.6
RS,C26,2020,383.5
RS,C26,2021,383.7
RS,C26,2022,511.2
RS,C26,2023,793.1
RS,C26,2024,1354.9
SE,C26,2020,5271.6
SE,C26,2021,6372.5
SE,C26,2022,7180.2
SE,C26,2023,7708.4
SI,C26,2020,785.9
SI,C26,2021,947.9
SI,C26,2022,1213.9
SI,C26,2023,1075.0
SI,C26,2024,986.3
SI,C26,2025,1007.8
SK,C26,2020,3653.5
SK,C26,2021,4067.6
SK,C26,2022,4145.5
SK,C26,2023,3502.4
SK,C26,2024,3576.9
TR,C26,2023,11582.3
AT,C27,2020,12355.9
AT,C27,2021,13534.7
AT,C27,2022,15376.6
AT,C27,2023,16106.5
AT,C27,2024,14712.1
AT,C27,2025,15720.2
BA,C27,2020,278.6
BA,C27,2021,397.7
BA,C27,2022,471.8
BA,C27,2023,580.8
BE,C27,2020,3334.9
BE,C27,2021,3308.6
BE,C27,2022,3574.4
BE,C27,2023,4122.7
BE,C27,2024,4108.4
BG,C27,2020,1846.0
BG,C27,2021,2086.1
BG,C27,2022,2572.7
BG,C27,2023,2689.2
BG,C27,2024,2517.5
CH,C27,2020,15835.0
CH,C27,2021,16634.7
CH,C27,2022,21976.7
CH,C27,2023,20485.5
CH,C27,2024,19538.1
CY,C27,2020,41.6
CY,C27,2021,51.6
CY,C27,2022,56.8
CY,C27,2023,60.4
CZ,C27,2020,11967.0
CZ,C27,2021,13966.3
CZ,C27,2022,16421.5
CZ,C27,2023,18039.1
CZ,C27,2024,17270.5
CZ,C27,2025,17541.4
DE,C27,2020,107048.0
DE,C27,2021,117527.0
DE,C27,2022,134044.0
DE,C27,2023,143414.0
DE,C27,2024,121813.0
DK,C27,2020,2565.5
DK,C27,2021,2839.9
DK,C27,2022,3298.8
DK,C27,2023,3158.1
DK,C27,2024,3187.7
DK,C27,2025,3528.6
EA12,C27,2020,216158.5
EA12,C27,2021,247589.0
EA12,C27,2022,279568.0
EA12,C27,2023,292018.9
EA19,C27,2020,224289.9
EA19,C27,2021,257806.6
EA19,C27,2022,291312.5
EA19,C27,2023,304927.9
EA20,C27,2020,225196.3
EA20,C27,2021,258848.3
EA20,C27,2022,292711.5
EA20,C27,2023,306520.8
EA21,C27,2020,227042.3
EA21,C27,2021,260934.4
EA21,C27,2022,295284.2
EA21,C27,2023,309210.0
EE,C27,2020,769.9
EE,C27,2021,818.1
EE,C27,2022,1010.0
EE,C27,2023,1038.4
EE,C27,2024,1046.3
EE,C27,2025,1208.6
EL,C27,2020,1587.9
EL,C27,2021,2239.6
EL,C27,2022,2693.6
EL,C27,2023,2616.1
EL,C27,2024,2724.1
ES,C27,2020,16162.0
ES,C27,2021,18163.0
ES,C27,2022,20673.0
ES,C27,2023,22523.0
EU27_2020,C27,2020,280443.2
EU27_2020,C27,2021,326356.8
EU27_2020,C27,2022,375746.3
EU27_2020,C27,2023,394949.0
FI,C27,2020,5230.0
FI,C27,2021,5513.0
FI,C27,2022,6837.0
FI,C27,2023,7694.0
FI,C27,2024,7455.0
FI,C27,2025,8133.0
FR,C27,2020,20083.8
FR,C27,2021,23375.5
FR,C27,2022,26297.1
FR,C27,2023,28201.9
FR,C27,2024,28178.9
FR,C27,2025,28834.8
HR,C27,2020,906.4
HR,C27,2021,1041.7
HR,C27,2022,1399.0
HR,C27,2023,1592.8
HR,C27,2024,1589.2
HU,C27,2020,6008.1
HU,C27,2021,8848.7
HU,C27,2022,13053.9
HU,C27,2023,15330.6
HU,C27,2024,13023.4
IE,C27,2020,1015.7
IE,C27,2021,1087.2
IE,C27,2022,1480.8
IE,C27,2023,1632.5
IE,C27,2024,1879.6
IS,C27,2020,82.1
IS,C27,2021,84.2
IS,C27,2022,94.3
IS,C27,2023,77.6
IS,C27,2024,66.4
IS,C27,2025,71.1
IT,C27,2020,36854.8
IT,C27,2021,48297.4
IT,C27,2022,52629.6
IT,C27,2023,49933.5
IT,C27,2024,49761.7
LI,C27,2020,94.3
LI,C27,2021,117.9
LI,C27,2022,163.4
LT,C27,2020,406.9
LT,C27,2021,508.0
LT,C27,2022,565.1
LT,C27,2023,576.3
LT,C27,2024,549.0
LV,C27,2020,358.2
LV,C27,2021,389.5
LV,C27,2022,486.4
LV,C27,2023,540.4
MK,C27,2020,140.4
MK,C27,2021,206.6
MT,C27,2020,68.8
MT,C27,2021,73.2
MT,C27,2022,82.5
MT,C27,2023,74.7
MT,C27,2024,83.0
MT,C27,2025,78.5
NL,C27,2020,9282.0
NL,C27,2021,10664.0
NL,C27,2022,11499.0
NL,C27,2023,13788.0
NL,C27,2024,14281.0
NL,C27,2025,14214.0
NO,C27,2020,2208.0
NO,C27,2021,2540.8
NO,C27,2022,2977.6
NO,C27,2023,3010.5
NO,C27,2024,3068.1
NO,C27,2025,3466.3
PL,C27,2020,19653.4
PL,C27,2021,24969.3
PL,C27,2022,30295.6
PL,C27,2023,30686.7
PT,C27,2020,2384.7
PT,C27,2021,2900.4
PT,C27,2022,3556.4
PT,C27,2023,3815.2
PT,C27,2024,3677.2
RO,C27,2020,7060.4
RO,C27,2021,7947.8
RO,C27,2022,9480.2
RO,C27,2023,9686.2
RO,C27,2024,9646.3
RS,C27,2020,1393.5
RS,C27,2021,1689.7
RS,C27,2022,1846.9
RS,C27,2023,1816.8
RS,C27,2024,1899.3
SE,C27,2020,6146.4
SE,C27,2021,6850.2
SE,C27,2022,7895.9
SE,C27,2023,8864.1
SI,C27,2020,2985.6
SI,C27,2021,3964.3
SI,C27,2022,4449.9
SI,C27,2023,4435.1
SI,C27,2024,4817.7
SI,C27,2025,4979.6
SK,C27,2020,3479.7
SK,C27,2021,4376.0
SK,C27,2022,5027.3
SK,C27,2023,6113.5
SK,C27,2024,5642.4
TR,C27,2023,35745.6
AT,C28,2020,23731.1
AT,C28,2021,27477.9
AT,C28,2022,31368.9
AT,C28,2023,34046.8
AT,C28,2024,32629.9
AT,C28,2025,32395.6
BA,C28,2020,174.2
BA,C28,2021,224.8
BA,C28,2022,249.7
BA,C28,2023,272.0
BE,C28,2020,10062.5
BE,C28,2021,11489.8
BE,C28,2022,14960.8
BE,C28,2023,16171.9
BE,C28,2024,14833.5
BG,C28,2020,1681.9
BG,C28,2021,2061.3
BG,C28,2022,2643.8
BG,C28,2023,2502.6
BG,C28,2024,2296.2
CH,C28,2020,25270.6
CH,C28,2021,28333.2
CH,C28,2022,34483.6
CH,C28,2023,35588.0
CH,C28,2024,36009.9
CY,C28,2020,56.5
CY,C28,2021,60.3
CY,C28,2022,64.3
CY,C28,2023,69.5
CZ,C28,2020,12806.1
CZ,C28,2021,14740.5
CZ,C28,2022,17593.3
CZ,C28,2023,18598.0
CZ,C28,2024,16845.1
CZ,C28,2025,17492.6
DE,C28,2020,244000.0
DE,C28,2021,268576.0
DE,C28,2022,296645.0
DE,C28,2023,314639.0
DE,C28,2024,315689.0
DK,C28,2020,18560.9
DK,C28,2021,20231.2
DK,C28,2022,21150.0
DK,C28,2023,22355.7
DK,C28,2024,23665.7
DK,C28,2025,24243.9
EA12,C28,2020,508964.5
EA12,C28,2021,576714.1
EA12,C28,2022,645786.3
EA12,C28,2023,689556.8
EA19,C28,2020,517481.2
EA19,C28,2021,586907.3
EA19,C28,2022,657911.5
EA19,C28,2023,701854.4
EA20,C28,2020,518382.2
EA20,C28,2021,588004.6
EA20,C28,2022,659170.5
EA20,C28,2023,703404.0
EA21,C28,2020,520064.1
EA21,C28,2021,590065.9
EA21,C28,2022,661814.3
EA21,C28,2023,705906.6
EE,C28,2020,468.3
EE,C28,2021,555.3
EE,C28,2022,726.8
EE,C28,2023,703.4
EE,C28,2024,691.0
EE,C28,2025,730.7
EL,C28,2020,864.6
EL,C28,2021,1037.1
EL,C28,2022,1277.4
EL,C28,2023,1332.9
EL,C28,2024,1368.0
ES,C28,2020,20674.0
ES,C28,2021,23529.0
ES,C28,2022,25878.0
ES,C28,2023,27875.0
EU27_2020,C28,2020,593412.8
EU27_2020,C28,2021,676255.3
EU27_2020,C28,2022,759446.3
EU27_2020,C28,2023,807291.8
FI,C28,2020,15964.0
FI,C28,2021,17233.0
FI,C28,2022,18403.0
FI,C28,2023,19802.0
FI,C28,2024,20315.0
FI,C28,2025,20516.0
FR,C28,2020,34466.3
FR,C28,2021,38891.1
FR,C28,2022,42189.8
FR,C28,2023,44909.1
FR,C28,2024,42431.3
FR,C28,2025,42047.9
HR,C28,2020,901.0
HR,C28,2021,1097.3
HR,C28,2022,1259.0
HR,C28,2023,1549.5
HR,C28,2024,1328.0
HU,C28,2020,5589.1
HU,C28,2021,6432.0
HU,C28,2022,8143.1
HU,C28,2023,8615.5
HU,C28,2024,8097.4
IE,C28,2020,2989.7
IE,C28,2021,3018.4
IE,C28,2022,3709.4
IE,C28,2023,4039.7
IE,C28,2024,4055.0
IS,C28,2020,309.4
IS,C28,2021,328.6
IS,C28,2022,366.7
IS,C28,2023,400.4
IS,C28,2024,347.0
IS,C28,2025,374.6
IT,C28,2020,115481.2
IT,C28,2021,138927.2
IT,C28,2022,157908.6
IT,C28,2023,162497.4
IT,C28,2024,155714.4
LI,C28,2020,3128.9
LI,C28,2021,3718.0
LI,C28,2022,4286.6
LT,C28,2020,599.2
LT,C28,2021,635.9
LT,C28,2022,751.8
LT,C28,2023,739.6
LT,C28,2024,702.2
LV,C28,2020,270.4
LV,C28,2021,335.3
LV,C28,2022,390.9
LV,C28,2023,360.0
MK,C28,2020,1749.6
MK,C28,2021,2106.4
MT,C28,2020,52.9
MT,C28,2021,59.9
MT,C28,2022,62.7
MT,C28,2023,71.6
MT,C28,2024,85.0
MT,C28,2025,83.0
NL,C28,2020,36404.0
NL,C28,2021,41396.0
NL,C28,2022,47762.0
NL,C28,2023,57224.0
NL,C28,2024,60082.0
NL,C28,2025,67168.0
NO,C28,2020,4909.9
NO,C28,2021,5268.0
NO,C28,2022,5862.6
NO,C28,2023,5463.2
NO,C28,2024,5655.3
NO,C28,2025,6332.2
PL,C28,2020,11711.5
PL,C28,2021,13639.7
PL,C28,2022,16322.3
PL,C28,2023,17710.3
PT,C28,2020,2611.8
PT,C28,2021,3140.4
PT,C28,2022,3612.5
PT,C28,2023,3885.1
PT,C28,2024,3820.6
RO,C28,2020,4191.3
RO,C28,2021,5339.3
RO,C28,2022,5784.5
RO,C28,2023,5122.1
RO,C28,2024,5088.3
RS,C28,2020,831.0
RS,C28,2021,974.9
RS,C28,2022,1175.7
RS,C28,2023,1286.5
RS,C28,2024,1310.1
SE,C28,2020,20489.8
SE,C28,2021,25806.6
SE,C28,2022,28629.2
SE,C28,2023,29271.4
SI,C28,2020,2130.5
SI,C28,2021,2514.5
SI,C28,2022,2996.4
SI,C28,2023,3226.1
SI,C28,2024,3093.6
SI,C28,2025,3004.7
SK,C28,2020,4906.8
SK,C28,2021,5984.9
SK,C28,2022,7044.1
SK,C28,2023,7040.1
SK,C28,2024,6996.8
TR,C28,2023,35580.4
AT,C29,2020,15604.4
AT,C29,2021,17029.7
AT,C29,2022,17841.9
AT,C29,2023,19306.2
AT,C29,2024,18687.2
AT,C29,2025,19980.8
BA,C29,2020,218.2
BA,C29,2021,284.1
BA,C29,2022,340.5
BA,C29,2023,368.8
BE,C29,2020,12829.3
BE,C29,2021,13747.8
BE,C29,2022,17135.7
BE,C29,2023,19876.8
BG,C29,2020,1396.3
BG,C29,2021,1851.2
BG,C29,2022,2285.6
BG,C29,2023,2453.7
BG,C29,2024,2364.6
CH,C29,2020,3622.2
CH,C29,2021,3911.9
CH,C29,2022,4033.5
CH,C29,2023,4216.0
CH,C29,2024,4352.0
CY,C29,2020,11.8
CY,C29,2021,13.6
CY,C29,2022,15.4
CY,C29,2023,22.0
CZ,C29,2020,45096.0
CZ,C29,2021,51028.3
CZ,C29,2022,59730.6
CZ,C29,2023,72185.6
CZ,C29,2024,72662.8
CZ,C29,2025,74751.9
DE,C29,2020,336307.0
DE,C29,2021,369915.0
DE,C29,2022,420924.0
DE,C29,2023,468254.0
DE,C29,2024,452867.0
DK,C29,2020,714.4
DK,C29,2021,905.5
DK,C29,2022,937.6
DK,C29,2023,1055.8
DK,C29,2024,1010.1
DK,C29,2025,1023.7
EE,C29,2020,396.1
EE,C29,2021,516.5
EE,C29,2022,644.6
EE,C29,2023,660.8
EE,C29,2024,578.6
EE,C29,2025,578.7
EL,C29,2020,115.2
EL,C29,2021,122.4
EL,C29,2022,137.2
EL,C29,2023,160.3
EL,C29,2024,149.3
ES,C29,2020,59700.0
ES,C29,2021,60737.0
ES,C29,2022,71293.0
ES,C29,2023,82433.0
FI,C29,2020,2010.0
FI,C29,2021,2147.0
FI,C29,2022,2156.0
FI,C29,2023,2250.0
FI,C29,2024,2107.0
FI,C29,2025,2146.0
FR,C29,2020,63884.4
FR,C29,2021,69914.2
FR,C29,2022,77927.6
FR,C29,2023,84110.3
FR,C29,2024,76827.0
HR,C29,2020,220.3
HR,C29,2021,238.2
HR,C29,2022,371.1
HR,C29,2023,354.0
HR,C29,2024,308.5
HU,C29,2020,26221.1
HU,C29,2021,25824.3
HU,C29,2022,30620.4
HU,C29,2023,35078.9
HU,C29,2024,32845.7
IS,C29,2020,7.4
IS,C29,2021,8.3
IS,C29,2022,10.5
IS,C29,2023,11.3
IS,C29,2024,12.7
IS,C29,2025,10.6
IT,C29,2020,54522.1
IT,C29,2021,65570.9
IT,C29,2022,74296.0
IT,C29,2023,84385.1
LT,C29,2020,438.0
LT,C29,2021,574.8
LT,C29,2022,755.5
LT,C29,2023,990.7
LT,C29,2024,1127.5
LV,C29,2020,206.1
LV,C29,2021,272.2
LV,C29,2022,337.2
LV,C29,2023,327.3
MK,C29,2020,620.1
MK,C29,2021,679.8
MT,C29,2020,158.4
MT,C29,2021,189.0
NL,C29,2020,13346.0
NL,C29,2021,13156.0
NL,C29,2022,15733.0
NL,C29,2023,17676.0
NL,C29,2024,12700.0
NL,C29,2025,12267.0
NO,C29,2020,794.6
NO,C29,2021,1062.3
NO,C29,2022,1185.5
NO,C29,2023,869.2
PL,C29,2020,32621.2
PL,C29,2021,36871.8
PL,C29,2022,44474.5
PL,C29,2023,53007.9
PT,C29,2020,9831.4
PT,C29,2021,10697.6
PT,C29,2022,12613.2
PT,C29,2023,13435.0
PT,C29,2024,13710.0
RO,C29,2020,18285.1
RO,C29,2021,18950.0
RO,C29,2022,22568.0
RO,C29,2023,25815.9
RO,C29,2024,24969.4
RS,C29,2020,2806.9
RS,C29,2021,3152.5
RS,C29,2022,3379.8
RS,C29,2023,4276.7
RS,C29,2024,4780.0
SE,C29,2020,30900.2
SE,C29,2021,35756.5
SE,C29,2022,37804.6
SE,C29,2023,45414.7
SI,C29,2020,3393.5
SI,C29,2021,3572.6
SI,C29,2022,3473.6
SI,C29,2023,3669.3
SI,C29,2024,3640.9
SI,C29,2025,3316.6
SK,C29,2020,28331.3
SK,C29,2021,30080.8
SK,C29,2022,33509.7
SK,C29,2023,38738.6
SK,C29,2024,38706.7
TR,C29,2023,56855.4
AT,C29_C30,2020,20560.1
AT,C29_C30,2021,22393.3
AT,C29_C30,2022,23902.9
AT,C29_C30,2023,25971.9
AT,C29_C30,2024,25032.9
AT,C29_C30,2025,25628.6
BA,C29_C30,2020,219.7
BA,C29_C30,2021,294.2
BA,C29_C30,2022,352.4
BA,C29_C30,2023,384.1
BE,C29_C30,2020,14425.3
BE,C29_C30,2021,15411.1
BE,C29_C30,2022,19239.2
BE,C29_C30,2023,22241.4
BE,C29_C30,2024,17819.3
BG,C29_C30,2020,1998.0
BG,C29_C30,2021,2636.3
BG,C29_C30,2022,3387.4
BG,C29_C30,2023,3554.2
BG,C29_C30,2024,3215.6
CH,C29_C30,2020,8623.6
CH,C29_C30,2021,9106.5
CH,C29_C30,2022,10091.5
CH,C29_C30,2023,10151.6
CH,C29_C30,2024,10349.2
CY,C29_C30,2020,16.7
CY,C29_C30,2021,21.7
CY,C29_C30,2022,33.2
CY,C29_C30,2023,42.5
CZ,C29_C30,2020,47774.4
CZ,C29_C30,2021,54155.5
CZ,C29_C30,2022,63801.9
CZ,C29_C30,2023,77196.4
CZ,C29_C30,2024,77895.2
CZ,C29_C30,2025,80565.2
DE,C29_C30,2020,384112.0
DE,C29_C30,2021,415965.0
DE,C29_C30,2022,475932.0
DE,C29_C30,2023,529172.0
DE,C29_C30,2024,521503.0
DK,C29_C30,2020,1509.7
DK,C29_C30,2021,1751.4
DK,C29_C30,2022,1884.3
DK,C29_C30,2023,2109.1
DK,C29_C30,2024,2117.1
DK,C29_C30,2025,2318.4
EA12,C29_C30,2020,761550.1
EA12,C29_C30,2021,823238.6
EA12,C29_C30,2022,947138.5
EA12,C29_C30,2023,1057611.1
EA19,C29_C30,2020,795756.9
EA19,C29_C30,2021,859868.2
EA19,C29_C30,2022,988035.1
EA19,C29_C30,2023,1104468.6
EA20,C29_C30,2020,796271.7
EA20,C29_C30,2021,860466.2
EA20,C29_C30,2022,988903.0
EA20,C29_C30,2023,1105415.1
EA21,C29_C30,2020,798269.8
EA21,C29_C30,2021,863102.6
EA21,C29_C30,2022,992290.5
EA21,C29_C30,2023,1108969.4
EE,C29_C30,2020,522.3
EE,C29_C30,2021,632.3
EE,C29_C30,2022,801.9
EE,C29_C30,2023,820.1
EE,C29_C30,2024,766.1
EE,C29_C30,2025,844.7
EL,C29_C30,2020,635.6
EL,C29_C30,2021,684.4
EL,C29_C30,2022,877.7
EL,C29_C30,2023,926.2
EL,C29_C30,2024,1111.4
ES,C29_C30,2020,75164.0
ES,C29_C30,2021,76695.0
ES,C29_C30,2022,90010.0
ES,C29_C30,2023,104458.0
EU27_2020,C29_C30,2020,970090.7
EU27_2020,C29_C30,2021,1052391.0
EU27_2020,C29_C30,2022,1210819.5
EU27_2020,C29_C30,2023,1367441.5
FI,C29_C30,2020,4392.0
FI,C29_C30,2021,4741.0
FI,C29_C30,2022,5188.0
FI,C29_C30,2023,5637.0
FI,C29_C30,2024,6098.0
FI,C29_C30,2025,7089.0
FR,C29_C30,2020,142634.9
FR,C29_C30,2021,152583.5
FR,C29_C30,2022,175812.3
FR,C29_C30,2023,195358.9
FR,C29_C30,2024,198138.1
FR,C29_C30,2025,213033.2
HR,C29_C30,2020,514.9
HR,C29_C30,2021,598.1
HR,C29_C30,2022,867.8
HR,C29_C30,2023,946.5
HR,C29_C30,2024,871.6
HU,C29_C30,2020,27262.8
HU,C29_C30,2021,26990.0
HU,C29_C30,2022,32095.7
HU,C29_C30,2023,36792.2
HU,C29_C30,2024,34478.0
IE,C29_C30,2020,1019.7
IE,C29_C30,2021,795.7
IE,C29_C30,2022,888.1
IE,C29_C30,2023,1003.9
IE,C29_C30,2024,1023.8
IS,C29_C30,2020,19.7
IS,C29_C30,2021,21.8
IS,C29_C30,2022,20.5
IS,C29_C30,2023,22.7
IS,C29_C30,2024,23.0
IS,C29_C30,2025,23.0
IT,C29_C30,2020,83371.5
IT,C29_C30,2021,97652.3
IT,C29_C30,2022,111035.2
IT,C29_C30,2023,125629.6
IT,C29_C30,2024,116100.7
LI,C29_C30,2020,667.0
LI,C29_C30,2021,700.2
LI,C29_C30,2022,703.2
LT,C29_C30,2020,780.0
LT,C29_C30,2021,990.8
LT,C29_C30,2022,1354.0
LT,C29_C30,2023,1678.2
LT,C29_C30,2024,1776.1
LV,C29_C30,2020,292.0
LV,C29_C30,2021,372.9
LV,C29_C30,2022,476.2
LV,C29_C30,2023,511.6
MK,C29_C30,2020,641.9
MK,C29_C30,2021,704.1
MT,C29_C30,2020,160.2
MT,C29_C30,2021,191.2
MT,C29_C30,2022,236.4
MT,C29_C30,2023,232.6
MT,C29_C30,2024,287.7
MT,C29_C30,2025,312.1
NL,C29_C30,2020,21668.0
NL,C29_C30,2021,21385.0
NL,C29_C30,2022,25363.0
NL,C29_C30,2023,28265.0
NL,C29_C30,2024,23703.0
NL,C29_C30,2025,23164.0
NO,C29_C30,2020,6141.4
NO,C29_C30,2021,6526.5
NO,C29_C30,2022,6880.8
NO,C29_C30,2023,6962.7
NO,C29_C30,2024,7996.3
NO,C29_C30,2025,8830.0
PL,C29_C30,2020,39650.5
PL,C29_C30,2021,44153.4
PL,C29_C30,2022,52745.6
PL,C29_C30,2023,62268.4
PT,C29_C30,2020,10754.7
PT,C29_C30,2021,11812.3
PT,C29_C30,2022,14030.2
PT,C29_C30,2023,14804.4
PT,C29_C30,2024,15117.4
RO,C29_C30,2020,20134.3
RO,C29_C30,2021,21110.5
RO,C29_C30,2022,25019.8
RO,C29_C30,2023,28697.3
RO,C29_C30,2024,28314.4
RS,C29_C30,2020,2855.7
RS,C29_C30,2021,3271.5
RS,C29_C30,2022,3537.7
RS,C29_C30,2023,4462.0
RS,C29_C30,2024,4968.9
SE,C29_C30,2020,35489.3
SE,C29_C30,2021,41127.6
SE,C29_C30,2022,42942.0
SE,C29_C30,2023,51481.1
SI,C29_C30,2020,3497.8
SI,C29_C30,2021,3698.8
SI,C29_C30,2022,3619.7
SI,C29_C30,2023,3853.6
SI,C29_C30,2024,3829.1
SI,C29_C30,2025,3485.4
SK,C29_C30,2020,28899.0
SK,C29_C30,2021,30651.5
SK,C29_C30,2022,34216.8
SK,C29_C30,2023,39530.5
SK,C29_C30,2024,39457.2
TR,C29_C30,2023,73684.1
AT,C30,2020,4955.7
AT,C30,2021,5363.6
AT,C30,2022,6061.0
AT,C30,2023,6665.6
AT,C30,2024,6345.7
AT,C30,2025,5647.8
BA,C30,2020,1.6
BA,C30,2021,10.1
BA,C30,2022,11.9
BA,C30,2023,15.3
BE,C30,2020,1596.0
BE,C30,2021,1663.3
BE,C30,2022,2103.5
BE,C30,2023,2364.6
BG,C30,2020,601.7
BG,C30,2021,785.2
BG,C30,2022,1101.8
BG,C30,2023,1100.5
BG,C30,2024,851.0
CH,C30,2020,5001.3
CH,C30,2021,5194.6
CH,C30,2022,6058.0
CH,C30,2023,5935.6
CH,C30,2024,5997.2
CY,C30,2020,4.9
CY,C30,2021,8.2
CY,C30,2022,17.8
CY,C30,2023,20.5
CZ,C30,2020,2678.4
CZ,C30,2021,3127.3
CZ,C30,2022,4071.3
CZ,C30,2023,5010.9
CZ,C30,2024,5232.4
CZ,C30,2025,5813.4
DE,C30,2020,47805.0
DE,C30,2021,46050.0
DE,C30,2022,55008.0
DE,C30,2023,60918.0
DE,C30,2024,68636.0
DK,C30,2020,795.3
DK,C30,2021,846.0
DK,C30,2022,946.7
DK,C30,2023,1053.3
DK,C30,2024,1107.0
DK,C30,2025,1294.6
EE,C30,2020,126.2
EE,C30,2021,115.8
EE,C30,2022,157.3
EE,C30,2023,159.3
EE,C30,2024,187.5
EE,C30,2025,266.0
EL,C30,2020,520.4
EL,C30,2021,561.9
EL,C30,2022,740.5
EL,C30,2023,765.9
EL,C30,2024,962.2
ES,C30,2020,15464.0
ES,C30,2021,15958.0
ES,C30,2022,18717.0
ES,C30,2023,22025.0
FI,C30,2020,2382.0
FI,C30,2021,2594.0
FI,C30,2022,3032.0
FI,C30,2023,3387.0
FI,C30,2024,3991.0
FI,C30,2025,4943.0
FR,C30,2020,78750.5
FR,C30,2021,82669.3
FR,C30,2022,97884.7
FR,C30,2023,111248.6
FR,C30,2024,121311.1
HR,C30,2020,294.6
HR,C30,2021,359.9
HR,C30,2022,496.8
HR,C30,2023,592.5
HR,C30,2024,563.1
HU,C30,2020,1041.7
HU,C30,2021,1165.7
HU,C30,2022,1475.3
HU,C30,2023,1713.3
HU,C30,2024,1632.3
IS,C30,2020,12.3
IS,C30,2021,13.4
IS,C30,2022,10.0
IS,C30,2023,11.4
IS,C30,2024,10.3
IS,C30,2025,12.4
IT,C30,2020,28849.4
IT,C30,2021,32081.4
IT,C30,2022,36739.2
IT,C30,2023,41244.5
LT,C30,2020,342.0
LT,C30,2021,416.0
LT,C30,2022,598.5
LT,C30,2023,687.5
LT,C30,2024,648.6
LV,C30,2020,86.0
LV,C30,2021,100.7
LV,C30,2022,139.0
LV,C30,2023,184.4
MK,C30,2020,21.7
MK,C30,2021,24.2
MT,C30,2020,1.8
MT,C30,2021,2.2
NL,C30,2020,8322.0
NL,C30,2021,8229.0
NL,C30,2022,9630.0
NL,C30,2023,10589.0
NL,C30,2024,11003.0
NL,C30,2025,10897.0
NO,C30,2020,5346.8
NO,C30,2021,5464.3
NO,C30,2022,5695.3
NO,C30,2023,6093.5
PL,C30,2020,7029.3
PL,C30,2021,7281.6
PL,C30,2022,8271.1
PL,C30,2023,9260.5
PT,C30,2020,923.3
PT,C30,2021,1114.7
PT,C30,2022,1417.0
PT,C30,2023,1369.3
PT,C30,2024,1407.3
RO,C30,2020,1849.2
RO,C30,2021,2160.5
RO,C30,2022,2451.8
RO,C30,2023,2881.5
RO,C30,2024,3345.0
RS,C30,2020,48.8
RS,C30,2021,119.0
RS,C30,2022,157.8
RS,C30,2023,185.4
RS,C30,2024,188.9
SE,C30,2020,4589.1
SE,C30,2021,5371.1
SE,C30,2022,5137.4
SE,C30,2023,6066.4
SI,C30,2020,104.3
SI,C30,2021,126.2
SI,C30,2022,146.1
SI,C30,2023,184.3
SI,C30,2024,188.1
SI,C30,2025,168.8
SK,C30,2020,567.7
SK,C30,2021,570.7
SK,C30,2022,707.1
SK,C30,2023,791.9
SK,C30,2024,750.5
TR,C30,2023,16828.7
AT,C31-C33,2020,13072.7
AT,C31-C33,2021,14989.4
AT,C31-C33,2022,17068.8
AT,C31-C33,2023,14886.0
AT,C31-C33,2024,13424.7
AT,C31-C33,2025,14806.2
BA,C31-C33,2020,522.8
BA,C31-C33,2021,656.3
BA,C31-C33,2022,744.7
BA,C31-C33,2023,771.4
BE,C31-C33,2020,9389.2
BE,C31-C33,2021,9557.9
BE,C31-C33,2022,11477.4
BE,C31-C33,2023,11647.9
BE,C31-C33,2024,11890.1
BG,C31-C33,2020,1729.1
BG,C31-C33,2021,2139.6
BG,C31-C33,2022,2675.9
BG,C31-C33,2023,2704.1
BG,C31-C33,2024,2810.0
CH,C31-C33,2020,18515.5
CH,C31-C33,2021,20539.6
CH,C31-C33,2022,23882.0
CH,C31-C33,2023,24859.4
CH,C31-C33,2024,26254.9
CY,C31-C33,2020,268.7
CY,C31-C33,2021,308.4
CY,C31-C33,2022,369.6
CY,C31-C33,2023,379.1
CZ,C31-C33,2020,9368.2
CZ,C31-C33,2021,10581.2
CZ,C31-C33,2022,12505.9
CZ,C31-C33,2023,13073.4
CZ,C31-C33,2024,12942.4
CZ,C31-C33,2025,13614.2
DE,C31-C33,2020,101807.0
DE,C31-C33,2021,107737.0
DE,C31-C33,2022,122192.0
DE,C31-C33,2023,130125.0
DE,C31-C33,2024,138166.0
DK,C31-C33,2020,8027.9
DK,C31-C33,2021,9690.9
DK,C31-C33,2022,11357.2
DK,C31-C33,2023,13243.0
DK,C31-C33,2024,13793.6
DK,C31-C33,2025,14859.9
EA12,C31-C33,2020,337423.9
EA12,C31-C33,2021,373064.1
EA12,C31-C33,2022,419102.6
EA12,C31-C33,2023,438773.2
EA19,C31-C33,2020,348045.0
EA19,C31-C33,2021,385421.4
EA19,C31-C33,2022,433794.3
EA19,C31-C33,2023,453431.4
EA20,C31-C33,2020,349434.6
EA20,C31-C33,2021,387089.3
EA20,C31-C33,2022,435985.5
EA20,C31-C33,2023,455932.2
EA21,C31-C33,2020,351163.7
EA21,C31-C33,2021,389228.9
EA21,C31-C33,2022,438661.4
EA21,C31-C33,2023,458636.3
EE,C31-C33,2020,1296.4
EE,C31-C33,2021,1479.5
EE,C31-C33,2022,1610.3
EE,C31-C33,2023,1687.5
EE,C31-C33,2024,1718.0
EE,C31-C33,2025,1820.0
EL,C31-C33,2020,1128.5
EL,C31-C33,2021,1402.6
EL,C31-C33,2022,1417.7
EL,C31-C33,2023,1853.8
EL,C31-C33,2024,1883.9
ES,C31-C33,2020,23173.0
ES,C31-C33,2021,24777.0
ES,C31-C33,2022,27501.0
ES,C31-C33,2023,28417.0
EU27_2020,C31-C33,2020,413737.6
EU27_2020,C31-C33,2021,459763.3
EU27_2020,C31-C33,2022,519027.2
EU27_2020,C31-C33,2023,544502.6
FI,C31-C33,2020,5352.0
FI,C31-C33,2021,5642.0
FI,C31-C33,2022,6278.0
FI,C31-C33,2023,6261.0
FI,C31-C33,2024,6779.0
FI,C31-C33,2025,6594.0
FR,C31-C33,2020,76829.8
FR,C31-C33,2021,85677.6
FR,C31-C33,2022,95018.2
FR,C31-C33,2023,102414.2
FR,C31-C33,2024,110872.6
FR,C31-C33,2025,115886.6
HR,C31-C33,2020,1389.6
HR,C31-C33,2021,1667.9
HR,C31-C33,2022,2191.1
HR,C31-C33,2023,2500.9
HR,C31-C33,2024,2356.3
HU,C31-C33,2020,3769.9
HU,C31-C33,2021,4278.6
HU,C31-C33,2022,4887.0
HU,C31-C33,2023,5298.8
HU,C31-C33,2024,5442.5
IE,C31-C33,2020,20774.1
IE,C31-C33,2021,23005.0
IE,C31-C33,2022,25382.6
IE,C31-C33,2023,27580.9
IE,C31-C33,2024,27026.0
IS,C31-C33,2020,496.7
IS,C31-C33,2021,549.6
IS,C31-C33,2022,681.7
IS,C31-C33,2023,723.0
IS,C31-C33,2024,767.7
IS,C31-C33,2025,902.5
IT,C31-C33,2020,59814.5
IT,C31-C33,2021,72088.2
IT,C31-C33,2022,81250.9
IT,C31-C33,2023,84132.3
IT,C31-C33,2024,87556.0
LI,C31-C33,2020,557.9
LI,C31-C33,2021,707.5
LI,C31-C33,2022,822.2
LT,C31-C33,2020,3439.1
LT,C31-C33,2021,4275.0
LT,C31-C33,2022,5135.6
LT,C31-C33,2023,4892.0
LT,C31-C33,2024,5050.3
LV,C31-C33,2020,719.3
LV,C31-C33,2021,901.6
LV,C31-C33,2022,1034.1
LV,C31-C33,2023,962.7
MK,C31-C33,2020,132.8
MK,C31-C33,2021,143.7
MT,C31-C33,2020,482.9
MT,C31-C33,2021,470.1
MT,C31-C33,2022,583.0
MT,C31-C33,2023,642.3
MT,C31-C33,2024,704.5
MT,C31-C33,2025,708.5
NL,C31-C33,2020,19778.0
NL,C31-C33,2021,21056.0
NL,C31-C33,2022,23584.0
NL,C31-C33,2023,25168.0
NL,C31-C33,2024,26960.0
NL,C31-C33,2025,29606.0
NO,C31-C33,2020,6667.0
NO,C31-C33,2021,6916.3
NO,C31-C33,2022,8000.2
NO,C31-C33,2023,7384.7
NO,C31-C33,2024,8097.9
NO,C31-C33,2025,8722.9
PL,C31-C33,2020,27242.2
PL,C31-C33,2021,30607.9
PL,C31-C33,2022,35131.1
PL,C31-C33,2023,37618.9
PT,C31-C33,2020,5160.3
PT,C31-C33,2021,5828.3
PT,C31-C33,2022,6509.3
PT,C31-C33,2023,7171.6
PT,C31-C33,2024,7652.6
RO,C31-C33,2020,5874.3
RO,C31-C33,2021,6235.2
RO,C31-C33,2022,7286.0
RO,C31-C33,2023,7616.6
RO,C31-C33,2024,7528.2
RS,C31-C33,2020,1353.6
RS,C31-C33,2021,1276.8
RS,C31-C33,2022,1376.5
RS,C31-C33,2023,1382.7
RS,C31-C33,2024,1428.7
SE,C31-C33,2020,8291.3
SE,C31-C33,2021,9140.6
SE,C31-C33,2022,9193.0
SE,C31-C33,2023,9008.2
SI,C31-C33,2020,1528.2
SI,C31-C33,2021,1804.9
SI,C31-C33,2022,2048.4
SI,C31-C33,2023,2125.4
SI,C31-C33,2024,2178.9
SI,C31-C33,2025,2118.5
SK,C31-C33,2020,2708.1
SK,C31-C33,2021,2803.1
SK,C31-C33,2022,3309.4
SK,C31-C33,2023,3405.8
SK,C31-C33,2024,3556.0
TR,C31-C33,2023,37365.9
AT,C31_C32,2020,8023.7
AT,C31_C32,2021,9241.3
AT,C31_C32,2022,10679.7
AT,C31_C32,2023,8471.7
AT,C31_C32,2024,7318.9
AT,C31_C32,2025,8356.7
BA,C31_C32,2020,454.1
BA,C31_C32,2021,568.6
BA,C31_C32,2022,639.4
BA,C31_C32,2023,629.6
BE,C31_C32,2020,4101.6
BE,C31_C32,2021,4619.0
BE,C31_C32,2022,4840.9
BE,C31_C32,2023,4879.0
BG,C31_C32,2020,1068.7
BG,C31_C32,2021,1387.7
BG,C31_C32,2022,1711.8
BG,C31_C32,2023,1695.3
BG,C31_C32,2024,1618.5
CH,C31_C32,2020,12861.9
CH,C31_C32,2021,14709.8
CH,C31_C32,2022,17304.4
CH,C31_C32,2023,17529.0
CH,C31_C32,2024,18053.6
CY,C31_C32,2020,81.3
CY,C31_C32,2021,101.2
CY,C31_C32,2022,111.6
CY,C31_C32,2023,116.6
CZ,C31_C32,2020,4630.3
CZ,C31_C32,2021,5279.0
CZ,C31_C32,2022,6049.8
CZ,C31_C32,2023,5816.6
CZ,C31_C32,2024,5790.5
CZ,C31_C32,2025,5899.9
DE,C31_C32,2020,59129.0
DE,C31_C32,2021,62804.0
DE,C31_C32,2022,68429.0
DE,C31_C32,2023,69887.0
DE,C31_C32,2024,72706.0
DK,C31_C32,2020,5620.1
DK,C31_C32,2021,6974.9
DK,C31_C32,2022,8127.6
DK,C31_C32,2023,9704.6
DK,C31_C32,2024,9962.4
DK,C31_C32,2025,10963.4
EA12,C31_C32,2020,173947.8
EA12,C31_C32,2021,198539.0
EA12,C31_C32,2022,220549.7
EA12,C31_C32,2023,220850.7
EA19,C31_C32,2020,180654.8
EA19,C31_C32,2021,206721.2
EA19,C31_C32,2022,230113.6
EA19,C31_C32,2023,229681.4
EA20,C31_C32,2020,181308.3
EA20,C31_C32,2021,207515.0
EA20,C31_C32,2022,231062.9
EA20,C31_C32,2023,230705.4
EA21,C31_C32,2020,182377.0
EA21,C31_C32,2021,208902.7
EA21,C31_C32,2022,232774.8
EA21,C31_C32,2023,232400.7
EE,C31_C32,2020,776.5
EE,C31_C32,2021,922.5
EE,C31_C32,2022,969.0
EE,C31_C32,2023,889.3
EE,C31_C32,2024,863.0
EE,C31_C32,2025,895.6
EL,C31_C32,2020,707.1
EL,C31_C32,2021,883.7
EL,C31_C32,2022,1107.5
EL,C31_C32,2023,1208.9
EL,C31_C32,2024,1222.0
ES,C31_C32,2020,10879.0
ES,C31_C32,2021,13294.0
ES,C31_C32,2022,14950.0
ES,C31_C32,2023,14260.0
EU27_2020,C31_C32,2020,219337.5
EU27_2020,C31_C32,2021,252052.5
EU27_2020,C31_C32,2022,280757.0
EU27_2020,C31_C32,2023,281488.7
FI,C31_C32,2020,1852.0
FI,C31_C32,2021,1970.0
FI,C31_C32,2022,2179.0
FI,C31_C32,2023,2053.0
FI,C31_C32,2024,2127.0
FI,C31_C32,2025,2109.0
FR,C31_C32,2020,16332.8
FR,C31_C32,2021,19170.1
FR,C31_C32,2022,21186.5
FR,C31_C32,2023,21448.2
FR,C31_C32,2024,21453.6
HR,C31_C32,2020,653.5
HR,C31_C32,2021,793.8
HR,C31_C32,2022,949.3
HR,C31_C32,2023,1024.0
HR,C31_C32,2024,944.6
HU,C31_C32,2020,2128.7
HU,C31_C32,2021,2402.0
HU,C31_C32,2022,2816.1
HU,C31_C32,2023,2928.6
HU,C31_C32,2024,2993.1
IE,C31_C32,2020,19672.5
IE,C31_C32,2021,21829.7
IE,C31_C32,2022,24135.3
IE,C31_C32,2023,26098.0
IE,C31_C32,2024,25704.4
IS,C31_C32,2020,323.4
IS,C31_C32,2021,355.2
IS,C31_C32,2022,452.6
IS,C31_C32,2023,462.6
IS,C31_C32,2024,490.2
IS,C31_C32,2025,589.6
IT,C31_C32,2020,40533.4
IT,C31_C32,2021,50170.6
IT,C31_C32,2022,57044.0
IT,C31_C32,2023,56430.6
LT,C31_C32,2020,2695.7
LT,C31_C32,2021,3461.9
LT,C31_C32,2022,4118.0
LT,C31_C32,2023,3749.5
LT,C31_C32,2024,3719.2
LV,C31_C32,2020,451.6
LV,C31_C32,2021,620.6
LV,C31_C32,2022,671.7
LV,C31_C32,2023,599.4
MK,C31_C32,2020,107.1
MK,C31_C32,2021,115.0
MT,C31_C32,2020,285.2
MT,C31_C32,2021,275.1
MT,C31_C32,2022,321.1
MT,C31_C32,2023,297.0
MT,C31_C32,2024,343.3
MT,C31_C32,2025,308.8
NL,C31_C32,2020,9100.0
NL,C31_C32,2021,10288.0
NL,C31_C32,2022,11260.0
NL,C31_C32,2023,11108.0
NL,C31_C32,2024,11706.0
NL,C31_C32,2025,12321.0
NO,C31_C32,2020,1609.6
NO,C31_C32,2021,2009.7
NO,C31_C32,2022,2225.1
NO,C31_C32,2023,1760.5
PL,C31_C32,2020,15914.0
PL,C31_C32,2021,18828.1
PL,C31_C32,2022,20887.9
PL,C31_C32,2023,20782.0
PT,C31_C32,2020,3041.7
PT,C31_C32,2021,3589.0
PT,C31_C32,2022,4075.6
PT,C31_C32,2023,4289.9
PT,C31_C32,2024,4427.1
RO,C31_C32,2020,3486.8
RO,C31_C32,2021,4079.7
RO,C31_C32,2022,4698.8
RO,C31_C32,2023,4838.7
RO,C31_C32,2024,5051.7
RS,C31_C32,2020,1038.7
RS,C31_C32,2021,960.8
RS,C31_C32,2022,1035.7
RS,C31_C32,2023,1016.8
RS,C31_C32,2024,1028.7
SE,C31_C32,2020,5180.6
SE,C31_C32,2021,5586.1
SE,C31_C32,2022,5398.6
SE,C31_C32,2023,5019.1
SI,C31_C32,2020,844.3
SI,C31_C32,2021,1003.7
SI,C31_C32,2022,1143.7
SI,C31_C32,2023,1137.5
SI,C31_C32,2024,1159.1
SI,C31_C32,2025,1103.5
SK,C31_C32,2020,1429.3
SK,C31_C32,2021,1539.2
SK,C31_C32,2022,1746.9
SK,C31_C32,2023,1606.2
SK,C31_C32,2024,1763.6
TR,C31_C32,2023,24892.9
AT,C33,2020,5049.0
AT,C33,2021,5748.1
AT,C33,2022,6389.2
AT,C33,2023,6414.3
AT,C33,2024,6105.8
AT,C33,2025,6449.5
BA,C33,2020,68.7
BA,C33,2021,87.6
BA,C33,2022,105.3
BA,C33,2023,141.8
BE,C33,2020,5287.6
BE,C33,2021,4938.9
BE,C33,2022,6636.5
BE,C33,2023,6768.9
BG,C33,2020,660.4
BG,C33,2021,751.9
BG,C33,2022,964.1
BG,C33,2023,1008.8
BG,C33,2024,1191.5
CH,C33,2020,5653.6
CH,C33,2021,5829.8
CH,C33,2022,6577.6
CH,C33,2023,7330.4
CH,C33,2024,8201.3
CY,C33,2020,187.4
CY,C33,2021,207.2
CY,C33,2022,258.0
CY,C33,2023,262.5
CZ,C33,2020,4738.0
CZ,C33,2021,5302.1
CZ,C33,2022,6456.1
CZ,C33,2023,7256.8
CZ,C33,2024,7151.9
CZ,C33,2025,7714.4
DE,C33,2020,42678.0
DE,C33,2021,44933.0
DE,C33,2022,53763.0
DE,C33,2023,60238.0
DE,C33,2024,65460.0
DK,C33,2020,2407.8
DK,C33,2021,2716.0
DK,C33,2022,3229.5
DK,C33,2023,3538.4
DK,C33,2024,3831.2
DK,C33,2025,3896.5
EA12,C33,2020,163476.0
EA12,C33,2021,174525.1
EA12,C33,2022,198553.0
EA12,C33,2023,217922.5
EA19,C33,2020,167390.2
EA19,C33,2021,178700.2
EA19,C33,2022,203680.7
EA19,C33,2023,223750.0
EA20,C33,2020,168126.3
EA20,C33,2021,179574.3
EA20,C33,2022,204922.5
EA20,C33,2023,225226.8
EA21,C33,2020,168786.7
EA21,C33,2021,180326.2
EA21,C33,2022,205886.7
EA21,C33,2023,226235.6
EE,C33,2020,519.9
EE,C33,2021,557.0
EE,C33,2022,641.3
EE,C33,2023,798.2
EE,C33,2024,855.0
EE,C33,2025,924.4
EL,C33,2020,421.4
EL,C33,2021,518.9
EL,C33,2022,310.2
EL,C33,2023,644.9
EL,C33,2024,661.9
ES,C33,2020,12294.0
ES,C33,2021,11483.0
ES,C33,2022,12551.0
ES,C33,2023,14157.0
EU27_2020,C33,2020,194400.0
EU27_2020,C33,2021,207710.8
EU27_2020,C33,2022,238270.2
EU27_2020,C33,2023,263013.9
FI,C33,2020,3500.0
FI,C33,2021,3672.0
FI,C33,2022,4099.0
FI,C33,2023,4208.0
FI,C33,2024,4652.0
FI,C33,2025,4485.0
FR,C33,2020,60497.0
FR,C33,2021,66507.5
FR,C33,2022,73831.7
FR,C33,2023,80966.0
FR,C33,2024,89419.0
HR,C33,2020,736.1
HR,C33,2021,874.1
HR,C33,2022,1241.8
HR,C33,2023,1476.9
HR,C33,2024,1411.7
HU,C33,2020,1641.2
HU,C33,2021,1876.6
HU,C33,2022,2070.9
HU,C33,2023,2370.1
HU,C33,2024,2449.4
IE,C33,2020,1101.6
IE,C33,2021,1175.3
IE,C33,2022,1247.2
IE,C33,2023,1483.0
IE,C33,2024,1321.6
IS,C33,2020,173.3
IS,C33,2021,194.4
IS,C33,2022,229.1
IS,C33,2023,260.4
IS,C33,2024,277.6
IS,C33,2025,312.9
IT,C33,2020,19281.1
IT,C33,2021,21917.6
IT,C33,2022,24207.0
IT,C33,2023,27701.8
LT,C33,2020,743.4
LT,C33,2021,813.1
LT,C33,2022,1017.6
LT,C33,2023,1142.5
LT,C33,2024,1331.1
LV,C33,2020,267.7
LV,C33,2021,281.0
LV,C33,2022,362.4
LV,C33,2023,363.3
MK,C33,2020,25.7
MK,C33,2021,28.7
MT,C33,2020,197.6
MT,C33,2021,195.0
MT,C33,2022,261.9
MT,C33,2023,345.2
MT,C33,2024,361.2
MT,C33,2025,399.7
NL,C33,2020,10678.0
NL,C33,2021,10768.0
NL,C33,2022,12324.0
NL,C33,2023,14060.0
NL,C33,2024,15254.0
NL,C33,2025,17285.0
NO,C33,2020,5057.4
NO,C33,2021,4906.6
NO,C33,2022,5775.1
NO,C33,2023,5624.3
PL,C33,2020,11328.2
PL,C33,2021,11779.8
PL,C33,2022,14243.2
PL,C33,2023,16836.9
PT,C33,2020,2118.5
PT,C33,2021,2239.3
PT,C33,2022,2433.7
PT,C33,2023,2881.7
PT,C33,2024,3225.5
RO,C33,2020,2387.6
RO,C33,2021,2155.5
RO,C33,2022,2587.1
RO,C33,2023,2777.9
RO,C33,2024,2476.6
RS,C33,2020,315.0
RS,C33,2021,316.1
RS,C33,2022,340.7
RS,C33,2023,365.9
RS,C33,2024,400.0
SE,C33,2020,3110.7
SE,C33,2021,3554.5
SE,C33,2022,3794.4
SE,C33,2023,3989.1
SI,C33,2020,684.0
SI,C33,2021,801.2
SI,C33,2022,904.7
SI,C33,2023,987.9
SI,C33,2024,1019.8
SI,C33,2025,1015.0
SK,C33,2020,1278.8
SK,C33,2021,1263.8
SK,C33,2022,1562.5
SK,C33,2023,1799.6
SK,C33,2024,1792.4
TR,C33,2023,12472.9
AL,D,2020,387.0
AL,D,2021,430.3
AL,D,2022,491.2
AL,D,2023,756.6
AL,D,2024,849.5
AL,D,2025,834.8
AT,D,2020,30405.7
AT,D,2021,34985.7
AT,D,2022,69503.4
AT,D,2023,78613.1
AT,D,2024,60647.7
AT,D,2025,51540.7
BA,D,2020,1234.3
BA,D,2021,1543.7
BA,D,2022,1702.6
BA,D,2023,1836.3
BE,D,2020,14670.6
BE,D,2021,17921.0
BE,D,2022,26757.2
BE,D,2023,21064.1
BE,D,2024,18226.8
BG,D,2020,3698.0
BG,D,2021,6765.5
BG,D,2022,11305.6
BG,D,2023,7210.9
BG,D,2024,5996.9
CH,D,2020,31595.8
CH,D,2021,43516.3
CH,D,2022,64565.9
CH,D,2023,58126.0
CH,D,2024,48912.5
CY,D,2020,740.8
CY,D,2021,944.9
CY,D,2022,1437.3
CY,D,2023,1441.7
CY,D,2024,1442.8
CZ,D,2020,12864.1
CZ,D,2021,16788.3
CZ,D,2022,30223.4
CZ,D,2023,26105.5
CZ,D,2024,23895.4
CZ,D,2025,26055.3
DE,D,2020,136810.0
DE,D,2021,151771.0
DE,D,2022,190459.0
DE,D,2023,245045.0
DE,D,2024,241679.0
DE,D,2025,242799.0
DK,D,2020,7609.2
DK,D,2021,10386.0
DK,D,2022,18806.4
DK,D,2023,14168.9
DK,D,2024,13644.3
DK,D,2025,14484.2
EA12,D,2020,490791.2
EA12,D,2021,592144.6
EA12,D,2022,894310.5
EA12,D,2023,906337.2
EA12,D,2024,794920.0
EA19,D,2020,509208.6
EA19,D,2021,613673.2
EA19,D,2022,928507.0
EA19,D,2023,940390.8
EA19,D,2024,825125.5
EA20,D,2020,512062.4
EA20,D,2021,617163.9
EA20,D,2022,935278.8
EA20,D,2023,948129.0
EA20,D,2024,831739.4
EA21,D,2020,515760.5
EA21,D,2021,623929.6
EA21,D,2022,946584.6
EA21,D,2023,955340.1
EA21,D,2024,837736.4
EE,D,2020,1271.0
EE,D,2021,1841.6
EE,D,2022,3202.0
EE,D,2023,2590.0
EE,D,2024,2255.5
EE,D,2025,2296.0
EL,D,2020,10498.9
EL,D,2021,12768.9
EL,D,2022,20038.1
EL,D,2023,17043.2
EL,D,2024,18103.7
ES,D,2020,56785.0
ES,D,2021,69039.0
ES,D,2022,104017.0
ES,D,2023,83984.0
ES,D,2024,82612.0
EU27_2020,D,2020,599798.5
EU27_2020,D,2021,731087.0
EU27_2020,D,2022,1117959.1
EU27_2020,D,2023,1099149.8
EU27_2020,D,2024,970070.2
FI,D,2020,9002.0
FI,D,2021,10841.0
FI,D,2022,13837.0
FI,D,2023,13404.0
FI,D,2024,12530.0
FI,D,2025,11152.0
FR,D,2020,115129.6
FR,D,2021,147922.7
FR,D,2022,240008.3
FR,D,2023,242220.4
FR,D,2024,182811.1
FR,D,2025,167448.3
HR,D,2020,2853.8
HR,D,2021,3490.8
HR,D,2022,6771.8
HR,D,2023,7738.2
HR,D,2024,6613.8
HU,D,2020,4423.5
HU,D,2021,5736.8
HU,D,2022,9208.2
HU,D,2023,10608.2
HU,D,2024,9076.7
IE,D,2020,8081.1
IE,D,2021,11326.2
IE,D,2022,16119.1
IE,D,2023,17066.4
IE,D,2024,18319.1
IS,D,2020,1080.0
IS,D,2021,1253.9
IS,D,2022,1591.7
IS,D,2023,1579.8
IS,D,2024,1658.3
IS,D,2025,1851.9
IT,D,2020,75436.0
IT,D,2021,97743.2
IT,D,2022,134186.6
IT,D,2023,116510.3
IT,D,2024,104614.8
LI,D,2020,131.2
LI,D,2021,199.7
LI,D,2022,2095.8
LT,D,2020,1621.1
LT,D,2021,2150.1
LT,D,2022,3126.9
LT,D,2023,2651.5
LT,D,2024,2751.3
LU,D,2020,953.0
LU,D,2021,1218.5
LU,D,2022,1727.8
LU,D,2023,1562.9
LU,D,2024,2031.4
LV,D,2020,1690.1
LV,D,2021,2747.3
LV,D,2022,4448.3
LV,D,2023,3705.4
LV,D,2024,3034.9
ME,D,2020,373.7
ME,D,2021,416.2
ME,D,2022,407.5
ME,D,2023,547.5
ME,D,2024,521.1
MK,D,2020,707.0
MK,D,2021,824.6
NL,D,2020,18573.0
NL,D,2021,20801.0
NL,D,2022,36327.0
NL,D,2023,39908.0
NL,D,2024,37067.0
NL,D,2025,39733.0
NO,D,2020,6688.7
NO,D,2021,14331.4
NO,D,2022,23340.3
NO,D,2023,15673.6
NO,D,2024,13099.3
NO,D,2025,14665.5
PL,D,2020,26017.6
PL,D,2021,32206.7
PL,D,2022,52898.8
PL,D,2023,46743.1
PL,D,2024,42720.3
PT,D,2020,14446.4
PT,D,2021,15806.4
PT,D,2022,21991.1
PT,D,2023,17542.2
PT,D,2024,16053.0
PT,D,2025,16702.4
RO,D,2020,14664.0
RO,D,2021,18947.3
RO,D,2022,29368.7
RO,D,2023,24131.1
RO,D,2024,20604.7
RS,D,2020,6420.6
RS,D,2021,6530.3
RS,D,2022,7851.9
RS,D,2023,11203.1
RS,D,2024,11318.5
SE,D,2020,18459.6
SE,D,2021,23092.4
SE,D,2022,30857.9
SE,D,2023,23190.1
SI,D,2020,1929.8
SI,D,2021,2099.2
SI,D,2022,1990.7
SI,D,2023,3664.1
SI,D,2024,3513.0
SI,D,2025,3125.7
SK,D,2020,10590.9
SK,D,2021,11108.5
SK,D,2022,19160.9
SK,D,2023,19017.6
SK,D,2024,15690.7
TR,D,2023,104552.2
UA,D,2020,13024.8
UA,D,2021,18767.9
UA,D,2022,23955.7
UA,D,2023,27874.1
UA,D,2024,29503.6
AL,D35,2020,387.0
AL,D35,2021,430.3
AL,D35,2022,491.2
AL,D35,2023,756.6
AL,D35,2024,849.5
AL,D35,2025,834.8
AT,D35,2020,30405.7
AT,D35,2021,34985.7
AT,D35,2022,69503.4
AT,D35,2023,78613.1
AT,D35,2024,60647.7
AT,D35,2025,51540.7
BE,D35,2020,14670.6
BE,D35,2021,17921.0
BE,D35,2022,26757.2
BE,D35,2023,21064.1
BE,D35,2024,18226.8
BG,D35,2020,3698.0
BG,D35,2021,6765.5
BG,D35,2022,11305.6
BG,D35,2023,7210.9
BG,D35,2024,5996.9
CH,D35,2020,31595.8
CH,D35,2021,43516.3
CH,D35,2022,64565.9
CH,D35,2023,58126.0
CH,D35,2024,48912.5
CY,D35,2020,740.8
CY,D35,2021,944.9
CY,D35,2022,1437.3
CY,D35,2023,1441.7
CY,D35,2024,1442.8
CZ,D35,2020,12864.1
CZ,D35,2021,16788.3
CZ,D35,2022,30223.4
CZ,D35,2023,26105.5
CZ,D35,2024,23895.4
CZ,D35,2025,26055.3
DE,D35,2020,136810.0
DE,D35,2021,151771.0
DE,D35,2022,190459.0
DE,D35,2023,245045.0
DE,D35,2024,241679.0
DE,D35,2025,242799.0
DK,D35,2020,7609.2
DK,D35,2021,10386.0
DK,D35,2022,18806.4
DK,D35,2023,14168.9
DK,D35,2024,13644.3
DK,D35,2025,14484.2
EA12,D35,2020,490791.2
EA12,D35,2021,592144.6
EA12,D35,2022,894310.5
EA12,D35,2023,906337.2
EA19,D35,2020,509208.6
EA19,D35,2021,613673.2
EA19,D35,2022,928507.0
EA19,D35,2023,940390.8
EA20,D35,2020,512062.4
EA20,D35,2021,617163.9
EA20,D35,2022,935278.8
EA20,D35,2023,948129.0
EA21,D35,2020,515760.5
EA21,D35,2021,623929.6
EA21,D35,2022,946584.6
EA21,D35,2023,955340.1
EE,D35,2020,1271.0
EE,D35,2021,1841.6
EE,D35,2022,3202.0
EE,D35,2023,2590.0
EE,D35,2024,2255.5
EE,D35,2025,2296.0
EL,D35,2020,10498.9
EL,D35,2021,12768.9
EL,D35,2022,20038.1
EL,D35,2023,17043.2
EL,D35,2024,18103.7
ES,D35,2020,56785.0
ES,D35,2021,69039.0
ES,D35,2022,104017.0
ES,D35,2023,83984.0
EU27_2020,D35,2020,599798.5
EU27_2020,D35,2021,731087.0
EU27_2020,D35,2022,1117959.1
EU27_2020,D35,2023,1099149.8
FI,D35,2020,9002.0
FI,D35,2021,10841.0
FI,D35,2022,13837.0
FI,D35,2023,13404.0
FI,D35,2024,12530.0
FI,D35,2025,11152.0
FR,D35,2020,115129.6
FR,D35,2021,147922.7
FR,D35,2022,240008.3
FR,D35,2023,242220.4
FR,D35,2024,182811.1
FR,D35,2025,167448.3
HR,D35,2020,2853.8
HR,D35,2021,3490.8
HR,D35,2022,6771.8
HR,D35,2023,7738.2
HR,D35,2024,6613.8
HU,D35,2020,4423.5
HU,D35,2021,5736.8
HU,D35,2022,9208.2
HU,D35,2023,10608.2
HU,D35,2024,9076.7
IE,D35,2020,8081.1
IE,D35,2021,11326.2
IE,D35,2022,16119.1
IE,D35,2023,17066.4
IE,D35,2024,18319.1
IS,D35,2020,1080.0
IS,D35,2021,1253.9
IS,D35,2022,1591.7
IS,D35,2023,1579.8
IS,D35,2024,1658.3
IS,D35,2025,1851.9
IT,D35,2020,75436.0
IT,D35,2021,97743.2
IT,D35,2022,134186.6
IT,D35,2023,116510.3
IT,D35,2024,104614.8
LT,D35,2020,1621.1
LT,D35,2021,2150.1
LT,D35,2022,3126.9
LT,D35,2023,2651.5
LT,D35,2024,2751.3
LU,D35,2020,953.0
LU,D35,2021,1218.5
LU,D35,2022,1727.8
LU,D35,2023,1562.9
LU,D35,2024,2031.4
LV,D35,2020,1690.1
LV,D35,2021,2747.3
LV,D35,2022,4448.3
LV,D35,2023,3705.4
LV,D35,2024,3034.9
NL,D35,2020,18573.0
NL,D35,2021,20801.0
NL,D35,2022,36327.0
NL,D35,2023,39908.0
NL,D35,2024,37067.0
NL,D35,2025,39733.0
NO,D35,2020,6688.7
NO,D35,2021,14331.4
NO,D35,2022,23340.3
NO,D35,2023,15673.6
NO,D35,2024,13099.3
NO,D35,2025,14665.5
PL,D35,2020,26017.6
PL,D35,2021,32206.7
PL,D35,2022,52898.8
PL,D35,2023,46743.1
PT,D35,2020,14446.4
PT,D35,2021,15806.4
PT,D35,2022,21991.1
PT,D35,2023,17542.2
PT,D35,2024,16053.0
PT,D35,2025,16702.4
RO,D35,2020,14664.0
RO,D35,2021,18947.3
RO,D35,2022,29368.7
RO,D35,2023,24131.1
RO,D35,2024,20604.7
RS,D35,2020,6420.6
RS,D35,2021,6530.3
RS,D35,2022,7851.9
RS,D35,2023,11203.1
RS,D35,2024,11318.5
SE,D35,2020,18459.6
SE,D35,2021,23092.4
SE,D35,2022,30857.9
SE,D35,2023,23190.1
SI,D35,2020,1929.8
SI,D35,2021,2099.2
SI,D35,2022,1990.7
SI,D35,2023,3664.1
SI,D35,2024,3513.0
SI,D35,2025,3125.7
SK,D35,2020,10590.9
SK,D35,2021,11108.5
SK,D35,2022,19160.9
SK,D35,2023,19017.6
SK,D35,2024,15690.7
UA,D35,2020,13024.8
UA,D35,2021,18767.9
UA,D35,2022,23955.7
UA,D35,2023,27874.1
UA,D35,2024,29503.6
AL,E,2020,218.9
AL,E,2021,268.8
AL,E,2022,342.9
AL,E,2023,311.7
AL,E,2024,342.9
AL,E,2025,345.7
AT,E,2020,8347.0
AT,E,2021,9408.5
AT,E,2022,10010.0
AT,E,2023,9906.9
AT,E,2024,10427.3
AT,E,2025,10894.1
BA,E,2020,350.3
BA,E,2021,431.0
BA,E,2022,470.3
BA,E,2023,443.9
BE,E,2020,11576.0
BE,E,2021,13295.3
BE,E,2022,14593.0
BE,E,2023,15543.4
BE,E,2024,16251.4
BG,E,2020,1036.2
BG,E,2021,1090.1
BG,E,2022,1221.1
BG,E,2023,1381.2
BG,E,2024,1611.7
CH,E,2020,5495.9
CH,E,2021,6326.1
CH,E,2022,7034.8
CH,E,2023,7292.3
CH,E,2024,7468.4
CY,E,2020,303.2
CY,E,2021,378.3
CY,E,2022,462.9
CY,E,2023,460.2
CY,E,2024,489.9
CZ,E,2020,5259.0
CZ,E,2021,6376.4
CZ,E,2022,7011.4
CZ,E,2023,7388.3
CZ,E,2024,7702.9
CZ,E,2025,7972.1
DE,E,2020,77223.0
DE,E,2021,86123.0
DE,E,2022,91954.0
DE,E,2023,91341.0
DE,E,2024,96433.0
DE,E,2025,99844.0
DK,E,2020,5966.5
DK,E,2021,6765.4
DK,E,2022,7375.8
DK,E,2023,7217.7
DK,E,2024,7921.7
DK,E,2025,8052.1
EA12,E,2020,238633.0
EA12,E,2021,271055.7
EA12,E,2022,292006.4
EA12,E,2023,295690.7
EA12,E,2024,304268.0
EA19,E,2020,244208.9
EA19,E,2021,277721.9
EA19,E,2022,299138.7
EA19,E,2023,303031.9
EA19,E,2024,311910.2
EA20,E,2020,245522.4
EA20,E,2021,279237.4
EA20,E,2022,300874.2
EA20,E,2023,304807.8
EA20,E,2024,313694.0
EA21,E,2020,246558.6
EA21,E,2021,280327.4
EA21,E,2022,302095.3
EA21,E,2023,306189.0
EA21,E,2024,315305.7
EE,E,2020,654.6
EE,E,2021,941.1
EE,E,2022,819.7
EE,E,2023,810.2
EE,E,2024,714.2
EE,E,2025,804.2
EL,E,2020,3338.7
EL,E,2021,3400.9
EL,E,2022,3405.2
EL,E,2023,4305.6
EL,E,2024,4178.3
ES,E,2020,31526.0
ES,E,2021,34579.0
ES,E,2022,38499.0
ES,E,2023,39891.0
ES,E,2024,40684.0
EU27_2020,E,2020,285436.1
EU27_2020,E,2021,325508.0
EU27_2020,E,2022,351219.8
EU27_2020,E,2023,357153.9
EU27_2020,E,2024,371760.1
FI,E,2020,4072.0
FI,E,2021,4489.0
FI,E,2022,4739.0
FI,E,2023,4500.0
FI,E,2024,4638.0
FI,E,2025,4763.0
FR,E,2020,37886.4
FR,E,2021,45240.1
FR,E,2022,48076.0
FR,E,2023,47268.8
FR,E,2024,49878.9
FR,E,2025,50925.1
HR,E,2020,1313.4
HR,E,2021,1515.4
HR,E,2022,1735.5
HR,E,2023,1775.9
HR,E,2024,1783.8
HU,E,2020,2231.2
HU,E,2021,2437.7
HU,E,2022,2599.0
HU,E,2023,3168.2
HU,E,2024,4024.8
IE,E,2020,2620.8
IE,E,2021,3658.4
IE,E,2022,4093.9
IE,E,2023,4394.7
IE,E,2024,4537.3
IS,E,2020,283.4
IS,E,2021,307.4
IS,E,2022,374.1
IS,E,2023,394.0
IS,E,2024,453.2
IS,E,2025,505.6
IT,E,2020,45466.7
IT,E,2021,52218.3
IT,E,2022,55928.6
IT,E,2023,56750.5
IT,E,2024,60987.0
LI,E,2020,100.0
LI,E,2021,159.7
LI,E,2022,162.3
LT,E,2020,865.0
LT,E,2021,1008.2
LT,E,2022,1050.4
LT,E,2023,1082.5
LT,E,2024,1196.0
LU,E,2020,574.6
LU,E,2021,605.5
LU,E,2022,631.1
LU,E,2023,625.4
LU,E,2024,632.0
LV,E,2020,492.0
LV,E,2021,493.8
LV,E,2022,693.6
LV,E,2023,691.4
LV,E,2024,709.4
ME,E,2020,110.1
ME,E,2021,127.8
ME,E,2022,132.2
ME,E,2023,141.4
ME,E,2024,166.3
MK,E,2020,171.4
MK,E,2021,200.3
MT,E,2020,218.7
MT,E,2021,233.0
MT,E,2022,246.3
MT,E,2023,292.2
MT,E,2024,320.8
MT,E,2025,320.0
NL,E,2020,11452.0
NL,E,2021,12847.0
NL,E,2022,14526.0
NL,E,2023,14505.0
NL,E,2024,15432.0
NL,E,2025,16323.0
NO,E,2020,6102.2
NO,E,2021,7247.6
NO,E,2022,8183.3
NO,E,2023,7489.1
NO,E,2024,7895.6
NO,E,2025,8359.3
PL,E,2020,13208.2
PL,E,2021,15150.0
PL,E,2022,16311.0
PL,E,2023,17061.9
PL,E,2024,19382.7
PT,E,2020,4549.9
PT,E,2021,5190.8
PT,E,2022,5557.7
PT,E,2023,5884.3
PT,E,2024,6424.1
PT,E,2025,6920.7
RO,E,2020,4312.4
RO,E,2021,5278.5
RO,E,2022,5924.3
RO,E,2023,6550.4
RO,E,2024,7234.7
RS,E,2020,1368.9
RS,E,2021,1538.6
RS,E,2022,1505.3
RS,E,2023,1591.8
RS,E,2024,1661.9
SE,E,2020,7900.1
SE,E,2021,9172.5
SE,E,2022,9900.5
SE,E,2023,9726.3
SI,E,2020,1318.4
SI,E,2021,1677.2
SI,E,2022,1757.6
SI,E,2023,1777.7
SI,E,2024,1846.3
SI,E,2025,1864.1
SK,E,2020,1563.1
SK,E,2021,1767.2
SK,E,2022,1954.4
SK,E,2023,2104.3
SK,E,2024,2245.2
TR,E,2023,14762.1
UA,E,2020,1917.5
UA,E,2021,2141.3
UA,E,2022,1789.4
UA,E,2023,1733.2
UA,E,2024,1641.4
AT,E36,2020,993.6
AT,E36,2021,1003.1
AT,E36,2022,1042.6
AT,E36,2023,1101.2
AT,E36,2024,1175.6
AT,E36,2025,1278.4
BA,E36,2020,147.0
BA,E36,2021,149.8
BA,E36,2022,166.8
BA,E36,2023,178.7
BE,E36,2020,2824.3
BE,E36,2021,2813.5
BE,E36,2022,2976.6
BE,E36,2023,3173.2
BG,E36,2020,414.6
BG,E36,2021,419.7
BG,E36,2022,459.9
BG,E36,2023,611.5
BG,E36,2024,729.8
CH,E36,2020,561.8
CH,E36,2021,567.5
CH,E36,2022,678.0
CH,E36,2023,816.2
CH,E36,2024,776.6
CY,E36,2020,95.2
CY,E36,2021,114.2
CY,E36,2022,134.1
CY,E36,2023,151.5
CZ,E36,2020,1892.6
CZ,E36,2021,2056.1
CZ,E36,2022,2272.7
CZ,E36,2023,2669.6
CZ,E36,2024,2779.5
CZ,E36,2025,2881.5
DE,E36,2020,10233.0
DE,E36,2021,10387.0
DE,E36,2022,10853.0
DE,E36,2023,11607.0
DE,E36,2024,11962.0
DK,E36,2020,761.6
DK,E36,2021,802.6
DK,E36,2022,858.9
DK,E36,2023,809.5
DK,E36,2024,906.9
DK,E36,2025,978.6
EA12,E36,2020,51510.2
EA12,E36,2021,54092.3
EA12,E36,2022,57027.9
EA12,E36,2023,59451.0
EA19,E36,2020,53227.3
EA19,E36,2021,55909.1
EA19,E36,2022,58980.7
EA19,E36,2023,61684.8
EA20,E36,2020,53546.3
EA20,E36,2021,56248.1
EA20,E36,2022,59361.5
EA20,E36,2023,62084.9
EA21,E36,2020,53960.9
EA21,E36,2021,56667.9
EA21,E36,2022,59821.4
EA21,E36,2023,62696.5
EE,E36,2020,126.2
EE,E36,2021,129.0
EE,E36,2022,143.2
EE,E36,2023,161.6
EE,E36,2024,171.4
EE,E36,2025,170.0
EL,E36,2020,1071.4
EL,E36,2021,1105.1
EL,E36,2022,1135.0
EL,E36,2023,1288.5
EL,E36,2024,1230.6
ES,E36,2020,10609.0
ES,E36,2021,10949.0
ES,E36,2022,11736.0
ES,E36,2023,12793.0
EU27_2020,E36,2020,61699.9
EU27_2020,E36,2021,64699.0
EU27_2020,E36,2022,68300.6
EU27_2020,E36,2023,71904.9
FI,E36,2020,844.0
FI,E36,2021,901.0
FI,E36,2022,894.0
FI,E36,2023,806.0
FI,E36,2024,856.0
FI,E36,2025,918.0
FR,E36,2020,9103.6
FR,E36,2021,9489.4
FR,E36,2022,9731.5
FR,E36,2023,9734.3
FR,E36,2024,9859.8
HR,E36,2020,319.0
HR,E36,2021,339.1
HR,E36,2022,380.8
HR,E36,2023,400.1
HR,E36,2024,398.6
HU,E36,2020,745.1
HU,E36,2021,612.5
HU,E36,2022,602.0
HU,E36,2023,622.5
HU,E36,2024,831.7
IE,E36,2020,721.3
IE,E36,2021,1214.7
IE,E36,2022,1328.7
IE,E36,2023,1487.8
IE,E36,2024,1501.6
IS,E36,2020,54.9
IS,E36,2021,54.8
IS,E36,2022,66.4
IS,E36,2023,67.6
IS,E36,2024,93.1
IS,E36,2025,110.2
IT,E36,2020,11630.7
IT,E36,2021,12648.7
IT,E36,2022,13585.2
IT,E36,2023,13793.3
LT,E36,2020,191.6
LT,E36,2021,199.7
LT,E36,2022,214.4
LT,E36,2023,275.7
LT,E36,2024,290.0
LU,E36,2020,119.9
LU,E36,2021,115.7
LU,E36,2022,130.6
LU,E36,2023,138.8
LU,E36,2024,138.7
LV,E36,2020,95.6
LV,E36,2021,95.6
LV,E36,2022,106.1
LV,E36,2023,122.9
MK,E36,2020,88.1
MK,E36,2021,89.3
NL,E36,2020,1669.0
NL,E36,2021,1734.0
NL,E36,2022,1779.0
NL,E36,2023,1985.0
NL,E36,2024,2253.0
NL,E36,2025,2443.0
NO,E36,2020,956.2
NO,E36,2021,1060.0
NO,E36,2022,1178.4
NO,E36,2023,1105.0
PL,E36,2020,2146.5
PL,E36,2021,2198.4
PL,E36,2022,2321.8
PL,E36,2023,2333.6
PT,E36,2020,1690.4
PT,E36,2021,1731.2
PT,E36,2022,1836.9
PT,E36,2023,1966.4
PT,E36,2024,2110.5
RO,E36,2020,885.8
RO,E36,2021,949.6
RO,E36,2022,1049.1
RO,E36,2023,1294.5
RO,E36,2024,1419.7
RS,E36,2020,315.6
RS,E36,2021,318.3
RS,E36,2022,319.6
RS,E36,2023,419.2
RS,E36,2024,454.9
SE,E36,2020,1307.4
SE,E36,2021,1411.8
SE,E36,2022,1374.1
SE,E36,2023,1419.1
SI,E36,2020,507.3
SI,E36,2021,547.5
SI,E36,2022,590.0
SI,E36,2023,660.8
SI,E36,2024,668.8
SI,E36,2025,677.5
SK,E36,2020,619.0
SK,E36,2021,651.5
SK,E36,2022,687.8
SK,E36,2023,778.5
SK,E36,2024,829.6
TR,E36,2023,3304.9
AT,E37-E39,2020,7353.4
AT,E37-E39,2021,8405.4
AT,E37-E39,2022,8967.4
AT,E37-E39,2023,8805.7
AT,E37-E39,2024,9251.8
AT,E37-E39,2025,9615.8
BA,E37-E39,2020,203.3
BA,E37-E39,2021,281.2
BA,E37-E39,2022,303.5
BA,E37-E39,2023,265.2
BE,E37-E39,2020,8751.7
BE,E37-E39,2021,10481.8
BE,E37-E39,2022,11616.4
BE,E37-E39,2023,12370.2
BG,E37-E39,2020,621.7
BG,E37-E39,2021,670.3
BG,E37-E39,2022,761.1
BG,E37-E39,2023,769.7
BG,E37-E39,2024,881.9
CH,E37-E39,2020,4934.0
CH,E37-E39,2021,5758.6
CH,E37-E39,2022,6356.8
CH,E37-E39,2023,6476.1
CH,E37-E39,2024,6691.8
CY,E37-E39,2020,208.0
CY,E37-E39,2021,264.1
CY,E37-E39,2022,328.8
CY,E37-E39,2023,308.8
CZ,E37-E39,2020,3366.5
CZ,E37-E39,2021,4320.3
CZ,E37-E39,2022,4738.7
CZ,E37-E39,2023,4718.7
CZ,E37-E39,2024,4923.4
CZ,E37-E39,2025,5090.6
DE,E37-E39,2020,66990.0
DE,E37-E39,2021,75736.0
DE,E37-E39,2022,81101.0
DE,E37-E39,2023,79734.0
DE,E37-E39,2024,84471.0
DK,E37-E39,2020,5204.9
DK,E37-E39,2021,5962.7
DK,E37-E39,2022,6516.9
DK,E37-E39,2023,6408.2
DK,E37-E39,2024,7014.9
DK,E37-E39,2025,7073.5
EA12,E37-E39,2020,187122.8
EA12,E37-E39,2021,216963.4
EA12,E37-E39,2022,234978.5
EA12,E37-E39,2023,236239.8
EA19,E37-E39,2020,190981.6
EA19,E37-E39,2021,221812.9
EA19,E37-E39,2022,240158.0
EA19,E37-E39,2023,241347.1
EA20,E37-E39,2020,191976.1
EA20,E37-E39,2021,222989.2
EA20,E37-E39,2022,241512.7
EA20,E37-E39,2023,242722.9
EA21,E37-E39,2020,192597.7
EA21,E37-E39,2021,223659.6
EA21,E37-E39,2022,242273.8
EA21,E37-E39,2023,243492.6
EE,E37-E39,2020,528.3
EE,E37-E39,2021,812.1
EE,E37-E39,2022,676.5
EE,E37-E39,2023,648.7
EE,E37-E39,2024,542.9
EE,E37-E39,2025,634.3
EL,E37-E39,2020,2267.3
EL,E37-E39,2021,2295.8
EL,E37-E39,2022,2270.2
EL,E37-E39,2023,3017.1
EL,E37-E39,2024,2947.8
ES,E37-E39,2020,20917.0
ES,E37-E39,2021,23630.0
ES,E37-E39,2022,26763.0
ES,E37-E39,2023,27098.0
EU27_2020,E37-E39,2020,223736.2
EU27_2020,E37-E39,2021,260809.0
EU27_2020,E37-E39,2022,282919.2
EU27_2020,E37-E39,2023,285249.0
FI,E37-E39,2020,3228.0
FI,E37-E39,2021,3588.0
FI,E37-E39,2022,3845.0
FI,E37-E39,2023,3694.0
FI,E37-E39,2024,3782.0
FI,E37-E39,2025,3845.0
FR,E37-E39,2020,28782.8
FR,E37-E39,2021,35750.7
FR,E37-E39,2022,38344.5
FR,E37-E39,2023,37534.5
FR,E37-E39,2024,40019.1
HR,E37-E39,2020,994.4
HR,E37-E39,2021,1176.3
HR,E37-E39,2022,1354.7
HR,E37-E39,2023,1375.8
HR,E37-E39,2024,1385.2
HU,E37-E39,2020,1486.2
HU,E37-E39,2021,1825.2
HU,E37-E39,2022,1997.0
HU,E37-E39,2023,2545.7
HU,E37-E39,2024,3193.1
IE,E37-E39,2020,1899.5
IE,E37-E39,2021,2443.7
IE,E37-E39,2022,2765.2
IE,E37-E39,2023,2906.9
IE,E37-E39,2024,3035.8
IS,E37-E39,2020,228.5
IS,E37-E39,2021,252.7
IS,E37-E39,2022,307.8
IS,E37-E39,2023,326.5
IS,E37-E39,2024,360.1
IS,E37-E39,2025,395.3
IT,E37-E39,2020,33836.1
IT,E37-E39,2021,39569.5
IT,E37-E39,2022,42343.4
IT,E37-E39,2023,42957.2
LT,E37-E39,2020,673.4
LT,E37-E39,2021,808.4
LT,E37-E39,2022,836.1
LT,E37-E39,2023,806.8
LT,E37-E39,2024,905.9
LU,E37-E39,2020,454.7
LU,E37-E39,2021,489.8
LU,E37-E39,2022,500.5
LU,E37-E39,2023,486.6
LU,E37-E39,2024,493.3
LV,E37-E39,2020,396.4
LV,E37-E39,2021,398.2
LV,E37-E39,2022,587.5
LV,E37-E39,2023,568.5
MK,E37-E39,2020,83.3
MK,E37-E39,2021,111.0
NL,E37-E39,2020,9783.0
NL,E37-E39,2021,11113.0
NL,E37-E39,2022,12747.0
NL,E37-E39,2023,12520.0
NL,E37-E39,2024,13179.0
NL,E37-E39,2025,13880.0
NO,E37-E39,2020,5146.0
NO,E37-E39,2021,6187.7
NO,E37-E39,2022,7004.9
NO,E37-E39,2023,6384.1
PL,E37-E39,2020,11061.7
PL,E37-E39,2021,12951.7
PL,E37-E39,2022,13989.2
PL,E37-E39,2023,14728.3
PT,E37-E39,2020,2859.5
PT,E37-E39,2021,3459.6
PT,E37-E39,2022,3720.9
PT,E37-E39,2023,3917.8
PT,E37-E39,2024,4313.6
RO,E37-E39,2020,3426.5
RO,E37-E39,2021,4328.9
RO,E37-E39,2022,4875.2
RO,E37-E39,2023,5255.9
RO,E37-E39,2024,5815.0
RS,E37-E39,2020,1053.3
RS,E37-E39,2021,1220.3
RS,E37-E39,2022,1185.6
RS,E37-E39,2023,1172.6
RS,E37-E39,2024,1207.0
SE,E37-E39,2020,6592.7
SE,E37-E39,2021,7760.7
SE,E37-E39,2022,8526.4
SE,E37-E39,2023,8307.1
SI,E37-E39,2020,811.1
SI,E37-E39,2021,1129.7
SI,E37-E39,2022,1167.6
SI,E37-E39,2023,1116.9
SI,E37-E39,2024,1177.5
SI,E37-E39,2025,1186.6
SK,E37-E39,2020,944.1
SK,E37-E39,2021,1115.7
SK,E37-E39,2022,1266.6
SK,E37-E39,2023,1325.7
SK,E37-E39,2024,1415.6
TR,E37-E39,2023,11457.1
AL,F,2020,3168.4
AL,F,2021,3807.3
AL,F,2022,4149.8
AL,F,2023,4878.1
AL,F,2024,5928.6
AL,F,2025,6602.6
AT,F,2020,60408.2
AT,F,2021,65848.5
AT,F,2022,73406.7
AT,F,2023,74493.6
AT,F,2024,73600.7
AT,F,2025,73205.9
BA,F,2020,2423.6
BA,F,2021,2434.2
BA,F,2022,2881.8
BA,F,2023,3212.1
BE,F,2020,83013.8
BE,F,2021,95876.4
BE,F,2022,104692.2
BE,F,2023,111190.9
BE,F,2024,113593.4
BG,F,2020,11962.0
BG,F,2021,11044.5
BG,F,2022,12305.2
BG,F,2023,15428.8
BG,F,2024,17491.6
CH,F,2020,77779.0
CH,F,2021,82014.3
CH,F,2022,91989.9
CH,F,2023,98663.9
CH,F,2024,102814.6
CY,F,2020,4534.3
CY,F,2021,5102.2
CY,F,2022,5493.6
CY,F,2023,6330.5
CY,F,2024,6866.4
CZ,F,2020,36076.7
CZ,F,2021,40872.5
CZ,F,2022,50173.8
CZ,F,2023,54597.7
CZ,F,2024,53980.9
CZ,F,2025,61328.4
DE,F,2020,387436.0
DE,F,2021,396038.0
DE,F,2022,437539.0
DE,F,2023,464482.0
DE,F,2024,472093.0
DE,F,2025,477727.0
DK,F,2020,39847.1
DK,F,2021,46027.7
DK,F,2022,51314.9
DK,F,2023,50723.2
DK,F,2024,52465.7
DK,F,2025,53204.9
EA12,F,2020,1408987.8
EA12,F,2021,1575853.8
EA12,F,2022,1781647.4
EA12,F,2023,1901236.4
EA12,F,2024,1922665.4
EA19,F,2020,1454402.1
EA19,F,2021,1626147.1
EA19,F,2022,1841755.1
EA19,F,2023,1967122.3
EA19,F,2024,1989131.9
EA20,F,2020,1462044.8
EA20,F,2021,1634901.3
EA20,F,2022,1851681.3
EA20,F,2023,1979781.5
EA20,F,2024,2003586.9
EA21,F,2020,1474007.0
EA21,F,2021,1645945.9
EA21,F,2022,1863986.7
EA21,F,2023,1995210.5
EA21,F,2024,2021078.8
EE,F,2020,4520.5
EE,F,2021,4873.0
EE,F,2022,5836.7
EE,F,2023,5873.2
EE,F,2024,5795.5
EE,F,2025,5866.3
EL,F,2020,7181.6
EL,F,2021,10020.9
EL,F,2022,13063.7
EL,F,2023,15287.1
EL,F,2024,16933.8
ES,F,2020,153540.0
ES,F,2021,164022.0
ES,F,2022,187990.0
ES,F,2023,203258.0
ES,F,2024,214845.0
EU27_2020,F,2020,1781950.3
EU27_2020,F,2021,1985054.4
EU27_2020,F,2022,2259400.2
EU27_2020,F,2023,2428226.6
EU27_2020,F,2024,2472612.2
FI,F,2020,39834.0
FI,F,2021,40474.0
FI,F,2022,43502.0
FI,F,2023,41273.0
FI,F,2024,38482.0
FI,F,2025,37871.0
FR,F,2020,312242.4
FR,F,2021,357822.7
FR,F,2022,387107.7
FR,F,2023,405813.4
FR,F,2024,404510.1
FR,F,2025,401991.0
HR,F,2020,7642.7
HR,F,2021,8754.2
HR,F,2022,9926.2
HR,F,2023,12659.2
HR,F,2024,14455.0
HU,F,2020,18473.4
HU,F,2021,21726.1
HU,F,2022,25209.0
HU,F,2023,27703.9
HU,F,2024,27670.4
IE,F,2020,27992.9
IE,F,2021,36345.5
IE,F,2022,46236.2
IE,F,2023,46907.2
IE,F,2024,48067.2
IS,F,2020,3490.2
IS,F,2021,3916.9
IS,F,2022,4935.6
IS,F,2023,5496.4
IS,F,2024,6296.4
IS,F,2025,6682.2
IT,F,2020,182344.4
IT,F,2021,240050.9
IT,F,2022,298381.6
IT,F,2023,339550.0
IT,F,2024,333448.7
LI,F,2020,558.1
LI,F,2021,557.0
LI,F,2022,666.4
LT,F,2020,6511.0
LT,F,2021,7454.5
LT,F,2022,9308.6
LT,F,2023,10502.7
LT,F,2024,10965.8
LU,F,2020,8606.3
LU,F,2021,9539.6
LU,F,2022,9142.3
LU,F,2023,9218.0
LU,F,2024,9744.1
LV,F,2020,5337.2
LV,F,2021,5262.8
LV,F,2022,6618.2
LV,F,2023,6896.5
LV,F,2024,6518.9
ME,F,2020,1135.3
ME,F,2021,1001.5
ME,F,2022,1069.2
ME,F,2023,1167.8
ME,F,2024,1328.2
MK,F,2020,1643.3
MK,F,2021,1961.1
MT,F,2020,1690.6
MT,F,2021,1941.7
MT,F,2022,1990.2
MT,F,2023,2270.0
MT,F,2024,2396.2
MT,F,2025,2462.6
NL,F,2020,122952.0
NL,F,2021,133525.0
NL,F,2022,149842.0
NL,F,2023,157571.0
NL,F,2024,164636.0
NL,F,2025,175152.0
NO,F,2020,55283.4
NO,F,2021,62507.7
NO,F,2022,69751.8
NO,F,2023,62504.2
NO,F,2024,61297.4
NO,F,2025,61995.7
PL,F,2020,103817.9
PL,F,2021,111301.8
PL,F,2022,131516.8
PL,F,2023,152504.4
PL,F,2024,164077.5
PT,F,2020,23436.2
PT,F,2021,26290.3
PT,F,2022,30631.0
PT,F,2023,34909.8
PT,F,2024,38016.7
PT,F,2025,42002.8
RO,F,2020,41344.9
RO,F,2021,43781.3
RO,F,2022,55483.3
RO,F,2023,69932.7
RO,F,2024,74828.9
RS,F,2020,10083.8
RS,F,2021,13131.4
RS,F,2022,13543.6
RS,F,2023,16496.9
RS,F,2024,18447.9
SE,F,2020,68383.2
SE,F,2021,75399.0
SE,F,2022,81738.8
SE,F,2023,76111.8
SI,F,2020,7319.3
SI,F,2021,8690.8
SI,F,2022,10694.8
SI,F,2023,12186.4
SI,F,2024,12138.1
SI,F,2025,13101.8
SK,F,2020,15501.3
SK,F,2021,16968.5
SK,F,2022,20203.9
SK,F,2023,21839.2
SK,F,2024,21770.6
TR,F,2023,184700.8
UA,F,2020,20767.4
UA,F,2021,24874.1
UA,F,2022,11678.6
UA,F,2023,14477.4
UA,F,2024,16982.4
AL,G,2020,2460.4
AL,G,2021,2798.0
AL,G,2022,3176.7
AL,G,2023,3780.9
AL,G,2024,4456.2
AL,G,2025,4741.8
AT,G,2020,72467.3
AT,G,2021,80332.8
AT,G,2022,89903.2
AT,G,2023,91995.7
AT,G,2024,91118.3
AT,G,2025,93478.4
BA,G,2020,3904.9
BA,G,2021,4436.7
BA,G,2022,5411.9
BA,G,2023,5932.5
BE,G,2020,87664.4
BE,G,2021,121100.7
BE,G,2022,122866.6
BE,G,2023,117132.5
BE,G,2024,116371.8
BG,G,2020,14140.6
BG,G,2021,18255.0
BG,G,2022,23495.6
BG,G,2023,23156.2
BG,G,2024,25899.8
CH,G,2020,174440.4
CH,G,2021,190644.3
CH,G,2022,223590.8
CH,G,2023,225702.3
CH,G,2024,229281.7
CY,G,2020,3460.9
CY,G,2021,4551.9
CY,G,2022,5391.0
CY,G,2023,5492.7
CY,G,2024,5854.4
CZ,G,2020,41731.1
CZ,G,2021,48171.8
CZ,G,2022,56734.3
CZ,G,2023,60496.5
CZ,G,2024,59580.1
CZ,G,2025,63070.2
DE,G,2020,617771.0
DE,G,2021,650508.0
DE,G,2022,734498.0
DE,G,2023,741476.0
DE,G,2024,760858.0
DE,G,2025,779914.0
DK,G,2020,67678.2
DK,G,2021,73886.6
DK,G,2022,77437.5
DK,G,2023,79384.7
DK,G,2024,82325.0
DK,G,2025,85771.8
EA12,G,2020,2138308.7
EA12,G,2021,2347496.9
EA12,G,2022,2587898.8
EA12,G,2023,2676573.1
EA12,G,2024,2712523.0
EA19,G,2020,2196594.3
EA19,G,2021,2411525.9
EA19,G,2022,2660013.8
EA19,G,2023,2755110.6
EA19,G,2024,2791739.5
EA20,G,2020,2206038.2
EA20,G,2021,2422624.2
EA20,G,2022,2672240.7
EA20,G,2023,2770083.3
EA20,G,2024,2808116.7
EA21,G,2020,2220179.0
EA21,G,2021,2440879.5
EA21,G,2022,2695736.7
EA21,G,2023,2793239.8
EA21,G,2024,2834016.9
EE,G,2020,5981.2
EE,G,2021,6542.9
EE,G,2022,7451.1
EE,G,2023,7607.1
EE,G,2024,7956.1
EE,G,2025,8003.5
EL,G,2020,32533.7
EL,G,2021,36936.5
EL,G,2022,41340.7
EL,G,2023,42163.4
EL,G,2024,43322.3
ES,G,2020,242229.0
ES,G,2021,261790.0
ES,G,2022,287952.0
ES,G,2023,307987.0
ES,G,2024,323827.0
EU27_2020,G,2020,2619681.5
EU27_2020,G,2021,2891218.4
EU27_2020,G,2022,3190139.5
EU27_2020,G,2023,3314122.3
EU27_2020,G,2024,3378069.5
FI,G,2020,34681.0
FI,G,2021,36547.0
FI,G,2022,37914.0
FI,G,2023,39651.0
FI,G,2024,39363.0
FI,G,2025,39960.0
FR,G,2020,415795.0
FR,G,2021,455896.1
FR,G,2022,498876.9
FR,G,2023,526329.9
FR,G,2024,529754.0
FR,G,2025,533209.8
HR,G,2020,9443.9
HR,G,2021,11098.3
HR,G,2022,12226.9
HR,G,2023,14972.6
HR,G,2024,16377.1
HU,G,2020,24983.7
HU,G,2021,28634.2
HU,G,2022,30206.9
HU,G,2023,34175.7
HU,G,2024,34846.3
IE,G,2020,46021.3
IE,G,2021,46867.8
IE,G,2022,56462.1
IE,G,2023,57887.9
IE,G,2024,58846.2
IS,G,2020,2628.5
IS,G,2021,3117.5
IS,G,2022,3752.7
IS,G,2023,4013.5
IS,G,2024,3919.0
IS,G,2025,4284.8
IT,G,2020,351892.9
IT,G,2021,394414.6
IT,G,2022,436077.1
IT,G,2023,458258.0
IT,G,2024,468038.7
LI,G,2020,913.3
LI,G,2021,877.0
LI,G,2022,1307.9
LT,G,2020,12029.8
LT,G,2021,13778.4
LT,G,2022,16164.6
LT,G,2023,17269.0
LT,G,2024,17081.7
LU,G,2020,11288.9
LU,G,2021,11048.0
LU,G,2022,11344.6
LU,G,2023,12779.8
LU,G,2024,13153.9
LV,G,2020,6766.4
LV,G,2021,7349.3
LV,G,2022,8160.3
LV,G,2023,8509.5
LV,G,2024,8405.0
ME,G,2020,999.5
ME,G,2021,1155.2
ME,G,2022,1487.2
ME,G,2023,1823.5
ME,G,2024,1991.3
MK,G,2020,2653.1
MK,G,2021,2827.1
MT,G,2020,1832.7
MT,G,2021,2063.1
MT,G,2022,2482.9
MT,G,2023,2854.6
MT,G,2024,2944.9
MT,G,2025,3138.4
NL,G,2020,185710.0
NL,G,2021,208878.0
NL,G,2022,221584.0
NL,G,2023,229093.0
NL,G,2024,238427.0
NL,G,2025,250264.0
NO,G,2020,43142.5
NO,G,2021,51534.1
NO,G,2022,55471.3
NO,G,2023,51104.2
NO,G,2024,52735.9
NO,G,2025,56678.0
PL,G,2020,129516.1
PL,G,2021,142336.6
PL,G,2022,158967.8
PL,G,2023,171333.8
PL,G,2024,184940.3
PT,G,2020,40254.1
PT,G,2021,43177.4
PT,G,2022,48570.6
PT,G,2023,53294.5
PT,G,2024,56163.2
PT,G,2025,58781.9
RO,G,2020,50275.1
RO,G,2021,61425.6
RO,G,2022,75304.9
RO,G,2023,79896.5
RO,G,2024,86763.8
RS,G,2020,9722.4
RS,G,2021,11264.0
RS,G,2022,12389.7
RS,G,2023,14300.3
RS,G,2024,15343.8
SE,G,2020,85318.4
SE,G,2021,95884.0
SE,G,2022,95776.3
SE,G,2023,97905.8
SI,G,2020,9146.6
SI,G,2021,10396.4
SI,G,2022,11256.5
SI,G,2023,12619.7
SI,G,2024,12818.2
SI,G,2025,13399.9
SK,G,2020,19068.1
SK,G,2021,19347.5
SK,G,2022,21211.0
SK,G,2023,24184.7
SK,G,2024,24632.7
TR,G,2023,226464.6
UA,G,2020,37770.2
UA,G,2021,46877.0
UA,G,2022,39885.0
UA,G,2023,45340.9
UA,G,2024,43070.5
AL,G-I,2020,3758.2
AL,G-I,2021,4499.0
AL,G-I,2022,5316.9
AL,G-I,2023,6586.5
AL,G-I,2024,7994.6
AL,G-I,2025,8885.8
AT,G-I,2020,124658.2
AT,G-I,2021,133548.8
AT,G-I,2022,161757.4
AT,G-I,2023,171435.8
AT,G-I,2024,175036.5
AT,G-I,2025,181135.6
BA,G-I,2020,5620.3
BA,G-I,2021,6482.7
BA,G-I,2022,8019.5
BA,G-I,2023,8724.3
BE,G-I,2020,162425.5
BE,G-I,2021,208588.9
BE,G-I,2022,228613.2
BE,G-I,2023,226733.9
BE,G-I,2024,228139.4
BG,G-I,2020,24610.0
BG,G-I,2021,30959.1
BG,G-I,2022,40258.7
BG,G-I,2023,40504.4
BG,G-I,2024,44815.3
CH,G-I,2020,264767.7
CH,G-I,2021,317527.0
CH,G-I,2022,397262.6
CH,G-I,2023,363569.5
CH,G-I,2024,376383.9
CY,G-I,2020,9412.7
CY,G-I,2021,12086.0
CY,G-I,2022,15214.5
CY,G-I,2023,15462.4
CY,G-I,2024,16353.9
CZ,G-I,2020,73917.2
CZ,G-I,2021,85212.8
CZ,G-I,2022,103016.8
CZ,G-I,2023,109158.5
CZ,G-I,2024,109691.6
CZ,G-I,2025,116869.9
DE,G-I,2020,1042926.0
DE,G-I,2021,1126214.0
DE,G-I,2022,1350001.0
DE,G-I,2023,1344882.0
DE,G-I,2024,1403986.0
DE,G-I,2025,1440095.0
DK,G-I,2020,129238.9
DK,G-I,2021,154213.9
DK,G-I,2022,196447.7
DK,G-I,2023,167127.0
DK,G-I,2024,175186.3
DK,G-I,2025,176359.0
EA12,G-I,2020,3618342.0
EA12,G-I,2021,4063384.9
EA12,G-I,2022,4802242.2
EA12,G-I,2023,4960966.5
EA12,G-I,2024,5120954.7
EA19,G-I,2020,3730975.2
EA19,G-I,2021,4190980.9
EA19,G-I,2022,4955758.7
EA19,G-I,2023,5124253.6
EA19,G-I,2024,5288628.9
EA20,G-I,2020,3748091.5
EA20,G-I,2021,4212481.4
EA20,G-I,2022,4982372.6
EA20,G-I,2023,5155367.4
EA20,G-I,2024,5322433.2
EA21,G-I,2020,3772701.9
EA21,G-I,2021,4243440.9
EA21,G-I,2022,5022631.9
EA21,G-I,2023,5195872.5
EA21,G-I,2024,5367249.1
EE,G-I,2020,11469.3
EE,G-I,2021,12826.6
EE,G-I,2022,15385.1
EE,G-I,2023,15129.6
EE,G-I,2024,15312.7
EE,G-I,2025,15380.7
EL,G-I,2020,69184.4
EL,G-I,2021,85404.1
EL,G-I,2022,104435.1
EL,G-I,2023,107269.8
EL,G-I,2024,110608.4
ES,G-I,2020,416856.0
ES,G-I,2021,476463.0
ES,G-I,2022,570291.0
ES,G-I,2023,613394.0
ES,G-I,2024,659637.0
EU27_2020,G-I,2020,4478765.5
EU27_2020,G-I,2021,5053518.8
EU27_2020,G-I,2022,5986196.3
EU27_2020,G-I,2023,6179402.5
EU27_2020,G-I,2024,6410209.8
FI,G-I,2020,63249.0
FI,G-I,2021,67037.0
FI,G-I,2022,75651.0
FI,G-I,2023,78909.0
FI,G-I,2024,79647.0
FI,G-I,2025,80812.0
FR,G-I,2020,693555.0
FR,G-I,2021,784190.0
FR,G-I,2022,919233.4
FR,G-I,2023,944063.8
FR,G-I,2024,971022.8
FR,G-I,2025,983442.5
HR,G-I,2020,17116.3
HR,G-I,2021,21500.5
HR,G-I,2022,26614.0
HR,G-I,2023,31113.8
HR,G-I,2024,33804.3
HU,G-I,2020,43501.3
HU,G-I,2021,49631.5
HU,G-I,2022,56741.3
HU,G-I,2023,64013.2
HU,G-I,2024,66204.2
IE,G-I,2020,63167.6
IE,G-I,2021,68025.0
IE,G-I,2022,95804.5
IE,G-I,2023,103066.3
IE,G-I,2024,107828.7
IS,G-I,2020,5310.6
IS,G-I,2021,6653.4
IS,G-I,2022,9550.8
IS,G-I,2023,10515.1
IS,G-I,2024,10642.2
IS,G-I,2025,11414.8
IT,G-I,2020,605119.0
IT,G-I,2021,689147.1
IT,G-I,2022,796357.9
IT,G-I,2023,844237.3
IT,G-I,2024,874994.3
LI,G-I,2020,1226.3
LI,G-I,2021,1195.5
LI,G-I,2022,1708.5
LT,G-I,2020,24062.3
LT,G-I,2021,27863.9
LT,G-I,2022,33728.3
LT,G-I,2023,35898.1
LT,G-I,2024,35835.9
LU,G-I,2020,18788.5
LU,G-I,2021,20197.8
LU,G-I,2022,22894.1
LU,G-I,2023,23088.7
LU,G-I,2024,23861.2
LV,G-I,2020,12838.6
LV,G-I,2021,14028.3
LV,G-I,2022,16913.7
LV,G-I,2023,16967.6
LV,G-I,2024,16483.2
ME,G-I,2020,1579.5
ME,G-I,2021,2285.0
ME,G-I,2022,3078.5
ME,G-I,2023,3693.4
ME,G-I,2024,4033.8
MK,G-I,2020,3986.5
MK,G-I,2021,4538.6
MT,G-I,2020,4977.7
MT,G-I,2021,6611.8
MT,G-I,2022,9601.4
MT,G-I,2023,12505.4
MT,G-I,2024,14435.0
MT,G-I,2025,16098.0
NL,G-I,2020,286958.0
NL,G-I,2021,324609.0
NL,G-I,2022,375055.0
NL,G-I,2023,387949.0
NL,G-I,2024,404094.0
NL,G-I,2025,422354.0
NO,G-I,2020,85336.3
NO,G-I,2021,100419.9
NO,G-I,2022,121146.3
NO,G-I,2023,111479.2
NO,G-I,2024,114885.2
NO,G-I,2025,120538.3
PL,G-I,2020,222205.9
PL,G-I,2021,248453.1
PL,G-I,2022,293602.4
PL,G-I,2023,325594.0
PL,G-I,2024,357844.5
PT,G-I,2020,71454.7
PT,G-I,2021,79960.2
PT,G-I,2022,101221.5
PT,G-I,2023,112590.8
PT,G-I,2024,119267.8
PT,G-I,2025,125038.5
RO,G-I,2020,85584.3
RO,G-I,2021,101236.7
RO,G-I,2022,129153.8
RO,G-I,2023,138681.2
RO,G-I,2024,151964.7
RS,G-I,2020,16021.9
RS,G-I,2021,19112.7
RS,G-I,2022,22129.3
RS,G-I,2023,26160.4
RS,G-I,2024,27918.9
SE,G-I,2020,151616.0
SE,G-I,2021,171330.0
SE,G-I,2022,184597.2
SE,G-I,2023,183891.9
SI,G-I,2020,16801.8
SI,G-I,2021,19556.3
SI,G-I,2022,22719.9
SI,G-I,2023,24338.8
SI,G-I,2024,25173.7
SI,G-I,2025,26219.2
SK,G-I,2020,33070.9
SK,G-I,2021,34622.7
SK,G-I,2022,40139.6
SK,G-I,2023,43043.7
SK,G-I,2024,44253.9
TR,G-I,2023,472248.4
UA,G-I,2020,58899.0
UA,G-I,2021,70507.2
UA,G-I,2022,57656.1
UA,G-I,2023,65008.9
UA,G-I,2024,64332.5
AT,G45,2020,9753.3
AT,G45,2021,10791.9
AT,G45,2022,11451.1
AT,G45,2023,13053.9
AT,G45,2024,13412.5
AT,G45,2025,13754.9
BA,G45,2020,286.5
BA,G45,2021,347.8
BA,G45,2022,426.8
BA,G45,2023,501.9
BE,G45,2020,11782.3
BE,G45,2021,14607.1
BE,G45,2022,15965.9
BE,G45,2023,19344.9
BG,G45,2020,969.2
BG,G45,2021,1320.0
BG,G45,2022,1886.0
BG,G45,2023,2187.3
BG,G45,2024,2314.4
CH,G45,2020,12586.6
CH,G45,2021,12634.8
CH,G45,2022,14158.7
CH,G45,2023,14931.4
CH,G45,2024,15302.0
CY,G45,2020,392.1
CY,G45,2021,458.6
CY,G45,2022,516.3
CY,G45,2023,614.9
CZ,G45,2020,5250.3
CZ,G45,2021,6309.9
CZ,G45,2022,7320.2
CZ,G45,2023,8101.8
CZ,G45,2024,8305.0
CZ,G45,2025,8974.0
DE,G45,2020,82507.0
DE,G45,2021,90039.0
DE,G45,2022,99209.0
DE,G45,2023,109360.0
DE,G45,2024,115561.0
DK,G45,2020,6488.9
DK,G45,2021,7236.6
DK,G45,2022,7406.8
DK,G45,2023,7832.5
DK,G45,2024,8227.6
DK,G45,2025,9110.0
EA12,G45,2020,264671.7
EA12,G45,2021,292733.2
EA12,G45,2022,317559.2
EA12,G45,2023,351784.5
EA19,G45,2020,271553.6
EA19,G45,2021,300296.2
EA19,G45,2022,326287.2
EA19,G45,2023,362193.8
EA20,G45,2020,272371.1
EA20,G45,2021,301274.6
EA20,G45,2022,327396.6
EA20,G45,2023,363907.3
EA21,G45,2020,273340.3
EA21,G45,2021,302594.6
EA21,G45,2022,329282.6
EA21,G45,2023,366094.6
EE,G45,2020,826.0
EE,G45,2021,937.3
EE,G45,2022,1100.9
EE,G45,2023,1289.6
EE,G45,2024,1251.8
EE,G45,2025,1151.6
EL,G45,2020,2746.0
EL,G45,2021,2882.0
EL,G45,2022,2810.1
EL,G45,2023,3372.4
EL,G45,2024,3433.6
ES,G45,2020,28778.0
ES,G45,2021,33902.0
ES,G45,2022,37841.0
ES,G45,2023,38707.0
EU27_2020,G45,2020,321416.7
EU27_2020,G45,2021,358545.7
EU27_2020,G45,2022,390735.3
EU27_2020,G45,2023,435689.8
FI,G45,2020,5688.0
FI,G45,2021,6193.0
FI,G45,2022,6437.0
FI,G45,2023,6763.0
FI,G45,2024,7045.0
FI,G45,2025,7105.0
FR,G45,2020,52867.5
FR,G45,2021,56951.1
FR,G45,2022,59665.0
FR,G45,2023,70324.2
FR,G45,2024,70821.5
HR,G45,2020,817.5
HR,G45,2021,978.4
HR,G45,2022,1109.3
HR,G45,2023,1713.4
HR,G45,2024,1897.5
HU,G45,2020,2823.7
HU,G45,2021,3185.5
HU,G45,2022,3448.0
HU,G45,2023,4132.4
HU,G45,2024,4158.7
IE,G45,2020,2441.9
IE,G45,2021,2635.6
IE,G45,2022,3565.0
IE,G45,2023,3509.4
IE,G45,2024,3705.5
IS,G45,2020,374.8
IS,G45,2021,461.3
IS,G45,2022,623.1
IS,G45,2023,731.5
IS,G45,2024,571.0
IS,G45,2025,668.3
IT,G45,2020,40708.2
IT,G45,2021,44868.9
IT,G45,2022,48529.6
IT,G45,2023,53527.2
LT,G45,2020,1647.1
LT,G45,2021,1887.8
LT,G45,2022,2283.4
LT,G45,2023,2595.8
LT,G45,2024,2659.0
LU,G45,2020,832.0
LU,G45,2021,917.3
LU,G45,2022,1006.1
LU,G45,2023,1223.6
LU,G45,2024,1216.0
LV,G45,2020,712.9
LV,G45,2021,791.6
LV,G45,2022,932.8
LV,G45,2023,1102.5
MK,G45,2020,158.6
MK,G45,2021,175.4
MT,G45,2020,176.8
MT,G45,2021,177.0
MT,G45,2022,212.2
MT,G45,2023,227.8
MT,G45,2024,247.2
MT,G45,2025,245.1
NL,G45,2020,21448.0
NL,G45,2021,23406.0
NL,G45,2022,25037.0
NL,G45,2023,27710.0
NL,G45,2024,29635.0
NL,G45,2025,30242.0
NO,G45,2020,7833.3
NO,G45,2021,10272.5
NO,G45,2022,9665.1
NO,G45,2023,9316.9
PL,G45,2020,15779.9
PL,G45,2021,17173.8
PL,G45,2022,19147.9
PL,G45,2023,22455.7
PT,G45,2020,5075.7
PT,G45,2021,5499.3
PT,G45,2022,6314.2
PT,G45,2023,7754.9
PT,G45,2024,7960.5
RO,G45,2020,5290.0
RO,G45,2021,7978.2
RO,G45,2022,10876.7
RO,G45,2023,11929.3
RO,G45,2024,13249.8
RS,G45,2020,700.7
RS,G45,2021,828.8
RS,G45,2022,943.6
RS,G45,2023,1108.6
RS,G45,2024,1248.2
SE,G45,2020,12443.6
SE,G45,2021,14067.1
SE,G45,2022,13249.7
SE,G45,2023,15099.6
SI,G45,2020,1151.0
SI,G45,2021,1314.9
SI,G45,2022,1535.9
SI,G45,2023,1789.1
SI,G45,2024,1853.5
SI,G45,2025,1919.2
SK,G45,2020,1976.0
SK,G45,2021,1995.8
SK,G45,2022,2147.1
SK,G45,2023,2788.6
SK,G45,2024,2964.0
TR,G45,2023,37323.7
AT,G46,2020,37100.2
AT,G46,2021,41085.6
AT,G46,2022,47748.7
AT,G46,2023,46755.9
AT,G46,2024,44041.9
AT,G46,2025,45058.4
BA,G46,2020,1825.2
BA,G46,2021,2095.2
BA,G46,2022,2633.1
BA,G46,2023,2829.0
BE,G46,2020,50562.9
BE,G46,2021,79219.6
BE,G46,2022,76988.6
BE,G46,2023,66553.2
BG,G46,2020,8191.1
BG,G46,2021,10919.8
BG,G46,2022,14190.8
BG,G46,2023,13079.0
BG,G46,2024,14682.0
CH,G46,2020,125370.0
CH,G46,2021,140174.4
CH,G46,2022,167948.4
CH,G46,2023,166850.0
CH,G46,2024,168465.2
CY,G46,2020,1405.5
CY,G46,2021,2167.4
CY,G46,2022,2718.5
CY,G46,2023,2565.4
CZ,G46,2020,21043.1
CZ,G46,2021,25154.7
CZ,G46,2022,30198.0
CZ,G46,2023,30920.4
CZ,G46,2024,29527.9
CZ,G46,2025,30736.7
DE,G46,2020,300748.0
DE,G46,2021,323187.0
DE,G46,2022,371219.0
DE,G46,2023,366784.0
DE,G46,2024,351263.0
DK,G46,2020,45715.8
DK,G46,2021,50092.6
DK,G46,2022,53500.9
DK,G46,2023,54304.0
DK,G46,2024,56805.0
DK,G46,2025,58455.6
EA12,G46,2020,1112386.0
EA12,G46,2021,1247306.1
EA12,G46,2022,1398614.7
EA12,G46,2023,1401946.7
EA19,G46,2020,1140520.5
EA19,G46,2021,1278975.8
EA19,G46,2022,1433913.2
EA19,G46,2023,1438790.4
EA20,G46,2020,1144900.6
EA20,G46,2021,1283670.7
EA20,G46,2022,1439574.3
EA20,G46,2023,1445597.3
EA21,G46,2020,1153091.8
EA21,G46,2021,1294590.7
EA21,G46,2022,1453765.3
EA21,G46,2023,1458676.4
EE,G46,2020,3012.7
EE,G46,2021,3212.4
EE,G46,2022,3709.6
EE,G46,2023,3479.3
EE,G46,2024,3722.3
EE,G46,2025,3830.1
EL,G46,2020,19413.9
EL,G46,2021,23680.2
EL,G46,2022,26738.1
EL,G46,2023,26343.4
EL,G46,2024,27051.2
ES,G46,2020,127089.0
ES,G46,2021,134601.0
ES,G46,2022,152300.0
ES,G46,2023,161797.0
EU27_2020,G46,2020,1359128.9
EU27_2020,G46,2021,1532092.9
EU27_2020,G46,2022,1712159.6
EU27_2020,G46,2023,1723114.3
FI,G46,2020,15971.0
FI,G46,2021,16721.0
FI,G46,2022,17192.0
FI,G46,2023,17644.0
FI,G46,2024,17113.0
FI,G46,2025,17374.0
FR,G46,2020,203863.9
FR,G46,2021,229445.2
FR,G46,2022,263144.0
FR,G46,2023,266923.3
FR,G46,2024,266629.3
HR,G46,2020,4380.2
HR,G46,2021,4694.9
HR,G46,2022,5661.1
HR,G46,2023,6806.9
HR,G46,2024,7357.9
HU,G46,2020,12627.8
HU,G46,2021,14887.1
HU,G46,2022,15549.0
HU,G46,2023,16828.3
HU,G46,2024,16947.3
IE,G46,2020,28401.2
IE,G46,2021,28604.5
IE,G46,2022,35102.9
IE,G46,2023,35466.7
IE,G46,2024,36088.7
IS,G46,2020,1145.5
IS,G46,2021,1375.4
IS,G46,2022,1652.4
IS,G46,2023,1728.9
IS,G46,2024,1719.4
IS,G46,2025,1839.0
IT,G46,2020,187196.7
IT,G46,2021,210826.1
IT,G46,2022,235982.3
IT,G46,2023,240678.4
LT,G46,2020,6141.8
LT,G46,2021,7140.4
LT,G46,2022,8168.0
LT,G46,2023,8491.0
LT,G46,2024,8100.5
LV,G46,2020,3478.3
LV,G46,2021,3974.6
LV,G46,2022,4261.0
LV,G46,2023,4289.7
MK,G46,2020,1370.4
MK,G46,2021,1487.2
MT,G46,2020,863.4
MT,G46,2021,1023.2
MT,G46,2022,1196.9
MT,G46,2023,1347.8
MT,G46,2024,1333.4
MT,G46,2025,1407.6
NL,G46,2020,116100.0
NL,G46,2021,132755.0
NL,G46,2022,139728.0
NL,G46,2023,139736.0
NL,G46,2024,144098.0
NL,G46,2025,152077.0
NO,G46,2020,18837.2
NO,G46,2021,22689.0
NO,G46,2022,26691.6
NO,G46,2023,24230.6
PL,G46,2020,60993.5
PL,G46,2021,71980.0
PL,G46,2022,78305.8
PL,G46,2023,79814.0
PT,G46,2020,19804.0
PT,G46,2021,21088.7
PT,G46,2022,23560.2
PT,G46,2023,24688.1
PT,G46,2024,25767.3
RO,G46,2020,20755.4
RO,G46,2021,25427.2
RO,G46,2022,29510.3
RO,G46,2023,34129.1
RO,G46,2024,34531.7
RS,G46,2020,5550.0
RS,G46,2021,6295.0
RS,G46,2022,6803.5
RS,G46,2023,7848.7
RS,G46,2024,8258.7
SE,G46,2020,44901.6
SE,G46,2021,49960.7
SE,G46,2022,51369.6
SE,G46,2023,50579.3
SI,G46,2020,4297.3
SI,G46,2021,4849.3
SI,G46,2022,5303.4
SI,G46,2023,5764.3
SI,G46,2024,5821.7
SI,G46,2025,6109.4
SK,G46,2020,8935.5
SK,G46,2021,9302.5
SK,G46,2022,9941.4
SK,G46,2023,10900.3
SK,G46,2024,11123.1
TR,G46,2023,102339.3
AT,G47,2020,25613.8
AT,G47,2021,28455.3
AT,G47,2022,30703.4
AT,G47,2023,32186.0
AT,G47,2024,33663.9
AT,G47,2025,34665.1
BA,G47,2020,1793.2
BA,G47,2021,1993.6
BA,G47,2022,2352.1
BA,G47,2023,2601.6
BE,G47,2020,25319.2
BE,G47,2021,27274.0
BE,G47,2022,29912.1
BE,G47,2023,31234.4
BG,G47,2020,4980.2
BG,G47,2021,6015.2
BG,G47,2022,7418.8
BG,G47,2023,7889.9
BG,G47,2024,8903.4
CH,G47,2020,36483.8
CH,G47,2021,37835.1
CH,G47,2022,41483.7
CH,G47,2023,43921.0
CH,G47,2024,45514.5
CY,G47,2020,1663.2
CY,G47,2021,1925.8
CY,G47,2022,2156.2
CY,G47,2023,2312.3
CZ,G47,2020,15437.7
CZ,G47,2021,16707.3
CZ,G47,2022,19216.1
CZ,G47,2023,21474.3
CZ,G47,2024,21747.2
CZ,G47,2025,23359.5
DE,G47,2020,234516.0
DE,G47,2021,237282.0
DE,G47,2022,264070.0
DE,G47,2023,265332.0
DE,G47,2024,294034.0
DK,G47,2020,15473.5
DK,G47,2021,16557.3
DK,G47,2022,16529.7
DK,G47,2023,17248.2
DK,G47,2024,17292.4
DK,G47,2025,18206.1
EA12,G47,2020,761251.0
EA12,G47,2021,807457.7
EA12,G47,2022,871724.9
EA12,G47,2023,922841.8
EA19,G47,2020,784520.3
EA19,G47,2021,832254.0
EA19,G47,2022,899813.4
EA19,G47,2023,954126.4
EA20,G47,2020,788766.6
EA20,G47,2021,837678.9
EA20,G47,2022,905269.8
EA20,G47,2023,960578.8
EA21,G47,2020,793746.9
EA21,G47,2021,843694.2
EA21,G47,2022,912688.8
EA21,G47,2023,968468.8
EE,G47,2020,2142.4
EE,G47,2021,2393.2
EE,G47,2022,2640.6
EE,G47,2023,2838.2
EE,G47,2024,2982.0
EE,G47,2025,3021.8
EL,G47,2020,10373.8
EL,G47,2021,10374.3
EL,G47,2022,11792.5
EL,G47,2023,12447.6
EL,G47,2024,12837.6
ES,G47,2020,86362.0
ES,G47,2021,93287.0
ES,G47,2022,97811.0
ES,G47,2023,107483.0
EU27_2020,G47,2020,939135.9
EU27_2020,G47,2021,1000579.7
EU27_2020,G47,2022,1087244.6
EU27_2020,G47,2023,1155318.3
FI,G47,2020,13022.0
FI,G47,2021,13633.0
FI,G47,2022,14285.0
FI,G47,2023,15244.0
FI,G47,2024,15205.0
FI,G47,2025,15481.0
FR,G47,2020,159063.6
FR,G47,2021,169499.8
FR,G47,2022,176067.9
FR,G47,2023,189082.4
FR,G47,2024,192303.2
HR,G47,2020,4246.3
HR,G47,2021,5424.9
HR,G47,2022,5456.5
HR,G47,2023,6452.3
HR,G47,2024,7121.7
HU,G47,2020,9532.2
HU,G47,2021,10561.6
HU,G47,2022,11209.9
HU,G47,2023,13215.1
HU,G47,2024,13740.3
IE,G47,2020,15178.3
IE,G47,2021,15627.7
IE,G47,2022,17794.2
IE,G47,2023,18911.8
IE,G47,2024,19052.0
IS,G47,2020,1108.2
IS,G47,2021,1280.8
IS,G47,2022,1477.2
IS,G47,2023,1553.1
IS,G47,2024,1628.6
IS,G47,2025,1777.6
IT,G47,2020,123988.0
IT,G47,2021,138719.6
IT,G47,2022,151565.2
IT,G47,2023,164052.4
LT,G47,2020,4241.0
LT,G47,2021,4750.3
LT,G47,2022,5713.2
LT,G47,2023,6182.2
LT,G47,2024,6322.2
LV,G47,2020,2575.3
LV,G47,2021,2583.2
LV,G47,2022,2966.5
LV,G47,2023,3117.3
MK,G47,2020,1124.1
MK,G47,2021,1164.5
MT,G47,2020,792.5
MT,G47,2021,862.9
MT,G47,2022,1073.8
MT,G47,2023,1279.0
MT,G47,2024,1364.3
MT,G47,2025,1485.7
NL,G47,2020,48162.0
NL,G47,2021,52717.0
NL,G47,2022,56819.0
NL,G47,2023,61647.0
NL,G47,2024,64694.0
NL,G47,2025,67945.0
NO,G47,2020,16472.0
NO,G47,2021,18572.7
NO,G47,2022,19114.5
NO,G47,2023,17556.6
PL,G47,2020,52742.7
PL,G47,2021,53182.8
PL,G47,2022,61514.1
PL,G47,2023,69064.1
PT,G47,2020,15374.4
PT,G47,2021,16589.5
PT,G47,2022,18696.2
PT,G47,2023,20851.5
PT,G47,2024,22435.4
RO,G47,2020,24229.8
RO,G47,2021,28020.3
RO,G47,2022,34918.0
RO,G47,2023,33838.1
RO,G47,2024,38982.4
RS,G47,2020,3471.7
RS,G47,2021,4140.2
RS,G47,2022,4642.7
RS,G47,2023,5343.0
RS,G47,2024,5837.0
SE,G47,2020,27973.2
SE,G47,2021,31856.2
SE,G47,2022,31157.1
SE,G47,2023,32226.9
SI,G47,2020,3698.2
SI,G47,2021,4232.3
SI,G47,2022,4417.2
SI,G47,2023,5066.3
SI,G47,2024,5143.0
SI,G47,2025,5371.3
SK,G47,2020,8156.7
SK,G47,2021,8049.2
SK,G47,2022,9122.6
SK,G47,2023,10495.8
SK,G47,2024,10545.6
TR,G47,2023,86801.6
AL,H,2020,723.0
AL,H,2021,868.4
AL,H,2022,1110.2
AL,H,2023,1244.9
AL,H,2024,1528.6
AL,H,2025,1741.1
AT,H,2020,33778.9
AT,H,2021,35940.1
AT,H,2022,43593.7
AT,H,2023,46387.5
AT,H,2024,48716.9
AT,H,2025,50533.5
BA,H,2020,1213.2
BA,H,2021,1409.7
BA,H,2022,1774.7
BA,H,2023,1831.5
BE,H,2020,61033.1
BE,H,2021,70372.3
BE,H,2022,81965.5
BE,H,2023,83294.6
BE,H,2024,84218.3
BG,H,2020,8611.8
BG,H,2021,10023.4
BG,H,2022,12933.0
BG,H,2023,13012.1
BG,H,2024,13926.6
CH,H,2020,72322.3
CH,H,2021,109654.8
CH,H,2022,145757.8
CH,H,2023,105390.5
CH,H,2024,112624.3
CY,H,2020,4657.0
CY,H,2021,5357.7
CY,H,2022,6653.6
CY,H,2023,6140.7
CY,H,2024,6239.5
CZ,H,2020,26347.2
CZ,H,2021,30412.6
CZ,H,2022,36548.0
CZ,H,2023,37081.8
CZ,H,2024,38096.6
CZ,H,2025,40911.9
DE,H,2020,357128.0
DE,H,2021,401783.0
DE,H,2022,493530.0
DE,H,2023,466264.0
DE,H,2024,502851.0
DE,H,2025,516444.0
DK,H,2020,54139.6
DK,H,2021,71784.3
DK,H,2022,107640.4
DK,H,2023,75349.6
DK,H,2024,80283.0
DK,H,2025,77317.2
EA12,H,2020,1095217.8
EA12,H,2021,1257994.7
EA12,H,2022,1541486.5
EA12,H,2023,1520273.4
EA12,H,2024,1597455.6
EA19,H,2020,1141441.7
EA19,H,2021,1311352.4
EA19,H,2022,1607813.6
EA19,H,2023,1587070.1
EA19,H,2024,1666170.1
EA20,H,2020,1146289.7
EA20,H,2021,1317130.4
EA20,H,2022,1615092.1
EA20,H,2023,1594839.5
EA20,H,2024,1674000.1
EA21,H,2020,1154901.6
EA21,H,2021,1327154.0
EA21,H,2022,1628025.4
EA21,H,2023,1607851.8
EA21,H,2024,1687926.9
EE,H,2020,4717.7
EE,H,2021,5415.1
EE,H,2022,6522.9
EE,H,2023,5970.4
EE,H,2024,5747.4
EE,H,2025,5725.3
EL,H,2020,25112.2
EL,H,2021,32723.8
EL,H,2022,40878.5
EL,H,2023,39354.5
EL,H,2024,40618.6
ES,H,2020,106445.0
ES,H,2021,122482.0
ES,H,2022,152186.0
ES,H,2023,156803.0
ES,H,2024,169599.0
EU27_2020,H,2020,1413331.9
EU27_2020,H,2021,1629900.3
EU27_2020,H,2022,2020665.3
EU27_2020,H,2023,1983351.3
EU27_2020,H,2024,2092064.3
FI,H,2020,21775.0
FI,H,2021,23445.0
FI,H,2022,28415.0
FI,H,2023,28746.0
FI,H,2024,29295.0
FI,H,2025,29757.0
FR,H,2020,200087.3
FR,H,2021,240477.2
FR,H,2022,290590.6
FR,H,2023,273332.0
FR,H,2024,287686.0
FR,H,2025,289618.6
HR,H,2020,4848.0
HR,H,2021,5778.0
HR,H,2022,7278.5
HR,H,2023,7769.3
HR,H,2024,7830.0
HU,H,2020,14310.5
HU,H,2021,15537.9
HU,H,2022,19048.7
HU,H,2023,20492.7
HU,H,2024,21239.4
IE,H,2020,12453.2
IE,H,2021,14295.8
IE,H,2022,28620.3
IE,H,2023,32924.4
IE,H,2024,36278.6
IS,H,2020,1935.2
IS,H,2021,2373.2
IS,H,2022,3911.8
IS,H,2023,4289.5
IS,H,2024,4406.8
IS,H,2025,4558.3
IT,H,2020,172462.7
IT,H,2021,195793.8
IT,H,2022,227133.3
IT,H,2023,233153.6
IT,H,2024,245414.1
LI,H,2020,229.9
LI,H,2021,239.3
LI,H,2022,274.7
LT,H,2020,10954.9
LT,H,2021,12695.3
LT,H,2022,15538.2
LT,H,2023,16260.5
LT,H,2024,16388.7
LU,H,2020,6095.5
LU,H,2021,7581.0
LU,H,2022,9302.0
LU,H,2023,7751.6
LU,H,2024,8079.3
LV,H,2020,5341.5
LV,H,2021,5956.8
LV,H,2022,7643.9
LV,H,2023,7069.1
LV,H,2024,6614.0
ME,H,2020,348.5
ME,H,2021,441.4
ME,H,2022,603.5
ME,H,2023,716.3
ME,H,2024,780.7
MK,H,2020,1068.3
MK,H,2021,1290.5
MT,H,2020,2430.1
MT,H,2021,3599.3
MT,H,2022,5535.0
MT,H,2023,7694.9
MT,H,2024,9142.1
MT,H,2025,10258.6
NL,H,2020,80255.0
NL,H,2021,91889.0
NL,H,2022,116984.0
NL,H,2023,117526.0
NL,H,2024,122128.0
NL,H,2025,126807.0
NO,H,2020,35145.7
NO,H,2021,40184.4
NO,H,2022,53323.5
NO,H,2023,48371.3
NO,H,2024,49731.4
NO,H,2025,50554.9
PL,H,2020,81231.2
PL,H,2021,91616.8
PL,H,2022,115253.4
PL,H,2023,130029.1
PL,H,2024,144647.5
PT,H,2020,18591.9
PT,H,2021,21211.7
PT,H,2022,27916.6
PT,H,2023,30715.0
PT,H,2024,32565.2
PT,H,2025,34432.4
RO,H,2020,29433.2
RO,H,2021,32865.6
RO,H,2022,44294.1
RO,H,2023,47896.5
RO,H,2024,53112.8
RS,H,2020,4968.4
RS,H,2021,6022.7
RS,H,2022,7206.9
RS,H,2023,8711.7
RS,H,2024,8991.4
SE,H,2020,52968.7
SE,H,2021,60529.1
SE,H,2022,69839.6
SE,H,2023,66783.5
SI,H,2020,6180.1
SI,H,2021,7260.3
SI,H,2022,8685.9
SI,H,2023,8600.0
SI,H,2024,9024.4
SI,H,2025,9260.2
SK,H,2020,11942.5
SK,H,2021,13071.8
SK,H,2022,15862.9
SK,H,2023,15096.0
SK,H,2024,15322.6
TR,H,2023,180420.3
UA,H,2020,19218.0
UA,H,2021,20748.0
UA,H,2022,16063.8
UA,H,2023,17597.6
UA,H,2024,18952.8
AT,H49,2020,16662.8
AT,H49,2021,16808.0
AT,H49,2022,20663.2
AT,H49,2023,22513.7
AT,H49,2024,23493.5
AT,H49,2025,24735.4
BA,H49,2020,830.2
BA,H49,2021,963.0
BA,H49,2022,1216.1
BA,H49,2023,1243.6
BE,H49,2020,21176.4
BE,H49,2021,22825.9
BE,H49,2022,26323.3
BE,H49,2023,27325.0
BG,H49,2020,5308.2
BG,H49,2021,5989.8
BG,H49,2022,7558.3
BG,H49,2023,7491.9
BG,H49,2024,7766.0
CH,H49,2020,25464.0
CH,H49,2021,27134.5
CH,H49,2022,31968.1
CH,H49,2023,34754.8
CH,H49,2024,34997.0
CY,H49,2020,297.4
CY,H49,2021,346.5
CY,H49,2022,447.1
CY,H49,2023,485.7
CZ,H49,2020,13454.2
CZ,H49,2021,14994.1
CZ,H49,2022,18180.7
CZ,H49,2023,18581.8
CZ,H49,2024,19128.2
CZ,H49,2025,20187.9
DE,H49,2020,112509.0
DE,H49,2021,117500.0
DE,H49,2022,138967.0
DE,H49,2023,136888.0
DE,H49,2024,157100.0
DK,H49,2020,10835.0
DK,H49,2021,11431.4
DK,H49,2022,12742.0
DK,H49,2023,12989.6
DK,H49,2024,13098.1
DK,H49,2025,13761.4
EA12,H49,2020,435572.5
EA12,H49,2021,469782.3
EA12,H49,2022,543551.7
EA12,H49,2023,556325.3
EA19,H49,2020,457713.5
EA19,H49,2021,494577.6
EA19,H49,2022,574322.4
EA19,H49,2023,586556.2
EA20,H49,2020,460384.4
EA20,H49,2021,497644.3
EA20,H49,2022,577916.2
EA20,H49,2023,590514.4
EA21,H49,2020,465692.7
EA21,H49,2021,503634.1
EA21,H49,2022,585474.5
EA21,H49,2023,598006.4
EE,H49,2020,1773.9
EE,H49,2021,1957.6
EE,H49,2022,2309.4
EE,H49,2023,2217.9
EE,H49,2024,2238.8
EE,H49,2025,2226.6
EL,H49,2020,4893.5
EL,H49,2021,5558.3
EL,H49,2022,6682.6
EL,H49,2023,7600.6
EL,H49,2024,8084.8
ES,H49,2020,49533.0
ES,H49,2021,53590.0
ES,H49,2022,63538.0
ES,H49,2023,66416.0
EU27_2020,H49,2020,591253.4
EU27_2020,H49,2021,639431.4
EU27_2020,H49,2022,753104.5
EU27_2020,H49,2023,779324.2
FI,H49,2020,10288.0
FI,H49,2021,10786.0
FI,H49,2022,11990.0
FI,H49,2023,12215.0
FI,H49,2024,12228.0
FI,H49,2025,12546.0
FR,H49,2020,90384.1
FR,H49,2021,100591.5
FR,H49,2022,115399.7
FR,H49,2023,118799.1
FR,H49,2024,122631.9
HR,H49,2020,2670.9
HR,H49,2021,3066.7
HR,H49,2022,3593.7
HR,H49,2023,3958.2
HR,H49,2024,4073.8
HU,H49,2020,8183.5
HU,H49,2021,8663.5
HU,H49,2022,10066.7
HU,H49,2023,10771.4
HU,H49,2024,11460.0
IE,H49,2020,5063.8
IE,H49,2021,5297.1
IE,H49,2022,6103.2
IE,H49,2023,6367.8
IE,H49,2024,6919.3
IS,H49,2020,339.9
IS,H49,2021,401.7
IS,H49,2022,565.7
IS,H49,2023,610.9
IS,H49,2024,659.7
IS,H49,2025,742.5
IT,H49,2020,84087.5
IT,H49,2021,90214.4
IT,H49,2022,97394.4
IT,H49,2023,102487.1
LT,H49,2020,7771.1
LT,H49,2021,9053.9
LT,H49,2022,11520.7
LT,H49,2023,12021.8
LT,H49,2024,12033.1
LU,H49,2020,2324.5
LU,H49,2021,2560.4
LU,H49,2022,2917.5
LU,H49,2023,2954.4
LU,H49,2024,3076.8
LV,H49,2020,2349.7
LV,H49,2021,2445.5
LV,H49,2022,3064.9
LV,H49,2023,2644.5
MK,H49,2020,745.4
MK,H49,2021,864.1
MT,H49,2020,253.1
MT,H49,2021,300.2
MT,H49,2022,388.8
MT,H49,2023,414.2
MT,H49,2024,453.0
MT,H49,2025,489.1
NL,H49,2020,30500.0
NL,H49,2021,34935.0
NL,H49,2022,42121.0
NL,H49,2023,40623.0
NL,H49,2024,41806.0
NL,H49,2025,43657.0
NO,H49,2020,10796.5
NO,H49,2021,11883.8
NO,H49,2022,13536.7
NO,H49,2023,11995.2
NO,H49,2024,12434.4
NO,H49,2025,13103.9
PL,H49,2020,52247.8
PL,H49,2021,55969.7
PL,H49,2022,70225.1
PL,H49,2023,80825.2
PT,H49,2020,8062.8
PT,H49,2021,8972.1
PT,H49,2022,10939.0
PT,H49,2023,12098.8
PT,H49,2024,13046.1
RO,H49,2020,21349.5
RO,H49,2021,23245.9
RO,H49,2022,32121.8
RO,H49,2023,34787.9
RO,H49,2024,38127.5
RS,H49,2020,2801.3
RS,H49,2021,3312.9
RS,H49,2022,3899.2
RS,H49,2023,4859.0
RS,H49,2024,4949.7
SE,H49,2020,19490.6
SE,H49,2021,21492.6
SE,H49,2022,24285.5
SE,H49,2023,23720.4
SI,H49,2020,3523.2
SI,H49,2021,4031.6
SI,H49,2022,4792.2
SI,H49,2023,4893.5
SI,H49,2024,4959.0
SI,H49,2025,5090.8
SK,H49,2020,6172.4
SK,H49,2021,6660.5
SK,H49,2022,8249.2
SK,H49,2023,7554.7
SK,H49,2024,7470.9
TR,H49,2023,101553.2
AT,H50,2020,62.2
AT,H50,2021,74.3
AT,H50,2022,133.5
AT,H50,2023,110.3
AT,H50,2024,123.3
AT,H50,2025,132.7
BA,H50,2020,10.6
BA,H50,2021,9.3
BA,H50,2022,12.6
BA,H50,2023,16.5
BE,H50,2020,2429.5
BE,H50,2021,2665.2
BE,H50,2022,2774.9
BE,H50,2023,4263.3
BG,H50,2020,80.9
BG,H50,2021,94.4
BG,H50,2022,171.7
BG,H50,2023,169.0
BG,H50,2024,138.1
CY,H50,2020,1617.9
CY,H50,2021,1713.0
CY,H50,2022,1910.9
CY,H50,2023,1697.5
CZ,H50,2020,31.7
CZ,H50,2021,33.4
CZ,H50,2022,59.8
CZ,H50,2023,59.7
CZ,H50,2024,55.7
CZ,H50,2025,61.9
DE,H50,2020,29854.0
DE,H50,2021,38759.0
DE,H50,2022,58356.0
DE,H50,2023,36264.0
DE,H50,2024,36854.0
DK,H50,2020,31933.3
DK,H50,2021,46954.5
DK,H50,2022,78950.2
DK,H50,2023,47051.5
DK,H50,2024,50671.3
DK,H50,2025,46164.0
EA12,H50,2020,85381.9
EA12,H50,2021,120055.0
EA12,H50,2022,169600.8
EA12,H50,2023,128194.6
EA19,H50,2020,87718.8
EA19,H50,2021,122674.3
EA19,H50,2022,172681.9
EA19,H50,2023,131119.8
EA20,H50,2020,88004.8
EA20,H50,2021,123134.6
EA20,H50,2022,173416.9
EA20,H50,2023,131822.6
EA21,H50,2020,88085.7
EA21,H50,2021,123229.0
EA21,H50,2022,173588.6
EA21,H50,2023,131991.6
EE,H50,2020,288.8
EE,H50,2021,293.5
EE,H50,2022,432.3
EE,H50,2023,485.8
EE,H50,2024,451.4
EE,H50,2025,423.9
EL,H50,2020,13929.5
EL,H50,2021,19043.2
EL,H50,2022,23628.7
EL,H50,2023,20911.6
EL,H50,2024,21171.9
ES,H50,2020,1881.0
ES,H50,2021,2307.0
ES,H50,2022,3007.0
ES,H50,2023,3280.0
FI,H50,2020,1741.0
FI,H50,2021,1910.0
FI,H50,2022,3062.0
FI,H50,2023,3174.0
FI,H50,2024,3092.0
FI,H50,2025,2989.0
FR,H50,2020,16259.3
FR,H50,2021,34039.4
FR,H50,2022,48131.9
FR,H50,2023,25914.1
FR,H50,2024,31871.6
HR,H50,2020,286.0
HR,H50,2021,460.3
HR,H50,2022,735.0
HR,H50,2023,702.8
HR,H50,2024,521.5
HU,H50,2020,78.0
HU,H50,2021,71.9
HU,H50,2022,100.2
HU,H50,2023,109.4
HU,H50,2024,109.0
IE,H50,2020,552.8
IE,H50,2021,543.4
IE,H50,2022,729.2
IE,H50,2023,710.7
IE,H50,2024,792.9
IS,H50,2020,474.8
IS,H50,2021,605.2
IS,H50,2022,823.5
IS,H50,2023,769.3
IS,H50,2024,739.6
IS,H50,2025,754.1
IT,H50,2020,8158.5
IT,H50,2021,8500.7
IT,H50,2022,12584.9
IT,H50,2023,15177.2
LT,H50,2020,169.6
LT,H50,2021,179.3
LT,H50,2022,179.1
LT,H50,2023,176.4
LT,H50,2024,179.1
LV,H50,2020,63.7
LV,H50,2021,60.4
LV,H50,2022,79.4
LV,H50,2023,59.1
MK,H50,2020,2.7
MK,H50,2021,4.9
MT,H50,2020,122.2
MT,H50,2021,287.8
MT,H50,2022,364.7
MT,H50,2023,384.2
MT,H50,2024,397.9
MT,H50,2025,420.6
NL,H50,2020,9292.0
NL,H50,2021,10615.0
NL,H50,2022,14855.0
NL,H50,2023,13795.0
NL,H50,2024,14014.0
NL,H50,2025,14511.0
NO,H50,2020,12544.4
NO,H50,2021,14922.3
NO,H50,2022,22643.4
NO,H50,2023,20317.2
NO,H50,2024,20799.0
NO,H50,2025,19861.0
PT,H50,2020,646.8
PT,H50,2021,704.1
PT,H50,2022,1032.8
PT,H50,2023,1016.4
PT,H50,2024,1068.2
RO,H50,2020,905.2
RO,H50,2021,713.3
RO,H50,2022,1132.3
RO,H50,2023,1158.1
RO,H50,2024,1222.0
RS,H50,2020,113.0
RS,H50,2021,180.5
RS,H50,2022,227.5
RS,H50,2023,214.4
RS,H50,2024,201.9
SE,H50,2020,2604.7
SE,H50,2021,2999.6
SE,H50,2022,4202.2
SE,H50,2023,3637.8
SI,H50,2020,34.3
SI,H50,2021,42.0
SI,H50,2022,56.4
SI,H50,2023,57.4
SI,H50,2024,63.2
SI,H50,2025,68.5
SK,H50,2020,40.4
SK,H50,2021,43.3
SK,H50,2022,58.4
SK,H50,2023,62.5
SK,H50,2024,57.2
TR,H50,2023,10379.1
AT,H51,2020,1989.7
AT,H51,2021,2341.5
AT,H51,2022,4143.1
AT,H51,2023,4531.8
AT,H51,2024,4860.5
AT,H51,2025,4852.0
BA,H51,2020,5.3
BA,H51,2021,3.5
BA,H51,2022,3.2
BA,H51,2023,2.1
BE,H51,2020,2908.4
BE,H51,2021,4168.2
BE,H51,2022,5838.2
BE,H51,2023,5449.6
BG,H51,2020,206.6
BG,H51,2021,301.0
BG,H51,2022,605.8
BG,H51,2023,678.2
BG,H51,2024,778.5
CY,H51,2020,17.4
CY,H51,2021,19.3
CY,H51,2022,81.4
CY,H51,2023,120.5
CZ,H51,2020,437.6
CZ,H51,2021,567.7
CZ,H51,2022,1141.0
CZ,H51,2023,1161.5
CZ,H51,2024,1339.3
CZ,H51,2025,1307.4
DE,H51,2020,17061.0
DE,H51,2021,23613.0
DE,H51,2022,37670.0
DE,H51,2023,41732.0
DE,H51,2024,42888.0
DK,H51,2020,1447.5
DK,H51,2021,1507.9
DK,H51,2022,2331.9
DK,H51,2023,2608.6
DK,H51,2024,2972.0
DK,H51,2025,3239.9
EE,H51,2020,123.3
EE,H51,2021,167.9
EE,H51,2022,218.8
EE,H51,2023,253.9
EE,H51,2024,330.2
EE,H51,2025,207.2
EL,H51,2020,766.8
EL,H51,2021,1051.0
EL,H51,2022,1801.2
EL,H51,2023,2209.2
EL,H51,2024,2375.4
ES,H51,2020,5406.0
ES,H51,2021,6903.0
ES,H51,2022,14260.0
ES,H51,2023,17428.0
FI,H51,2020,1029.0
FI,H51,2021,1022.0
FI,H51,2022,2578.0
FI,H51,2023,3147.0
FI,H51,2024,3247.0
FI,H51,2025,3291.0
FR,H51,2020,10272.7
FR,H51,2021,13291.7
FR,H51,2022,21787.4
FR,H51,2023,24189.3
FR,H51,2024,25524.4
HR,H51,2020,94.8
HR,H51,2021,179.9
HR,H51,2022,319.6
HR,H51,2023,360.2
HR,H51,2024,403.5
HU,H51,2020,920.9
HU,H51,2021,1056.0
HU,H51,2022,2722.9
HU,H51,2023,2801.5
HU,H51,2024,2722.6
IS,H51,2020,626.5
IS,H51,2021,822.5
IS,H51,2022,1776.9
IS,H51,2023,2116.9
IS,H51,2024,2121.1
IS,H51,2025,2049.8
IT,H51,2020,2788.5
IT,H51,2021,3001.8
IT,H51,2022,4195.2
IT,H51,2023,6121.4
LT,H51,2020,151.1
LT,H51,2021,191.6
LT,H51,2022,366.0
LT,H51,2023,606.1
LT,H51,2024,726.0
LV,H51,2020,192.4
LV,H51,2021,340.2
LV,H51,2022,806.1
LV,H51,2023,1097.8
MK,H51,2020,1.8
MK,H51,2021,2.3
MT,H51,2020,1325.7
MT,H51,2021,2110.4
MT,H51,2022,3687.3
MT,H51,2023,5714.6
MT,H51,2024,6995.0
MT,H51,2025,7911.8
NL,H51,2020,5530.0
NL,H51,2021,7040.0
NL,H51,2022,12504.0
NL,H51,2023,14109.0
NL,H51,2024,14781.0
NL,H51,2025,15446.0
NO,H51,2020,2198.7
NO,H51,2021,2101.8
NO,H51,2022,3370.8
NO,H51,2023,3615.4
PT,H51,2020,1971.2
PT,H51,2021,2596.2
PT,H51,2022,5312.0
PT,H51,2023,6230.2
PT,H51,2024,6408.7
RO,H51,2020,449.1
RO,H51,2021,632.2
RO,H51,2022,614.8
RO,H51,2023,767.1
RO,H51,2024,959.1
RS,H51,2020,195.1
RS,H51,2021,316.7
RS,H51,2022,573.1
RS,H51,2023,764.3
RS,H51,2024,788.4
SE,H51,2020,1386.2
SE,H51,2021,1257.6
SE,H51,2022,3085.0
SE,H51,2023,3888.5
SI,H51,2020,53.2
SI,H51,2021,67.3
SI,H51,2022,81.2
SI,H51,2023,93.4
SI,H51,2024,131.8
SI,H51,2025,152.3
SK,H51,2020,57.9
SK,H51,2021,99.7
SK,H51,2022,236.8
SK,H51,2023,265.3
SK,H51,2024,335.6
TR,H51,2023,26481.7
AT,H52,2020,11700.0
AT,H52,2021,12999.0
AT,H52,2022,14818.3
AT,H52,2023,15252.6
AT,H52,2024,16029.4
AT,H52,2025,16571.0
BA,H52,2020,244.5
BA,H52,2021,298.4
BA,H52,2022,388.3
BA,H52,2023,391.1
BE,H52,2020,29068.7
BE,H52,2021,34480.9
BE,H52,2022,41023.4
BE,H52,2023,39866.8
BG,H52,2020,2490.2
BG,H52,2021,3025.5
BG,H52,2022,3837.5
BG,H52,2023,3859.9
BG,H52,2024,4308.1
CH,H52,2020,14484.1
CH,H52,2021,16858.6
CH,H52,2022,23141.5
CH,H52,2023,19934.7
CH,H52,2024,20472.2
CY,H52,2020,2635.3
CY,H52,2021,3173.5
CY,H52,2022,4105.6
CY,H52,2023,3715.3
CZ,H52,2020,10761.3
CZ,H52,2021,12828.0
CZ,H52,2022,15061.0
CZ,H52,2023,15024.1
CZ,H52,2024,15299.1
CZ,H52,2025,16857.3
DE,H52,2020,145634.0
DE,H52,2021,163243.0
DE,H52,2022,190010.0
DE,H52,2023,188427.0
DE,H52,2024,200487.0
DK,H52,2020,7714.5
DK,H52,2021,9459.3
DK,H52,2022,11049.0
DK,H52,2023,10127.9
DK,H52,2024,10747.0
DK,H52,2025,11279.3
EE,H52,2020,2288.2
EE,H52,2021,2673.0
EE,H52,2022,3264.5
EE,H52,2023,2725.6
EE,H52,2024,2416.8
EE,H52,2025,2540.5
EL,H52,2020,4467.1
EL,H52,2021,6113.8
EL,H52,2022,7682.7
EL,H52,2023,7584.9
EL,H52,2024,7902.9
ES,H52,2020,43898.0
ES,H52,2021,53020.0
ES,H52,2022,64588.0
ES,H52,2023,62015.0
FI,H52,2020,7334.0
FI,H52,2021,8297.0
FI,H52,2022,9311.0
FI,H52,2023,8424.0
FI,H52,2024,8241.0
FI,H52,2025,8265.0
FR,H52,2020,71250.5
FR,H52,2021,79956.4
FR,H52,2022,93089.5
FR,H52,2023,92533.1
FR,H52,2024,95761.0
HR,H52,2020,1492.2
HR,H52,2021,1731.4
HR,H52,2022,2261.2
HR,H52,2023,2354.9
HR,H52,2024,2354.6
HU,H52,2020,4192.1
HU,H52,2021,4511.1
HU,H52,2022,4681.9
HU,H52,2023,5137.1
HU,H52,2024,5246.1
IS,H52,2020,403.0
IS,H52,2021,445.2
IS,H52,2022,638.8
IS,H52,2023,695.2
IS,H52,2024,781.6
IS,H52,2025,890.0
IT,H52,2020,69375.8
IT,H52,2021,84811.3
IT,H52,2022,104097.0
IT,H52,2023,100317.4
LT,H52,2020,2607.4
LT,H52,2021,2931.8
LT,H52,2022,3105.9
LT,H52,2023,3070.6
LT,H52,2024,3048.6
LV,H52,2020,2525.6
LV,H52,2021,2844.3
LV,H52,2022,3412.8
LV,H52,2023,2992.8
MK,H52,2020,281.0
MK,H52,2021,386.0
MT,H52,2020,669.9
MT,H52,2021,816.7
MT,H52,2022,1005.9
MT,H52,2023,1081.5
MT,H52,2024,1188.3
MT,H52,2025,1311.7
NL,H52,2020,26378.0
NL,H52,2021,30184.0
NL,H52,2022,37927.0
NL,H52,2023,38707.0
NL,H52,2024,41154.0
NL,H52,2025,42530.0
NO,H52,2020,7768.1
NO,H52,2021,9304.2
NO,H52,2022,11752.8
NO,H52,2023,10582.5
PT,H52,2020,6808.9
PT,H52,2021,7660.3
PT,H52,2022,9356.1
PT,H52,2023,9977.3
PT,H52,2024,10555.2
RO,H52,2020,5289.6
RO,H52,2021,6514.3
RO,H52,2022,8449.8
RO,H52,2023,9046.8
RO,H52,2024,10064.7
RS,H52,2020,1520.1
RS,H52,2021,1858.3
RS,H52,2022,2162.6
RS,H52,2023,2460.0
RS,H52,2024,2573.1
SI,H52,2020,2175.8
SI,H52,2021,2693.4
SI,H52,2022,3277.0
SI,H52,2023,3058.6
SI,H52,2024,3351.8
SI,H52,2025,3411.3
SK,H52,2020,4865.9
SK,H52,2021,5377.2
SK,H52,2022,6381.5
SK,H52,2023,6256.5
SK,H52,2024,6452.1
TR,H52,2023,35333.9
AT,H53,2020,3364.2
AT,H53,2021,3717.3
AT,H53,2022,3835.6
AT,H53,2023,3979.0
AT,H53,2024,4210.1
AT,H53,2025,4242.4
BA,H53,2020,122.6
BA,H53,2021,135.6
BA,H53,2022,154.6
BA,H53,2023,178.2
BE,H53,2020,5450.1
BE,H53,2021,6232.1
BE,H53,2022,6005.7
BE,H53,2023,6389.9
BG,H53,2020,525.8
BG,H53,2021,612.7
BG,H53,2022,759.7
BG,H53,2023,813.0
BG,H53,2024,935.9
CH,H53,2020,5889.5
CH,H53,2021,6934.9
CH,H53,2022,7346.7
CH,H53,2023,7447.9
CH,H53,2024,7596.7
CY,H53,2020,89.0
CY,H53,2021,105.4
CY,H53,2022,108.5
CY,H53,2023,121.7
CZ,H53,2020,1662.4
CZ,H53,2021,1989.3
CZ,H53,2022,2105.6
CZ,H53,2023,2254.7
CZ,H53,2024,2274.3
CZ,H53,2025,2497.4
DE,H53,2020,52070.0
DE,H53,2021,58668.0
DE,H53,2022,68527.0
DE,H53,2023,62953.0
DE,H53,2024,65522.0
DK,H53,2020,2209.3
DK,H53,2021,2431.2
DK,H53,2022,2567.3
DK,H53,2023,2571.8
DK,H53,2024,2794.6
DK,H53,2025,2872.5
EA12,H53,2020,101013.5
EA12,H53,2021,112273.6
EA12,H53,2022,122688.8
EA12,H53,2023,118101.3
EA19,H53,2020,103070.3
EA19,H53,2021,114708.6
EA19,H53,2022,125246.8
EA19,H53,2023,120728.9
EA20,H53,2020,103374.3
EA20,H53,2021,115048.2
EA20,H53,2022,125615.8
EA20,H53,2023,121122.3
EA21,H53,2020,103900.1
EA21,H53,2021,115660.9
EA21,H53,2022,126375.5
EA21,H53,2023,121935.3
EE,H53,2020,243.5
EE,H53,2021,323.1
EE,H53,2022,297.9
EE,H53,2023,287.2
EE,H53,2024,310.3
EE,H53,2025,327.0
EL,H53,2020,1055.4
EL,H53,2021,957.5
EL,H53,2022,1083.3
EL,H53,2023,1048.2
EL,H53,2024,1083.7
ES,H53,2020,5727.0
ES,H53,2021,6662.0
ES,H53,2022,6793.0
ES,H53,2023,7664.0
FI,H53,2020,1383.0
FI,H53,2021,1430.0
FI,H53,2022,1474.0
FI,H53,2023,1786.0
FI,H53,2024,2487.0
FI,H53,2025,2666.0
FR,H53,2020,11920.7
FR,H53,2021,12598.2
FR,H53,2022,12182.1
FR,H53,2023,11896.4
FR,H53,2024,11897.1
HR,H53,2020,304.0
HR,H53,2021,339.7
HR,H53,2022,369.0
HR,H53,2023,393.4
HR,H53,2024,476.6
HU,H53,2020,936.0
HU,H53,2021,1235.5
HU,H53,2022,1477.0
HU,H53,2023,1673.4
HU,H53,2024,1701.7
IE,H53,2020,1803.4
IE,H53,2021,1697.5
IE,H53,2022,2417.3
IE,H53,2023,2110.5
IE,H53,2024,2297.7
IS,H53,2020,91.1
IS,H53,2021,98.6
IS,H53,2022,106.9
IS,H53,2023,97.2
IS,H53,2024,104.8
IS,H53,2025,121.9
IT,H53,2020,8052.3
IT,H53,2021,9265.6
IT,H53,2022,8861.8
IT,H53,2023,9050.5
LT,H53,2020,255.6
LT,H53,2021,338.6
LT,H53,2022,366.5
LT,H53,2023,385.6
LT,H53,2024,401.9
LV,H53,2020,210.1
LV,H53,2021,266.4
LV,H53,2022,280.7
LV,H53,2023,274.9
MK,H53,2020,37.3
MK,H53,2021,33.1
MT,H53,2020,59.2
MT,H53,2021,84.2
MT,H53,2022,88.2
MT,H53,2023,100.4
MT,H53,2024,107.9
MT,H53,2025,125.5
NL,H53,2020,8555.0
NL,H53,2021,9115.0
NL,H53,2022,9577.0
NL,H53,2023,10292.0
NL,H53,2024,10373.0
NL,H53,2025,10663.0
NO,H53,2020,1838.0
NO,H53,2021,1972.3
NO,H53,2022,2019.8
NO,H53,2023,1861.0
PT,H53,2020,1102.3
PT,H53,2021,1279.1
PT,H53,2022,1276.8
PT,H53,2023,1392.3
PT,H53,2024,1487.0
RO,H53,2020,1439.7
RO,H53,2021,1759.9
RO,H53,2022,1975.5
RO,H53,2023,2136.6
RO,H53,2024,2739.4
RS,H53,2020,338.9
RS,H53,2021,354.3
RS,H53,2022,344.5
RS,H53,2023,414.0
RS,H53,2024,478.4
SI,H53,2020,393.6
SI,H53,2021,426.1
SI,H53,2022,479.1
SI,H53,2023,497.2
SI,H53,2024,518.7
SI,H53,2025,537.3
SK,H53,2020,805.8
SK,H53,2021,891.1
SK,H53,2022,937.1
SK,H53,2023,957.1
SK,H53,2024,1006.8
TR,H53,2023,6672.3
AL,I,2020,574.8
AL,I,2021,832.6
AL,I,2022,1030.0
AL,I,2023,1560.7
AL,I,2024,2009.8
AL,I,2025,2402.9
AT,I,2020,18412.0
AT,I,2021,17275.8
AT,I,2022,28260.5
AT,I,2023,33052.5
AT,I,2024,35201.3
AT,I,2025,37123.6
BA,I,2020,502.2
BA,I,2021,636.3
BA,I,2022,832.8
BA,I,2023,960.2
BE,I,2020,13728.0
BE,I,2021,17115.9
BE,I,2022,23781.1
BE,I,2023,26306.8
BE,I,2024,27549.3
BG,I,2020,1857.7
BG,I,2021,2680.6
BG,I,2022,3830.1
BG,I,2023,4336.2
BG,I,2024,4988.9
CH,I,2020,18005.0
CH,I,2021,17228.0
CH,I,2022,27914.0
CH,I,2023,32476.6
CH,I,2024,34477.9
CY,I,2020,1294.8
CY,I,2021,2176.4
CY,I,2022,3169.9
CY,I,2023,3829.0
CY,I,2024,4259.9
CZ,I,2020,5839.0
CZ,I,2021,6628.4
CZ,I,2022,9734.6
CZ,I,2023,11580.2
CZ,I,2024,12014.9
CZ,I,2025,12887.8
DE,I,2020,68027.0
DE,I,2021,73923.0
DE,I,2022,121973.0
DE,I,2023,137142.0
DE,I,2024,140277.0
DE,I,2025,143737.0
DK,I,2020,7421.1
DK,I,2021,8543.1
DK,I,2022,11369.8
DK,I,2023,12392.7
DK,I,2024,12578.3
DK,I,2025,13270.0
EA12,I,2020,384815.5
EA12,I,2021,457893.3
EA12,I,2022,672856.9
EA12,I,2023,764120.0
EA12,I,2024,810976.1
EA19,I,2020,392939.2
EA19,I,2021,468102.6
EA19,I,2022,687931.2
EA19,I,2023,782072.8
EA19,I,2024,830719.3
EA20,I,2020,395763.5
EA20,I,2021,472726.7
EA20,I,2022,695039.8
EA20,I,2023,790444.6
EA20,I,2024,840316.4
EA21,I,2020,397621.3
EA21,I,2021,475407.4
EA21,I,2022,698869.9
EA21,I,2023,794780.9
EA21,I,2024,845305.4
EE,I,2020,770.4
EE,I,2021,868.6
EE,I,2022,1411.1
EE,I,2023,1552.1
EE,I,2024,1609.2
EE,I,2025,1651.9
EL,I,2020,11538.5
EL,I,2021,15743.8
EL,I,2022,22216.0
EL,I,2023,25751.9
EL,I,2024,26667.5
ES,I,2020,68182.0
ES,I,2021,92191.0
ES,I,2022,130153.0
ES,I,2023,148604.0
ES,I,2024,166211.0
EU27_2020,I,2020,445752.0
EU27_2020,I,2021,532400.1
EU27_2020,I,2022,775391.5
EU27_2020,I,2023,881928.8
EU27_2020,I,2024,940076.0
FI,I,2020,6793.0
FI,I,2021,7045.0
FI,I,2022,9322.0
FI,I,2023,10512.0
FI,I,2024,10989.0
FI,I,2025,11095.0
FR,I,2020,77672.7
FR,I,2021,87816.7
FR,I,2022,129765.9
FR,I,2023,144401.9
FR,I,2024,153582.8
FR,I,2025,160614.1
HR,I,2020,2824.3
HR,I,2021,4624.1
HR,I,2022,7108.6
HR,I,2023,8371.8
HR,I,2024,9597.1
HU,I,2020,4207.1
HU,I,2021,5459.3
HU,I,2022,7485.8
HU,I,2023,9344.8
HU,I,2024,10118.6
IE,I,2020,4693.1
IE,I,2021,6861.4
IE,I,2022,10722.2
IE,I,2023,12254.0
IE,I,2024,12703.9
IS,I,2020,746.9
IS,I,2021,1162.7
IS,I,2022,1886.3
IS,I,2023,2212.1
IS,I,2024,2316.4
IS,I,2025,2571.7
IT,I,2020,80763.4
IT,I,2021,98938.7
IT,I,2022,133147.4
IT,I,2023,152825.7
IT,I,2024,161541.5
LI,I,2020,83.1
LI,I,2021,79.3
LI,I,2022,125.9
LT,I,2020,1077.6
LT,I,2021,1390.1
LT,I,2022,2025.5
LT,I,2023,2368.6
LT,I,2024,2365.4
LU,I,2020,1404.1
LU,I,2021,1568.9
LU,I,2022,2247.5
LU,I,2023,2557.2
LU,I,2024,2628.0
LV,I,2020,730.6
LV,I,2021,722.1
LV,I,2022,1109.5
LV,I,2023,1389.1
LV,I,2024,1464.2
ME,I,2020,231.5
ME,I,2021,688.4
ME,I,2022,987.8
ME,I,2023,1153.7
ME,I,2024,1261.7
MK,I,2020,265.1
MK,I,2021,421.1
MT,I,2020,714.9
MT,I,2021,949.3
MT,I,2022,1583.5
MT,I,2023,1955.9
MT,I,2024,2348.0
MT,I,2025,2701.0
NL,I,2020,20993.0
NL,I,2021,23842.0
NL,I,2022,36487.0
NL,I,2023,41330.0
NL,I,2024,43539.0
NL,I,2025,45283.0
NO,I,2020,7048.2
NO,I,2021,8701.4
NO,I,2022,12351.6
NO,I,2023,12003.8
NO,I,2024,12417.9
NO,I,2025,13305.5
PL,I,2020,11458.7
PL,I,2021,14499.7
PL,I,2022,19381.1
PL,I,2023,24231.2
PL,I,2024,28256.8
PT,I,2020,12608.7
PT,I,2021,15571.1
PT,I,2022,24734.2
PT,I,2023,28581.3
PT,I,2024,30539.5
PT,I,2025,31824.2
RO,I,2020,5876.0
RO,I,2021,6945.5
RO,I,2022,9554.8
RO,I,2023,10888.2
RO,I,2024,12088.1
RS,I,2020,1331.0
RS,I,2021,1826.0
RS,I,2022,2532.6
RS,I,2023,3148.4
RS,I,2024,3583.6
SE,I,2020,13328.9
SE,I,2021,14916.9
SE,I,2022,18981.2
SE,I,2023,19202.5
SI,I,2020,1475.1
SI,I,2021,1899.5
SI,I,2022,2777.6
SI,I,2023,3119.0
SI,I,2024,3331.1
SI,I,2025,3559.1
SK,I,2020,2060.3
SK,I,2021,2203.4
SK,I,2022,3065.6
SK,I,2023,3763.0
SK,I,2024,4298.7
TR,I,2023,65363.5
UA,I,2020,1910.9
UA,I,2021,2882.3
UA,I,2022,1707.3
UA,I,2023,2070.3
UA,I,2024,2309.2
AL,J,2020,1043.8
AL,J,2021,1161.3
AL,J,2022,1217.0
AL,J,2023,1465.3
AL,J,2024,1544.0
AL,J,2025,1616.9
AT,J,2020,29000.9
AT,J,2021,31303.4
AT,J,2022,33300.7
AT,J,2023,35693.8
AT,J,2024,38484.5
AT,J,2025,39433.1
BA,J,2020,1228.2
BA,J,2021,1369.5
BA,J,2022,1604.6
BA,J,2023,1813.2
BE,J,2020,43279.0
BE,J,2021,47464.7
BE,J,2022,52670.7
BE,J,2023,57880.9
BE,J,2024,60777.2
BG,J,2020,7480.3
BG,J,2021,8998.1
BG,J,2022,10717.5
BG,J,2023,12193.0
BG,J,2024,13230.5
CH,J,2020,60801.1
CH,J,2021,67189.5
CH,J,2022,80201.4
CH,J,2023,90644.5
CH,J,2024,96985.9
CY,J,2020,5856.2
CY,J,2021,7563.3
CY,J,2022,10360.3
CY,J,2023,11199.6
CY,J,2024,13154.3
CZ,J,2020,22771.1
CZ,J,2021,25939.0
CZ,J,2022,30702.8
CZ,J,2023,34414.3
CZ,J,2024,35629.4
CZ,J,2025,39688.7
DE,J,2020,310531.0
DE,J,2021,336701.0
DE,J,2022,363798.0
DE,J,2023,394907.0
DE,J,2024,413248.0
DE,J,2025,431817.0
DK,J,2020,27155.6
DK,J,2021,29588.9
DK,J,2022,32492.8
DK,J,2023,33403.6
DK,J,2024,34390.2
DK,J,2025,36810.3
EA12,J,2020,1143923.0
EA12,J,2021,1290108.5
EA12,J,2022,1409382.6
EA12,J,2023,1531393.1
EA12,J,2024,1623712.4
EA19,J,2020,1173325.0
EA19,J,2021,1324810.0
EA19,J,2022,1453021.9
EA19,J,2023,1580780.6
EA19,J,2024,1678031.3
EA20,J,2020,1177555.2
EA20,J,2021,1329682.8
EA20,J,2022,1458658.9
EA20,J,2023,1587087.3
EA20,J,2024,1684671.0
EA21,J,2020,1185035.6
EA21,J,2021,1338681.1
EA21,J,2022,1469376.6
EA21,J,2023,1599280.5
EA21,J,2024,1697901.7
EE,J,2020,3447.0
EE,J,2021,4326.9
EE,J,2022,6019.5
EE,J,2023,6852.7
EE,J,2024,7430.9
EE,J,2025,8416.4
EL,J,2020,11469.6
EL,J,2021,12323.9
EL,J,2022,13810.2
EL,J,2023,14403.0
EL,J,2024,15232.4
ES,J,2020,88493.0
ES,J,2021,96161.0
ES,J,2022,109529.0
ES,J,2023,120734.0
ES,J,2024,130988.0
EU27_2020,J,2020,1379331.4
EU27_2020,J,2021,1557607.7
EU27_2020,J,2022,1718271.8
EU27_2020,J,2023,1864034.0
EU27_2020,J,2024,1977460.0
FI,J,2020,24347.0
FI,J,2021,26593.0
FI,J,2022,28046.0
FI,J,2023,29343.0
FI,J,2024,30580.0
FI,J,2025,32838.0
FR,J,2020,228245.6
FR,J,2021,251944.9
FR,J,2022,275138.4
FR,J,2023,290258.9
FR,J,2024,303807.0
FR,J,2025,307982.2
HR,J,2020,4230.2
HR,J,2021,4872.8
HR,J,2022,5637.0
HR,J,2023,6306.7
HR,J,2024,6639.7
HU,J,2020,9976.9
HU,J,2021,12011.3
HU,J,2022,12426.1
HU,J,2023,14548.3
HU,J,2024,15719.5
IE,J,2020,158082.7
IE,J,2021,220245.5
IE,J,2022,243763.2
IE,J,2023,271496.0
IE,J,2024,319575.4
IS,J,2020,1924.3
IS,J,2021,2233.4
IS,J,2022,2602.7
IS,J,2023,2715.8
IS,J,2024,2930.3
IS,J,2025,3335.6
IT,J,2020,123132.4
IT,J,2021,132502.6
IT,J,2022,139357.1
IT,J,2023,145145.1
IT,J,2024,149999.2
LI,J,2020,272.9
LI,J,2021,361.6
LI,J,2022,537.6
LT,J,2020,3458.6
LT,J,2021,4281.9
LT,J,2022,5435.4
LT,J,2023,6378.2
LT,J,2024,7090.5
LU,J,2020,22968.9
LU,J,2021,27776.2
LU,J,2022,29327.4
LU,J,2023,33994.6
LU,J,2024,20370.7
LV,J,2020,2531.1
LV,J,2021,2902.0
LV,J,2022,3451.4
LV,J,2023,3701.7
LV,J,2024,3866.7
ME,J,2020,286.1
ME,J,2021,348.4
ME,J,2022,430.1
ME,J,2023,500.3
ME,J,2024,547.2
MK,J,2020,684.9
MK,J,2021,793.4
MT,J,2020,2728.1
MT,J,2021,3319.1
MT,J,2022,4371.7
MT,J,2023,5407.7
MT,J,2024,6351.8
MT,J,2025,7066.7
NL,J,2020,89049.0
NL,J,2021,89725.0
NL,J,2022,100459.0
NL,J,2023,109607.0
NL,J,2024,116007.0
NL,J,2025,121757.0
NO,J,2020,27886.3
NO,J,2021,32302.8
NO,J,2022,35764.3
NO,J,2023,35379.0
NO,J,2024,36476.6
NO,J,2025,37971.5
PL,J,2020,42237.5
PL,J,2021,45802.4
PL,J,2022,55428.0
PL,J,2023,64008.1
PL,J,2024,69208.5
PT,J,2020,15324.0
PT,J,2021,17367.3
PT,J,2022,20141.9
PT,J,2023,22426.2
PT,J,2024,24361.7
PT,J,2025,25415.7
RO,J,2020,22555.0
RO,J,2021,25153.3
RO,J,2022,32686.3
RO,J,2023,35965.4
RO,J,2024,38645.8
RS,J,2020,5265.2
RS,J,2021,5961.2
RS,J,2022,7380.8
RS,J,2023,9600.0
RS,J,2024,10873.8
SE,J,2020,69599.8
SE,J,2021,80431.7
SE,J,2022,85150.8
SE,J,2023,82860.9
SI,J,2020,3542.6
SI,J,2021,3897.9
SI,J,2022,4434.5
SI,J,2023,4910.9
SI,J,2024,5272.1
SI,J,2025,5571.9
SK,J,2020,7838.5
SK,J,2021,8410.3
SK,J,2022,9556.3
SK,J,2023,10876.3
SK,J,2024,11179.8
TR,J,2023,39846.9
UA,J,2020,12971.2
UA,J,2021,14900.2
UA,J,2022,12424.7
UA,J,2023,13444.1
UA,J,2024,14407.9
AT,J58,2020,2974.2
AT,J58,2021,3395.4
AT,J58,2022,3695.5
AT,J58,2023,3720.2
AT,J58,2024,3864.2
AT,J58,2025,3903.9
BA,J58,2020,37.1
BA,J58,2021,40.2
BA,J58,2022,50.0
BA,J58,2023,49.4
BE,J58,2020,2969.8
BE,J58,2021,3038.0
BE,J58,2022,3340.1
BE,J58,2023,3711.4
BG,J58,2020,206.5
BG,J58,2021,235.1
BG,J58,2022,247.4
BG,J58,2023,308.8
BG,J58,2024,326.4
CH,J58,2020,3731.1
CH,J58,2021,3830.6
CH,J58,2022,4828.8
CH,J58,2023,4986.7
CH,J58,2024,5197.4
CY,J58,2020,2093.0
CY,J58,2021,2831.5
CY,J58,2022,3562.0
CY,J58,2023,3634.2
CZ,J58,2020,2489.6
CZ,J58,2021,2769.8
CZ,J58,2022,3497.5
CZ,J58,2023,3909.5
CZ,J58,2024,4413.9
CZ,J58,2025,4743.7
DE,J58,2020,31566.0
DE,J58,2021,28339.0
DE,J58,2022,28413.0
DE,J58,2023,27843.0
DE,J58,2024,27439.0
DK,J58,2020,3887.7
DK,J58,2021,4347.6
DK,J58,2022,4622.5
DK,J58,2023,4770.9
DK,J58,2024,5118.6
DK,J58,2025,5147.3
EE,J58,2020,194.2
EE,J58,2021,220.1
EE,J58,2022,281.8
EE,J58,2023,298.8
EE,J58,2024,342.2
EE,J58,2025,449.0
EL,J58,2020,900.7
EL,J58,2021,1006.6
EL,J58,2022,1143.2
EL,J58,2023,1204.1
EL,J58,2024,1383.9
ES,J58,2020,5389.0
ES,J58,2021,5986.0
ES,J58,2022,6705.0
ES,J58,2023,6856.0
FI,J58,2020,5607.0
FI,J58,2021,6501.0
FI,J58,2022,6607.0
FI,J58,2023,6828.0
FI,J58,2024,7470.0
FI,J58,2025,8806.0
FR,J58,2020,27740.8
FR,J58,2021,30388.4
FR,J58,2022,32582.9
FR,J58,2023,34516.1
FR,J58,2024,36055.4
HR,J58,2020,276.5
HR,J58,2021,287.0
HR,J58,2022,311.6
HR,J58,2023,338.6
HR,J58,2024,319.8
HU,J58,2020,840.8
HU,J58,2021,927.3
HU,J58,2022,985.8
HU,J58,2023,1207.8
HU,J58,2024,1123.6
IS,J58,2020,96.6
IS,J58,2021,107.1
IS,J58,2022,121.6
IS,J58,2023,117.1
IS,J58,2024,123.8
IS,J58,2025,143.4
IT,J58,2020,7797.1
IT,J58,2021,8317.2
IT,J58,2022,8779.0
IT,J58,2023,8668.9
LT,J58,2020,202.4
LT,J58,2021,277.8
LT,J58,2022,355.4
LT,J58,2023,396.0
LT,J58,2024,442.5
LU,J58,2020,399.0
LU,J58,2021,406.5
LU,J58,2022,411.9
LU,J58,2023,395.2
LU,J58,2024,383.1
LV,J58,2020,90.3
LV,J58,2021,94.7
LV,J58,2022,106.0
LV,J58,2023,104.6
MK,J58,2020,23.1
MK,J58,2021,19.4
MT,J58,2020,94.3
MT,J58,2021,107.1
MT,J58,2022,129.0
MT,J58,2023,137.6
MT,J58,2024,157.6
MT,J58,2025,169.0
NL,J58,2020,5209.0
NL,J58,2021,5453.0
NL,J58,2022,7277.0
NL,J58,2023,7885.0
NL,J58,2024,7984.0
NL,J58,2025,8385.0
NO,J58,2020,4571.7
NO,J58,2021,5204.0
NO,J58,2022,5435.6
NO,J58,2023,5131.4
PL,J58,2020,3474.7
PL,J58,2021,3494.9
PL,J58,2022,4073.8
PL,J58,2023,4299.0
PT,J58,2020,911.7
PT,J58,2021,978.5
PT,J58,2022,1115.8
PT,J58,2023,1291.8
PT,J58,2024,1349.4
RO,J58,2020,1575.2
RO,J58,2021,1847.2
RO,J58,2022,2295.4
RO,J58,2023,2637.9
RO,J58,2024,3023.3
RS,J58,2020,202.2
RS,J58,2021,204.0
RS,J58,2022,264.5
RS,J58,2023,326.9
RS,J58,2024,326.9
SE,J58,2020,8814.3
SE,J58,2021,10506.1
SE,J58,2022,10621.8
SE,J58,2023,10509.5
SI,J58,2020,218.2
SI,J58,2021,228.5
SI,J58,2022,238.5
SI,J58,2023,247.0
SI,J58,2024,227.8
SI,J58,2025,230.9
SK,J58,2020,342.9
SK,J58,2021,387.6
SK,J58,2022,443.5
SK,J58,2023,472.0
SK,J58,2024,482.6
TR,J58,2023,2600.6
AT,J58-J60,2020,5734.2
AT,J58-J60,2021,6492.5
AT,J58-J60,2022,6969.9
AT,J58-J60,2023,7221.9
AT,J58-J60,2024,7476.7
AT,J58-J60,2025,7583.8
BA,J58-J60,2020,149.2
BA,J58-J60,2021,161.6
BA,J58-J60,2022,190.7
BA,J58-J60,2023,210.1
BE,J58-J60,2020,7198.2
BE,J58-J60,2021,7934.2
BE,J58-J60,2022,8814.3
BE,J58-J60,2023,9658.5
BE,J58-J60,2024,9909.6
BG,J58-J60,2020,721.7
BG,J58-J60,2021,914.9
BG,J58-J60,2022,1062.7
BG,J58-J60,2023,1135.8
BG,J58-J60,2024,1221.7
CH,J58-J60,2020,6640.0
CH,J58-J60,2021,7739.8
CH,J58-J60,2022,9736.6
CH,J58-J60,2023,10108.8
CH,J58-J60,2024,10120.7
CY,J58-J60,2020,2229.7
CY,J58-J60,2021,3002.7
CY,J58-J60,2022,3765.9
CY,J58-J60,2023,3842.8
CZ,J58-J60,2020,4684.8
CZ,J58-J60,2021,5566.5
CZ,J58-J60,2022,6830.0
CZ,J58-J60,2023,7381.1
CZ,J58-J60,2024,7782.6
CZ,J58-J60,2025,8414.3
DE,J58-J60,2020,66428.0
DE,J58-J60,2021,66408.0
DE,J58-J60,2022,69188.0
DE,J58-J60,2023,68541.0
DE,J58-J60,2024,69387.0
DK,J58-J60,2020,7336.5
DK,J58-J60,2021,8039.0
DK,J58-J60,2022,8760.2
DK,J58-J60,2023,8874.9
DK,J58-J60,2024,9263.1
DK,J58-J60,2025,10418.4
EE,J58-J60,2020,374.7
EE,J58-J60,2021,444.0
EE,J58-J60,2022,594.0
EE,J58-J60,2023,661.8
EE,J58-J60,2024,764.9
EE,J58-J60,2025,906.4
EL,J58-J60,2020,2089.3
EL,J58-J60,2021,2487.4
EL,J58-J60,2022,2813.9
EL,J58-J60,2023,2800.8
EL,J58-J60,2024,2810.4
ES,J58-J60,2020,16810.0
ES,J58-J60,2021,19484.0
ES,J58-J60,2022,22322.0
ES,J58-J60,2023,23232.0
FI,J58-J60,2020,7296.0
FI,J58-J60,2021,8328.0
FI,J58-J60,2022,8582.0
FI,J58-J60,2023,8790.0
FI,J58-J60,2024,9430.0
FI,J58-J60,2025,10696.0
FR,J58-J60,2020,52903.2
FR,J58-J60,2021,60702.1
FR,J58-J60,2022,65293.0
FR,J58-J60,2023,68623.3
FR,J58-J60,2024,71178.7
FR,J58-J60,2025,70214.3
HR,J58-J60,2020,777.4
HR,J58-J60,2021,914.5
HR,J58-J60,2022,998.5
HR,J58-J60,2023,1102.8
HR,J58-J60,2024,1036.5
HU,J58-J60,2020,2270.4
HU,J58-J60,2021,2830.8
HU,J58-J60,2022,2838.8
HU,J58-J60,2023,3147.9
HU,J58-J60,2024,3310.9
IS,J58-J60,2020,335.5
IS,J58-J60,2021,370.5
IS,J58-J60,2022,458.7
IS,J58-J60,2023,469.5
IS,J58-J60,2024,538.3
IS,J58-J60,2025,513.3
IT,J58-J60,2020,21795.4
IT,J58-J60,2021,24120.1
IT,J58-J60,2022,25426.9
IT,J58-J60,2023,26122.3
IT,J58-J60,2024,26677.5
LI,J58-J60,2020,19.9
LI,J58-J60,2021,21.2
LI,J58-J60,2022,23.3
LT,J58-J60,2020,455.6
LT,J58-J60,2021,580.4
LT,J58-J60,2022,723.7
LT,J58-J60,2023,819.1
LT,J58-J60,2024,871.7
LU,J58-J60,2020,890.5
LU,J58-J60,2021,1052.4
LU,J58-J60,2022,1081.4
LU,J58-J60,2023,1178.5
LU,J58-J60,2024,1118.5
LV,J58-J60,2020,238.9
LV,J58-J60,2021,276.5
LV,J58-J60,2022,332.1
LV,J58-J60,2023,341.6
MK,J58-J60,2020,78.2
MK,J58-J60,2021,83.5
MT,J58-J60,2020,160.6
MT,J58-J60,2021,183.7
MT,J58-J60,2022,229.3
MT,J58-J60,2023,256.0
MT,J58-J60,2024,268.2
MT,J58-J60,2025,292.7
NL,J58-J60,2020,21862.0
NL,J58-J60,2021,17178.0
NL,J58-J60,2022,17693.0
NL,J58-J60,2023,18607.0
NL,J58-J60,2024,19699.0
NL,J58-J60,2025,21201.0
NO,J58-J60,2020,6348.0
NO,J58-J60,2021,7342.0
NO,J58-J60,2022,7745.0
NO,J58-J60,2023,7107.3
NO,J58-J60,2024,7277.2
NO,J58-J60,2025,7134.5
PL,J58-J60,2020,8361.7
PL,J58-J60,2021,9659.8
PL,J58-J60,2022,10435.1
PL,J58-J60,2023,10753.6
PT,J58-J60,2020,2446.1
PT,J58-J60,2021,2713.0
PT,J58-J60,2022,3034.3
PT,J58-J60,2023,3224.5
PT,J58-J60,2024,3435.0
RO,J58-J60,2020,2914.1
RO,J58-J60,2021,3332.1
RO,J58-J60,2022,4153.4
RO,J58-J60,2023,4646.9
RO,J58-J60,2024,5446.0
RS,J58-J60,2020,860.8
RS,J58-J60,2021,954.6
RS,J58-J60,2022,1159.6
RS,J58-J60,2023,1320.9
RS,J58-J60,2024,1415.8
SE,J58-J60,2020,14111.0
SE,J58-J60,2021,17015.0
SE,J58-J60,2022,17676.2
SE,J58-J60,2023,17226.7
SI,J58-J60,2020,584.8
SI,J58-J60,2021,670.2
SI,J58-J60,2022,769.3
SI,J58-J60,2023,777.8
SI,J58-J60,2024,758.1
SI,J58-J60,2025,789.1
SK,J58-J60,2020,918.5
SK,J58-J60,2021,1047.6
SK,J58-J60,2022,1207.3
SK,J58-J60,2023,1399.6
SK,J58-J60,2024,1418.9
TR,J58-J60,2023,7416.1
AT,J59_J60,2020,2760.0
AT,J59_J60,2021,3097.1
AT,J59_J60,2022,3274.4
AT,J59_J60,2023,3501.8
AT,J59_J60,2024,3612.5
AT,J59_J60,2025,3679.9
BA,J59_J60,2020,112.1
BA,J59_J60,2021,121.4
BA,J59_J60,2022,140.7
BA,J59_J60,2023,160.7
BE,J59_J60,2020,4228.4
BE,J59_J60,2021,4896.2
BE,J59_J60,2022,5474.2
BE,J59_J60,2023,5947.1
BG,J59_J60,2020,515.2
BG,J59_J60,2021,679.8
BG,J59_J60,2022,815.2
BG,J59_J60,2023,827.0
BG,J59_J60,2024,895.2
CH,J59_J60,2020,2908.9
CH,J59_J60,2021,3909.3
CH,J59_J60,2022,4907.8
CH,J59_J60,2023,5122.0
CH,J59_J60,2024,4923.3
CY,J59_J60,2020,136.7
CY,J59_J60,2021,171.2
CY,J59_J60,2022,203.9
CY,J59_J60,2023,208.7
CZ,J59_J60,2020,2195.2
CZ,J59_J60,2021,2796.7
CZ,J59_J60,2022,3332.5
CZ,J59_J60,2023,3471.6
CZ,J59_J60,2024,3368.7
CZ,J59_J60,2025,3670.6
DE,J59_J60,2020,34862.0
DE,J59_J60,2021,38069.0
DE,J59_J60,2022,40775.0
DE,J59_J60,2023,40698.0
DE,J59_J60,2024,41948.0
DK,J59_J60,2020,3448.7
DK,J59_J60,2021,3691.4
DK,J59_J60,2022,4137.8
DK,J59_J60,2023,4104.1
DK,J59_J60,2024,4144.5
DK,J59_J60,2025,5271.1
EE,J59_J60,2020,180.4
EE,J59_J60,2021,223.9
EE,J59_J60,2022,312.2
EE,J59_J60,2023,363.0
EE,J59_J60,2024,422.6
EE,J59_J60,2025,457.3
EL,J59_J60,2020,1188.6
EL,J59_J60,2021,1480.8
EL,J59_J60,2022,1670.7
EL,J59_J60,2023,1596.7
EL,J59_J60,2024,1426.5
ES,J59_J60,2020,11421.0
ES,J59_J60,2021,13498.0
ES,J59_J60,2022,15617.0
ES,J59_J60,2023,16376.0
FI,J59_J60,2020,1689.0
FI,J59_J60,2021,1827.0
FI,J59_J60,2022,1975.0
FI,J59_J60,2023,1962.0
FI,J59_J60,2024,1960.0
FI,J59_J60,2025,1890.0
FR,J59_J60,2020,25162.4
FR,J59_J60,2021,30313.7
FR,J59_J60,2022,32710.1
FR,J59_J60,2023,34107.2
FR,J59_J60,2024,35123.3
HR,J59_J60,2020,500.9
HR,J59_J60,2021,627.5
HR,J59_J60,2022,686.8
HR,J59_J60,2023,764.2
HR,J59_J60,2024,716.7
HU,J59_J60,2020,1429.6
HU,J59_J60,2021,1903.5
HU,J59_J60,2022,1853.0
HU,J59_J60,2023,1940.2
HU,J59_J60,2024,2187.3
IS,J59_J60,2020,238.9
IS,J59_J60,2021,263.4
IS,J59_J60,2022,337.1
IS,J59_J60,2023,352.4
IS,J59_J60,2024,414.5
IS,J59_J60,2025,369.9
IT,J59_J60,2020,13998.3
IT,J59_J60,2021,15802.9
IT,J59_J60,2022,16647.9
IT,J59_J60,2023,17453.4
LT,J59_J60,2020,253.2
LT,J59_J60,2021,302.6
LT,J59_J60,2022,368.3
LT,J59_J60,2023,423.1
LT,J59_J60,2024,429.2
LV,J59_J60,2020,148.6
LV,J59_J60,2021,181.8
LV,J59_J60,2022,226.1
LV,J59_J60,2023,237.0
MK,J59_J60,2020,55.1
MK,J59_J60,2021,64.1
MT,J59_J60,2020,66.3
MT,J59_J60,2021,76.7
MT,J59_J60,2022,100.3
MT,J59_J60,2023,118.4
MT,J59_J60,2024,110.6
MT,J59_J60,2025,123.7
NL,J59_J60,2020,16653.0
NL,J59_J60,2021,11725.0
NL,J59_J60,2022,10416.0
NL,J59_J60,2023,10722.0
NL,J59_J60,2024,11715.0
NL,J59_J60,2025,12816.0
NO,J59_J60,2020,1776.3
NO,J59_J60,2021,2138.0
NO,J59_J60,2022,2309.4
NO,J59_J60,2023,1976.0
PL,J59_J60,2020,4887.0
PL,J59_J60,2021,6164.9
PL,J59_J60,2022,6361.4
PL,J59_J60,2023,6454.6
PT,J59_J60,2020,1534.3
PT,J59_J60,2021,1734.5
PT,J59_J60,2022,1918.5
PT,J59_J60,2023,1932.8
PT,J59_J60,2024,2085.6
RO,J59_J60,2020,1338.9
RO,J59_J60,2021,1484.9
RO,J59_J60,2022,1857.9
RO,J59_J60,2023,2009.0
RO,J59_J60,2024,2422.8
RS,J59_J60,2020,658.6
RS,J59_J60,2021,750.6
RS,J59_J60,2022,895.0
RS,J59_J60,2023,994.0
RS,J59_J60,2024,1089.0
SE,J59_J60,2020,5296.7
SE,J59_J60,2021,6508.9
SE,J59_J60,2022,7054.4
SE,J59_J60,2023,6717.2
SI,J59_J60,2020,366.6
SI,J59_J60,2021,441.7
SI,J59_J60,2022,530.8
SI,J59_J60,2023,530.7
SI,J59_J60,2024,530.3
SI,J59_J60,2025,558.3
SK,J59_J60,2020,575.6
SK,J59_J60,2021,660.0
SK,J59_J60,2022,763.8
SK,J59_J60,2023,927.5
SK,J59_J60,2024,936.3
TR,J59_J60,2023,4815.5
AT,J61,2020,6385.4
AT,J61,2021,6574.1
AT,J61,2022,6691.5
AT,J61,2023,7116.6
AT,J61,2024,7418.9
AT,J61,2025,7385.4
BA,J61,2020,663.4
BA,J61,2021,690.4
BA,J61,2022,723.4
BA,J61,2023,757.9
BE,J61,2020,10942.1
BE,J61,2021,11595.3
BE,J61,2022,11970.6
BE,J61,2023,12062.0
BE,J61,2024,12205.2
BG,J61,2020,1995.4
BG,J61,2021,2226.8
BG,J61,2022,2322.9
BG,J61,2023,2491.6
BG,J61,2024,2712.7
CH,J61,2020,15222.1
CH,J61,2021,15423.2
CH,J61,2022,17160.1
CH,J61,2023,17503.1
CH,J61,2024,18295.2
CY,J61,2020,691.8
CY,J61,2021,770.9
CY,J61,2022,913.3
CY,J61,2023,973.6
CZ,J61,2020,5491.2
CZ,J61,2021,5952.7
CZ,J61,2022,6513.6
CZ,J61,2023,7249.8
CZ,J61,2024,7179.8
CZ,J61,2025,7662.8
DE,J61,2020,72253.0
DE,J61,2021,69890.0
DE,J61,2022,72058.0
DE,J61,2023,78820.0
DE,J61,2024,75317.0
DK,J61,2020,6333.8
DK,J61,2021,6457.5
DK,J61,2022,6612.4
DK,J61,2023,6600.1
DK,J61,2024,6645.7
DK,J61,2025,6750.4
EA12,J61,2020,257197.8
EA12,J61,2021,260711.7
EA12,J61,2022,269896.9
EA12,J61,2023,282076.4
EA19,J61,2020,263952.4
EA19,J61,2021,267666.2
EA19,J61,2022,277604.1
EA19,J61,2023,290246.8
EA20,J61,2020,265445.7
EA20,J61,2021,269268.9
EA20,J61,2022,279227.6
EA20,J61,2023,292057.7
EA21,J61,2020,267441.1
EA21,J61,2021,271495.7
EA21,J61,2022,281550.5
EA21,J61,2023,294549.3
EE,J61,2020,781.9
EE,J61,2021,768.7
EE,J61,2022,789.3
EE,J61,2023,902.2
EE,J61,2024,861.6
EE,J61,2025,860.4
EL,J61,2020,6634.4
EL,J61,2021,6430.6
EL,J61,2022,6801.5
EL,J61,2023,6669.2
EL,J61,2024,6926.0
ES,J61,2020,32358.0
ES,J61,2021,32446.0
ES,J61,2022,34678.0
ES,J61,2023,36238.0
EU27_2020,J61,2020,310674.8
EU27_2020,J61,2021,316167.3
EU27_2020,J61,2022,329805.6
EU27_2020,J61,2023,343815.2
FI,J61,2020,4229.0
FI,J61,2021,4408.0
FI,J61,2022,4530.0
FI,J61,2023,4634.0
FI,J61,2024,4866.0
FI,J61,2025,4973.0
FR,J61,2020,56283.4
FR,J61,2021,58156.6
FR,J61,2022,60981.3
FR,J61,2023,61717.3
FR,J61,2024,62263.0
FR,J61,2025,60581.1
HR,J61,2020,1493.3
HR,J61,2021,1602.6
HR,J61,2022,1623.5
HR,J61,2023,1810.9
HR,J61,2024,1855.8
HU,J61,2020,2540.5
HU,J61,2021,2876.3
HU,J61,2022,2653.7
HU,J61,2023,3260.0
HU,J61,2024,3551.2
IE,J61,2020,5529.3
IE,J61,2021,6503.3
IE,J61,2022,6922.7
IE,J61,2023,6895.5
IE,J61,2024,8024.7
IS,J61,2020,465.6
IS,J61,2021,567.4
IS,J61,2022,559.3
IS,J61,2023,558.9
IS,J61,2024,576.1
IS,J61,2025,611.8
IT,J61,2020,37498.9
IT,J61,2021,38153.1
IT,J61,2022,38247.2
IT,J61,2023,38862.8
IT,J61,2024,37595.8
LI,J61,2020,63.5
LI,J61,2021,58.4
LI,J61,2022,71.0
LT,J61,2020,841.8
LT,J61,2021,939.3
LT,J61,2022,1004.3
LT,J61,2023,1057.4
LT,J61,2024,1109.3
LU,J61,2020,3444.0
LU,J61,2021,3987.4
LU,J61,2022,4158.7
LU,J61,2023,4319.0
LU,J61,2024,4044.2
LV,J61,2020,791.3
LV,J61,2021,877.0
LV,J61,2022,1040.8
LV,J61,2023,1010.6
MK,J61,2020,302.5
MK,J61,2021,321.0
MT,J61,2020,356.8
MT,J61,2021,363.7
MT,J61,2022,416.9
MT,J61,2023,444.4
MT,J61,2024,437.7
MT,J61,2025,446.3
NL,J61,2020,14297.0
NL,J61,2021,14871.0
NL,J61,2022,15287.0
NL,J61,2023,15465.0
NL,J61,2024,15528.0
NL,J61,2025,15446.0
NO,J61,2020,7513.1
NO,J61,2021,7930.4
NO,J61,2022,8446.6
NO,J61,2023,7950.9
NO,J61,2024,7806.0
NO,J61,2025,8082.2
PL,J61,2020,10862.5
PL,J61,2021,9949.4
PL,J61,2022,11485.7
PL,J61,2023,12302.7
PT,J61,2020,6019.7
PT,J61,2021,6274.9
PT,J61,2022,6468.0
PT,J61,2023,6908.6
PT,J61,2024,7150.1
RO,J61,2020,5530.9
RO,J61,2021,5745.7
RO,J61,2022,6666.6
RO,J61,2023,6833.5
RO,J61,2024,6597.2
RS,J61,2020,1997.7
RS,J61,2021,2025.7
RS,J61,2022,2246.0
RS,J61,2023,2624.7
RS,J61,2024,2869.9
SE,J61,2020,12474.8
SE,J61,2021,13689.9
SE,J61,2022,14320.7
SE,J61,2023,13038.8
SI,J61,2020,1161.9
SI,J61,2021,1207.6
SI,J61,2022,1296.7
SI,J61,2023,1415.1
SI,J61,2024,1470.4
SI,J61,2025,1543.6
SK,J61,2020,2129.1
SK,J61,2021,2027.3
SK,J61,2022,2245.9
SK,J61,2023,2348.2
SK,J61,2024,2429.7
TR,J61,2023,10075.2
AT,J62_J63,2020,16881.3
AT,J62_J63,2021,18236.8
AT,J62_J63,2022,19639.3
AT,J62_J63,2023,21355.3
AT,J62_J63,2024,23588.9
AT,J62_J63,2025,24463.9
BA,J62_J63,2020,415.5
BA,J62_J63,2021,517.5
BA,J62_J63,2022,690.5
BA,J62_J63,2023,845.2
BE,J62_J63,2020,25138.7
BE,J62_J63,2021,27935.2
BE,J62_J63,2022,31885.8
BE,J62_J63,2023,36160.4
BE,J62_J63,2024,38662.4
BG,J62_J63,2020,4763.2
BG,J62_J63,2021,5856.4
BG,J62_J63,2022,7332.0
BG,J62_J63,2023,8565.6
BG,J62_J63,2024,9296.2
CH,J62_J63,2020,38938.9
CH,J62_J63,2021,44026.5
CH,J62_J63,2022,53304.8
CH,J62_J63,2023,63032.6
CH,J62_J63,2024,68570.0
CY,J62_J63,2020,2934.8
CY,J62_J63,2021,3789.7
CY,J62_J63,2022,5681.0
CY,J62_J63,2023,6383.2
CZ,J62_J63,2020,12595.0
CZ,J62_J63,2021,14419.9
CZ,J62_J63,2022,17359.2
CZ,J62_J63,2023,19783.4
CZ,J62_J63,2024,20667.0
CZ,J62_J63,2025,23611.6
DE,J62_J63,2020,171850.0
DE,J62_J63,2021,200403.0
DE,J62_J63,2022,222552.0
DE,J62_J63,2023,247546.0
DE,J62_J63,2024,268544.0
DK,J62_J63,2020,13485.3
DK,J62_J63,2021,15092.4
DK,J62_J63,2022,17120.2
DK,J62_J63,2023,17928.5
DK,J62_J63,2024,18481.4
DK,J62_J63,2025,19641.5
EE,J62_J63,2020,2290.5
EE,J62_J63,2021,3114.2
EE,J62_J63,2022,4636.2
EE,J62_J63,2023,5288.7
EE,J62_J63,2024,5804.4
EE,J62_J63,2025,6649.6
EL,J62_J63,2020,2745.9
EL,J62_J63,2021,3405.9
EL,J62_J63,2022,4194.8
EL,J62_J63,2023,4933.1
EL,J62_J63,2024,5495.9
ES,J62_J63,2020,39325.0
ES,J62_J63,2021,44231.0
ES,J62_J63,2022,52529.0
ES,J62_J63,2023,61264.0
FI,J62_J63,2020,12822.0
FI,J62_J63,2021,13857.0
FI,J62_J63,2022,14934.0
FI,J62_J63,2023,15919.0
FI,J62_J63,2024,16284.0
FI,J62_J63,2025,17169.0
FR,J62_J63,2020,119059.0
FR,J62_J63,2021,133086.2
FR,J62_J63,2022,148864.1
FR,J62_J63,2023,159918.3
FR,J62_J63,2024,170365.3
FR,J62_J63,2025,177186.8
HR,J62_J63,2020,1959.4
HR,J62_J63,2021,2355.7
HR,J62_J63,2022,3015.1
HR,J62_J63,2023,3393.0
HR,J62_J63,2024,3747.4
HU,J62_J63,2020,5166.0
HU,J62_J63,2021,6304.3
HU,J62_J63,2022,6933.6
HU,J62_J63,2023,8140.3
HU,J62_J63,2024,8857.4
IS,J62_J63,2020,1123.2
IS,J62_J63,2021,1295.5
IS,J62_J63,2022,1584.7
IS,J62_J63,2023,1687.3
IS,J62_J63,2024,1816.0
IS,J62_J63,2025,2210.5
IT,J62_J63,2020,63838.1
IT,J62_J63,2021,70229.3
IT,J62_J63,2022,75683.0
IT,J62_J63,2023,80159.9
IT,J62_J63,2024,85725.9
LI,J62_J63,2020,189.4
LI,J62_J63,2021,282.0
LI,J62_J63,2022,443.3
LT,J62_J63,2020,2161.1
LT,J62_J63,2021,2762.2
LT,J62_J63,2022,3707.4
LT,J62_J63,2023,4501.7
LT,J62_J63,2024,5109.5
LV,J62_J63,2020,1500.8
LV,J62_J63,2021,1748.4
LV,J62_J63,2022,2078.5
LV,J62_J63,2023,2349.4
MK,J62_J63,2020,304.2
MK,J62_J63,2021,388.9
MT,J62_J63,2020,2210.7
MT,J62_J63,2021,2771.7
MT,J62_J63,2022,3725.5
MT,J62_J63,2023,4707.3
MT,J62_J63,2024,5645.9
MT,J62_J63,2025,6327.7
NL,J62_J63,2020,52890.0
NL,J62_J63,2021,57676.0
NL,J62_J63,2022,67479.0
NL,J62_J63,2023,75535.0
NL,J62_J63,2024,80780.0
NL,J62_J63,2025,85110.0
NO,J62_J63,2020,14025.3
NO,J62_J63,2021,17030.4
NO,J62_J63,2022,19572.6
NO,J62_J63,2023,20320.8
NO,J62_J63,2024,21393.5
NO,J62_J63,2025,22754.7
PL,J62_J63,2020,23013.3
PL,J62_J63,2021,26193.2
PL,J62_J63,2022,33507.2
PL,J62_J63,2023,40951.8
PT,J62_J63,2020,6858.2
PT,J62_J63,2021,8379.5
PT,J62_J63,2022,10639.6
PT,J62_J63,2023,12293.1
PT,J62_J63,2024,13776.6
RO,J62_J63,2020,14110.1
RO,J62_J63,2021,16075.5
RO,J62_J63,2022,21866.4
RO,J62_J63,2023,24485.0
RO,J62_J63,2024,26602.6
RS,J62_J63,2020,2406.7
RS,J62_J63,2021,2980.9
RS,J62_J63,2022,3975.3
RS,J62_J63,2023,5654.4
RS,J62_J63,2024,6588.1
SE,J62_J63,2020,43014.0
SE,J62_J63,2021,49726.7
SE,J62_J63,2022,53153.9
SE,J62_J63,2023,52595.4
SI,J62_J63,2020,1795.8
SI,J62_J63,2021,2020.1
SI,J62_J63,2022,2368.4
SI,J62_J63,2023,2718.0
SI,J62_J63,2024,3043.6
SI,J62_J63,2025,3239.1
SK,J62_J63,2020,4790.9
SK,J62_J63,2021,5335.4
SK,J62_J63,2022,6103.2
SK,J62_J63,2023,7128.5
SK,J62_J63,2024,7331.2
TR,J62_J63,2023,22355.6
AL,K,2020,487.8
AL,K,2021,553.2
AL,K,2022,619.1
AL,K,2023,768.8
AL,K,2024,847.8
AL,K,2025,978.6
AT,K,2020,28211.2
AT,K,2021,30807.0
AT,K,2022,33368.9
AT,K,2023,37332.8
AT,K,2024,38276.9
AT,K,2025,39374.7
BA,K,2020,1011.0
BA,K,2021,1084.4
BA,K,2022,1205.3
BA,K,2023,1390.7
BE,K,2020,58533.8
BE,K,2021,64853.7
BE,K,2022,69814.6
BE,K,2023,77487.0
BE,K,2024,80687.9
BG,K,2020,5262.7
BG,K,2021,6296.3
BG,K,2022,7105.9
BG,K,2023,7271.1
BG,K,2024,8233.4
CH,K,2020,108697.2
CH,K,2021,113078.1
CH,K,2022,128508.8
CH,K,2023,135237.4
CH,K,2024,140455.1
CY,K,2020,7219.3
CY,K,2021,7814.1
CY,K,2022,9499.9
CY,K,2023,7913.5
CY,K,2024,8302.7
CZ,K,2020,14736.1
CZ,K,2021,17677.9
CZ,K,2022,19663.0
CZ,K,2023,22682.6
CZ,K,2024,23428.0
CZ,K,2025,25190.3
DE,K,2020,280274.0
DE,K,2021,298675.0
DE,K,2022,315817.0
DE,K,2023,333992.0
DE,K,2024,353796.0
DE,K,2025,372372.0
DK,K,2020,25033.5
DK,K,2021,27286.8
DK,K,2022,28323.3
DK,K,2023,33409.4
DK,K,2024,34454.1
DK,K,2025,34091.1
EA12,K,2020,1105579.8
EA12,K,2021,1182521.3
EA12,K,2022,1246722.9
EA12,K,2023,1333519.0
EA12,K,2024,1400729.3
EA19,K,2020,1128639.1
EA19,K,2021,1209124.7
EA19,K,2022,1276486.3
EA19,K,2023,1366194.7
EA19,K,2024,1436463.0
EA20,K,2020,1132092.8
EA20,K,2021,1213105.4
EA20,K,2022,1280857.9
EA20,K,2023,1370849.8
EA20,K,2024,1441570.6
EA21,K,2020,1137355.5
EA21,K,2021,1219401.8
EA21,K,2022,1287963.9
EA21,K,2023,1378121.0
EA21,K,2024,1449804.1
EE,K,2020,1771.7
EE,K,2021,1878.5
EE,K,2022,2247.1
EE,K,2023,2997.2
EE,K,2024,3287.5
EE,K,2025,3430.6
EL,K,2020,10779.5
EL,K,2021,11457.7
EL,K,2022,12960.8
EL,K,2023,17904.9
EL,K,2024,18550.6
ES,K,2020,79223.0
ES,K,2021,82448.0
ES,K,2022,91000.0
ES,K,2023,114888.0
ES,K,2024,124656.0
EU27_2020,K,2020,1252764.3
EU27_2020,K,2021,1345629.7
EU27_2020,K,2022,1432552.8
EU27_2020,K,2023,1542215.9
EU27_2020,K,2024,1629342.5
FI,K,2020,13722.0
FI,K,2021,15528.0
FI,K,2022,16011.0
FI,K,2023,18165.0
FI,K,2024,18789.0
FI,K,2025,18687.0
FR,K,2020,238082.5
FR,K,2021,253802.5
FR,K,2022,267297.2
FR,K,2023,265650.6
FR,K,2024,287219.8
FR,K,2025,315538.0
HR,K,2020,3453.7
HR,K,2021,3980.8
HR,K,2022,4371.5
HR,K,2023,4655.1
HR,K,2024,5107.6
HU,K,2020,7898.2
HU,K,2021,8688.4
HU,K,2022,9441.6
HU,K,2023,11251.2
HU,K,2024,12063.5
IE,K,2020,43205.9
IE,K,2021,47505.7
IE,K,2022,49701.1
IE,K,2023,61148.5
IE,K,2024,67931.7
IS,K,2020,1564.9
IS,K,2021,1806.9
IS,K,2022,1904.8
IS,K,2023,1961.6
IS,K,2024,2120.8
IS,K,2025,2377.5
IT,K,2020,139678.4
IT,K,2021,137758.5
IT,K,2022,152292.6
IT,K,2023,165631.0
IT,K,2024,183070.0
LI,K,2020,2281.7
LI,K,2021,2347.4
LI,K,2022,2444.1
LT,K,2020,1960.2
LT,K,2021,2675.3
LT,K,2022,3531.7
LT,K,2023,4950.0
LT,K,2024,5869.7
LU,K,2020,105483.4
LU,K,2021,127767.3
LU,K,2022,126163.1
LU,K,2023,126511.9
LU,K,2024,136307.5
LV,K,2020,1550.5
LV,K,2021,1779.6
LV,K,2022,1923.3
LV,K,2023,2418.2
LV,K,2024,2642.8
ME,K,2020,305.3
ME,K,2021,321.4
ME,K,2022,370.9
ME,K,2023,475.1
ME,K,2024,549.0
MK,K,2020,566.6
MK,K,2021,623.7
MT,K,2020,2846.6
MT,K,2021,3778.9
MT,K,2022,3873.0
MT,K,2023,4241.3
MT,K,2024,4586.4
MT,K,2025,4791.8
NL,K,2020,92962.0
NL,K,2021,95854.0
NL,K,2022,93821.0
NL,K,2023,91053.0
NL,K,2024,93955.0
NL,K,2025,99844.0
NO,K,2020,25756.0
NO,K,2021,28069.0
NO,K,2022,26995.2
NO,K,2023,25643.4
NO,K,2024,26548.0
NO,K,2025,26660.8
PL,K,2020,32104.9
PL,K,2021,33328.4
PL,K,2022,46158.6
PL,K,2023,54555.5
PL,K,2024,64870.9
PT,K,2020,15424.2
PT,K,2021,16063.9
PT,K,2022,18456.2
PT,K,2023,24374.0
PT,K,2024,25140.8
PT,K,2025,24639.6
RO,K,2020,9079.3
RO,K,2021,9482.2
RO,K,2022,11358.3
RO,K,2023,13217.3
RO,K,2024,14681.9
RS,K,2020,2392.3
RS,K,2021,2674.0
RS,K,2022,3171.7
RS,K,2023,4386.4
RS,K,2024,5967.3
SE,K,2020,26556.7
SE,K,2021,29764.2
SE,K,2022,29658.8
SE,K,2023,30393.3
SI,K,2020,2763.8
SI,K,2021,3089.7
SI,K,2022,3366.2
SI,K,2023,4156.7
SI,K,2024,4601.4
SI,K,2025,4803.6
SK,K,2020,4947.1
SK,K,2021,5618.5
SK,K,2022,5362.0
SK,K,2023,6000.0
SK,K,2024,6604.7
TR,K,2023,59458.8
UA,K,2020,6547.3
UA,K,2021,7545.3
UA,K,2022,6718.1
UA,K,2023,6248.6
UA,K,2024,7656.9
AT,K64,2020,16618.6
AT,K64,2021,17489.9
AT,K64,2022,20014.6
AT,K64,2023,24193.9
AT,K64,2024,23903.6
AT,K64,2025,24536.5
BA,K64,2020,763.6
BA,K64,2021,818.3
BA,K64,2022,910.5
BA,K64,2023,1075.2
BE,K64,2020,29835.4
BE,K64,2021,32285.1
BE,K64,2022,32477.9
BE,K64,2023,35475.3
BG,K64,2020,2889.8
BG,K64,2021,4363.4
BG,K64,2022,4566.0
BG,K64,2023,4522.5
BG,K64,2024,5209.7
CH,K64,2020,52333.5
CH,K64,2021,54454.8
CH,K64,2022,59579.8
CH,K64,2023,62697.4
CH,K64,2024,63855.7
CY,K64,2020,4502.7
CY,K64,2021,4399.0
CY,K64,2022,5696.1
CY,K64,2023,4592.5
CZ,K64,2020,8848.3
CZ,K64,2021,9757.4
CZ,K64,2022,11142.4
CZ,K64,2023,13200.1
CZ,K64,2024,13368.4
CZ,K64,2025,13973.7
DE,K64,2020,143875.0
DE,K64,2021,152113.0
DE,K64,2022,156432.0
DE,K64,2023,165404.0
DE,K64,2024,171986.0
DK,K64,2020,17108.1
DK,K64,2021,18553.7
DK,K64,2022,18979.9
DK,K64,2023,22846.2
DK,K64,2024,23058.9
DK,K64,2025,22621.0
EA12,K64,2020,583747.3
EA12,K64,2021,621038.0
EA12,K64,2022,643345.9
EA12,K64,2023,709894.9
EA19,K64,2020,597701.1
EA19,K64,2021,636472.4
EA19,K64,2022,661298.8
EA19,K64,2023,730767.6
EA20,K64,2020,600154.5
EA20,K64,2021,639229.2
EA20,K64,2022,664377.6
EA20,K64,2023,734079.9
EA21,K64,2020,603044.4
EA21,K64,2021,643592.6
EA21,K64,2022,668943.6
EA21,K64,2023,738602.5
EE,K64,2020,1263.3
EE,K64,2021,1409.2
EE,K64,2022,1701.3
EE,K64,2023,2353.5
EE,K64,2024,2573.8
EE,K64,2025,2641.8
EL,K64,2020,7719.0
EL,K64,2021,7838.4
EL,K64,2022,9120.7
EL,K64,2023,14603.0
EL,K64,2024,14813.6
ES,K64,2020,47567.0
ES,K64,2021,50327.0
ES,K64,2022,53274.0
ES,K64,2023,77009.0
EU27_2020,K64,2020,679683.7
EU27_2020,K64,2021,725572.3
EU27_2020,K64,2022,766464.1
EU27_2020,K64,2023,852158.8
FI,K64,2020,7395.0
FI,K64,2021,8390.0
FI,K64,2022,8857.0
FI,K64,2023,11238.0
FI,K64,2024,11670.0
FI,K64,2025,10960.0
FR,K64,2020,111889.1
FR,K64,2021,116783.8
FR,K64,2022,120377.1
FR,K64,2023,110231.4
FR,K64,2024,117352.3
HR,K64,2020,2453.4
HR,K64,2021,2756.8
HR,K64,2022,3078.8
HR,K64,2023,3312.4
HR,K64,2024,3526.4
HU,K64,2020,5374.8
HU,K64,2021,5936.0
HU,K64,2022,6787.2
HU,K64,2023,8035.3
HU,K64,2024,8781.2
IE,K64,2020,17327.5
IE,K64,2021,20221.0
IE,K64,2022,19584.3
IE,K64,2023,21392.0
IE,K64,2024,29303.1
IS,K64,2020,1111.3
IS,K64,2021,1293.5
IS,K64,2022,1339.1
IS,K64,2023,1386.9
IS,K64,2024,1486.4
IS,K64,2025,1463.7
IT,K64,2020,75093.2
IT,K64,2021,78017.8
IT,K64,2022,83657.1
IT,K64,2023,106402.9
LT,K64,2020,1134.1
LT,K64,2021,1465.4
LT,K64,2022,2377.9
LT,K64,2023,3436.1
LT,K64,2024,4016.3
LU,K64,2020,65143.5
LU,K64,2021,77731.5
LU,K64,2022,78670.5
LU,K64,2023,79985.5
LU,K64,2024,85755.1
LV,K64,2020,1047.2
LV,K64,2021,1205.5
LV,K64,2022,1283.1
LV,K64,2023,1724.1
MK,K64,2020,421.6
MK,K64,2021,466.6
MT,K64,2020,1722.9
MT,K64,2021,2166.2
MT,K64,2022,2267.2
MT,K64,2023,2698.9
MT,K64,2024,2889.5
MT,K64,2025,2660.7
NL,K64,2020,50891.0
NL,K64,2021,49159.0
NL,K64,2022,48516.0
NL,K64,2023,46498.0
NL,K64,2024,45590.0
NL,K64,2025,49125.0
NO,K64,2020,18935.5
NO,K64,2021,19599.9
NO,K64,2022,18992.0
NO,K64,2023,18507.6
PL,K64,2020,20944.2
PL,K64,2021,21551.7
PL,K64,2022,33206.5
PL,K64,2023,40128.8
PT,K64,2020,10393.0
PT,K64,2021,10681.4
PT,K64,2022,12344.9
PT,K64,2023,17732.3
PT,K64,2024,17866.8
RO,K64,2020,6730.1
RO,K64,2021,6874.9
RO,K64,2022,7910.6
RO,K64,2023,9438.3
RO,K64,2024,10501.3
RS,K64,2020,1806.6
RS,K64,2021,1999.3
RS,K64,2022,2480.2
RS,K64,2023,3573.5
RS,K64,2024,5054.3
SE,K64,2020,17633.8
SE,K64,2021,19306.0
SE,K64,2022,19451.8
SE,K64,2023,20394.7
SI,K64,2020,1522.2
SI,K64,2021,1735.7
SI,K64,2022,1878.8
SI,K64,2023,2573.8
SI,K64,2024,2773.8
SI,K64,2025,2769.9
SK,K64,2020,2761.4
SK,K64,2021,3084.7
SK,K64,2022,2752.3
SK,K64,2023,3430.7
SK,K64,2024,3972.6
TR,K64,2023,39296.4
AT,K65,2020,7463.8
AT,K65,2021,8201.2
AT,K65,2022,8422.1
AT,K65,2023,8916.0
AT,K65,2024,9565.9
AT,K65,2025,9737.7
BA,K65,2020,204.8
BA,K65,2021,217.5
BA,K65,2022,236.7
BA,K65,2023,259.0
BE,K65,2020,12865.9
BE,K65,2021,13707.1
BE,K65,2022,14867.0
BE,K65,2023,15589.7
BG,K65,2020,1631.3
BG,K65,2021,1447.7
BG,K65,2022,1819.2
BG,K65,2023,2072.6
BG,K65,2024,2465.0
CH,K65,2020,36673.0
CH,K65,2021,37182.8
CH,K65,2022,44348.2
CH,K65,2023,46963.4
CH,K65,2024,50352.1
CY,K65,2020,541.8
CY,K65,2021,556.9
CY,K65,2022,573.5
CY,K65,2023,651.9
CZ,K65,2020,3353.9
CZ,K65,2021,4221.9
CZ,K65,2022,4350.9
CZ,K65,2023,4892.5
CZ,K65,2024,5177.3
CZ,K65,2025,5775.1
DE,K65,2020,90994.0
DE,K65,2021,96285.0
DE,K65,2022,107782.0
DE,K65,2023,115700.0
DE,K65,2024,124945.0
DK,K65,2020,4722.3
DK,K65,2021,5283.2
DK,K65,2022,5862.4
DK,K65,2023,6740.8
DK,K65,2024,7213.1
DK,K65,2025,7278.8
EA12,K65,2020,291202.7
EA12,K65,2021,306139.6
EA12,K65,2022,337563.3
EA12,K65,2023,342466.6
EA19,K65,2020,295638.1
EA19,K65,2021,310979.3
EA19,K65,2022,342699.4
EA19,K65,2023,348003.4
EA20,K65,2020,296188.9
EA20,K65,2021,311725.0
EA20,K65,2022,343437.7
EA20,K65,2023,348724.3
EA21,K65,2020,297820.3
EA21,K65,2021,313172.7
EA21,K65,2022,345256.9
EA21,K65,2023,350797.0
EE,K65,2020,260.3
EE,K65,2021,239.5
EE,K65,2022,251.5
EE,K65,2023,312.9
EE,K65,2024,381.2
EE,K65,2025,373.9
EL,K65,2020,1887.8
EL,K65,2021,2335.0
EL,K65,2022,2410.2
EL,K65,2023,1745.0
EL,K65,2024,2045.3
ES,K65,2020,20004.0
ES,K65,2021,19383.0
ES,K65,2022,23592.0
ES,K65,2023,22251.0
EU27_2020,K65,2020,321450.0
EU27_2020,K65,2021,339384.1
EU27_2020,K65,2022,373367.3
EU27_2020,K65,2023,380164.5
FI,K65,2020,3168.0
FI,K65,2021,3413.0
FI,K65,2022,4267.0
FI,K65,2023,4085.0
FI,K65,2024,3661.0
FI,K65,2025,4005.0
FR,K65,2020,73195.1
FR,K65,2021,75890.4
FR,K65,2022,81466.0
FR,K65,2023,85544.6
FR,K65,2024,94485.5
HR,K65,2020,550.9
HR,K65,2021,745.7
HR,K65,2022,738.2
HR,K65,2023,721.0
HR,K65,2024,850.1
HU,K65,2020,1533.5
HU,K65,2021,1652.9
HU,K65,2022,1401.6
HU,K65,2023,1723.4
HU,K65,2024,1740.9
IE,K65,2020,16381.4
IE,K65,2021,17154.8
IE,K65,2022,19670.5
IE,K65,2023,24958.5
IE,K65,2024,24087.7
IS,K65,2020,303.9
IS,K65,2021,320.5
IS,K65,2022,362.9
IS,K65,2023,408.2
IS,K65,2024,442.5
IS,K65,2025,422.6
IT,K65,2020,32748.7
IT,K65,2021,31042.6
IT,K65,2022,38907.3
IT,K65,2023,27054.4
LT,K65,2020,442.7
LT,K65,2021,447.6
LT,K65,2022,530.4
LT,K65,2023,731.2
LT,K65,2024,798.5
LU,K65,2020,4050.7
LU,K65,2021,4977.3
LU,K65,2022,5265.9
LU,K65,2023,5934.9
LU,K65,2024,6905.6
LV,K65,2020,273.6
LV,K65,2021,346.2
LV,K65,2022,382.8
LV,K65,2023,420.0
MK,K65,2020,108.7
MK,K65,2021,115.4
MT,K65,2020,357.2
MT,K65,2021,427.6
MT,K65,2022,458.4
MT,K65,2023,581.9
MT,K65,2024,658.6
MT,K65,2025,688.0
NL,K65,2020,24774.0
NL,K65,2021,29827.0
NL,K65,2022,26423.0
NL,K65,2023,25857.0
NL,K65,2024,27385.0
NL,K65,2025,28657.0
NO,K65,2020,3558.8
NO,K65,2021,4107.5
NO,K65,2022,4433.2
NO,K65,2023,3605.8
PL,K65,2020,6188.2
PL,K65,2021,6101.4
PL,K65,2022,7091.6
PL,K65,2023,6964.8
PT,K65,2020,3669.3
PT,K65,2021,3923.2
PT,K65,2022,4486.8
PT,K65,2023,4765.6
PT,K65,2024,5198.3
RO,K65,2020,1334.5
RO,K65,2021,1388.3
RO,K65,2022,2008.6
RO,K65,2023,2210.0
RO,K65,2024,2418.7
RS,K65,2020,504.6
RS,K65,2021,578.0
RS,K65,2022,590.6
RS,K65,2023,694.6
RS,K65,2024,766.9
SE,K65,2020,6497.3
SE,K65,2021,7563.8
SE,K65,2022,7348.8
SE,K65,2023,7006.5
SI,K65,2020,1081.3
SI,K65,2021,1178.0
SI,K65,2022,1282.8
SI,K65,2023,1353.0
SI,K65,2024,1575.8
SI,K65,2025,1753.7
SK,K65,2020,1478.6
SK,K65,2021,1643.9
SK,K65,2022,1661.6
SK,K65,2023,1547.6
SK,K65,2024,1709.9
TR,K65,2023,14605.2
AT,K66,2020,4128.9
AT,K66,2021,5115.8
AT,K66,2022,4932.2
AT,K66,2023,4222.9
AT,K66,2024,4807.5
AT,K66,2025,5100.4
BA,K66,2020,42.7
BA,K66,2021,48.5
BA,K66,2022,58.0
BA,K66,2023,56.6
BE,K66,2020,15832.5
BE,K66,2021,18861.5
BE,K66,2022,22469.7
BE,K66,2023,26422.0
BG,K66,2020,741.5
BG,K66,2021,485.2
BG,K66,2022,720.7
BG,K66,2023,675.9
BG,K66,2024,558.6
CH,K66,2020,19690.8
CH,K66,2021,21440.4
CH,K66,2022,24580.8
CH,K66,2023,25576.5
CH,K66,2024,26247.2
CY,K66,2020,2174.9
CY,K66,2021,2858.2
CY,K66,2022,3230.3
CY,K66,2023,2669.1
CZ,K66,2020,2533.9
CZ,K66,2021,3698.6
CZ,K66,2022,4169.8
CZ,K66,2023,4590.0
CZ,K66,2024,4882.3
CZ,K66,2025,5441.5
DE,K66,2020,45405.0
DE,K66,2021,50277.0
DE,K66,2022,51603.0
DE,K66,2023,52888.0
DE,K66,2024,56865.0
DK,K66,2020,3203.1
DK,K66,2021,3449.9
DK,K66,2022,3480.9
DK,K66,2023,3822.4
DK,K66,2024,4182.1
DK,K66,2025,4191.3
EA12,K66,2020,230629.9
EA12,K66,2021,255343.8
EA12,K66,2022,265813.6
EA12,K66,2023,281157.5
EA19,K66,2020,235299.9
EA19,K66,2021,261673.0
EA19,K66,2022,272488.1
EA19,K66,2023,287423.7
EA20,K66,2020,235749.4
EA20,K66,2021,262151.3
EA20,K66,2022,273042.6
EA20,K66,2023,288045.5
EA21,K66,2020,236490.9
EA21,K66,2021,262636.5
EA21,K66,2022,273763.4
EA21,K66,2023,288721.4
EE,K66,2020,248.2
EE,K66,2021,229.8
EE,K66,2022,294.3
EE,K66,2023,330.9
EE,K66,2024,332.6
EE,K66,2025,414.9
EL,K66,2020,1172.7
EL,K66,2021,1284.3
EL,K66,2022,1429.9
EL,K66,2023,1556.8
EL,K66,2024,1691.7
ES,K66,2020,11652.0
ES,K66,2021,12738.0
ES,K66,2022,14134.0
ES,K66,2023,15628.0
EU27_2020,K66,2020,251630.6
EU27_2020,K66,2021,280673.3
EU27_2020,K66,2022,292721.4
EU27_2020,K66,2023,309892.7
FI,K66,2020,3159.0
FI,K66,2021,3725.0
FI,K66,2022,2887.0
FI,K66,2023,2842.0
FI,K66,2024,3458.0
FI,K66,2025,3722.0
FR,K66,2020,52998.3
FR,K66,2021,61128.3
FR,K66,2022,65454.1
FR,K66,2023,69874.6
FR,K66,2024,75382.0
HR,K66,2020,449.5
HR,K66,2021,478.3
HR,K66,2022,554.6
HR,K66,2023,621.8
HR,K66,2024,731.1
HU,K66,2020,989.9
HU,K66,2021,1099.5
HU,K66,2022,1252.8
HU,K66,2023,1492.5
HU,K66,2024,1541.4
IE,K66,2020,9496.9
IE,K66,2021,10129.9
IE,K66,2022,10446.3
IE,K66,2023,14798.0
IE,K66,2024,14540.9
IS,K66,2020,149.6
IS,K66,2021,192.9
IS,K66,2022,202.9
IS,K66,2023,166.5
IS,K66,2024,191.9
IS,K66,2025,491.3
IT,K66,2020,31836.5
IT,K66,2021,28698.1
IT,K66,2022,29728.2
IT,K66,2023,32173.7
LT,K66,2020,383.3
LT,K66,2021,762.3
LT,K66,2022,623.4
LT,K66,2023,782.6
LT,K66,2024,1054.8
LU,K66,2020,36289.2
LU,K66,2021,45058.5
LU,K66,2022,42226.7
LU,K66,2023,40591.5
LU,K66,2024,43646.8
LV,K66,2020,229.7
LV,K66,2021,227.9
LV,K66,2022,257.4
LV,K66,2023,274.1
MK,K66,2020,36.3
MK,K66,2021,41.8
MT,K66,2020,766.5
MT,K66,2021,1185.1
MT,K66,2022,1147.5
MT,K66,2023,960.6
MT,K66,2024,1038.3
MT,K66,2025,1443.1
NL,K66,2020,17297.0
NL,K66,2021,16868.0
NL,K66,2022,18882.0
NL,K66,2023,18698.0
NL,K66,2024,20980.0
NL,K66,2025,22062.0
NO,K66,2020,3261.6
NO,K66,2021,4361.6
NO,K66,2022,3570.0
NO,K66,2023,3530.0
PL,K66,2020,4972.5
PL,K66,2021,5675.3
PL,K66,2022,5860.5
PL,K66,2023,7461.9
PT,K66,2020,1361.9
PT,K66,2021,1459.3
PT,K66,2022,1624.5
PT,K66,2023,1876.1
PT,K66,2024,2075.7
RO,K66,2020,1014.7
RO,K66,2021,1219.0
RO,K66,2022,1439.1
RO,K66,2023,1569.0
RO,K66,2024,1762.0
RS,K66,2020,81.0
RS,K66,2021,96.8
RS,K66,2022,100.8
RS,K66,2023,118.3
RS,K66,2024,146.0
SE,K66,2020,2425.6
SE,K66,2021,2894.4
SE,K66,2022,2858.2
SE,K66,2023,2992.1
SI,K66,2020,160.3
SI,K66,2021,176.0
SI,K66,2022,204.6
SI,K66,2023,229.9
SI,K66,2024,251.9
SI,K66,2025,280.0
SK,K66,2020,707.1
SK,K66,2021,889.8
SK,K66,2022,948.2
SK,K66,2023,1021.7
SK,K66,2024,922.2
TR,K66,2023,5557.2
AL,L,2020,813.8
AL,L,2021,927.3
AL,L,2022,993.3
AL,L,2023,1219.3
AL,L,2024,1362.0
AL,L,2025,1562.5
AT,L,2020,53938.7
AT,L,2021,56471.4
AT,L,2022,58933.1
AT,L,2023,63749.6
AT,L,2024,67027.9
AT,L,2025,70109.1
BA,L,2020,1104.3
BA,L,2021,1139.7
BA,L,2022,1237.6
BA,L,2023,1380.4
BE,L,2020,55432.3
BE,L,2021,58879.0
BE,L,2022,64163.7
BE,L,2023,68029.6
BE,L,2024,71172.9
BG,L,2020,6694.6
BG,L,2021,7248.6
BG,L,2022,8355.8
BG,L,2023,9182.2
BG,L,2024,9362.4
CH,L,2020,71311.1
CH,L,2021,73142.9
CH,L,2022,81773.8
CH,L,2023,86825.9
CH,L,2024,91802.5
CY,L,2020,2764.1
CY,L,2021,3051.5
CY,L,2022,3424.2
CY,L,2023,3696.4
CY,L,2024,3979.7
CZ,L,2020,42479.9
CZ,L,2021,49035.3
CZ,L,2022,57167.0
CZ,L,2023,61714.4
CZ,L,2024,61719.8
CZ,L,2025,67399.4
DE,L,2020,478635.0
DE,L,2021,502050.0
DE,L,2022,529080.0
DE,L,2023,549045.0
DE,L,2024,585018.0
DE,L,2025,604792.0
DK,L,2020,43516.2
DK,L,2021,44683.8
DK,L,2022,46965.1
DK,L,2023,49341.6
DK,L,2024,50410.1
DK,L,2025,51988.3
EA12,L,2020,1541876.0
EA12,L,2021,1600954.7
EA12,L,2022,1683944.2
EA12,L,2023,1752174.4
EA12,L,2024,1827308.2
EA19,L,2020,1573707.1
EA19,L,2021,1636139.1
EA19,L,2022,1724172.7
EA19,L,2023,1795243.7
EA19,L,2024,1872644.4
EA20,L,2020,1578766.9
EA20,L,2021,1641626.7
EA20,L,2022,1730173.8
EA20,L,2023,1801878.8
EA20,L,2024,1879821.0
EA21,L,2020,1585461.7
EA21,L,2021,1648875.4
EA21,L,2022,1738529.7
EA21,L,2023,1811061.2
EA21,L,2024,1889183.5
EE,L,2020,4122.0
EE,L,2021,4599.8
EE,L,2022,5516.5
EE,L,2023,5735.1
EE,L,2024,6035.5
EE,L,2025,6112.9
EL,L,2020,29186.6
EL,L,2021,30873.6
EL,L,2022,32074.9
EL,L,2023,35053.0
EL,L,2024,35393.8
ES,L,2020,155665.0
ES,L,2021,161774.0
ES,L,2022,172481.0
ES,L,2023,182027.0
ES,L,2024,190764.0
EU27_2020,L,2020,1830070.7
EU27_2020,L,2021,1913125.0
EU27_2020,L,2022,2021599.2
EU27_2020,L,2023,2114503.0
EU27_2020,L,2024,2210723.7
FI,L,2020,36728.0
FI,L,2021,37566.0
FI,L,2022,38694.0
FI,L,2023,39665.0
FI,L,2024,40334.0
FI,L,2025,40896.0
FR,L,2020,362446.5
FR,L,2021,375344.5
FR,L,2022,392333.9
FR,L,2023,403928.9
FR,L,2024,416624.0
FR,L,2025,429860.2
HR,L,2020,5059.8
HR,L,2021,5487.6
HR,L,2022,6001.1
HR,L,2023,6635.1
HR,L,2024,7176.6
HU,L,2020,16604.0
HU,L,2021,18458.0
HU,L,2022,21228.8
HU,L,2023,23667.2
HU,L,2024,26687.3
IE,L,2020,25022.7
IE,L,2021,26817.2
IE,L,2022,30734.2
IE,L,2023,33703.1
IE,L,2024,36138.9
IS,L,2020,3145.6
IS,L,2021,3483.7
IS,L,2022,3858.3
IS,L,2023,4268.9
IS,L,2024,4881.3
IS,L,2025,5654.1
IT,L,2020,244234.0
IT,L,2021,250235.6
IT,L,2022,262860.8
IT,L,2023,273798.4
IT,L,2024,281632.4
LI,L,2020,541.5
LI,L,2021,553.5
LI,L,2022,620.4
LT,L,2020,4579.7
LT,L,2021,5045.9
LT,L,2022,6033.5
LT,L,2023,6452.3
LT,L,2024,6904.0
LU,L,2020,6654.9
LU,L,2021,6954.1
LU,L,2022,7305.1
LU,L,2023,7468.9
LU,L,2024,7649.0
LV,L,2020,3338.5
LV,L,2021,3603.2
LV,L,2022,3983.3
LV,L,2023,4263.1
LV,L,2024,4413.7
ME,L,2020,384.6
ME,L,2021,404.3
ME,L,2022,474.8
ME,L,2023,632.7
ME,L,2024,696.2
MK,L,2020,1253.3
MK,L,2021,1403.1
MT,L,2020,1381.1
MT,L,2021,1657.4
MT,L,2022,1816.0
MT,L,2023,2132.2
MT,L,2024,2438.5
MT,L,2025,2726.5
NL,L,2020,93433.0
NL,L,2021,97473.0
NL,L,2022,102655.0
NL,L,2023,107827.0
NL,L,2024,113789.0
NL,L,2025,120679.0
NO,L,2020,51367.7
NO,L,2021,57341.1
NO,L,2022,62010.3
NO,L,2023,56972.2
NO,L,2024,58478.1
NO,L,2025,60695.3
PL,L,2020,49040.7
PL,L,2021,53237.8
PL,L,2022,57150.5
PL,L,2023,63882.2
PL,L,2024,70170.0
PT,L,2020,27561.4
PT,L,2021,28958.3
PT,L,2022,30507.5
PT,L,2023,32647.6
PT,L,2024,35435.1
PT,L,2025,38213.4
RO,L,2020,22298.4
RO,L,2021,23941.4
RO,L,2022,26413.3
RO,L,2023,29842.8
RO,L,2024,32552.7
RS,L,2020,4332.9
RS,L,2021,4931.2
RS,L,2022,5367.3
RS,L,2023,6690.3
RS,L,2024,7055.2
SE,L,2020,70669.7
SE,L,2021,74893.3
SE,L,2022,74138.9
SE,L,2023,75114.1
SI,L,2020,3671.2
SI,L,2021,3937.5
SI,L,2022,4527.6
SI,L,2023,4852.3
SI,L,2024,5015.7
SI,L,2025,5306.1
SK,L,2020,11974.7
SK,L,2021,13288.6
SK,L,2022,14928.6
SK,L,2023,15944.4
SK,L,2024,16743.8
TR,L,2023,81104.7
UA,L,2020,12200.2
UA,L,2021,13069.3
UA,L,2022,9928.0
UA,L,2023,11538.7
UA,L,2024,12812.8
AL,L68,2020,813.8
AL,L68,2021,927.3
AL,L68,2022,993.3
AL,L68,2023,1219.3
AL,L68,2024,1362.0
AL,L68,2025,1562.5
AT,L68,2020,53938.7
AT,L68,2021,56471.4
AT,L68,2022,58933.1
AT,L68,2023,63749.6
AT,L68,2024,67027.9
AT,L68,2025,70109.1
BE,L68,2020,55432.3
BE,L68,2021,58879.0
BE,L68,2022,64163.7
BE,L68,2023,68029.6
BE,L68,2024,71172.9
BG,L68,2020,6694.6
BG,L68,2021,7248.6
BG,L68,2022,8355.8
BG,L68,2023,9182.2
BG,L68,2024,9362.4
CH,L68,2020,71311.1
CH,L68,2021,73142.9
CH,L68,2022,81773.8
CH,L68,2023,86825.9
CH,L68,2024,91802.5
CY,L68,2020,2764.1
CY,L68,2021,3051.5
CY,L68,2022,3424.2
CY,L68,2023,3696.4
CZ,L68,2020,42479.9
CZ,L68,2021,49035.3
CZ,L68,2022,57167.0
CZ,L68,2023,61714.4
CZ,L68,2024,61719.8
CZ,L68,2025,67399.4
DE,L68,2020,478635.0
DE,L68,2021,502050.0
DE,L68,2022,529080.0
DE,L68,2023,549045.0
DE,L68,2024,585018.0
DE,L68,2025,604792.0
DK,L68,2020,43516.2
DK,L68,2021,44683.8
DK,L68,2022,46965.1
DK,L68,2023,49341.6
DK,L68,2024,50410.1
DK,L68,2025,51988.3
EA12,L68,2020,1541876.0
EA12,L68,2021,1600954.7
EA12,L68,2022,1683944.2
EA12,L68,2023,1752174.4
EA19,L68,2020,1573707.1
EA19,L68,2021,1636139.1
EA19,L68,2022,1724172.7
EA19,L68,2023,1795243.7
EA20,L68,2020,1578766.9
EA20,L68,2021,1641626.7
EA20,L68,2022,1730173.8
EA20,L68,2023,1801878.8
EA21,L68,2020,1585461.7
EA21,L68,2021,1648875.4
EA21,L68,2022,1738529.7
EA21,L68,2023,1811061.2
EE,L68,2020,4122.0
EE,L68,2021,4599.8
EE,L68,2022,5516.5
EE,L68,2023,5735.1
EE,L68,2024,6035.5
EE,L68,2025,6112.9
EL,L68,2020,29186.6
EL,L68,2021,30873.6
EL,L68,2022,32074.9
EL,L68,2023,35053.0
EL,L68,2024,35393.8
ES,L68,2020,155665.0
ES,L68,2021,161774.0
ES,L68,2022,172481.0
ES,L68,2023,182027.0
EU27_2020,L68,2020,1830070.7
EU27_2020,L68,2021,1913125.0
EU27_2020,L68,2022,2021599.2
EU27_2020,L68,2023,2114503.0
FI,L68,2020,36728.0
FI,L68,2021,37566.0
FI,L68,2022,38694.0
FI,L68,2023,39665.0
FI,L68,2024,40334.0
FI,L68,2025,40896.0
FR,L68,2020,362446.5
FR,L68,2021,375344.5
FR,L68,2022,392333.9
FR,L68,2023,403928.9
FR,L68,2024,416624.0
FR,L68,2025,429860.2
HR,L68,2020,5059.8
HR,L68,2021,5487.6
HR,L68,2022,6001.1
HR,L68,2023,6635.1
HR,L68,2024,7176.6
HU,L68,2020,16604.0
HU,L68,2021,18458.0
HU,L68,2022,21228.8
HU,L68,2023,23667.2
HU,L68,2024,26687.3
IE,L68,2020,25022.7
IE,L68,2021,26817.2
IE,L68,2022,30734.2
IE,L68,2023,33703.1
IE,L68,2024,36138.9
IS,L68,2020,3145.6
IS,L68,2021,3483.7
IS,L68,2022,3858.3
IS,L68,2023,4268.9
IS,L68,2024,4881.3
IS,L68,2025,5654.1
IT,L68,2020,244234.0
IT,L68,2021,250235.6
IT,L68,2022,262860.8
IT,L68,2023,273798.4
IT,L68,2024,281632.4
LT,L68,2020,4579.7
LT,L68,2021,5045.9
LT,L68,2022,6033.5
LT,L68,2023,6452.3
LT,L68,2024,6904.0
LU,L68,2020,6654.9
LU,L68,2021,6954.1
LU,L68,2022,7305.1
LU,L68,2023,7468.9
LU,L68,2024,7649.0
LV,L68,2020,3338.5
LV,L68,2021,3603.2
LV,L68,2022,3983.3
LV,L68,2023,4263.1
MT,L68,2020,1381.1
MT,L68,2021,1657.4
MT,L68,2022,1816.0
MT,L68,2023,2132.2
MT,L68,2024,2438.5
MT,L68,2025,2726.5
NL,L68,2020,93433.0
NL,L68,2021,97473.0
NL,L68,2022,102655.0
NL,L68,2023,107827.0
NL,L68,2024,113789.0
NL,L68,2025,120679.0
NO,L68,2020,51367.7
NO,L68,2021,57341.1
NO,L68,2022,62010.3
NO,L68,2023,56972.2
NO,L68,2024,58478.1
NO,L68,2025,60695.3
PL,L68,2020,49040.7
PL,L68,2021,53237.8
PL,L68,2022,57150.5
PL,L68,2023,63882.2
PT,L68,2020,27561.4
PT,L68,2021,28958.3
PT,L68,2022,30507.5
PT,L68,2023,32647.6
PT,L68,2024,35435.1
PT,L68,2025,38213.4
RO,L68,2020,22298.4
RO,L68,2021,23941.4
RO,L68,2022,26413.3
RO,L68,2023,29842.8
RO,L68,2024,32552.7
SE,L68,2020,70669.7
SE,L68,2021,74893.3
SE,L68,2022,74138.9
SE,L68,2023,75114.1
SI,L68,2020,3671.2
SI,L68,2021,3937.5
SI,L68,2022,4527.6
SI,L68,2023,4852.3
SI,L68,2024,5015.7
SI,L68,2025,5306.1
SK,L68,2020,11974.7
SK,L68,2021,13288.6
SK,L68,2022,14928.6
SK,L68,2023,15944.4
SK,L68,2024,16743.8
TR,L68,2023,81104.7
UA,L68,2020,12200.2
UA,L68,2021,13069.3
UA,L68,2022,9928.0
UA,L68,2023,11538.7
UA,L68,2024,12812.8
AT,L68A,2020,24481.8
AT,L68A,2021,25229.2
AT,L68A,2022,26477.4
AT,L68A,2023,28821.6
AT,L68A,2024,30750.9
AT,L68A,2025,32139.1
BA,L68A,2020,868.1
BA,L68A,2021,903.0
BA,L68A,2022,961.4
BA,L68A,2023,1063.9
BE,L68A,2020,29127.7
BE,L68A,2021,30317.1
BE,L68A,2022,32533.6
BE,L68A,2023,34681.9
BG,L68A,2020,4276.3
BG,L68A,2021,4521.3
BG,L68A,2022,5109.8
BG,L68A,2023,5625.2
BG,L68A,2024,5862.8
CY,L68A,2020,1772.4
CY,L68A,2021,1954.1
CY,L68A,2022,2130.4
CY,L68A,2023,2245.2
CZ,L68A,2020,20560.4
CZ,L68A,2021,23595.0
CZ,L68A,2022,26441.7
CZ,L68A,2023,28496.0
CZ,L68A,2024,28502.6
CZ,L68A,2025,31663.6
DE,L68A,2020,185619.0
DE,L68A,2021,193354.0
DE,L68A,2022,201999.0
DE,L68A,2023,210727.0
DE,L68A,2024,219672.0
DE,L68A,2025,227780.0
DK,L68A,2020,17732.6
DK,L68A,2021,17994.0
DK,L68A,2022,18616.3
DK,L68A,2023,19543.5
DK,L68A,2024,20127.8
DK,L68A,2025,20903.3
EA12,L68A,2020,798119.1
EA12,L68A,2021,815314.7
EA12,L68A,2022,841455.5
EA12,L68A,2023,874541.2
EA19,L68A,2020,817313.3
EA19,L68A,2021,836200.7
EA19,L68A,2022,865147.2
EA19,L68A,2023,899772.9
EA20,L68A,2020,820781.4
EA20,L68A,2021,839756.1
EA20,L68A,2022,868918.0
EA20,L68A,2023,903791.9
EA21,L68A,2020,825057.7
EA21,L68A,2021,844277.5
EA21,L68A,2022,874027.9
EA21,L68A,2023,909417.2
EE,L68A,2020,1895.6
EE,L68A,2021,2022.7
EE,L68A,2022,2435.8
EE,L68A,2023,2708.8
EE,L68A,2024,2862.2
EE,L68A,2025,2938.1
EL,L68A,2020,18048.9
EL,L68A,2021,18713.8
EL,L68A,2022,20116.7
EL,L68A,2023,21189.9
EL,L68A,2024,22468.8
ES,L68A,2020,97684.0
ES,L68A,2021,100394.0
ES,L68A,2022,103312.0
ES,L68A,2023,107280.0
EU27_2020,L68A,2020,929592.7
EU27_2020,L68A,2021,955392.9
EU27_2020,L68A,2022,991891.4
EU27_2020,L68A,2023,1036604.2
FI,L68A,2020,21819.0
FI,L68A,2021,22183.0
FI,L68A,2022,22671.0
FI,L68A,2023,23170.0
FI,L68A,2024,23583.0
FI,L68A,2025,23868.0
FR,L68A,2020,200852.2
FR,L68A,2021,204406.3
FR,L68A,2022,208668.8
FR,L68A,2023,214510.4
FR,L68A,2024,221064.1
HR,L68A,2020,3468.1
HR,L68A,2021,3555.4
HR,L68A,2022,3770.8
HR,L68A,2023,4019.0
HU,L68A,2020,10336.3
HU,L68A,2021,11625.6
HU,L68A,2022,13665.2
HU,L68A,2023,14826.5
HU,L68A,2024,16757.4
IE,L68A,2020,16402.1
IE,L68A,2021,17212.1
IE,L68A,2022,18931.8
IE,L68A,2023,20804.3
IE,L68A,2024,22214.7
IS,L68A,2020,1565.3
IS,L68A,2021,1668.7
IS,L68A,2022,1907.5
IS,L68A,2023,2019.3
IS,L68A,2024,2248.1
IS,L68A,2025,2630.6
IT,L68A,2020,160098.6
IT,L68A,2021,161680.1
IT,L68A,2022,166391.1
IT,L68A,2023,172666.5
IT,L68A,2024,177502.4
LI,L68A,2020,192.7
LI,L68A,2021,196.2
LI,L68A,2022,216.9
LT,L68A,2020,2388.8
LT,L68A,2021,2630.0
LT,L68A,2022,3154.6
LT,L68A,2023,3508.6
LT,L68A,2024,3756.4
LU,L68A,2020,2768.4
LU,L68A,2021,2848.3
LU,L68A,2022,2914.0
LU,L68A,2023,3015.4
LU,L68A,2024,3098.9
LV,L68A,2020,1566.4
LV,L68A,2021,1601.8
LV,L68A,2022,1770.1
LV,L68A,2023,1963.2
MK,L68A,2020,1118.5
MK,L68A,2021,1260.1
MT,L68A,2020,596.8
MT,L68A,2021,607.1
MT,L68A,2022,624.9
MT,L68A,2023,722.7
MT,L68A,2024,813.1
MT,L68A,2025,828.4
NL,L68A,2020,48485.0
NL,L68A,2021,50117.0
NL,L68A,2022,52146.0
NL,L68A,2023,54380.0
NL,L68A,2024,57503.0
NL,L68A,2025,60795.0
NO,L68A,2020,29921.0
NO,L68A,2021,33242.6
NO,L68A,2022,35955.7
NO,L68A,2023,32994.0
NO,L68A,2024,34098.4
NO,L68A,2025,35418.0
PL,L68A,2020,16404.7
PL,L68A,2021,16962.9
PL,L68A,2022,17403.2
PL,L68A,2023,21137.6
PT,L68A,2020,15348.4
PT,L68A,2021,15620.9
PT,L68A,2022,16196.0
PT,L68A,2023,17037.3
PT,L68A,2024,18346.6
RO,L68A,2020,16083.9
RO,L68A,2021,17003.6
RO,L68A,2022,18583.9
RO,L68A,2023,20408.5
RO,L68A,2024,20294.0
RS,L68A,2020,3596.4
RS,L68A,2021,3942.8
RS,L68A,2022,4271.2
RS,L68A,2023,4576.5
RS,L68A,2024,4715.9
SE,L68A,2020,23417.1
SE,L68A,2021,23934.4
SE,L68A,2022,23150.7
SE,L68A,2023,22651.7
SI,L68A,2020,2733.3
SI,L68A,2021,2873.3
SI,L68A,2022,3221.6
SI,L68A,2023,3371.1
SI,L68A,2024,3460.8
SI,L68A,2025,3562.6
SK,L68A,2020,8240.9
SK,L68A,2021,9196.9
SK,L68A,2022,10355.9
SK,L68A,2023,10718.6
SK,L68A,2024,11188.2
TR,L68A,2023,36460.1
AL,M,2020,727.4
AL,M,2021,709.7
AL,M,2022,923.3
AL,M,2023,1149.3
AL,M,2024,1291.2
AL,M,2025,1361.3
AT,M,2020,38889.9
AT,M,2021,41746.4
AT,M,2022,46963.0
AT,M,2023,51066.5
AT,M,2024,53689.0
AT,M,2025,55269.1
BA,M,2020,904.0
BA,M,2021,1000.3
BA,M,2022,1210.5
BA,M,2023,1330.2
BE,M,2020,91086.9
BE,M,2021,102951.8
BE,M,2022,113755.2
BE,M,2023,122747.6
BE,M,2024,130584.7
BG,M,2020,4412.3
BG,M,2021,5047.0
BG,M,2022,6083.7
BG,M,2023,6778.7
BG,M,2024,7421.1
CH,M,2020,135376.0
CH,M,2021,147998.7
CH,M,2022,180966.1
CH,M,2023,196927.4
CH,M,2024,203861.9
CY,M,2020,3040.4
CY,M,2021,3540.7
CY,M,2022,3922.3
CY,M,2023,3974.8
CY,M,2024,4121.3
CZ,M,2020,22303.8
CZ,M,2021,25035.6
CZ,M,2022,29320.7
CZ,M,2023,32326.2
CZ,M,2024,33199.6
CZ,M,2025,35492.4
DE,M,2020,407021.0
DE,M,2021,459337.0
DE,M,2022,500003.0
DE,M,2023,539252.0
DE,M,2024,561284.0
DE,M,2025,579659.0
DK,M,2020,32066.9
DK,M,2021,35818.2
DK,M,2022,39072.4
DK,M,2023,40165.1
DK,M,2024,43758.6
DK,M,2025,47315.8
EA12,M,2020,1397244.4
EA12,M,2021,1568805.2
EA12,M,2022,1740192.6
EA12,M,2023,1879947.8
EA12,M,2024,1956590.9
EA19,M,2020,1426562.1
EA19,M,2021,1602355.5
EA19,M,2022,1778097.6
EA19,M,2023,1920759.3
EA19,M,2024,1998912.0
EA20,M,2020,1430843.7
EA20,M,2021,1607260.3
EA20,M,2022,1783820.4
EA20,M,2023,1927862.3
EA20,M,2024,2006760.6
EA21,M,2020,1435256.1
EA21,M,2021,1612307.4
EA21,M,2022,1789904.2
EA21,M,2023,1934641.1
EA21,M,2024,2014181.8
EE,M,2020,2928.6
EE,M,2021,3594.6
EE,M,2022,3783.8
EE,M,2023,3937.0
EE,M,2024,4215.0
EE,M,2025,4579.2
EL,M,2020,10073.5
EL,M,2021,11971.4
EL,M,2022,14091.9
EL,M,2023,15876.2
EL,M,2024,16252.4
ES,M,2020,100889.0
ES,M,2021,111935.0
ES,M,2022,126706.0
ES,M,2023,136164.0
ES,M,2024,141383.0
EU27_2020,M,2020,1632264.5
EU27_2020,M,2021,1829593.3
EU27_2020,M,2022,2037110.0
EU27_2020,M,2023,2204199.8
EU27_2020,M,2024,2300469.3
FI,M,2020,19962.0
FI,M,2021,21011.0
FI,M,2022,22928.0
FI,M,2023,23538.0
FI,M,2024,23943.0
FI,M,2025,24722.0
FR,M,2020,334598.8
FR,M,2021,374703.4
FR,M,2022,412644.2
FR,M,2023,436894.3
FR,M,2024,460449.2
FR,M,2025,473605.0
HR,M,2020,4281.6
HR,M,2021,4904.8
HR,M,2022,5722.8
HR,M,2023,7103.0
HR,M,2024,7848.5
HU,M,2020,12385.8
HU,M,2021,13969.9
HU,M,2022,15006.9
HU,M,2023,16901.2
HU,M,2024,17588.6
IE,M,2020,31654.1
IE,M,2021,39737.6
IE,M,2022,52796.6
IE,M,2023,54441.6
IE,M,2024,57449.5
IS,M,2020,1368.7
IS,M,2021,1533.3
IS,M,2022,1824.7
IS,M,2023,1903.6
IS,M,2024,2047.3
IS,M,2025,2258.3
IT,M,2020,182798.6
IT,M,2021,202750.6
IT,M,2022,226305.4
IT,M,2023,250159.5
IT,M,2024,259105.4
LI,M,2020,1397.8
LI,M,2021,1702.2
LI,M,2022,1819.4
LT,M,2020,3219.9
LT,M,2021,3901.7
LT,M,2022,4760.8
LT,M,2023,5140.6
LT,M,2024,5741.3
LU,M,2020,25533.1
LU,M,2021,31705.2
LU,M,2022,35767.5
LU,M,2023,40461.1
LU,M,2024,32237.0
LV,M,2020,2208.2
LV,M,2021,2577.6
LV,M,2022,2931.5
LV,M,2023,3077.7
LV,M,2024,3050.9
ME,M,2020,342.2
ME,M,2021,409.8
ME,M,2022,446.6
ME,M,2023,509.6
ME,M,2024,624.9
MK,M,2020,479.3
MK,M,2021,566.1
MT,M,2020,2737.2
MT,M,2021,3223.5
MT,M,2022,3685.9
MT,M,2023,4051.1
MT,M,2024,4560.8
MT,M,2025,4913.4
NL,M,2020,139334.0
NL,M,2021,153555.0
NL,M,2022,170801.0
NL,M,2023,182681.0
NL,M,2024,197026.0
NL,M,2025,205818.0
NO,M,2020,27084.6
NO,M,2021,30616.9
NO,M,2022,34647.3
NO,M,2023,33702.6
NO,M,2024,34748.8
NO,M,2025,36245.6
PL,M,2020,47909.7
PL,M,2021,52822.4
PL,M,2022,59244.4
PL,M,2023,68712.7
PL,M,2024,74812.6
PT,M,2020,15403.5
PT,M,2021,17400.8
PT,M,2022,20500.9
PT,M,2023,23380.3
PT,M,2024,25804.0
PT,M,2025,27076.3
RO,M,2020,20268.1
RO,M,2021,20974.8
RO,M,2022,28998.9
RO,M,2023,33313.1
RO,M,2024,37111.9
RS,M,2020,4566.1
RS,M,2021,5254.5
RS,M,2022,5998.1
RS,M,2023,7463.3
RS,M,2024,8541.1
SE,M,2020,62074.1
SE,M,2021,68664.9
SE,M,2022,75554.7
SE,M,2023,77153.7
SI,M,2020,5582.5
SI,M,2021,6295.2
SI,M,2022,7116.7
SI,M,2023,7855.3
SI,M,2024,8336.7
SI,M,2025,8832.4
SK,M,2020,9600.9
SK,M,2021,10310.3
SK,M,2022,11604.8
SK,M,2023,12796.5
SK,M,2024,12792.9
TR,M,2023,41916.4
UA,M,2020,9145.0
UA,M,2021,9902.4
UA,M,2022,5896.7
UA,M,2023,6918.1
UA,M,2024,7466.6
AT,M69-M71,2020,29059.4
AT,M69-M71,2021,30509.0
AT,M69-M71,2022,34485.3
AT,M69-M71,2023,37783.0
AT,M69-M71,2024,39894.1
AT,M69-M71,2025,41619.7
BA,M69-M71,2020,656.8
BA,M69-M71,2021,725.4
BA,M69-M71,2022,867.8
BA,M69-M71,2023,963.5
BE,M69-M71,2020,77511.2
BE,M69-M71,2021,86881.8
BE,M69-M71,2022,95929.3
BE,M69-M71,2023,104321.4
BE,M69-M71,2024,110252.8
BG,M69-M71,2020,2336.6
BG,M69-M71,2021,2568.7
BG,M69-M71,2022,3015.0
BG,M69-M71,2023,3378.1
BG,M69-M71,2024,3783.0
CH,M69-M71,2020,114392.4
CH,M69-M71,2021,122669.3
CH,M69-M71,2022,149814.5
CH,M69-M71,2023,161497.4
CH,M69-M71,2024,165079.6
CY,M69-M71,2020,2254.3
CY,M69-M71,2021,2363.7
CY,M69-M71,2022,2543.6
CY,M69-M71,2023,2525.0
CZ,M69-M71,2020,12745.0
CZ,M69-M71,2021,14308.5
CZ,M69-M71,2022,17043.8
CZ,M69-M71,2023,19096.0
CZ,M69-M71,2024,19701.5
CZ,M69-M71,2025,21176.6
DE,M69-M71,2020,307796.0
DE,M69-M71,2021,337745.0
DE,M69-M71,2022,373948.0
DE,M69-M71,2023,410427.0
DE,M69-M71,2024,430787.0
DK,M69-M71,2020,19983.1
DK,M69-M71,2021,22638.6
DK,M69-M71,2022,25537.6
DK,M69-M71,2023,26310.5
DK,M69-M71,2024,28336.6
DK,M69-M71,2025,29826.2
EA12,M69-M71,2020,1041052.7
EA12,M69-M71,2021,1160025.8
EA12,M69-M71,2022,1292620.2
EA12,M69-M71,2023,1413079.0
EA19,M69-M71,2020,1059538.8
EA19,M69-M71,2021,1180719.8
EA19,M69-M71,2022,1316334.7
EA19,M69-M71,2023,1438834.0
EA20,M69-M71,2020,1062360.7
EA20,M69-M71,2021,1183947.8
EA20,M69-M71,2022,1320054.9
EA20,M69-M71,2023,1443775.1
EA21,M69-M71,2020,1064697.3
EA21,M69-M71,2021,1186516.5
EA21,M69-M71,2022,1323070.0
EA21,M69-M71,2023,1447153.3
EE,M69-M71,2020,1468.3
EE,M69-M71,2021,1739.9
EE,M69-M71,2022,2101.8
EE,M69-M71,2023,2164.2
EE,M69-M71,2024,2301.6
EE,M69-M71,2025,2492.5
EL,M69-M71,2020,7290.5
EL,M69-M71,2021,8803.3
EL,M69-M71,2022,10323.1
EL,M69-M71,2023,11678.3
EL,M69-M71,2024,11651.0
ES,M69-M71,2020,71566.0
ES,M69-M71,2021,78528.0
ES,M69-M71,2022,87656.0
ES,M69-M71,2023,94537.0
FI,M69-M71,2020,14647.0
FI,M69-M71,2021,15179.0
FI,M69-M71,2022,16580.0
FI,M69-M71,2023,17133.0
FI,M69-M71,2024,17443.0
FI,M69-M71,2025,18240.0
FR,M69-M71,2020,238083.0
FR,M69-M71,2021,269459.3
FR,M69-M71,2022,300057.3
FR,M69-M71,2023,317912.0
FR,M69-M71,2024,336725.1
FR,M69-M71,2025,346783.1
HR,M69-M71,2020,2821.8
HR,M69-M71,2021,3227.9
HR,M69-M71,2022,3720.2
HR,M69-M71,2023,4941.1
HR,M69-M71,2024,5632.9
HU,M69-M71,2020,8151.4
HU,M69-M71,2021,9127.4
HU,M69-M71,2022,10056.2
HU,M69-M71,2023,11448.5
HU,M69-M71,2024,12080.2
IE,M69-M71,2020,26900.7
IE,M69-M71,2021,33726.2
IE,M69-M71,2022,43996.4
IE,M69-M71,2023,46749.7
IE,M69-M71,2024,49230.2
IS,M69-M71,2020,766.9
IS,M69-M71,2021,885.4
IS,M69-M71,2022,1085.8
IS,M69-M71,2023,1163.6
IS,M69-M71,2024,1255.6
IS,M69-M71,2025,1424.8
IT,M69-M71,2020,121763.7
IT,M69-M71,2021,136045.1
IT,M69-M71,2022,151624.0
IT,M69-M71,2023,169509.5
IT,M69-M71,2024,176227.5
LI,M69-M71,2020,1335.4
LI,M69-M71,2021,1632.8
LI,M69-M71,2022,1736.1
LT,M69-M71,2020,2086.7
LT,M69-M71,2021,2451.4
LT,M69-M71,2022,3060.4
LT,M69-M71,2023,3401.1
LT,M69-M71,2024,3917.5
LU,M69-M71,2020,24441.7
LU,M69-M71,2021,30538.3
LU,M69-M71,2022,34541.9
LU,M69-M71,2023,39159.1
LU,M69-M71,2024,30875.1
LV,M69-M71,2020,1082.4
LV,M69-M71,2021,1248.4
LV,M69-M71,2022,1465.7
LV,M69-M71,2023,1601.2
MK,M69-M71,2020,353.9
MK,M69-M71,2021,399.9
MT,M69-M71,2020,1421.8
MT,M69-M71,2021,1671.8
MT,M69-M71,2022,1882.0
MT,M69-M71,2023,2021.6
MT,M69-M71,2024,2274.3
MT,M69-M71,2025,2471.4
NL,M69-M71,2020,115273.0
NL,M69-M71,2021,125862.0
NL,M69-M71,2022,138659.0
NL,M69-M71,2023,150024.0
NL,M69-M71,2024,162430.0
NL,M69-M71,2025,170036.0
NO,M69-M71,2020,20094.9
NO,M69-M71,2021,22438.5
NO,M69-M71,2022,25286.5
NO,M69-M71,2023,24725.9
NO,M69-M71,2024,25666.8
NO,M69-M71,2025,27077.1
PL,M69-M71,2020,30476.5
PL,M69-M71,2021,33327.8
PL,M69-M71,2022,37694.5
PL,M69-M71,2023,43426.9
PT,M69-M71,2020,11251.9
PT,M69-M71,2021,12645.0
PT,M69-M71,2022,14923.2
PT,M69-M71,2023,17197.6
PT,M69-M71,2024,19016.8
RO,M69-M71,2020,13016.7
RO,M69-M71,2021,13414.9
RO,M69-M71,2022,18567.4
RO,M69-M71,2023,21247.7
RO,M69-M71,2024,24002.0
RS,M69-M71,2020,3255.9
RS,M69-M71,2021,3713.3
RS,M69-M71,2022,4242.6
RS,M69-M71,2023,5204.8
RS,M69-M71,2024,6082.5
SI,M69-M71,2020,3577.0
SI,M69-M71,2021,4140.9
SI,M69-M71,2022,4674.6
SI,M69-M71,2023,5185.6
SI,M69-M71,2024,5393.0
SI,M69-M71,2025,5808.8
SK,M69-M71,2020,6595.5
SK,M69-M71,2021,6971.4
SK,M69-M71,2022,7865.7
SK,M69-M71,2023,8791.9
SK,M69-M71,2024,8782.3
TR,M69-M71,2023,29138.0
AT,M69_M70,2020,19571.2
AT,M69_M70,2021,20706.8
AT,M69_M70,2022,23606.3
AT,M69_M70,2023,26352.5
AT,M69_M70,2024,28371.1
AT,M69_M70,2025,29493.4
BA,M69_M70,2020,277.1
BA,M69_M70,2021,309.3
BA,M69_M70,2022,370.0
BA,M69_M70,2023,421.5
BE,M69_M70,2020,64772.2
BE,M69_M70,2021,72850.8
BE,M69_M70,2022,80466.2
BE,M69_M70,2023,86872.9
BG,M69_M70,2020,1455.4
BG,M69_M70,2021,1585.3
BG,M69_M70,2022,1805.4
BG,M69_M70,2023,2078.9
BG,M69_M70,2024,2391.0
CH,M69_M70,2020,87608.5
CH,M69_M70,2021,93943.5
CH,M69_M70,2022,115970.9
CH,M69_M70,2023,123973.0
CH,M69_M70,2024,125921.4
CY,M69_M70,2020,2069.7
CY,M69_M70,2021,2164.2
CY,M69_M70,2022,2323.3
CY,M69_M70,2023,2274.8
CZ,M69_M70,2020,6657.5
CZ,M69_M70,2021,7478.5
CZ,M69_M70,2022,8723.2
CZ,M69_M70,2023,9837.6
CZ,M69_M70,2024,10492.9
CZ,M69_M70,2025,11305.5
DE,M69_M70,2020,200782.0
DE,M69_M70,2021,228527.0
DE,M69_M70,2022,254929.0
DE,M69_M70,2023,276190.0
DE,M69_M70,2024,294120.0
DK,M69_M70,2020,10943.9
DK,M69_M70,2021,12584.9
DK,M69_M70,2022,14398.0
DK,M69_M70,2023,14653.6
DK,M69_M70,2024,15606.2
DK,M69_M70,2025,16077.1
EA12,M69_M70,2020,750406.4
EA12,M69_M70,2021,842829.2
EA12,M69_M70,2022,942647.4
EA12,M69_M70,2023,1025547.5
EA19,M69_M70,2020,762987.7
EA19,M69_M70,2021,856899.9
EA19,M69_M70,2022,958892.3
EA19,M69_M70,2023,1042892.2
EA20,M69_M70,2020,764368.1
EA20,M69_M70,2021,858575.4
EA20,M69_M70,2022,960700.5
EA20,M69_M70,2023,1045051.3
EA21,M69_M70,2020,765823.5
EA21,M69_M70,2021,860160.7
EA21,M69_M70,2022,962506.0
EA21,M69_M70,2023,1047130.2
EE,M69_M70,2020,1005.3
EE,M69_M70,2021,1213.1
EE,M69_M70,2022,1494.4
EE,M69_M70,2023,1529.6
EE,M69_M70,2024,1643.4
EE,M69_M70,2025,1786.4
EL,M69_M70,2020,4500.6
EL,M69_M70,2021,5693.4
EL,M69_M70,2022,6502.7
EL,M69_M70,2023,7395.7
EL,M69_M70,2024,7369.0
ES,M69_M70,2020,47058.0
ES,M69_M70,2021,49790.0
ES,M69_M70,2022,55445.0
ES,M69_M70,2023,58628.0
EU27_2020,M69_M70,2020,837557.9
EU27_2020,M69_M70,2021,940343.4
EU27_2020,M69_M70,2022,1058252.7
EU27_2020,M69_M70,2023,1153257.5
FI,M69_M70,2020,7730.0
FI,M69_M70,2021,8272.0
FI,M69_M70,2022,9123.0
FI,M69_M70,2023,9516.0
FI,M69_M70,2024,9679.0
FI,M69_M70,2025,9885.0
FR,M69_M70,2020,170890.5
FR,M69_M70,2021,193307.8
FR,M69_M70,2022,218257.8
FR,M69_M70,2023,230540.8
FR,M69_M70,2024,244176.1
HR,M69_M70,2020,1380.4
HR,M69_M70,2021,1675.5
HR,M69_M70,2022,1808.3
HR,M69_M70,2023,2159.1
HR,M69_M70,2024,2487.9
HU,M69_M70,2020,4978.7
HU,M69_M70,2021,5739.7
HU,M69_M70,2022,6484.2
HU,M69_M70,2023,7357.5
HU,M69_M70,2024,7922.8
IE,M69_M70,2020,22761.0
IE,M69_M70,2021,28783.0
IE,M69_M70,2022,38076.6
IE,M69_M70,2023,40180.6
IE,M69_M70,2024,42155.2
IS,M69_M70,2020,444.9
IS,M69_M70,2021,517.9
IS,M69_M70,2022,619.9
IS,M69_M70,2023,685.5
IS,M69_M70,2024,750.7
IS,M69_M70,2025,863.9
IT,M69_M70,2020,89469.8
IT,M69_M70,2021,97848.5
IT,M69_M70,2022,107445.3
IT,M69_M70,2023,119469.9
LI,M69_M70,2020,1198.2
LI,M69_M70,2021,1486.5
LI,M69_M70,2022,1575.6
LT,M69_M70,2020,1450.3
LT,M69_M70,2021,1777.7
LT,M69_M70,2022,2289.2
LT,M69_M70,2023,2509.7
LT,M69_M70,2024,2972.5
LU,M69_M70,2020,23294.7
LU,M69_M70,2021,29307.2
LU,M69_M70,2022,33263.4
LU,M69_M70,2023,37735.5
LU,M69_M70,2024,29469.7
LV,M69_M70,2020,668.5
LV,M69_M70,2021,794.0
LV,M69_M70,2022,988.6
LV,M69_M70,2023,1040.7
MK,M69_M70,2020,199.0
MK,M69_M70,2021,228.0
MT,M69_M70,2020,1116.3
MT,M69_M70,2021,1357.5
MT,M69_M70,2022,1544.0
MT,M69_M70,2023,1659.2
MT,M69_M70,2024,1799.5
MT,M69_M70,2025,1930.8
NL,M69_M70,2020,95645.0
NL,M69_M70,2021,104237.0
NL,M69_M70,2022,114627.0
NL,M69_M70,2023,123551.0
NL,M69_M70,2024,134237.0
NL,M69_M70,2025,140014.0
NO,M69_M70,2020,7518.6
NO,M69_M70,2021,8572.3
NO,M69_M70,2022,9620.3
NO,M69_M70,2023,9148.9
PL,M69_M70,2020,20669.8
PL,M69_M70,2021,23265.6
PL,M69_M70,2022,26203.2
PL,M69_M70,2023,30710.9
PT,M69_M70,2020,8250.2
PT,M69_M70,2021,9164.2
PT,M69_M70,2022,10812.6
PT,M69_M70,2023,12132.0
PT,M69_M70,2024,13028.8
RO,M69_M70,2020,8455.9
RO,M69_M70,2021,8452.5
RO,M69_M70,2022,11844.7
RO,M69_M70,2023,12952.8
RO,M69_M70,2024,14260.0
RS,M69_M70,2020,1773.6
RS,M69_M70,2021,2001.7
RS,M69_M70,2022,2402.3
RS,M69_M70,2023,2938.4
RS,M69_M70,2024,3226.6
SE,M69_M70,2020,20028.6
SE,M69_M70,2021,22661.5
SE,M69_M70,2022,28091.5
SE,M69_M70,2023,30610.2
SI,M69_M70,2020,1839.2
SI,M69_M70,2021,2048.8
SI,M69_M70,2022,2307.3
SI,M69_M70,2023,2409.1
SI,M69_M70,2024,2498.9
SI,M69_M70,2025,2629.6
SK,M69_M70,2020,4432.0
SK,M69_M70,2021,4716.0
SK,M69_M70,2022,5282.7
SK,M69_M70,2023,5887.5
SK,M69_M70,2024,5964.0
TR,M69_M70,2023,15302.6
AT,M71,2020,9488.2
AT,M71,2021,9802.2
AT,M71,2022,10879.1
AT,M71,2023,11430.6
AT,M71,2024,11523.0
AT,M71,2025,12126.2
BA,M71,2020,379.7
BA,M71,2021,416.1
BA,M71,2022,497.8
BA,M71,2023,542.0
BE,M71,2020,12739.0
BE,M71,2021,14031.0
BE,M71,2022,15463.1
BE,M71,2023,17448.5
BG,M71,2020,881.2
BG,M71,2021,983.4
BG,M71,2022,1209.6
BG,M71,2023,1299.2
BG,M71,2024,1392.0
CH,M71,2020,26783.9
CH,M71,2021,28725.7
CH,M71,2022,33843.6
CH,M71,2023,37524.4
CH,M71,2024,39158.3
CY,M71,2020,184.6
CY,M71,2021,199.5
CY,M71,2022,220.3
CY,M71,2023,250.2
CZ,M71,2020,6087.5
CZ,M71,2021,6830.0
CZ,M71,2022,8320.6
CZ,M71,2023,9258.4
CZ,M71,2024,9208.6
CZ,M71,2025,9871.2
DE,M71,2020,107014.0
DE,M71,2021,109218.0
DE,M71,2022,119019.0
DE,M71,2023,134237.0
DE,M71,2024,136667.0
DK,M71,2020,9039.2
DK,M71,2021,10053.7
DK,M71,2022,11139.7
DK,M71,2023,11656.9
DK,M71,2024,12730.3
DK,M71,2025,13749.1
EA12,M71,2020,290646.3
EA12,M71,2021,317196.6
EA12,M71,2022,349972.9
EA12,M71,2023,387531.6
EA19,M71,2020,296551.1
EA19,M71,2021,323819.9
EA19,M71,2022,357442.5
EA19,M71,2023,395941.8
EA20,M71,2020,297992.6
EA20,M71,2021,325372.4
EA20,M71,2022,359354.4
EA20,M71,2023,398723.8
EA21,M71,2020,298873.8
EA21,M71,2021,326355.8
EA21,M71,2022,360564.0
EA21,M71,2023,400023.0
EE,M71,2020,463.0
EE,M71,2021,526.8
EE,M71,2022,607.4
EE,M71,2023,634.7
EE,M71,2024,658.2
EE,M71,2025,706.1
EL,M71,2020,2789.9
EL,M71,2021,3109.9
EL,M71,2022,3820.5
EL,M71,2023,4282.6
EL,M71,2024,4282.0
ES,M71,2020,24508.0
ES,M71,2021,28738.0
ES,M71,2022,32211.0
ES,M71,2023,35909.0
FI,M71,2020,6917.0
FI,M71,2021,6907.0
FI,M71,2022,7457.0
FI,M71,2023,7617.0
FI,M71,2024,7764.0
FI,M71,2025,8355.0
FR,M71,2020,67192.5
FR,M71,2021,76151.5
FR,M71,2022,81799.5
FR,M71,2023,87371.2
FR,M71,2024,92549.0
HR,M71,2020,1441.4
HR,M71,2021,1552.5
HR,M71,2022,1911.9
HR,M71,2023,2782.0
HR,M71,2024,3145.0
HU,M71,2020,3172.7
HU,M71,2021,3387.6
HU,M71,2022,3572.0
HU,M71,2023,4091.0
HU,M71,2024,4157.3
IE,M71,2020,4139.8
IE,M71,2021,4943.2
IE,M71,2022,5919.9
IE,M71,2023,6569.2
IE,M71,2024,7075.0
IS,M71,2020,322.0
IS,M71,2021,367.5
IS,M71,2022,465.9
IS,M71,2023,478.1
IS,M71,2024,504.9
IS,M71,2025,560.9
IT,M71,2020,32293.9
IT,M71,2021,38196.6
IT,M71,2022,44178.7
IT,M71,2023,50039.5
LI,M71,2020,137.1
LI,M71,2021,146.2
LI,M71,2022,160.5
LT,M71,2020,636.4
LT,M71,2021,673.7
LT,M71,2022,771.3
LT,M71,2023,891.4
LT,M71,2024,945.0
LU,M71,2020,1147.0
LU,M71,2021,1231.2
LU,M71,2022,1278.6
LU,M71,2023,1423.6
LU,M71,2024,1405.4
LV,M71,2020,413.9
LV,M71,2021,454.4
LV,M71,2022,477.1
LV,M71,2023,560.5
MK,M71,2020,155.0
MK,M71,2021,171.9
MT,M71,2020,305.5
MT,M71,2021,314.3
MT,M71,2022,338.0
MT,M71,2023,362.3
MT,M71,2024,474.8
MT,M71,2025,540.5
NL,M71,2020,19628.0
NL,M71,2021,21625.0
NL,M71,2022,24032.0
NL,M71,2023,26473.0
NL,M71,2024,28193.0
NL,M71,2025,30022.0
NO,M71,2020,12576.4
NO,M71,2021,13866.2
NO,M71,2022,15666.2
NO,M71,2023,15577.1
PL,M71,2020,9806.7
PL,M71,2021,10062.2
PL,M71,2022,11491.2
PL,M71,2023,12716.0
PT,M71,2020,3001.6
PT,M71,2021,3480.8
PT,M71,2022,4110.6
PT,M71,2023,5065.6
PT,M71,2024,5988.0
RO,M71,2020,4560.8
RO,M71,2021,4962.4
RO,M71,2022,6722.7
RO,M71,2023,8294.9
RO,M71,2024,9742.1
RS,M71,2020,1482.3
RS,M71,2021,1711.5
RS,M71,2022,1840.2
RS,M71,2023,2266.4
RS,M71,2024,2855.9
SI,M71,2020,1737.8
SI,M71,2021,2092.1
SI,M71,2022,2367.3
SI,M71,2023,2776.5
SI,M71,2024,2894.1
SI,M71,2025,3179.2
SK,M71,2020,2163.6
SK,M71,2021,2255.4
SK,M71,2022,2583.0
SK,M71,2023,2904.4
SK,M71,2024,2818.3
TR,M71,2023,13835.3
AT,M72,2020,3055.8
AT,M72,2021,3814.3
AT,M72,2022,4306.6
AT,M72,2023,4456.2
AT,M72,2024,4542.6
AT,M72,2025,4443.6
BA,M72,2020,26.1
BA,M72,2021,24.7
BA,M72,2022,28.2
BA,M72,2023,35.4
BE,M72,2020,4300.0
BE,M72,2021,5542.4
BE,M72,2022,6584.0
BE,M72,2023,7071.7
BE,M72,2024,8429.2
BG,M72,2020,336.7
BG,M72,2021,394.5
BG,M72,2022,571.7
BG,M72,2023,585.7
BG,M72,2024,648.3
CH,M72,2020,11420.0
CH,M72,2021,15058.5
CH,M72,2022,19234.7
CH,M72,2023,22126.8
CH,M72,2024,25277.5
CY,M72,2020,35.7
CY,M72,2021,38.2
CY,M72,2022,43.8
CY,M72,2023,53.6
CZ,M72,2020,2032.0
CZ,M72,2021,2266.0
CZ,M72,2022,2766.6
CZ,M72,2023,3010.9
CZ,M72,2024,3039.4
CZ,M72,2025,3167.0
DE,M72,2020,41633.0
DE,M72,2021,58688.0
DE,M72,2022,58708.0
DE,M72,2023,53906.0
DE,M72,2024,55665.0
DK,M72,2020,6464.8
DK,M72,2021,6682.7
DK,M72,2022,6883.2
DK,M72,2023,7364.8
DK,M72,2024,9369.2
DK,M72,2025,11630.5
EA12,M72,2020,158151.7
EA12,M72,2021,186262.6
EA12,M72,2022,198056.8
EA12,M72,2023,198266.0
EA19,M72,2020,160069.2
EA19,M72,2021,188455.1
EA19,M72,2022,200516.9
EA19,M72,2023,200868.8
EA20,M72,2020,160537.1
EA20,M72,2021,188920.3
EA20,M72,2022,201065.0
EA20,M72,2023,201413.9
EA21,M72,2020,160873.8
EA21,M72,2021,189314.8
EA21,M72,2022,201636.7
EA21,M72,2023,201999.6
EE,M72,2020,324.5
EE,M72,2021,389.0
EE,M72,2022,434.6
EE,M72,2023,463.7
EE,M72,2024,526.2
EE,M72,2025,541.3
EL,M72,2020,1147.8
EL,M72,2021,1278.5
EL,M72,2022,1503.7
EL,M72,2023,1629.7
EL,M72,2024,1624.9
ES,M72,2020,8598.0
ES,M72,2021,10121.0
ES,M72,2022,11123.0
ES,M72,2023,11855.0
FI,M72,2020,2493.0
FI,M72,2021,2662.0
FI,M72,2022,2884.0
FI,M72,2023,2863.0
FI,M72,2024,2868.0
FI,M72,2025,2916.0
FR,M72,2020,64458.4
FR,M72,2021,67791.0
FR,M72,2022,71290.9
FR,M72,2023,74841.2
FR,M72,2024,77521.0
FR,M72,2025,80173.0
HR,M72,2020,467.8
HR,M72,2021,465.2
HR,M72,2022,548.1
HR,M72,2023,545.1
HR,M72,2024,571.4
HU,M72,2020,1975.0
HU,M72,2021,2155.3
HU,M72,2022,2145.4
HU,M72,2023,2363.7
HU,M72,2024,2318.7
IE,M72,2020,1692.7
IE,M72,2021,1923.4
IE,M72,2022,3265.5
IE,M72,2023,3156.0
IE,M72,2024,3521.9
IS,M72,2020,348.5
IS,M72,2021,315.2
IS,M72,2022,288.0
IS,M72,2023,278.5
IS,M72,2024,292.0
IS,M72,2025,293.3
IT,M72,2020,20559.5
IT,M72,2021,21935.8
IT,M72,2022,23405.3
IT,M72,2023,25429.5
IT,M72,2024,26994.3
LT,M72,2020,192.7
LT,M72,2021,266.7
LT,M72,2022,364.2
LT,M72,2023,369.1
LT,M72,2024,359.9
LV,M72,2020,200.9
LV,M72,2021,195.9
LV,M72,2022,231.6
LV,M72,2023,202.8
MK,M72,2020,19.3
MK,M72,2021,20.5
MT,M72,2020,9.1
MT,M72,2021,11.5
NL,M72,2020,6830.0
NL,M72,2021,8212.0
NL,M72,2022,10031.0
NL,M72,2023,9783.0
NL,M72,2024,10649.0
NL,M72,2025,11189.0
NO,M72,2020,2896.1
NO,M72,2021,3031.1
NO,M72,2022,3491.5
NO,M72,2023,3639.3
NO,M72,2024,3770.2
NO,M72,2025,3737.8
PL,M72,2020,3975.0
PL,M72,2021,4311.3
PL,M72,2022,5053.9
PL,M72,2023,6240.0
PT,M72,2020,995.6
PT,M72,2021,1230.0
PT,M72,2022,1317.2
PT,M72,2023,1464.6
PT,M72,2024,1651.6
RO,M72,2020,1810.9
RO,M72,2021,1810.8
RO,M72,2022,2349.1
RO,M72,2023,2763.4
RO,M72,2024,3228.1
RS,M72,2020,435.9
RS,M72,2021,522.7
RS,M72,2022,631.1
RS,M72,2023,785.3
RS,M72,2024,886.2
SI,M72,2020,700.5
SI,M72,2021,778.8
SI,M72,2022,891.7
SI,M72,2023,979.3
SI,M72,2024,1033.5
SI,M72,2025,1124.4
SK,M72,2020,454.2
SK,M72,2021,512.4
SK,M72,2022,481.2
SK,M72,2023,517.2
SK,M72,2024,581.6
TR,M72,2023,1101.1
AT,M73,2020,4746.5
AT,M73,2021,5176.8
AT,M73,2022,5728.2
AT,M73,2023,6039.1
AT,M73,2024,6312.5
AT,M73,2025,6146.0
BA,M73,2020,141.6
BA,M73,2021,159.8
BA,M73,2022,213.6
BA,M73,2023,208.6
BE,M73,2020,5911.8
BE,M73,2021,6693.3
BE,M73,2022,7132.5
BE,M73,2023,6770.8
BG,M73,2020,684.1
BG,M73,2021,872.1
BG,M73,2022,1051.7
BG,M73,2023,1273.4
BG,M73,2024,1223.6
CH,M73,2020,4729.0
CH,M73,2021,5012.4
CH,M73,2022,5795.8
CH,M73,2023,6487.4
CH,M73,2024,6570.2
CY,M73,2020,620.3
CY,M73,2021,990.5
CY,M73,2022,1172.4
CY,M73,2023,1208.1
CZ,M73,2020,3690.2
CZ,M73,2021,4387.8
CZ,M73,2022,5087.5
CZ,M73,2023,5658.2
CZ,M73,2024,6170.1
CZ,M73,2025,6478.2
DE,M73,2020,25810.0
DE,M73,2021,31479.0
DE,M73,2022,33182.0
DE,M73,2023,34785.0
DE,M73,2024,35804.0
DK,M73,2020,2418.8
DK,M73,2021,2803.5
DK,M73,2022,2841.5
DK,M73,2023,2795.5
DK,M73,2024,2483.7
DK,M73,2025,2400.3
EA12,M73,2020,96636.3
EA12,M73,2021,112697.8
EA12,M73,2022,124072.3
EA12,M73,2023,129153.7
EA19,M73,2020,102796.5
EA19,M73,2021,120045.7
EA19,M73,2022,132682.7
EA19,M73,2023,138121.2
EA20,M73,2020,103465.8
EA20,M73,2021,120866.4
EA20,M73,2022,133689.4
EA20,M73,2023,139216.0
EA21,M73,2020,104150.0
EA21,M73,2021,121738.4
EA21,M73,2022,134741.1
EA21,M73,2023,140489.4
EE,M73,2020,521.1
EE,M73,2021,588.3
EE,M73,2022,911.9
EE,M73,2023,869.5
EE,M73,2024,866.3
EE,M73,2025,936.0
EL,M73,2020,1308.1
EL,M73,2021,1494.3
EL,M73,2022,1779.2
EL,M73,2023,1985.7
EL,M73,2024,2297.0
ES,M73,2020,11856.0
ES,M73,2021,13341.0
ES,M73,2022,15924.0
ES,M73,2023,17454.0
EU27_2020,M73,2020,128271.8
EU27_2020,M73,2021,149392.6
EU27_2020,M73,2022,165042.4
EU27_2020,M73,2023,173074.7
FI,M73,2020,1180.0
FI,M73,2021,1374.0
FI,M73,2022,1422.0
FI,M73,2023,1393.0
FI,M73,2024,1459.0
FI,M73,2025,1430.0
FR,M73,2020,16059.3
FR,M73,2021,18507.9
FR,M73,2022,20159.3
FR,M73,2023,21173.4
FR,M73,2024,21918.1
HR,M73,2020,669.4
HR,M73,2021,820.7
HR,M73,2022,1006.7
HR,M73,2023,1094.8
HR,M73,2024,1093.8
HU,M73,2020,969.3
HU,M73,2021,1220.4
HU,M73,2022,1241.8
HU,M73,2023,1370.8
HU,M73,2024,1294.1
IE,M73,2020,1371.1
IE,M73,2021,1902.1
IE,M73,2022,2099.0
IE,M73,2023,1883.0
IE,M73,2024,1976.2
IS,M73,2020,89.7
IS,M73,2021,111.5
IS,M73,2022,143.6
IS,M73,2023,141.3
IS,M73,2024,153.9
IS,M73,2025,157.2
IT,M73,2020,15658.9
IT,M73,2021,17995.4
IT,M73,2022,19919.9
IT,M73,2023,20844.4
LT,M73,2020,692.0
LT,M73,2021,898.0
LT,M73,2022,1011.1
LT,M73,2023,1016.0
LT,M73,2024,1093.1
LV,M73,2020,713.2
LV,M73,2021,904.1
LV,M73,2022,958.3
LV,M73,2023,992.1
MK,M73,2020,59.3
MK,M73,2021,89.0
MT,M73,2020,1146.3
MT,M73,2021,1375.7
MT,M73,2022,1602.1
MT,M73,2023,1754.6
MT,M73,2024,1961.4
MT,M73,2025,2114.0
NL,M73,2020,9473.0
NL,M73,2021,10823.0
NL,M73,2022,12162.0
NL,M73,2023,12087.0
NL,M73,2024,12192.0
NL,M73,2025,12252.0
NO,M73,2020,2147.9
NO,M73,2021,2727.0
NO,M73,2022,2982.9
NO,M73,2023,2591.6
PL,M73,2020,9173.8
PL,M73,2021,10348.1
PL,M73,2022,11311.5
PL,M73,2023,12773.7
PT,M73,2020,1633.7
PT,M73,2021,1831.2
PT,M73,2022,2204.4
PT,M73,2023,2398.8
PT,M73,2024,2544.6
RO,M73,2020,2728.7
RO,M73,2021,2981.5
RO,M73,2022,3646.6
RO,M73,2023,4289.6
RO,M73,2024,4006.9
RS,M73,2020,554.6
RS,M73,2021,670.3
RS,M73,2022,721.3
RS,M73,2023,938.0
RS,M73,2024,966.0
SE,M73,2020,5141.1
SE,M73,2021,5913.0
SE,M73,2022,6171.1
SE,M73,2023,5710.8
SI,M73,2020,701.2
SI,M73,2021,671.3
SI,M73,2022,744.5
SI,M73,2023,798.9
SI,M73,2024,951.3
SI,M73,2025,845.5
SK,M73,2020,1766.0
SK,M73,2021,1920.0
SK,M73,2022,2227.8
SK,M73,2023,2351.3
SK,M73,2024,2395.2
TR,M73,2023,7994.6
AT,M73-M75,2020,6774.7
AT,M73-M75,2021,7423.2
AT,M73-M75,2022,8171.1
AT,M73-M75,2023,8827.3
AT,M73-M75,2024,9252.4
AT,M73-M75,2025,9205.7
BA,M73-M75,2020,221.1
BA,M73-M75,2021,250.1
BA,M73-M75,2022,314.5
BA,M73-M75,2023,331.2
BE,M73-M75,2020,9275.7
BE,M73-M75,2021,10527.6
BE,M73-M75,2022,11241.9
BE,M73-M75,2023,11354.5
BE,M73-M75,2024,11902.7
BG,M73-M75,2020,1739.0
BG,M73-M75,2021,2083.8
BG,M73-M75,2022,2497.0
BG,M73-M75,2023,2814.8
BG,M73-M75,2024,2989.8
CH,M73-M75,2020,9563.6
CH,M73-M75,2021,10270.9
CH,M73-M75,2022,11917.0
CH,M73-M75,2023,13303.3
CH,M73-M75,2024,13504.8
CY,M73-M75,2020,750.4
CY,M73-M75,2021,1138.8
CY,M73-M75,2022,1334.9
CY,M73-M75,2023,1396.2
CZ,M73-M75,2020,7526.8
CZ,M73-M75,2021,8461.0
CZ,M73-M75,2022,9510.3
CZ,M73-M75,2023,10219.3
CZ,M73-M75,2024,10458.7
CZ,M73-M75,2025,11148.7
DE,M73-M75,2020,57592.0
DE,M73-M75,2021,62904.0
DE,M73-M75,2022,67347.0
DE,M73-M75,2023,74919.0
DE,M73-M75,2024,74832.0
DK,M73-M75,2020,5619.0
DK,M73-M75,2021,6496.9
DK,M73-M75,2022,6651.6
DK,M73-M75,2023,6489.7
DK,M73-M75,2024,6052.9
DK,M73-M75,2025,5859.1
EA12,M73-M75,2020,198040.0
EA12,M73-M75,2021,222516.8
EA12,M73-M75,2022,249515.6
EA12,M73-M75,2023,268602.8
EA19,M73-M75,2020,206954.0
EA19,M73-M75,2021,233180.6
EA19,M73-M75,2022,261246.0
EA19,M73-M75,2023,281056.4
EA20,M73-M75,2020,207946.0
EA20,M73-M75,2021,234392.2
EA20,M73-M75,2022,262700.5
EA20,M73-M75,2023,282673.3
EA21,M73-M75,2020,209685.0
EA21,M73-M75,2021,236476.1
EA21,M73-M75,2022,265197.5
EA21,M73-M75,2023,285488.2
EE,M73-M75,2020,1135.7
EE,M73-M75,2021,1465.8
EE,M73-M75,2022,1247.4
EE,M73-M75,2023,1309.0
EE,M73-M75,2024,1387.2
EE,M73-M75,2025,1545.5
EL,M73-M75,2020,1635.2
EL,M73-M75,2021,1889.6
EL,M73-M75,2022,2265.1
EL,M73-M75,2023,2568.2
EL,M73-M75,2024,2976.6
ES,M73-M75,2020,20725.0
ES,M73-M75,2021,23286.0
ES,M73-M75,2022,27927.0
ES,M73-M75,2023,29772.0
EU27_2020,M73-M75,2020,255552.0
EU27_2020,M73-M75,2021,288210.7
EU27_2020,M73-M75,2022,322624.6
EU27_2020,M73-M75,2023,347037.8
FI,M73-M75,2020,2822.0
FI,M73-M75,2021,3170.0
FI,M73-M75,2022,3464.0
FI,M73-M75,2023,3542.0
FI,M73-M75,2024,3632.0
FI,M73-M75,2025,3566.0
FR,M73-M75,2020,32057.4
FR,M73-M75,2021,37453.1
FR,M73-M75,2022,41296.0
FR,M73-M75,2023,44141.1
FR,M73-M75,2024,46203.1
FR,M73-M75,2025,46648.9
HR,M73-M75,2020,992.0
HR,M73-M75,2021,1211.7
HR,M73-M75,2022,1454.5
HR,M73-M75,2023,1616.9
HR,M73-M75,2024,1644.3
HU,M73-M75,2020,2259.4
HU,M73-M75,2021,2687.2
HU,M73-M75,2022,2805.3
HU,M73-M75,2023,3089.0
HU,M73-M75,2024,3189.7
IE,M73-M75,2020,3060.7
IE,M73-M75,2021,4087.9
IE,M73-M75,2022,5534.6
IE,M73-M75,2023,4535.9
IE,M73-M75,2024,4697.3
IS,M73-M75,2020,253.3
IS,M73-M75,2021,332.7
IS,M73-M75,2022,451.0
IS,M73-M75,2023,461.5
IS,M73-M75,2024,499.7
IS,M73-M75,2025,540.3
IT,M73-M75,2020,40475.4
IT,M73-M75,2021,44769.7
IT,M73-M75,2022,51276.2
IT,M73-M75,2023,55220.6
IT,M73-M75,2024,55883.5
LT,M73-M75,2020,940.5
LT,M73-M75,2021,1183.7
LT,M73-M75,2022,1336.2
LT,M73-M75,2023,1370.4
LT,M73-M75,2024,1463.9
LV,M73-M75,2020,924.9
LV,M73-M75,2021,1133.3
LV,M73-M75,2022,1234.2
LV,M73-M75,2023,1273.7
MK,M73-M75,2020,106.1
MK,M73-M75,2021,145.7
MT,M73-M75,2020,1306.3
MT,M73-M75,2021,1540.2
NL,M73-M75,2020,17231.0
NL,M73-M75,2021,19481.0
NL,M73-M75,2022,22111.0
NL,M73-M75,2023,22874.0
NL,M73-M75,2024,23947.0
NL,M73-M75,2025,24593.0
NO,M73-M75,2020,4093.6
NO,M73-M75,2021,5147.3
NO,M73-M75,2022,5869.4
NO,M73-M75,2023,5337.3
NO,M73-M75,2024,5311.9
NO,M73-M75,2025,5430.7
PL,M73-M75,2020,13458.2
PL,M73-M75,2021,15183.3
PL,M73-M75,2022,16496.0
PL,M73-M75,2023,19045.8
PT,M73-M75,2020,3155.9
PT,M73-M75,2021,3525.8
PT,M73-M75,2022,4260.5
PT,M73-M75,2023,4718.1
PT,M73-M75,2024,5135.6
RO,M73-M75,2020,5440.4
RO,M73-M75,2021,5749.2
RO,M73-M75,2022,8082.4
RO,M73-M75,2023,9302.0
RO,M73-M75,2024,9881.8
RS,M73-M75,2020,874.3
RS,M73-M75,2021,1018.5
RS,M73-M75,2022,1124.5
RS,M73-M75,2023,1473.2
RS,M73-M75,2024,1572.5
SE,M73-M75,2020,11563.1
SE,M73-M75,2021,13157.0
SE,M73-M75,2022,13878.3
SE,M73-M75,2023,13248.0
SI,M73-M75,2020,1305.0
SI,M73-M75,2021,1375.5
SI,M73-M75,2022,1550.5
SI,M73-M75,2023,1690.5
SI,M73-M75,2024,1910.2
SI,M73-M75,2025,1899.2
SK,M73-M75,2020,2551.2
SK,M73-M75,2021,2826.5
SK,M73-M75,2022,3257.9
SK,M73-M75,2023,3487.5
SK,M73-M75,2024,3429.1
TR,M73-M75,2023,11677.4
AT,M74_M75,2020,2028.2
AT,M74_M75,2021,2246.4
AT,M74_M75,2022,2442.9
AT,M74_M75,2023,2788.2
AT,M74_M75,2024,2939.9
AT,M74_M75,2025,3059.7
BA,M74_M75,2020,79.5
BA,M74_M75,2021,90.4
BA,M74_M75,2022,101.0
BA,M74_M75,2023,122.7
BE,M74_M75,2020,3363.9
BE,M74_M75,2021,3834.3
BE,M74_M75,2022,4109.4
BE,M74_M75,2023,4583.7
BG,M74_M75,2020,1054.9
BG,M74_M75,2021,1211.8
BG,M74_M75,2022,1445.3
BG,M74_M75,2023,1541.5
BG,M74_M75,2024,1766.2
CH,M74_M75,2020,4834.6
CH,M74_M75,2021,5258.5
CH,M74_M75,2022,6121.2
CH,M74_M75,2023,6815.8
CH,M74_M75,2024,6934.7
CY,M74_M75,2020,130.0
CY,M74_M75,2021,148.3
CY,M74_M75,2022,162.5
CY,M74_M75,2023,188.1
CZ,M74_M75,2020,3836.6
CZ,M74_M75,2021,4073.2
CZ,M74_M75,2022,4422.8
CZ,M74_M75,2023,4561.2
CZ,M74_M75,2024,4288.6
CZ,M74_M75,2025,4670.6
DE,M74_M75,2020,31782.0
DE,M74_M75,2021,31425.0
DE,M74_M75,2022,34165.0
DE,M74_M75,2023,40134.0
DE,M74_M75,2024,39028.0
DK,M74_M75,2020,3200.2
DK,M74_M75,2021,3693.4
DK,M74_M75,2022,3810.1
DK,M74_M75,2023,3694.3
DK,M74_M75,2024,3569.2
DK,M74_M75,2025,3458.8
EA12,M74_M75,2020,101403.7
EA12,M74_M75,2021,109819.0
EA12,M74_M75,2022,125443.4
EA12,M74_M75,2023,139449.1
EA19,M74_M75,2020,104157.5
EA19,M74_M75,2021,113134.9
EA19,M74_M75,2022,128563.3
EA19,M74_M75,2023,142935.3
EA20,M74_M75,2020,104480.2
EA20,M74_M75,2021,113525.9
EA20,M74_M75,2022,129011.1
EA20,M74_M75,2023,143457.3
EA21,M74_M75,2020,105535.0
EA21,M74_M75,2021,114737.7
EA21,M74_M75,2022,130456.4
EA21,M74_M75,2023,144998.8
EE,M74_M75,2020,614.6
EE,M74_M75,2021,877.5
EE,M74_M75,2022,335.5
EE,M74_M75,2023,439.5
EE,M74_M75,2024,520.9
EE,M74_M75,2025,609.4
EL,M74_M75,2020,327.1
EL,M74_M75,2021,395.3
EL,M74_M75,2022,485.9
EL,M74_M75,2023,582.5
EL,M74_M75,2024,679.6
ES,M74_M75,2020,8869.0
ES,M74_M75,2021,9945.0
ES,M74_M75,2022,12003.0
ES,M74_M75,2023,12318.0
EU27_2020,M74_M75,2020,127280.3
EU27_2020,M74_M75,2021,138818.1
EU27_2020,M74_M75,2022,157582.1
EU27_2020,M74_M75,2023,173963.1
FI,M74_M75,2020,1642.0
FI,M74_M75,2021,1796.0
FI,M74_M75,2022,2042.0
FI,M74_M75,2023,2149.0
FI,M74_M75,2024,2173.0
FI,M74_M75,2025,2136.0
FR,M74_M75,2020,15998.1
FR,M74_M75,2021,18945.2
FR,M74_M75,2022,21136.7
FR,M74_M75,2023,22967.7
FR,M74_M75,2024,24285.0
HR,M74_M75,2020,322.6
HR,M74_M75,2021,391.0
HR,M74_M75,2022,447.8
HR,M74_M75,2023,522.1
HR,M74_M75,2024,550.4
HU,M74_M75,2020,1290.1
HU,M74_M75,2021,1466.9
HU,M74_M75,2022,1563.5
HU,M74_M75,2023,1718.2
HU,M74_M75,2024,1895.6
IE,M74_M75,2020,1689.6
IE,M74_M75,2021,2185.8
IE,M74_M75,2022,3435.6
IE,M74_M75,2023,2652.9
IE,M74_M75,2024,2721.2
IS,M74_M75,2020,163.5
IS,M74_M75,2021,221.2
IS,M74_M75,2022,307.3
IS,M74_M75,2023,320.2
IS,M74_M75,2024,345.8
IS,M74_M75,2025,383.1
IT,M74_M75,2020,24816.4
IT,M74_M75,2021,26774.4
IT,M74_M75,2022,31356.3
IT,M74_M75,2023,34376.2
LT,M74_M75,2020,248.5
LT,M74_M75,2021,285.7
LT,M74_M75,2022,325.1
LT,M74_M75,2023,354.4
LT,M74_M75,2024,370.8
LV,M74_M75,2020,211.7
LV,M74_M75,2021,229.2
LV,M74_M75,2022,275.9
LV,M74_M75,2023,281.6
MK,M74_M75,2020,46.8
MK,M74_M75,2021,56.7
MT,M74_M75,2020,160.0
MT,M74_M75,2021,164.5
NL,M74_M75,2020,7758.0
NL,M74_M75,2021,8658.0
NL,M74_M75,2022,9949.0
NL,M74_M75,2023,10787.0
NL,M74_M75,2024,11755.0
NL,M74_M75,2025,12341.0
NO,M74_M75,2020,1945.8
NO,M74_M75,2021,2420.4
NO,M74_M75,2022,2886.5
NO,M74_M75,2023,2745.7
PL,M74_M75,2020,4284.5
PL,M74_M75,2021,4835.3
PL,M74_M75,2022,5184.5
PL,M74_M75,2023,6272.1
PT,M74_M75,2020,1522.3
PT,M74_M75,2021,1694.7
PT,M74_M75,2022,2056.1
PT,M74_M75,2023,2319.3
PT,M74_M75,2024,2591.0
RO,M74_M75,2020,2711.8
RO,M74_M75,2021,2767.7
RO,M74_M75,2022,4435.8
RO,M74_M75,2023,5012.3
RO,M74_M75,2024,5874.9
RS,M74_M75,2020,319.7
RS,M74_M75,2021,348.2
RS,M74_M75,2022,403.2
RS,M74_M75,2023,535.2
RS,M74_M75,2024,606.5
SE,M74_M75,2020,6422.1
SE,M74_M75,2021,7244.0
SE,M74_M75,2022,7707.3
SE,M74_M75,2023,7537.2
SI,M74_M75,2020,603.8
SI,M74_M75,2021,704.2
SI,M74_M75,2022,806.0
SI,M74_M75,2023,891.6
SI,M74_M75,2024,958.9
SI,M74_M75,2025,1053.7
SK,M74_M75,2020,785.2
SK,M74_M75,2021,906.5
SK,M74_M75,2022,1030.0
SK,M74_M75,2023,1136.2
SK,M74_M75,2024,1033.9
TR,M74_M75,2023,3682.7
AL,M_N,2020,1305.4
AL,M_N,2021,1445.9
AL,M_N,2022,1953.1
AL,M_N,2023,2483.3
AL,M_N,2024,2844.9
AL,M_N,2025,3037.8
AT,M_N,2020,60233.7
AT,M_N,2021,65564.7
AT,M_N,2022,74710.5
AT,M_N,2023,81189.2
AT,M_N,2024,84872.5
AT,M_N,2025,87031.5
BA,M_N,2020,1191.8
BA,M_N,2021,1348.5
BA,M_N,2022,1664.6
BA,M_N,2023,1876.4
BE,M_N,2020,132596.8
BE,M_N,2021,148432.9
BE,M_N,2022,164572.3
BE,M_N,2023,177618.5
BE,M_N,2024,189054.8
BG,M_N,2020,7297.0
BG,M_N,2021,8079.9
BG,M_N,2022,9932.5
BG,M_N,2023,11254.7
BG,M_N,2024,12594.5
CH,M_N,2020,169606.2
CH,M_N,2021,187578.1
CH,M_N,2022,235768.3
CH,M_N,2023,259761.4
CH,M_N,2024,274988.3
CY,M_N,2020,3762.8
CY,M_N,2021,4470.8
CY,M_N,2022,5077.0
CY,M_N,2023,5285.3
CY,M_N,2024,5503.1
CZ,M_N,2020,30942.4
CZ,M_N,2021,35485.0
CZ,M_N,2022,42872.3
CZ,M_N,2023,47815.4
CZ,M_N,2024,49392.5
CZ,M_N,2025,52616.0
DE,M_N,2020,650288.0
DE,M_N,2021,732158.0
DE,M_N,2022,836513.0
DE,M_N,2023,910909.0
DE,M_N,2024,934311.0
DE,M_N,2025,969032.0
DK,M_N,2020,48139.8
DK,M_N,2021,53797.0
DK,M_N,2022,59792.2
DK,M_N,2023,61119.3
DK,M_N,2024,64972.9
DK,M_N,2025,69794.6
EA12,M_N,2020,2227442.4
EA12,M_N,2021,2496323.0
EA12,M_N,2022,2846557.2
EA12,M_N,2023,3084930.5
EA12,M_N,2024,3220919.8
EA19,M_N,2020,2271565.8
EA19,M_N,2021,2547746.7
EA19,M_N,2022,2907272.5
EA19,M_N,2023,3151511.0
EA19,M_N,2024,3290845.8
EA20,M_N,2020,2277508.1
EA20,M_N,2021,2554844.6
EA20,M_N,2022,2915871.1
EA20,M_N,2023,3162235.9
EA20,M_N,2024,3302843.6
EA21,M_N,2020,2284805.2
EA21,M_N,2021,2562924.5
EA21,M_N,2022,2925803.8
EA21,M_N,2023,3173490.8
EA21,M_N,2024,3315438.3
EE,M_N,2020,4476.6
EE,M_N,2021,5317.5
EE,M_N,2022,5966.6
EE,M_N,2023,6511.7
EE,M_N,2024,6853.5
EE,M_N,2025,7322.1
EL,M_N,2020,13964.6
EL,M_N,2021,17398.9
EL,M_N,2022,22108.1
EL,M_N,2023,25059.7
EL,M_N,2024,26472.4
ES,M_N,2020,164408.0
ES,M_N,2021,182707.0
ES,M_N,2022,213686.0
ES,M_N,2023,231517.0
ES,M_N,2024,243601.0
EU27_2020,M_N,2020,2571787.9
EU27_2020,M_N,2021,2882297.2
EU27_2020,M_N,2022,3294154.9
EU27_2020,M_N,2023,3579860.2
EU27_2020,M_N,2024,3748202.5
FI,M_N,2020,33043.0
FI,M_N,2021,34706.0
FI,M_N,2022,38054.0
FI,M_N,2023,39682.0
FI,M_N,2024,39860.0
FI,M_N,2025,40397.0
FR,M_N,2020,546661.6
FR,M_N,2021,607892.4
FR,M_N,2022,682087.5
FR,M_N,2023,721796.0
FR,M_N,2024,764833.4
FR,M_N,2025,787930.7
HR,M_N,2020,5942.3
HR,M_N,2021,7097.8
HR,M_N,2022,8598.6
HR,M_N,2023,10724.9
HR,M_N,2024,11997.8
HU,M_N,2020,18872.0
HU,M_N,2021,21896.5
HU,M_N,2022,24508.8
HU,M_N,2023,28079.9
HU,M_N,2024,29259.4
IE,M_N,2020,62065.5
IE,M_N,2021,74000.0
IE,M_N,2022,93155.3
IE,M_N,2023,96157.2
IE,M_N,2024,101004.0
IS,M_N,2020,2373.0
IS,M_N,2021,2803.4
IS,M_N,2022,4281.9
IS,M_N,2023,4540.0
IS,M_N,2024,4632.5
IS,M_N,2025,5002.8
IT,M_N,2020,287103.6
IT,M_N,2021,317968.6
IT,M_N,2022,359307.9
IT,M_N,2023,393898.4
IT,M_N,2024,408054.7
LI,M_N,2020,1624.0
LI,M_N,2021,1946.6
LI,M_N,2022,2109.3
LT,M_N,2020,5576.6
LT,M_N,2021,7501.0
LT,M_N,2022,9091.0
LT,M_N,2023,10023.7
LT,M_N,2024,11056.6
LU,M_N,2020,30091.6
LU,M_N,2021,36794.6
LU,M_N,2022,41148.9
LU,M_N,2023,46394.3
LU,M_N,2024,38402.3
LV,M_N,2020,3552.4
LV,M_N,2021,4138.2
LV,M_N,2022,5041.5
LV,M_N,2023,5388.5
LV,M_N,2024,5659.9
ME,M_N,2020,469.6
ME,M_N,2021,577.2
ME,M_N,2022,671.6
ME,M_N,2023,800.6
ME,M_N,2024,960.8
MK,M_N,2020,702.6
MK,M_N,2021,854.4
MT,M_N,2020,4250.2
MT,M_N,2021,5140.8
MT,M_N,2022,6227.8
MT,M_N,2023,7109.1
MT,M_N,2024,7860.7
MT,M_N,2025,8359.6
NL,M_N,2020,221396.0
NL,M_N,2021,249515.0
NL,M_N,2022,286252.0
NL,M_N,2023,307317.0
NL,M_N,2024,328089.0
NL,M_N,2025,342757.0
NO,M_N,2020,43168.7
NO,M_N,2021,47842.8
NO,M_N,2022,55891.4
NO,M_N,2023,53864.1
NO,M_N,2024,54979.9
NO,M_N,2025,56885.5
PL,M_N,2020,73242.0
PL,M_N,2021,81500.0
PL,M_N,2022,92235.8
PL,M_N,2023,109354.5
PL,M_N,2024,120356.0
PT,M_N,2020,25590.1
PT,M_N,2021,29184.9
PT,M_N,2022,35460.6
PT,M_N,2023,40040.1
PT,M_N,2024,44239.8
PT,M_N,2025,46497.4
RO,M_N,2020,29056.6
RO,M_N,2021,30878.4
RO,M_N,2022,41345.7
RO,M_N,2023,47893.6
RO,M_N,2024,52915.5
RS,M_N,2020,6384.4
RS,M_N,2021,7329.0
RS,M_N,2022,8403.7
RS,M_N,2023,10507.0
RS,M_N,2024,11900.4
SE,M_N,2020,86730.0
SE,M_N,2021,95815.7
SE,M_N,2022,107579.2
SE,M_N,2023,110762.2
SI,M_N,2020,7175.7
SI,M_N,2021,8197.8
SI,M_N,2022,9606.5
SI,M_N,2023,10718.5
SI,M_N,2024,11302.5
SI,M_N,2025,11948.3
SK,M_N,2020,15329.1
SK,M_N,2021,16551.1
SK,M_N,2022,19490.7
SK,M_N,2023,21569.5
SK,M_N,2024,22235.0
TR,M_N,2023,93209.2
UA,M_N,2020,12994.8
UA,M_N,2021,14056.2
UA,M_N,2022,9179.7
UA,M_N,2023,10225.1
UA,M_N,2024,10970.5
AL,N,2020,577.9
AL,N,2021,736.2
AL,N,2022,1029.8
AL,N,2023,1334.0
AL,N,2024,1553.7
AL,N,2025,1676.6
AT,N,2020,21343.8
AT,N,2021,23818.2
AT,N,2022,27747.5
AT,N,2023,30122.6
AT,N,2024,31183.4
AT,N,2025,31762.5
BA,N,2020,287.8
BA,N,2021,348.3
BA,N,2022,454.1
BA,N,2023,546.2
BE,N,2020,41509.9
BE,N,2021,45481.1
BE,N,2022,50817.1
BE,N,2023,54870.9
BE,N,2024,58470.1
BG,N,2020,2884.7
BG,N,2021,3032.8
BG,N,2022,3848.8
BG,N,2023,4476.0
BG,N,2024,5173.4
CH,N,2020,34230.3
CH,N,2021,39579.4
CH,N,2022,54802.2
CH,N,2023,62834.0
CH,N,2024,71126.3
CY,N,2020,722.4
CY,N,2021,930.0
CY,N,2022,1154.7
CY,N,2023,1310.5
CY,N,2024,1381.8
CZ,N,2020,8638.6
CZ,N,2021,10449.5
CZ,N,2022,13551.6
CZ,N,2023,15489.2
CZ,N,2024,16192.9
CZ,N,2025,17123.6
DE,N,2020,243267.0
DE,N,2021,272821.0
DE,N,2022,336510.0
DE,N,2023,371657.0
DE,N,2024,373027.0
DE,N,2025,389373.0
DK,N,2020,16072.9
DK,N,2021,17978.7
DK,N,2022,20719.8
DK,N,2023,20954.2
DK,N,2024,21214.3
DK,N,2025,22478.8
EA12,N,2020,830198.0
EA12,N,2021,927517.8
EA12,N,2022,1106364.5
EA12,N,2023,1204982.7
EA12,N,2024,1264328.9
EA19,N,2020,845003.7
EA19,N,2021,945391.3
EA19,N,2022,1129174.9
EA19,N,2023,1230751.7
EA19,N,2024,1291933.7
EA20,N,2020,846664.4
EA20,N,2021,947584.3
EA20,N,2022,1132050.7
EA20,N,2023,1234373.6
EA20,N,2024,1296083.0
EA21,N,2020,849549.1
EA21,N,2021,950617.1
EA21,N,2022,1135899.6
EA21,N,2023,1238849.7
EA21,N,2024,1301256.5
EE,N,2020,1548.0
EE,N,2021,1722.8
EE,N,2022,2182.8
EE,N,2023,2574.7
EE,N,2024,2638.5
EE,N,2025,2742.8
EL,N,2020,3891.1
EL,N,2021,5427.5
EL,N,2022,8016.3
EL,N,2023,9183.5
EL,N,2024,10220.0
ES,N,2020,63519.0
ES,N,2021,70772.0
ES,N,2022,86980.0
ES,N,2023,95353.0
ES,N,2024,102218.0
EU27_2020,N,2020,939523.3
EU27_2020,N,2021,1052703.9
EU27_2020,N,2022,1257044.9
EU27_2020,N,2023,1375660.4
EU27_2020,N,2024,1447733.2
FI,N,2020,13081.0
FI,N,2021,13695.0
FI,N,2022,15126.0
FI,N,2023,16144.0
FI,N,2024,15917.0
FI,N,2025,15675.0
FR,N,2020,212062.8
FR,N,2021,233189.0
FR,N,2022,269443.3
FR,N,2023,284901.7
FR,N,2024,304384.2
FR,N,2025,314325.7
HR,N,2020,1660.6
HR,N,2021,2193.0
HR,N,2022,2875.8
HR,N,2023,3621.9
HR,N,2024,4149.3
HU,N,2020,6486.2
HU,N,2021,7926.6
HU,N,2022,9501.9
HU,N,2023,11178.7
HU,N,2024,11670.8
IE,N,2020,30411.4
IE,N,2021,34262.5
IE,N,2022,40358.7
IE,N,2023,41715.6
IE,N,2024,43554.5
IS,N,2020,1004.4
IS,N,2021,1270.1
IS,N,2022,2457.2
IS,N,2023,2636.3
IS,N,2024,2585.2
IS,N,2025,2744.5
IT,N,2020,104305.0
IT,N,2021,115218.0
IT,N,2022,133002.5
IT,N,2023,143738.9
IT,N,2024,148949.3
LI,N,2020,226.2
LI,N,2021,244.5
LI,N,2022,289.8
LT,N,2020,2356.7
LT,N,2021,3599.3
LT,N,2022,4330.2
LT,N,2023,4883.1
LT,N,2024,5315.2
LU,N,2020,4558.5
LU,N,2021,5089.4
LU,N,2022,5381.4
LU,N,2023,5933.3
LU,N,2024,6165.3
LV,N,2020,1344.2
LV,N,2021,1560.6
LV,N,2022,2110.0
LV,N,2023,2310.8
LV,N,2024,2609.0
ME,N,2020,127.3
ME,N,2021,167.4
ME,N,2022,224.9
ME,N,2023,291.0
ME,N,2024,335.9
MK,N,2020,223.3
MK,N,2021,288.3
MT,N,2020,1513.0
MT,N,2021,1917.3
MT,N,2022,2541.9
MT,N,2023,3058.0
MT,N,2024,3299.9
MT,N,2025,3446.3
NL,N,2020,82062.0
NL,N,2021,95960.0
NL,N,2022,115451.0
NL,N,2023,124636.0
NL,N,2024,131063.0
NL,N,2025,136939.0
NO,N,2020,16084.0
NO,N,2021,17225.9
NO,N,2022,21244.0
NO,N,2023,20161.6
NO,N,2024,20231.1
NO,N,2025,20639.8
PL,N,2020,25332.2
PL,N,2021,28677.6
PL,N,2022,32991.4
PL,N,2023,40641.8
PL,N,2024,45543.5
PT,N,2020,10186.6
PT,N,2021,11784.1
PT,N,2022,14959.7
PT,N,2023,16659.8
PT,N,2024,18435.7
PT,N,2025,19421.1
RO,N,2020,8788.5
RO,N,2021,9903.6
RO,N,2022,12346.9
RO,N,2023,14580.5
RO,N,2024,15803.5
RS,N,2020,1818.3
RS,N,2021,2074.5
RS,N,2022,2405.6
RS,N,2023,3043.7
RS,N,2024,3359.3
SE,N,2020,24655.9
SE,N,2021,27150.8
SE,N,2022,32024.5
SE,N,2023,33608.5
SI,N,2020,1593.2
SI,N,2021,1902.6
SI,N,2022,2489.8
SI,N,2023,2863.2
SI,N,2024,2965.8
SI,N,2025,3116.0
SK,N,2020,5728.2
SK,N,2021,6240.7
SK,N,2022,7885.9
SK,N,2023,8772.9
SK,N,2024,9442.1
TR,N,2023,51292.7
UA,N,2020,3849.8
UA,N,2021,4153.8
UA,N,2022,3282.9
UA,N,2023,3307.0
UA,N,2024,3503.9
AT,N77,2020,6584.8
AT,N77,2021,7030.8
AT,N77,2022,7734.9
AT,N77,2023,8612.6
AT,N77,2024,8836.2
AT,N77,2025,9043.8
BA,N77,2020,32.7
BA,N77,2021,44.9
BA,N77,2022,61.0
BA,N77,2023,73.7
BE,N77,2020,13741.2
BE,N77,2021,14123.1
BE,N77,2022,14538.7
BE,N77,2023,16005.7
BG,N77,2020,412.8
BG,N77,2021,472.3
BG,N77,2022,531.2
BG,N77,2023,607.2
BG,N77,2024,721.7
CH,N77,2020,6746.0
CH,N77,2021,9334.1
CH,N77,2022,12801.0
CH,N77,2023,13612.2
CH,N77,2024,16191.6
CY,N77,2020,194.5
CY,N77,2021,253.9
CY,N77,2022,290.6
CY,N77,2023,317.5
CZ,N77,2020,1772.1
CZ,N77,2021,2039.4
CZ,N77,2022,2483.4
CZ,N77,2023,2842.3
CZ,N77,2024,3029.3
CZ,N77,2025,3249.0
DE,N77,2020,70492.0
DE,N77,2021,74500.0
DE,N77,2022,93659.0
DE,N77,2023,101158.0
DE,N77,2024,97578.0
DK,N77,2020,4421.8
DK,N77,2021,4975.3
DK,N77,2022,5810.9
DK,N77,2023,5806.8
DK,N77,2024,6230.8
DK,N77,2025,6862.0
EA12,N77,2020,239818.4
EA12,N77,2021,262883.2
EA12,N77,2022,311717.2
EA12,N77,2023,337238.7
EA19,N77,2020,243058.7
EA19,N77,2021,266680.4
EA19,N77,2022,316695.2
EA19,N77,2023,342834.6
EA20,N77,2020,243597.5
EA20,N77,2021,267352.4
EA20,N77,2022,317534.2
EA20,N77,2023,343941.9
EA21,N77,2020,244010.3
EA21,N77,2021,267824.7
EA21,N77,2022,318065.4
EA21,N77,2023,344549.2
EE,N77,2020,453.9
EE,N77,2021,439.3
EE,N77,2022,546.9
EE,N77,2023,713.1
EE,N77,2024,719.1
EE,N77,2025,724.3
EL,N77,2020,817.4
EL,N77,2021,1260.0
EL,N77,2022,1797.3
EL,N77,2023,1950.5
EL,N77,2024,2194.3
ES,N77,2020,12382.0
ES,N77,2021,14687.0
ES,N77,2022,17441.0
ES,N77,2023,20241.0
EU27_2020,N77,2020,263248.5
EU27_2020,N77,2021,288840.9
EU27_2020,N77,2022,342150.8
EU27_2020,N77,2023,371345.8
FI,N77,2020,2487.0
FI,N77,2021,2569.0
FI,N77,2022,2847.0
FI,N77,2023,3363.0
FI,N77,2024,3139.0
FI,N77,2025,3112.0
FR,N77,2020,71651.5
FR,N77,2021,78573.6
FR,N77,2022,91463.5
FR,N77,2023,96461.3
FR,N77,2024,105906.8
HR,N77,2020,538.8
HR,N77,2021,672.0
HR,N77,2022,838.9
HR,N77,2023,1107.3
HR,N77,2024,1274.1
HU,N77,2020,1161.4
HU,N77,2021,1352.8
HU,N77,2022,1468.2
HU,N77,2023,1799.2
HU,N77,2024,1707.5
IE,N77,2020,20035.7
IE,N77,2021,21006.0
IE,N77,2022,23502.9
IE,N77,2023,24154.0
IE,N77,2024,25081.9
IS,N77,2020,488.6
IS,N77,2021,497.5
IS,N77,2022,1015.6
IS,N77,2023,994.2
IS,N77,2024,856.7
IS,N77,2025,913.1
IT,N77,2020,16712.8
IT,N77,2021,19098.2
IT,N77,2022,22902.1
IT,N77,2023,25382.6
LT,N77,2020,767.7
LT,N77,2021,967.3
LT,N77,2022,1173.6
LT,N77,2023,1178.6
LT,N77,2024,1257.0
LU,N77,2020,2623.7
LU,N77,2021,2917.4
LU,N77,2022,3063.7
LU,N77,2023,3267.9
LU,N77,2024,3482.8
LV,N77,2020,367.6
LV,N77,2021,422.2
LV,N77,2022,622.9
LV,N77,2023,666.6
MK,N77,2020,20.5
MK,N77,2021,36.3
MT,N77,2020,596.0
MT,N77,2021,813.8
MT,N77,2022,1118.3
MT,N77,2023,1514.4
MT,N77,2024,1690.6
MT,N77,2025,1715.6
NL,N77,2020,20766.0
NL,N77,2021,25371.0
NL,N77,2022,27839.0
NL,N77,2023,27692.0
NL,N77,2024,28631.0
NL,N77,2025,28244.0
NO,N77,2020,4967.3
NO,N77,2021,5176.1
NO,N77,2022,6482.7
NO,N77,2023,6354.3
PL,N77,2020,5459.1
PL,N77,2021,5511.0
PL,N77,2022,6297.8
PL,N77,2023,7094.7
PT,N77,2020,1806.5
PT,N77,2021,2068.3
PT,N77,2022,2847.3
PT,N77,2023,3121.4
PT,N77,2024,3501.7
RO,N77,2020,1199.1
RO,N77,2021,1327.1
RO,N77,2022,1668.2
RO,N77,2023,1968.3
RO,N77,2024,2118.3
RS,N77,2020,241.8
RS,N77,2021,273.8
RS,N77,2022,319.0
RS,N77,2023,400.9
RS,N77,2024,453.0
SE,N77,2020,5224.7
SE,N77,2021,5810.5
SE,N77,2022,6355.5
SE,N77,2023,7426.6
SI,N77,2020,111.4
SI,N77,2021,143.4
SI,N77,2022,181.5
SI,N77,2023,224.9
SI,N77,2024,238.9
SI,N77,2025,264.9
SK,N77,2020,749.2
SK,N77,2021,757.3
SK,N77,2022,931.0
SK,N77,2023,997.0
SK,N77,2024,1110.5
TR,N77,2023,7212.4
AT,N78,2020,4486.2
AT,N78,2021,5270.4
AT,N78,2022,5942.4
AT,N78,2023,5991.9
AT,N78,2024,5784.6
AT,N78,2025,5675.6
BA,N78,2020,56.1
BA,N78,2021,64.9
BA,N78,2022,80.8
BA,N78,2023,91.1
BE,N78,2020,8746.9
BE,N78,2021,10229.8
BE,N78,2022,11221.7
BE,N78,2023,11367.3
BG,N78,2020,164.2
BG,N78,2021,196.7
BG,N78,2022,239.9
BG,N78,2023,286.5
BG,N78,2024,308.2
CH,N78,2020,8472.7
CH,N78,2021,9822.0
CH,N78,2022,11474.3
CH,N78,2023,12307.9
CH,N78,2024,13021.4
CY,N78,2020,116.6
CY,N78,2021,141.5
CY,N78,2022,192.4
CY,N78,2023,205.4
CZ,N78,2020,764.9
CZ,N78,2021,921.5
CZ,N78,2022,1092.0
CZ,N78,2023,1173.2
CZ,N78,2024,1191.9
CZ,N78,2025,1211.4
DE,N78,2020,32779.0
DE,N78,2021,38018.0
DE,N78,2022,43705.0
DE,N78,2023,46171.0
DE,N78,2024,44174.0
DK,N78,2020,3624.3
DK,N78,2021,4344.8
DK,N78,2022,4549.4
DK,N78,2023,4490.9
DK,N78,2024,4362.7
DK,N78,2025,4579.6
EA12,N78,2020,144766.9
EA12,N78,2021,169539.3
EA12,N78,2022,191436.9
EA12,N78,2023,199522.6
EA19,N78,2020,147007.1
EA19,N78,2021,172181.7
EA19,N78,2022,194617.1
EA19,N78,2023,203130.3
EA20,N78,2020,147242.9
EA20,N78,2021,172452.6
EA20,N78,2022,194951.2
EA20,N78,2023,203590.0
EA21,N78,2020,147407.1
EA21,N78,2021,172649.4
EA21,N78,2022,195191.1
EA21,N78,2023,203876.5
EE,N78,2020,298.6
EE,N78,2021,378.7
EE,N78,2022,462.4
EE,N78,2023,478.1
EE,N78,2024,482.0
EE,N78,2025,477.9
EL,N78,2020,372.8
EL,N78,2021,342.4
EL,N78,2022,490.1
EL,N78,2023,489.7
EL,N78,2024,524.0
ES,N78,2020,6472.0
ES,N78,2021,7841.0
ES,N78,2022,8477.0
ES,N78,2023,8510.0
EU27_2020,N78,2020,164447.6
EU27_2020,N78,2021,193305.6
EU27_2020,N78,2022,218564.0
EU27_2020,N78,2023,229681.5
FI,N78,2020,3306.0
FI,N78,2021,3622.0
FI,N78,2022,4139.0
FI,N78,2023,4120.0
FI,N78,2024,3911.0
FI,N78,2025,3444.0
FR,N78,2020,37934.2
FR,N78,2021,44538.1
FR,N78,2022,48806.9
FR,N78,2023,50436.3
FR,N78,2024,50820.6
HR,N78,2020,235.8
HR,N78,2021,270.9
HR,N78,2022,334.1
HR,N78,2023,459.7
HR,N78,2024,559.5
HU,N78,2020,1137.2
HU,N78,2021,1354.9
HU,N78,2022,1554.2
HU,N78,2023,2005.2
HU,N78,2024,1810.8
IE,N78,2020,2336.5
IE,N78,2021,3892.1
IE,N78,2022,5581.7
IE,N78,2023,5529.3
IE,N78,2024,5714.9
IS,N78,2020,27.4
IS,N78,2021,28.5
IS,N78,2022,49.7
IS,N78,2023,62.8
IS,N78,2024,66.9
IS,N78,2025,65.8
IT,N78,2020,12486.1
IT,N78,2021,15799.0
IT,N78,2022,17301.6
IT,N78,2023,17576.7
LT,N78,2020,424.9
LT,N78,2021,508.3
LT,N78,2022,652.5
LT,N78,2023,768.1
LT,N78,2024,849.5
LV,N78,2020,138.0
LV,N78,2021,158.6
LV,N78,2022,224.4
LV,N78,2023,254.2
MK,N78,2020,37.9
MK,N78,2021,37.4
MT,N78,2020,238.2
MT,N78,2021,275.1
MT,N78,2022,342.3
MT,N78,2023,429.2
MT,N78,2024,454.6
MT,N78,2025,458.0
NL,N78,2020,33596.0
NL,N78,2021,37370.0
NL,N78,2022,42810.0
NL,N78,2023,45130.0
NL,N78,2024,46626.0
NL,N78,2025,49107.0
NO,N78,2020,3979.7
NO,N78,2021,4593.9
NO,N78,2022,5402.8
NO,N78,2023,4713.1
PL,N78,2020,4570.1
PL,N78,2021,5385.7
PL,N78,2022,5862.4
PL,N78,2023,8132.1
PT,N78,2020,1531.4
PT,N78,2021,1782.8
PT,N78,2022,2151.0
PT,N78,2023,2374.7
PT,N78,2024,2497.0
RO,N78,2020,868.1
RO,N78,2021,1005.3
RO,N78,2022,1248.6
RO,N78,2023,1422.2
RO,N78,2024,1479.8
RS,N78,2020,237.0
RS,N78,2021,275.3
RS,N78,2022,309.5
RS,N78,2023,362.5
RS,N78,2024,395.8
SE,N78,2020,6075.8
SE,N78,2021,7643.9
SE,N78,2022,9065.0
SE,N78,2023,8519.9
SI,N78,2020,636.4
SI,N78,2021,732.6
SI,N78,2022,837.6
SI,N78,2023,906.9
SI,N78,2024,895.5
SI,N78,2025,900.1
SK,N78,2020,387.5
SK,N78,2021,447.6
SK,N78,2022,468.6
SK,N78,2023,563.5
SK,N78,2024,659.5
TR,N78,2023,9677.1
AT,N79,2020,844.7
AT,N79,2021,1185.3
AT,N79,2022,2387.3
AT,N79,2023,3060.6
AT,N79,2024,3174.2
AT,N79,2025,3250.5
BA,N79,2020,22.0
BA,N79,2021,32.6
BA,N79,2022,59.5
BA,N79,2023,76.7
BE,N79,2020,1117.7
BE,N79,2021,1462.5
BE,N79,2022,2395.9
BE,N79,2023,3468.5
BG,N79,2020,165.9
BG,N79,2021,427.5
BG,N79,2022,800.1
BG,N79,2023,1128.6
BG,N79,2024,1270.3
CH,N79,2020,4815.3
CH,N79,2021,5293.1
CH,N79,2022,12843.4
CH,N79,2023,18007.6
CH,N79,2024,21585.4
CY,N79,2020,52.8
CY,N79,2021,76.3
CY,N79,2022,117.6
CY,N79,2023,136.4
CZ,N79,2020,1124.1
CZ,N79,2021,1782.1
CZ,N79,2022,3031.5
CZ,N79,2023,3550.0
CZ,N79,2024,3727.3
CZ,N79,2025,3916.6
DE,N79,2020,12734.0
DE,N79,2021,12143.0
DE,N79,2022,30061.0
DE,N79,2023,34500.0
DE,N79,2024,35386.0
DK,N79,2020,745.4
DK,N79,2021,905.9
DK,N79,2022,1766.9
DK,N79,2023,2013.2
DK,N79,2024,2167.6
DK,N79,2025,2166.8
EA12,N79,2020,35529.1
EA12,N79,2021,40394.6
EA12,N79,2022,89388.2
EA12,N79,2023,111220.9
EA19,N79,2020,36307.9
EA19,N79,2021,41687.2
EA19,N79,2022,92137.5
EA19,N79,2023,114702.1
EA20,N79,2020,36522.3
EA20,N79,2021,42086.2
EA20,N79,2022,92867.4
EA20,N79,2023,115634.0
EA21,N79,2020,36688.2
EA21,N79,2021,42513.7
EA21,N79,2022,93667.6
EA21,N79,2023,116762.6
EE,N79,2020,57.8
EE,N79,2021,101.3
EE,N79,2022,173.0
EE,N79,2023,210.9
EE,N79,2024,238.1
EE,N79,2025,275.6
EL,N79,2020,699.0
EL,N79,2021,1412.4
EL,N79,2022,2785.4
EL,N79,2023,3460.7
EL,N79,2024,3855.1
ES,N79,2020,4461.0
ES,N79,2021,5145.0
ES,N79,2022,11107.0
ES,N79,2023,14072.0
EU27_2020,N79,2020,42734.3
EU27_2020,N79,2021,50625.3
EU27_2020,N79,2022,109057.9
EU27_2020,N79,2023,136548.5
FI,N79,2020,353.0
FI,N79,2021,222.0
FI,N79,2022,557.0
FI,N79,2023,776.0
FI,N79,2024,821.0
FI,N79,2025,850.0
FR,N79,2020,2622.5
FR,N79,2021,2413.4
FR,N79,2022,7223.5
FR,N79,2023,9452.5
FR,N79,2024,9823.8
HR,N79,2020,214.4
HR,N79,2021,399.0
HR,N79,2022,730.0
HR,N79,2023,931.9
HR,N79,2024,1044.4
HU,N79,2020,150.0
HU,N79,2021,209.7
HU,N79,2022,433.9
HU,N79,2023,687.2
HU,N79,2024,730.2
IE,N79,2020,563.9
IE,N79,2021,466.0
IE,N79,2022,791.4
IE,N79,2023,804.3
IE,N79,2024,856.2
IS,N79,2020,168.7
IS,N79,2021,371.0
IS,N79,2022,918.8
IS,N79,2023,1062.2
IS,N79,2024,1102.8
IS,N79,2025,1171.5
IT,N79,2020,5197.2
IT,N79,2021,5754.2
IT,N79,2022,12336.3
IT,N79,2023,17445.8
LT,N79,2020,88.0
LT,N79,2021,197.7
LT,N79,2022,395.2
LT,N79,2023,541.9
LT,N79,2024,603.6
LV,N79,2020,179.4
LV,N79,2021,302.0
LV,N79,2022,502.8
LV,N79,2023,596.3
MK,N79,2020,22.4
MK,N79,2021,49.4
MT,N79,2020,90.0
MT,N79,2021,89.3
MT,N79,2022,238.8
MT,N79,2023,276.1
MT,N79,2024,292.9
MT,N79,2025,367.9
NL,N79,2020,6365.0
NL,N79,2021,9485.0
NL,N79,2022,18093.0
NL,N79,2023,22284.0
NL,N79,2024,24164.0
NL,N79,2025,26307.0
NO,N79,2020,664.8
NO,N79,2021,494.7
NO,N79,2022,1755.3
NO,N79,2023,2114.7
PL,N79,2020,1460.3
PL,N79,2021,3103.5
PL,N79,2022,4980.9
PL,N79,2023,6607.9
PT,N79,2020,386.6
PT,N79,2021,483.6
PT,N79,2022,1188.0
PT,N79,2023,1517.6
PT,N79,2024,1601.1
RO,N79,2020,514.6
RO,N79,2021,836.8
RO,N79,2022,1455.9
RO,N79,2023,1789.4
RO,N79,2024,1875.1
RS,N79,2020,90.8
RS,N79,2021,143.2
RS,N79,2022,225.4
RS,N79,2023,272.4
RS,N79,2024,312.2
SE,N79,2020,2051.7
SE,N79,2021,1273.7
SE,N79,2022,3720.7
SE,N79,2023,5107.7
SI,N79,2020,123.2
SI,N79,2021,210.9
SI,N79,2022,492.6
SI,N79,2023,638.8
SI,N79,2024,697.6
SI,N79,2025,734.6
SK,N79,2020,187.5
SK,N79,2021,315.1
SK,N79,2022,829.2
SK,N79,2023,1080.6
SK,N79,2024,1230.8
TR,N79,2023,14680.2
AT,N80-N82,2020,9428.0
AT,N80-N82,2021,10331.8
AT,N80-N82,2022,11682.9
AT,N80-N82,2023,12457.6
AT,N80-N82,2024,13388.5
AT,N80-N82,2025,13792.6
BA,N80-N82,2020,177.0
BA,N80-N82,2021,205.9
BA,N80-N82,2022,252.9
BA,N80-N82,2023,304.6
BE,N80-N82,2020,17904.1
BE,N80-N82,2021,19665.7
BE,N80-N82,2022,22660.8
BE,N80-N82,2023,24029.4
BG,N80-N82,2020,2141.8
BG,N80-N82,2021,1936.3
BG,N80-N82,2022,2277.6
BG,N80-N82,2023,2453.8
BG,N80-N82,2024,2873.2
CH,N80-N82,2020,14196.2
CH,N80-N82,2021,15130.2
CH,N80-N82,2022,17683.4
CH,N80-N82,2023,18906.3
CH,N80-N82,2024,20327.9
CY,N80-N82,2020,358.5
CY,N80-N82,2021,458.3
CY,N80-N82,2022,554.1
CY,N80-N82,2023,651.1
CZ,N80-N82,2020,4977.4
CZ,N80-N82,2021,5706.4
CZ,N80-N82,2022,6944.6
CZ,N80-N82,2023,7923.6
CZ,N80-N82,2024,8244.5
CZ,N80-N82,2025,8746.6
DE,N80-N82,2020,127262.0
DE,N80-N82,2021,148160.0
DE,N80-N82,2022,169085.0
DE,N80-N82,2023,189828.0
DE,N80-N82,2024,195889.0
DK,N80-N82,2020,7281.3
DK,N80-N82,2021,7752.7
DK,N80-N82,2022,8592.6
DK,N80-N82,2023,8643.4
DK,N80-N82,2024,8453.2
DK,N80-N82,2025,8870.6
EA12,N80-N82,2020,410083.6
EA12,N80-N82,2021,454700.8
EA12,N80-N82,2022,513822.2
EA12,N80-N82,2023,557000.5
EA19,N80-N82,2020,418630.1
EA19,N80-N82,2021,464841.9
EA19,N80-N82,2022,525725.0
EA19,N80-N82,2023,570084.7
EA20,N80-N82,2020,419301.7
EA20,N80-N82,2021,465693.1
EA20,N80-N82,2022,526697.9
EA20,N80-N82,2023,571207.7
EA21,N80-N82,2020,421443.6
EA21,N80-N82,2021,467629.4
EA21,N80-N82,2022,528975.5
EA21,N80-N82,2023,573661.5
EE,N80-N82,2020,737.7
EE,N80-N82,2021,803.5
EE,N80-N82,2022,1000.5
EE,N80-N82,2023,1172.6
EE,N80-N82,2024,1199.4
EE,N80-N82,2025,1265.0
EL,N80-N82,2020,2001.8
EL,N80-N82,2021,2412.6
EL,N80-N82,2022,2943.5
EL,N80-N82,2023,3282.7
EL,N80-N82,2024,3646.7
ES,N80-N82,2020,40204.0
ES,N80-N82,2021,43099.0
ES,N80-N82,2022,49955.0
ES,N80-N82,2023,52530.0
EU27_2020,N80-N82,2020,469092.9
EU27_2020,N80-N82,2021,519932.2
EU27_2020,N80-N82,2022,587272.2
EU27_2020,N80-N82,2023,638084.6
FI,N80-N82,2020,6935.0
FI,N80-N82,2021,7282.0
FI,N80-N82,2022,7583.0
FI,N80-N82,2023,7885.0
FI,N80-N82,2024,8046.0
FI,N80-N82,2025,8269.0
FR,N80-N82,2020,99854.6
FR,N80-N82,2021,107663.9
FR,N80-N82,2022,121949.4
FR,N80-N82,2023,128551.6
FR,N80-N82,2024,137833.0
HR,N80-N82,2020,671.7
HR,N80-N82,2021,851.2
HR,N80-N82,2022,972.9
HR,N80-N82,2023,1123.0
HR,N80-N82,2024,1271.2
HU,N80-N82,2020,4037.6
HU,N80-N82,2021,5009.2
HU,N80-N82,2022,6045.6
HU,N80-N82,2023,6687.0
HU,N80-N82,2024,7422.3
IE,N80-N82,2020,7475.3
IE,N80-N82,2021,8898.4
IE,N80-N82,2022,10482.7
IE,N80-N82,2023,11228.0
IE,N80-N82,2024,11901.5
IS,N80-N82,2020,319.6
IS,N80-N82,2021,373.0
IS,N80-N82,2022,473.1
IS,N80-N82,2023,517.1
IS,N80-N82,2024,558.8
IS,N80-N82,2025,594.1
IT,N80-N82,2020,69908.9
IT,N80-N82,2021,74566.6
IT,N80-N82,2022,80462.6
IT,N80-N82,2023,83333.7
LT,N80-N82,2020,1076.0
LT,N80-N82,2021,1926.0
LT,N80-N82,2022,2108.8
LT,N80-N82,2023,2394.4
LT,N80-N82,2024,2605.2
LU,N80-N82,2020,1471.0
LU,N80-N82,2021,1615.1
LU,N80-N82,2022,1721.2
LU,N80-N82,2023,2061.0
LU,N80-N82,2024,2050.0
LV,N80-N82,2020,659.2
LV,N80-N82,2021,677.9
LV,N80-N82,2022,759.8
LV,N80-N82,2023,793.7
MK,N80-N82,2020,142.5
MK,N80-N82,2021,165.2
MT,N80-N82,2020,588.9
MT,N80-N82,2021,739.0
MT,N80-N82,2022,842.5
MT,N80-N82,2023,838.3
MT,N80-N82,2024,861.9
MT,N80-N82,2025,904.7
NL,N80-N82,2020,21335.0
NL,N80-N82,2021,23734.0
NL,N80-N82,2022,26709.0
NL,N80-N82,2023,29530.0
NL,N80-N82,2024,31642.0
NL,N80-N82,2025,33281.0
NO,N80-N82,2020,6472.2
NO,N80-N82,2021,6961.2
NO,N80-N82,2022,7603.3
NO,N80-N82,2023,6979.5
PL,N80-N82,2020,13842.7
PL,N80-N82,2021,14677.3
PL,N80-N82,2022,15850.3
PL,N80-N82,2023,18807.1
PT,N80-N82,2020,6462.2
PT,N80-N82,2021,7449.4
PT,N80-N82,2022,8773.5
PT,N80-N82,2023,9646.2
PT,N80-N82,2024,10835.9
RO,N80-N82,2020,6206.7
RO,N80-N82,2021,6734.4
RO,N80-N82,2022,7974.2
RO,N80-N82,2023,9400.6
RO,N80-N82,2024,10330.4
RS,N80-N82,2020,1248.6
RS,N80-N82,2021,1382.2
RS,N80-N82,2022,1551.6
RS,N80-N82,2023,2007.9
RS,N80-N82,2024,2198.3
SE,N80-N82,2020,11303.6
SE,N80-N82,2021,12422.7
SE,N80-N82,2022,12883.4
SE,N80-N82,2023,12554.3
SI,N80-N82,2020,722.2
SI,N80-N82,2021,815.7
SI,N80-N82,2022,978.1
SI,N80-N82,2023,1092.6
SI,N80-N82,2024,1133.8
SI,N80-N82,2025,1216.3
SK,N80-N82,2020,4404.0
SK,N80-N82,2021,4720.7
SK,N80-N82,2022,5657.1
SK,N80-N82,2023,6131.8
SK,N80-N82,2024,6441.2
TR,N80-N82,2023,19723.0
AL,O,2020,1032.4
AL,O,2021,1095.9
AL,O,2022,1214.4
AL,O,2023,1527.9
AL,O,2024,1827.1
AL,O,2025,2048.1
AT,O,2020,28189.9
AT,O,2021,31375.9
AT,O,2022,32739.9
AT,O,2023,33681.6
AT,O,2024,35836.5
AT,O,2025,36649.8
BA,O,2020,1818.5
BA,O,2021,1864.9
BA,O,2022,2132.9
BA,O,2023,2331.0
BE,O,2020,43843.1
BE,O,2021,46347.2
BE,O,2022,51166.6
BE,O,2023,54488.2
BE,O,2024,57722.3
BG,O,2020,5318.6
BG,O,2021,5741.3
BG,O,2022,6852.9
BG,O,2023,7422.7
BG,O,2024,8219.5
CH,O,2020,69859.2
CH,O,2021,71372.1
CH,O,2022,79953.8
CH,O,2023,85909.5
CH,O,2024,90702.8
CY,O,2020,2347.9
CY,O,2021,2487.8
CY,O,2022,2809.8
CY,O,2023,3138.3
CY,O,2024,3450.8
CZ,O,2020,18103.8
CZ,O,2021,19142.9
CZ,O,2022,21576.2
CZ,O,2023,23877.5
CZ,O,2024,24254.1
CZ,O,2025,26417.2
DE,O,2020,320982.0
DE,O,2021,344501.0
DE,O,2022,364608.0
DE,O,2023,387896.0
DE,O,2024,409716.0
DE,O,2025,425401.0
DK,O,2020,22511.7
DK,O,2021,24208.9
DK,O,2022,24680.7
DK,O,2023,25464.5
DK,O,2024,27331.7
DK,O,2025,29767.7
EA12,O,2020,1035762.9
EA12,O,2021,1092550.4
EA12,O,2022,1160433.9
EA12,O,2023,1221222.4
EA12,O,2024,1281760.4
EA19,O,2020,1061989.8
EA19,O,2021,1120787.4
EA19,O,2022,1191409.2
EA19,O,2023,1255266.2
EA19,O,2024,1318718.6
EA20,O,2020,1067242.7
EA20,O,2021,1126525.3
EA20,O,2022,1197300.5
EA20,O,2023,1262067.2
EA20,O,2024,1326859.7
EA21,O,2020,1072561.3
EA21,O,2021,1132266.7
EA21,O,2022,1204153.5
EA21,O,2023,1269490.0
EA21,O,2024,1335079.3
EE,O,2020,2398.3
EE,O,2021,2575.4
EE,O,2022,2855.8
EE,O,2023,3246.0
EE,O,2024,3402.8
EE,O,2025,3659.3
EL,O,2020,20799.0
EL,O,2021,21483.2
EL,O,2022,22314.8
EL,O,2023,23411.2
EL,O,2024,24390.5
ES,O,2020,92282.0
ES,O,2021,97673.0
ES,O,2022,105451.0
ES,O,2023,112685.0
ES,O,2024,117446.0
EU27_2020,O,2020,1204923.7
EU27_2020,O,2021,1273349.9
EU27_2020,O,2022,1359229.6
EU27_2020,O,2023,1439672.1
EU27_2020,O,2024,1523496.3
FI,O,2020,19271.0
FI,O,2021,20646.0
FI,O,2022,22011.0
FI,O,2023,22431.0
FI,O,2024,23159.0
FI,O,2025,23929.0
FR,O,2020,231961.3
FR,O,2021,240875.0
FR,O,2022,255803.2
FR,O,2023,266731.9
FR,O,2024,277479.8
FR,O,2025,281778.1
HR,O,2020,5252.8
HR,O,2021,5737.9
HR,O,2022,5891.3
HR,O,2023,6801.1
HR,O,2024,8141.0
HU,O,2020,13592.1
HU,O,2021,14765.1
HU,O,2022,16947.7
HU,O,2023,19485.4
HU,O,2024,19955.8
IE,O,2020,15864.2
IE,O,2021,16955.8
IE,O,2022,18335.2
IE,O,2023,19901.4
IE,O,2024,21127.1
IS,O,2020,1617.1
IS,O,2021,1821.7
IS,O,2022,2112.8
IS,O,2023,2236.5
IS,O,2024,2434.5
IS,O,2025,2739.4
IT,O,2020,150195.0
IT,O,2021,154470.0
IT,O,2022,161397.0
IT,O,2023,164394.0
IT,O,2024,170998.0
LI,O,2020,545.4
LI,O,2021,562.7
LI,O,2022,618.9
LT,O,2020,3891.5
LT,O,2021,4124.0
LT,O,2022,4842.7
LT,O,2023,5371.4
LT,O,2024,6114.7
LU,O,2020,5250.5
LU,O,2021,5632.2
LU,O,2022,6229.1
LU,O,2023,6913.7
LU,O,2024,7462.7
LV,O,2020,3067.0
LV,O,2021,3203.1
LV,O,2022,3522.6
LV,O,2023,4258.4
LV,O,2024,4413.3
ME,O,2020,494.8
ME,O,2021,475.0
ME,O,2022,498.7
ME,O,2023,583.7
ME,O,2024,625.6
MK,O,2020,809.8
MK,O,2021,855.8
MT,O,2020,1303.4
MT,O,2021,1380.5
MT,O,2022,1538.1
MT,O,2023,1658.2
MT,O,2024,1845.0
MT,O,2025,2082.3
NL,O,2020,90526.0
NL,O,2021,95006.0
NL,O,2022,102435.0
NL,O,2023,112696.0
NL,O,2024,124805.0
NL,O,2025,131525.0
NO,O,2020,36294.2
NO,O,2021,40496.7
NO,O,2022,44242.2
NO,O,2023,42444.9
NO,O,2024,44345.8
NO,O,2025,47163.3
PL,O,2020,35332.9
PL,O,2021,36670.0
PL,O,2022,42793.8
PL,O,2023,49912.8
PL,O,2024,60780.6
PT,O,2020,16598.9
PT,O,2021,17585.2
PT,O,2022,18716.9
PT,O,2023,20422.2
PT,O,2024,21696.6
PT,O,2025,22983.3
RO,O,2020,15563.5
RO,O,2021,16276.3
RO,O,2022,17358.9
RO,O,2023,19743.3
RO,O,2024,23164.9
RS,O,2020,3956.3
RS,O,2021,4127.2
RS,O,2022,4620.5
RS,O,2023,5098.0
RS,O,2024,5594.2
SE,O,2020,27258.4
SE,O,2021,30020.0
SE,O,2022,31652.8
SE,O,2023,31699.5
SI,O,2020,3715.4
SI,O,2021,4200.5
SI,O,2022,4484.7
SI,O,2023,4992.9
SI,O,2024,5251.8
SI,O,2025,5563.6
SK,O,2020,9503.3
SK,O,2021,10268.4
SK,O,2022,10936.6
SK,O,2023,11389.9
SK,O,2024,12542.7
TR,O,2023,68439.7
UA,O,2020,12719.1
UA,O,2021,13414.7
UA,O,2022,45876.2
UA,O,2023,56555.5
UA,O,2024,52595.3
AL,O-Q,2020,2151.6
AL,O-Q,2021,2387.0
AL,O-Q,2022,2705.0
AL,O-Q,2023,3263.2
AL,O-Q,2024,3849.3
AL,O-Q,2025,4362.1
AT,O-Q,2020,92024.1
AT,O-Q,2021,100754.9
AT,O-Q,2022,105844.5
AT,O-Q,2023,112373.8
AT,O-Q,2024,122946.0
AT,O-Q,2025,128687.1
BA,O-Q,2020,3940.8
BA,O-Q,2021,4203.7
BA,O-Q,2022,4698.7
BA,O-Q,2023,5259.4
BE,O-Q,2020,133679.0
BE,O-Q,2021,143546.8
BE,O-Q,2022,156605.4
BE,O-Q,2023,170492.2
BE,O-Q,2024,179843.5
BG,O-Q,2020,12395.7
BG,O-Q,2021,13939.0
BG,O-Q,2022,16444.5
BG,O-Q,2023,18454.1
BG,O-Q,2024,21330.6
CH,O-Q,2020,178823.8
CH,O-Q,2021,185353.5
CH,O-Q,2022,207032.0
CH,O-Q,2023,223743.7
CH,O-Q,2024,238602.9
CY,O-Q,2020,5519.3
CY,O-Q,2021,5987.3
CY,O-Q,2022,6601.6
CY,O-Q,2023,7268.1
CY,O-Q,2024,7735.9
CZ,O-Q,2020,46955.1
CZ,O-Q,2021,52290.6
CZ,O-Q,2022,58400.6
CZ,O-Q,2023,64814.1
CZ,O-Q,2024,66537.9
CZ,O-Q,2025,71723.9
DE,O-Q,2020,942233.0
DE,O-Q,2021,997133.0
DE,O-Q,2022,1068817.0
DE,O-Q,2023,1115722.0
DE,O-Q,2024,1176145.0
DE,O-Q,2025,1249231.0
DK,O-Q,2020,84763.3
DK,O-Q,2021,90120.4
DK,O-Q,2022,92936.8
DK,O-Q,2023,94920.6
DK,O-Q,2024,100496.4
DK,O-Q,2025,106825.5
EA12,O-Q,2020,2938347.8
EA12,O-Q,2021,3140605.8
EA12,O-Q,2022,3332321.3
EA12,O-Q,2023,3510839.9
EA12,O-Q,2024,3694637.9
EA19,O-Q,2020,2999533.1
EA19,O-Q,2021,3208700.0
EA19,O-Q,2022,3406397.7
EA19,O-Q,2023,3592830.5
EA19,O-Q,2024,3784440.6
EA20,O-Q,2020,3011860.0
EA20,O-Q,2021,3222299.8
EA20,O-Q,2022,3420720.5
EA20,O-Q,2023,3609334.7
EA20,O-Q,2024,3803556.9
EA21,O-Q,2020,3024255.9
EA21,O-Q,2021,3236239.0
EA21,O-Q,2022,3437165.3
EA21,O-Q,2023,3627789.1
EA21,O-Q,2024,3824887.8
EE,O-Q,2020,5849.2
EE,O-Q,2021,6445.8
EE,O-Q,2022,7181.9
EE,O-Q,2023,8210.7
EE,O-Q,2024,8835.5
EE,O-Q,2025,9326.4
EL,O-Q,2020,41202.5
EL,O-Q,2021,43073.1
EL,O-Q,2022,44953.4
EL,O-Q,2023,46945.0
EL,O-Q,2024,48618.9
ES,O-Q,2020,276845.0
ES,O-Q,2021,295701.0
ES,O-Q,2022,313514.0
ES,O-Q,2023,336007.0
ES,O-Q,2024,354577.0
EU27_2020,O-Q,2020,3460269.2
EU27_2020,O-Q,2021,3711398.0
EU27_2020,O-Q,2022,3942255.5
EU27_2020,O-Q,2023,4177900.2
EU27_2020,O-Q,2024,4430744.7
FI,O-Q,2020,67459.0
FI,O-Q,2021,71698.0
FI,O-Q,2022,76045.0
FI,O-Q,2023,83206.0
FI,O-Q,2024,85968.0
FI,O-Q,2025,87260.0
FR,O-Q,2020,635818.5
FR,O-Q,2021,683228.2
FR,O-Q,2022,717429.2
FR,O-Q,2023,753059.8
FR,O-Q,2024,783785.5
FR,O-Q,2025,801888.2
HR,O-Q,2020,12326.9
HR,O-Q,2021,13599.8
HR,O-Q,2022,14322.8
HR,O-Q,2023,16504.2
HR,O-Q,2024,19116.3
HU,O-Q,2020,30059.5
HU,O-Q,2021,32941.7
HU,O-Q,2022,35755.9
HU,O-Q,2023,41218.2
HU,O-Q,2024,43647.6
IE,O-Q,2020,52964.4
IE,O-Q,2021,57879.6
IE,O-Q,2022,63221.0
IE,O-Q,2023,69380.7
IE,O-Q,2024,73331.3
IS,O-Q,2020,6454.6
IS,O-Q,2021,7212.6
IS,O-Q,2022,8370.5
IS,O-Q,2023,8860.5
IS,O-Q,2024,9564.9
IS,O-Q,2025,10629.5
IT,O-Q,2020,398054.0
IT,O-Q,2021,424435.7
IT,O-Q,2022,440975.3
IT,O-Q,2023,453283.4
IT,O-Q,2024,476864.4
LI,O-Q,2020,824.9
LI,O-Q,2021,848.9
LI,O-Q,2022,936.6
LT,O-Q,2020,9754.8
LT,O-Q,2021,10897.9
LT,O-Q,2022,12485.4
LT,O-Q,2023,13871.8
LT,O-Q,2024,16214.4
LU,O-Q,2020,13487.9
LU,O-Q,2021,14637.6
LU,O-Q,2022,15942.4
LU,O-Q,2023,17588.7
LU,O-Q,2024,18991.6
LV,O-Q,2020,6510.9
LV,O-Q,2021,7381.1
LV,O-Q,2022,7979.2
LV,O-Q,2023,9000.2
LV,O-Q,2024,9722.6
ME,O-Q,2020,1005.5
ME,O-Q,2021,1039.1
ME,O-Q,2022,1131.9
ME,O-Q,2023,1320.7
ME,O-Q,2024,1409.9
MK,O-Q,2020,1957.7
MK,O-Q,2021,2126.6
MT,O-Q,2020,3509.0
MT,O-Q,2021,3882.9
MT,O-Q,2022,4140.5
MT,O-Q,2023,4498.1
MT,O-Q,2024,5146.7
MT,O-Q,2025,5641.5
NL,O-Q,2020,235514.0
NL,O-Q,2021,255131.0
NL,O-Q,2022,273112.0
NL,O-Q,2023,297428.0
NL,O-Q,2024,324206.0
NL,O-Q,2025,341182.0
NO,O-Q,2020,103355.0
NO,O-Q,2021,116728.1
NO,O-Q,2022,126173.4
NO,O-Q,2023,120395.7
NO,O-Q,2024,124754.5
NO,O-Q,2025,129753.3
PL,O-Q,2020,101558.4
PL,O-Q,2021,113632.5
PL,O-Q,2022,126975.7
PL,O-Q,2023,150665.1
PL,O-Q,2024,182115.5
PT,O-Q,2020,49066.5
PT,O-Q,2021,53387.0
PT,O-Q,2022,57199.6
PT,O-Q,2023,61350.2
PT,O-Q,2024,66904.6
PT,O-Q,2025,71080.5
RO,O-Q,2020,44040.4
RO,O-Q,2021,45364.7
RO,O-Q,2022,49450.0
RO,O-Q,2023,56950.3
RO,O-Q,2024,66206.7
RS,O-Q,2020,9743.9
RS,O-Q,2021,10634.7
RS,O-Q,2022,11874.3
RS,O-Q,2023,13377.8
RS,O-Q,2024,14815.9
SE,O-Q,2020,128636.6
SE,O-Q,2021,140809.1
SE,O-Q,2022,141515.3
SE,O-Q,2023,141639.2
SI,O-Q,2020,10584.4
SI,O-Q,2021,12062.6
SI,O-Q,2022,12619.0
SI,O-Q,2023,13935.2
SI,O-Q,2024,14827.3
SI,O-Q,2025,16254.5
SK,O-Q,2020,19457.7
SK,O-Q,2021,21446.2
SK,O-Q,2022,23089.1
SK,O-Q,2023,25213.6
SK,O-Q,2024,27370.6
TR,O-Q,2023,152053.8
UA,O-Q,2020,28499.0
UA,O-Q,2021,31969.7
UA,O-Q,2022,63660.1
UA,O-Q,2023,73598.4
UA,O-Q,2024,70521.7
AL,O84,2020,1032.4
AL,O84,2021,1095.9
AL,O84,2022,1214.4
AL,O84,2023,1527.9
AL,O84,2024,1827.1
AL,O84,2025,2048.1
AT,O84,2020,28189.9
AT,O84,2021,31375.9
AT,O84,2022,32739.9
AT,O84,2023,33681.6
AT,O84,2024,35836.5
AT,O84,2025,36649.8
BE,O84,2020,43843.1
BE,O84,2021,46347.2
BE,O84,2022,51166.6
BE,O84,2023,54488.2
BE,O84,2024,57722.3
BG,O84,2020,5318.6
BG,O84,2021,5741.3
BG,O84,2022,6852.9
BG,O84,2023,7422.7
BG,O84,2024,8219.5
CH,O84,2020,69859.2
CH,O84,2021,71372.1
CH,O84,2022,79953.8
CH,O84,2023,85909.5
CH,O84,2024,90702.8
CY,O84,2020,2347.9
CY,O84,2021,2487.8
CY,O84,2022,2809.8
CY,O84,2023,3138.3
CY,O84,2024,3450.8
CZ,O84,2020,18103.8
CZ,O84,2021,19142.9
CZ,O84,2022,21576.2
CZ,O84,2023,23877.5
CZ,O84,2024,24254.1
CZ,O84,2025,26417.2
DE,O84,2020,320982.0
DE,O84,2021,344501.0
DE,O84,2022,364608.0
DE,O84,2023,387896.0
DE,O84,2024,409716.0
DE,O84,2025,425401.0
DK,O84,2020,22511.7
DK,O84,2021,24208.9
DK,O84,2022,24680.7
DK,O84,2023,25464.5
DK,O84,2024,27331.7
DK,O84,2025,29767.7
EA12,O84,2020,1035762.9
EA12,O84,2021,1092550.4
EA12,O84,2022,1160433.9
EA12,O84,2023,1221222.4
EA19,O84,2020,1061989.8
EA19,O84,2021,1120787.4
EA19,O84,2022,1191409.2
EA19,O84,2023,1255266.2
EA20,O84,2020,1067242.7
EA20,O84,2021,1126525.3
EA20,O84,2022,1197300.5
EA20,O84,2023,1262067.2
EA21,O84,2020,1072561.3
EA21,O84,2021,1132266.7
EA21,O84,2022,1204153.5
EA21,O84,2023,1269490.0
EE,O84,2020,2398.3
EE,O84,2021,2575.4
EE,O84,2022,2855.8
EE,O84,2023,3246.0
EE,O84,2024,3402.8
EE,O84,2025,3659.3
EL,O84,2020,20799.0
EL,O84,2021,21483.2
EL,O84,2022,22314.8
EL,O84,2023,23411.2
EL,O84,2024,24390.5
ES,O84,2020,92282.0
ES,O84,2021,97673.0
ES,O84,2022,105451.0
ES,O84,2023,112685.0
EU27_2020,O84,2020,1204923.7
EU27_2020,O84,2021,1273349.9
EU27_2020,O84,2022,1359229.6
EU27_2020,O84,2023,1439672.1
FI,O84,2020,19271.0
FI,O84,2021,20646.0
FI,O84,2022,22011.0
FI,O84,2023,22431.0
FI,O84,2024,23159.0
FI,O84,2025,23929.0
FR,O84,2020,231961.3
FR,O84,2021,240875.0
FR,O84,2022,255803.2
FR,O84,2023,266731.9
FR,O84,2024,277479.8
FR,O84,2025,281778.1
HR,O84,2020,5252.8
HR,O84,2021,5737.9
HR,O84,2022,5891.3
HR,O84,2023,6801.1
HR,O84,2024,8141.0
HU,O84,2020,13592.1
HU,O84,2021,14765.1
HU,O84,2022,16947.7
HU,O84,2023,19485.4
HU,O84,2024,19955.8
IE,O84,2020,15864.2
IE,O84,2021,16955.8
IE,O84,2022,18335.2
IE,O84,2023,19901.4
IE,O84,2024,21127.1
IS,O84,2020,1617.1
IS,O84,2021,1821.7
IS,O84,2022,2112.8
IS,O84,2023,2236.5
IS,O84,2024,2434.5
IS,O84,2025,2739.4
IT,O84,2020,150195.0
IT,O84,2021,154470.0
IT,O84,2022,161397.0
IT,O84,2023,164394.0
IT,O84,2024,170998.0
LT,O84,2020,3891.5
LT,O84,2021,4124.0
LT,O84,2022,4842.7
LT,O84,2023,5371.4
LT,O84,2024,6114.7
LU,O84,2020,5250.5
LU,O84,2021,5632.2
LU,O84,2022,6229.1
LU,O84,2023,6913.7
LU,O84,2024,7462.7
LV,O84,2020,3067.0
LV,O84,2021,3203.1
LV,O84,2022,3522.6
LV,O84,2023,4258.4
LV,O84,2024,4413.3
MT,O84,2020,1303.4
MT,O84,2021,1380.5
MT,O84,2022,1538.1
MT,O84,2023,1658.2
MT,O84,2024,1845.0
MT,O84,2025,2082.3
NL,O84,2020,90526.0
NL,O84,2021,95006.0
NL,O84,2022,102435.0
NL,O84,2023,112696.0
NL,O84,2024,124805.0
NL,O84,2025,131525.0
NO,O84,2020,36294.2
NO,O84,2021,40496.7
NO,O84,2022,44242.2
NO,O84,2023,42444.9
NO,O84,2024,44345.8
NO,O84,2025,47163.3
PL,O84,2020,35332.9
PL,O84,2021,36670.0
PL,O84,2022,42793.8
PL,O84,2023,49912.8
PT,O84,2020,16598.9
PT,O84,2021,17585.2
PT,O84,2022,18716.9
PT,O84,2023,20422.2
PT,O84,2024,21696.6
PT,O84,2025,22983.3
RO,O84,2020,15563.5
RO,O84,2021,16276.3
RO,O84,2022,17358.9
RO,O84,2023,19743.3
RO,O84,2024,23164.9
RS,O84,2020,3956.3
RS,O84,2021,4127.2
RS,O84,2022,4620.5
RS,O84,2023,5098.0
RS,O84,2024,5594.2
SE,O84,2020,27258.4
SE,O84,2021,30020.0
SE,O84,2022,31652.8
SE,O84,2023,31699.5
SI,O84,2020,3715.4
SI,O84,2021,4200.5
SI,O84,2022,4484.7
SI,O84,2023,4992.9
SI,O84,2024,5251.8
SI,O84,2025,5563.6
SK,O84,2020,9503.3
SK,O84,2021,10268.4
SK,O84,2022,10936.6
SK,O84,2023,11389.9
SK,O84,2024,12542.7
UA,O84,2020,12719.1
UA,O84,2021,13414.7
UA,O84,2022,45876.2
UA,O84,2023,56555.5
UA,O84,2024,52595.3
AL,P,2020,517.0
AL,P,2021,563.7
AL,P,2022,633.9
AL,P,2023,726.3
AL,P,2024,865.5
AL,P,2025,1000.5
AT,P,2020,23004.5
AT,P,2021,24239.2
AT,P,2022,25913.1
AT,P,2023,28464.7
AT,P,2024,31030.4
AT,P,2025,32591.4
BA,P,2020,885.4
BA,P,2021,933.1
BA,P,2022,1081.6
BA,P,2023,1227.7
BE,P,2020,35251.4
BE,P,2021,36880.2
BE,P,2022,40590.8
BE,P,2023,44300.6
BE,P,2024,46416.5
BG,P,2020,2828.0
BG,P,2021,3202.8
BG,P,2022,3726.1
BG,P,2023,4379.3
BG,P,2024,5032.5
CH,P,2020,38069.1
CH,P,2021,39207.1
CH,P,2022,43905.2
CH,P,2023,48185.8
CH,P,2024,51110.3
CY,P,2020,1720.2
CY,P,2021,1811.7
CY,P,2022,1922.0
CY,P,2023,2070.6
CY,P,2024,2161.5
CZ,P,2020,12005.5
CZ,P,2021,13439.3
CZ,P,2022,15380.4
CZ,P,2023,16883.9
CZ,P,2024,17026.5
CZ,P,2025,18238.0
DE,P,2020,201121.0
DE,P,2021,210670.0
DE,P,2022,230766.0
DE,P,2023,245680.0
DE,P,2024,255424.0
DE,P,2025,273941.0
DK,P,2020,21522.4
DK,P,2021,22091.4
DK,P,2022,22935.1
DK,P,2023,23598.4
DK,P,2024,24966.3
DK,P,2025,26245.9
EA12,P,2020,643216.4
EA12,P,2021,682005.3
EA12,P,2022,735104.5
EA12,P,2023,783023.3
EA12,P,2024,822213.9
EA19,P,2020,658945.1
EA19,P,2021,699102.9
EA19,P,2022,754050.5
EA19,P,2023,804397.5
EA19,P,2024,845595.5
EA20,P,2020,661922.8
EA20,P,2021,702239.9
EA20,P,2022,757407.7
EA20,P,2023,808336.8
EA20,P,2024,849789.3
EA21,P,2020,664750.9
EA21,P,2021,705442.8
EA21,P,2022,761133.9
EA21,P,2023,812716.1
EA21,P,2024,854821.9
EE,P,2020,1612.6
EE,P,2021,1747.1
EE,P,2022,2009.3
EE,P,2023,2351.2
EE,P,2024,2506.1
EE,P,2025,2608.9
EL,P,2020,9469.7
EL,P,2021,9362.0
EL,P,2022,10178.2
EL,P,2023,10430.7
EL,P,2024,10921.3
ES,P,2020,68054.0
ES,P,2021,72337.0
ES,P,2022,76599.0
ES,P,2023,82871.0
ES,P,2024,88746.0
EU27_2020,P,2020,778748.8
EU27_2020,P,2021,825017.0
EU27_2020,P,2022,889160.7
EU27_2020,P,2023,951764.2
EU27_2020,P,2024,1010334.6
FI,P,2020,15065.0
FI,P,2021,15728.0
FI,P,2022,16606.0
FI,P,2023,18333.0
FI,P,2024,18778.0
FI,P,2025,19057.0
FR,P,2020,136741.5
FR,P,2021,146236.6
FR,P,2022,156395.2
FR,P,2023,165756.4
FR,P,2024,173707.4
FR,P,2025,176706.8
HR,P,2020,2977.8
HR,P,2021,3137.0
HR,P,2022,3357.2
HR,P,2023,3939.3
HR,P,2024,4193.8
HU,P,2020,6729.0
HU,P,2021,7576.1
HU,P,2022,8390.1
HU,P,2023,9947.2
HU,P,2024,11429.2
IE,P,2020,11518.6
IE,P,2021,12170.4
IE,P,2022,13292.0
IE,P,2023,14372.7
IE,P,2024,15196.3
IS,P,2020,1882.3
IS,P,2021,2080.0
IS,P,2022,2341.4
IS,P,2023,2472.2
IS,P,2024,2607.8
IS,P,2025,2903.2
IT,P,2020,79457.8
IT,P,2021,87197.4
IT,P,2022,91285.3
IT,P,2023,94424.3
IT,P,2024,100511.9
LI,P,2020,53.3
LI,P,2021,46.4
LI,P,2022,53.1
LT,P,2020,2686.4
LT,P,2021,2973.1
LT,P,2022,3535.7
LT,P,2023,4045.6
LT,P,2024,4689.9
LU,P,2020,2940.8
LU,P,2021,3132.8
LU,P,2022,3406.7
LU,P,2023,3747.2
LU,P,2024,4021.3
LV,P,2020,1677.9
LV,P,2021,1803.1
LV,P,2022,1970.9
LV,P,2023,2194.5
LV,P,2024,2443.7
ME,P,2020,234.2
ME,P,2021,261.8
ME,P,2022,276.2
ME,P,2023,334.6
ME,P,2024,368.3
MK,P,2020,448.8
MK,P,2021,479.1
MT,P,2020,784.9
MT,P,2021,886.8
MT,P,2022,939.7
MT,P,2023,1048.3
MT,P,2024,1257.6
MT,P,2025,1285.1
NL,P,2020,48896.0
NL,P,2021,51922.0
NL,P,2022,57375.0
NL,P,2023,61910.0
NL,P,2024,65354.0
NL,P,2025,68294.0
NO,P,2020,20461.0
NO,P,2021,22888.1
NO,P,2022,24707.2
NO,P,2023,23392.7
NO,P,2024,24095.1
NO,P,2025,24759.1
PL,P,2020,28239.3
PL,P,2021,29643.0
PL,P,2022,32648.0
PL,P,2023,38044.3
PL,P,2024,48089.1
PT,P,2020,11696.1
PT,P,2021,12129.6
PT,P,2022,13084.5
PT,P,2023,13932.8
PT,P,2024,15024.8
PT,P,2025,15890.5
RO,P,2020,10307.5
RO,P,2021,8793.0
RO,P,2022,10327.7
RO,P,2023,12628.5
RO,P,2024,14934.3
RS,P,2020,2329.8
RS,P,2021,2597.0
RS,P,2022,2938.9
RS,P,2023,3347.7
RS,P,2024,3834.4
SE,P,2020,35194.2
SE,P,2021,38031.3
SE,P,2022,38338.3
SE,P,2023,37920.6
SI,P,2020,2873.7
SI,P,2021,3297.2
SI,P,2022,3474.9
SI,P,2023,3840.4
SI,P,2024,4108.9
SI,P,2025,4588.0
SK,P,2020,4372.8
SK,P,2021,4578.5
SK,P,2022,5095.6
SK,P,2023,5819.0
SK,P,2024,6141.2
TR,P,2023,39290.5
UA,P,2020,8444.2
UA,P,2021,10249.5
UA,P,2022,9047.8
UA,P,2023,7979.3
UA,P,2024,8210.3
AL,P85,2020,517.0
AL,P85,2021,563.7
AL,P85,2022,633.9
AL,P85,2023,726.3
AL,P85,2024,865.5
AL,P85,2025,1000.5
AT,P85,2020,23004.5
AT,P85,2021,24239.2
AT,P85,2022,25913.1
AT,P85,2023,28464.7
AT,P85,2024,31030.4
AT,P85,2025,32591.4
BE,P85,2020,35251.4
BE,P85,2021,36880.2
BE,P85,2022,40590.8
BE,P85,2023,44300.6
BE,P85,2024,46416.5
BG,P85,2020,2828.0
BG,P85,2021,3202.8
BG,P85,2022,3726.1
BG,P85,2023,4379.3
BG,P85,2024,5032.5
CH,P85,2020,38069.1
CH,P85,2021,39207.1
CH,P85,2022,43905.2
CH,P85,2023,48185.8
CH,P85,2024,51110.3
CY,P85,2020,1720.2
CY,P85,2021,1811.7
CY,P85,2022,1922.0
CY,P85,2023,2070.6
CY,P85,2024,2161.5
CZ,P85,2020,12005.5
CZ,P85,2021,13439.3
CZ,P85,2022,15380.4
CZ,P85,2023,16883.9
CZ,P85,2024,17026.5
CZ,P85,2025,18238.0
DE,P85,2020,201121.0
DE,P85,2021,210670.0
DE,P85,2022,230766.0
DE,P85,2023,245680.0
DE,P85,2024,255424.0
DE,P85,2025,273941.0
DK,P85,2020,21522.4
DK,P85,2021,22091.4
DK,P85,2022,22935.1
DK,P85,2023,23598.4
DK,P85,2024,24966.3
DK,P85,2025,26245.9
EA12,P85,2020,643216.4
EA12,P85,2021,682005.3
EA12,P85,2022,735104.5
EA12,P85,2023,783023.3
EA19,P85,2020,658945.1
EA19,P85,2021,699102.9
EA19,P85,2022,754050.5
EA19,P85,2023,804397.5
EA20,P85,2020,661922.8
EA20,P85,2021,702239.9
EA20,P85,2022,757407.7
EA20,P85,2023,808336.8
EA21,P85,2020,664750.9
EA21,P85,2021,705442.8
EA21,P85,2022,761133.9
EA21,P85,2023,812716.1
EE,P85,2020,1612.6
EE,P85,2021,1747.1
EE,P85,2022,2009.3
EE,P85,2023,2351.2
EE,P85,2024,2506.1
EE,P85,2025,2608.9
EL,P85,2020,9469.7
EL,P85,2021,9362.0
EL,P85,2022,10178.2
EL,P85,2023,10430.7
EL,P85,2024,10921.3
ES,P85,2020,68054.0
ES,P85,2021,72337.0
ES,P85,2022,76599.0
ES,P85,2023,82871.0
EU27_2020,P85,2020,778748.8
EU27_2020,P85,2021,825017.0
EU27_2020,P85,2022,889160.7
EU27_2020,P85,2023,951764.2
FI,P85,2020,15065.0
FI,P85,2021,15728.0
FI,P85,2022,16606.0
FI,P85,2023,18333.0
FI,P85,2024,18778.0
FI,P85,2025,19057.0
FR,P85,2020,136741.5
FR,P85,2021,146236.6
FR,P85,2022,156395.2
FR,P85,2023,165756.4
FR,P85,2024,173707.4
FR,P85,2025,176706.8
HR,P85,2020,2977.8
HR,P85,2021,3137.0
HR,P85,2022,3357.2
HR,P85,2023,3939.3
HR,P85,2024,4193.8
HU,P85,2020,6729.0
HU,P85,2021,7576.1
HU,P85,2022,8390.1
HU,P85,2023,9947.2
HU,P85,2024,11429.2
IE,P85,2020,11518.6
IE,P85,2021,12170.4
IE,P85,2022,13292.0
IE,P85,2023,14372.7
IE,P85,2024,15196.3
IS,P85,2020,1882.3
IS,P85,2021,2080.0
IS,P85,2022,2341.4
IS,P85,2023,2472.2
IS,P85,2024,2607.8
IS,P85,2025,2903.2
IT,P85,2020,79457.8
IT,P85,2021,87197.4
IT,P85,2022,91285.3
IT,P85,2023,94424.3
IT,P85,2024,100511.9
LT,P85,2020,2686.4
LT,P85,2021,2973.1
LT,P85,2022,3535.7
LT,P85,2023,4045.6
LT,P85,2024,4689.9
LU,P85,2020,2940.8
LU,P85,2021,3132.8
LU,P85,2022,3406.7
LU,P85,2023,3747.2
LU,P85,2024,4021.3
LV,P85,2020,1677.9
LV,P85,2021,1803.1
LV,P85,2022,1970.9
LV,P85,2023,2194.5
LV,P85,2024,2443.7
MT,P85,2020,784.9
MT,P85,2021,886.8
MT,P85,2022,939.7
MT,P85,2023,1048.3
MT,P85,2024,1257.6
MT,P85,2025,1285.1
NL,P85,2020,48896.0
NL,P85,2021,51922.0
NL,P85,2022,57375.0
NL,P85,2023,61910.0
NL,P85,2024,65354.0
NL,P85,2025,68294.0
NO,P85,2020,20461.0
NO,P85,2021,22888.1
NO,P85,2022,24707.2
NO,P85,2023,23392.7
NO,P85,2024,24095.1
NO,P85,2025,24759.1
PL,P85,2020,28239.3
PL,P85,2021,29643.0
PL,P85,2022,32648.0
PL,P85,2023,38044.3
PT,P85,2020,11696.1
PT,P85,2021,12129.6
PT,P85,2022,13084.5
PT,P85,2023,13932.8
PT,P85,2024,15024.8
PT,P85,2025,15890.5
RO,P85,2020,10307.5
RO,P85,2021,8793.0
RO,P85,2022,10327.7
RO,P85,2023,12628.5
RO,P85,2024,14934.3
RS,P85,2020,2329.8
RS,P85,2021,2597.0
RS,P85,2022,2938.9
RS,P85,2023,3347.7
RS,P85,2024,3834.4
SE,P85,2020,35194.2
SE,P85,2021,38031.3
SE,P85,2022,38338.3
SE,P85,2023,37920.6
SI,P85,2020,2873.7
SI,P85,2021,3297.2
SI,P85,2022,3474.9
SI,P85,2023,3840.4
SI,P85,2024,4108.9
SI,P85,2025,4588.0
SK,P85,2020,4372.8
SK,P85,2021,4578.5
SK,P85,2022,5095.6
SK,P85,2023,5819.0
SK,P85,2024,6141.2
UA,P85,2020,8444.2
UA,P85,2021,10249.5
UA,P85,2022,9047.8
UA,P85,2023,7979.3
UA,P85,2024,8210.3
AL,Q,2020,602.3
AL,Q,2021,727.5
AL,Q,2022,856.7
AL,Q,2023,1009.0
AL,Q,2024,1156.7
AL,Q,2025,1313.5
AT,Q,2020,40829.7
AT,Q,2021,45139.8
AT,Q,2022,47191.5
AT,Q,2023,50227.6
AT,Q,2024,56079.1
AT,Q,2025,59445.9
BA,Q,2020,1236.9
BA,Q,2021,1405.7
BA,Q,2022,1484.2
BA,Q,2023,1700.7
BE,Q,2020,54584.5
BE,Q,2021,60319.4
BE,Q,2022,64848.0
BE,Q,2023,71703.4
BE,Q,2024,75704.7
BG,Q,2020,4249.1
BG,Q,2021,4994.9
BG,Q,2022,5865.5
BG,Q,2023,6652.2
BG,Q,2024,8078.5
CH,Q,2020,70895.5
CH,Q,2021,74774.3
CH,Q,2022,83173.0
CH,Q,2023,89648.4
CH,Q,2024,96789.8
CY,Q,2020,1451.1
CY,Q,2021,1687.8
CY,Q,2022,1869.8
CY,Q,2023,2059.2
CY,Q,2024,2123.6
CZ,Q,2020,16845.7
CZ,Q,2021,19708.4
CZ,Q,2022,21444.0
CZ,Q,2023,24052.7
CZ,Q,2024,25257.3
CZ,Q,2025,27068.7
DE,Q,2020,420130.0
DE,Q,2021,441962.0
DE,Q,2022,473443.0
DE,Q,2023,482146.0
DE,Q,2024,511005.0
DE,Q,2025,549889.0
DK,Q,2020,40729.2
DK,Q,2021,43820.1
DK,Q,2022,45321.0
DK,Q,2023,45857.6
DK,Q,2024,48198.4
DK,Q,2025,50811.9
EA12,Q,2020,1259368.5
EA12,Q,2021,1366050.0
EA12,Q,2022,1436782.9
EA12,Q,2023,1506594.2
EA12,Q,2024,1590663.6
EA19,Q,2020,1278598.2
EA19,Q,2021,1388809.7
EA19,Q,2022,1460938.1
EA19,Q,2023,1533166.9
EA19,Q,2024,1620126.5
EA20,Q,2020,1282694.5
EA20,Q,2021,1393534.6
EA20,Q,2022,1466012.3
EA20,Q,2023,1538930.7
EA20,Q,2024,1626907.9
EA21,Q,2020,1286943.7
EA21,Q,2021,1398529.6
EA21,Q,2022,1471877.9
EA21,Q,2023,1545583.0
EA21,Q,2024,1634986.6
EE,Q,2020,1838.3
EE,Q,2021,2123.3
EE,Q,2022,2316.8
EE,Q,2023,2613.5
EE,Q,2024,2926.6
EE,Q,2025,3058.1
EL,Q,2020,10933.9
EL,Q,2021,12227.9
EL,Q,2022,12460.4
EL,Q,2023,13103.0
EL,Q,2024,13307.1
ES,Q,2020,116509.0
ES,Q,2021,125691.0
ES,Q,2022,131464.0
ES,Q,2023,140451.0
ES,Q,2024,148385.0
EU27_2020,Q,2020,1476596.7
EU27_2020,Q,2021,1613031.2
EU27_2020,Q,2022,1693865.2
EU27_2020,Q,2023,1786463.9
EU27_2020,Q,2024,1896913.8
FI,Q,2020,33123.0
FI,Q,2021,35324.0
FI,Q,2022,37428.0
FI,Q,2023,42442.0
FI,Q,2024,44031.0
FI,Q,2025,44274.0
FR,Q,2020,267115.7
FR,Q,2021,296116.6
FR,Q,2022,305230.8
FR,Q,2023,320571.5
FR,Q,2024,332598.3
FR,Q,2025,343403.3
HR,Q,2020,4096.3
HR,Q,2021,4724.9
HR,Q,2022,5074.2
HR,Q,2023,5763.8
HR,Q,2024,6781.4
HU,Q,2020,9738.4
HU,Q,2021,10600.4
HU,Q,2022,10418.1
HU,Q,2023,11785.6
HU,Q,2024,12262.6
IE,Q,2020,25581.6
IE,Q,2021,28753.4
IE,Q,2022,31593.9
IE,Q,2023,35106.5
IE,Q,2024,37008.0
IS,Q,2020,2955.2
IS,Q,2021,3310.9
IS,Q,2022,3916.3
IS,Q,2023,4151.8
IS,Q,2024,4522.6
IS,Q,2025,4986.9
IT,Q,2020,168401.2
IT,Q,2021,182768.2
IT,Q,2022,188293.0
IT,Q,2023,194465.1
IT,Q,2024,205354.5
LI,Q,2020,226.2
LI,Q,2021,239.8
LI,Q,2022,264.7
LT,Q,2020,3176.9
LT,Q,2021,3800.7
LT,Q,2022,4107.1
LT,Q,2023,4454.8
LT,Q,2024,5409.8
LU,Q,2020,5296.5
LU,Q,2021,5872.5
LU,Q,2022,6306.5
LU,Q,2023,6927.8
LU,Q,2024,7507.6
LV,Q,2020,1765.9
LV,Q,2021,2375.0
LV,Q,2022,2485.6
LV,Q,2023,2547.4
LV,Q,2024,2865.5
ME,Q,2020,276.5
ME,Q,2021,302.4
ME,Q,2022,356.9
ME,Q,2023,402.3
ME,Q,2024,416.0
MK,Q,2020,699.0
MK,Q,2021,791.7
MT,Q,2020,1420.7
MT,Q,2021,1615.6
MT,Q,2022,1662.6
MT,Q,2023,1791.6
MT,Q,2024,2044.1
MT,Q,2025,2274.1
NL,Q,2020,96092.0
NL,Q,2021,108203.0
NL,Q,2022,113302.0
NL,Q,2023,122822.0
NL,Q,2024,134047.0
NL,Q,2025,141363.0
NO,Q,2020,46599.9
NO,Q,2021,53343.3
NO,Q,2022,57224.0
NO,Q,2023,54558.2
NO,Q,2024,56313.6
NO,Q,2025,57830.8
PL,Q,2020,37986.3
PL,Q,2021,47319.5
PL,Q,2022,51533.9
PL,Q,2023,62708.1
PL,Q,2024,73245.9
PT,Q,2020,20771.4
PT,Q,2021,23672.2
PT,Q,2022,25398.3
PT,Q,2023,26995.2
PT,Q,2024,30183.3
PT,Q,2025,32206.7
RO,Q,2020,18169.4
RO,Q,2021,20295.3
RO,Q,2022,21763.4
RO,Q,2023,24578.5
RO,Q,2024,28107.4
RS,Q,2020,3457.7
RS,Q,2021,3910.5
RS,Q,2022,4314.9
RS,Q,2023,4932.1
RS,Q,2024,5387.3
SE,Q,2020,66184.0
SE,Q,2021,72757.8
SE,Q,2022,71524.1
SE,Q,2023,72019.1
SI,Q,2020,3995.3
SI,Q,2021,4564.9
SI,Q,2022,4659.3
SI,Q,2023,5101.9
SI,Q,2024,5466.6
SI,Q,2025,6103.0
SK,Q,2020,5581.5
SK,Q,2021,6599.4
SK,Q,2022,7056.9
SK,Q,2023,8004.7
SK,Q,2024,8686.7
TR,Q,2023,44323.6
UA,Q,2020,7335.6
UA,Q,2021,8305.6
UA,Q,2022,8736.1
UA,Q,2023,9063.7
UA,Q,2024,9716.1
AT,Q86,2020,30876.3
AT,Q86,2021,34575.7
AT,Q86,2022,35728.3
AT,Q86,2023,37959.9
AT,Q86,2024,42153.7
AT,Q86,2025,44660.5
BA,Q86,2020,1106.7
BA,Q86,2021,1265.1
BA,Q86,2022,1322.5
BA,Q86,2023,1510.5
BE,Q86,2020,40330.0
BE,Q86,2021,45395.0
BE,Q86,2022,48136.0
BE,Q86,2023,53440.1
BE,Q86,2024,56459.2
BG,Q86,2020,3700.6
BG,Q86,2021,4325.9
BG,Q86,2022,4959.1
BG,Q86,2023,5542.6
BG,Q86,2024,6657.0
CH,Q86,2020,48682.0
CH,Q86,2021,52302.3
CH,Q86,2022,57892.8
CH,Q86,2023,62138.2
CH,Q86,2024,67003.0
CY,Q86,2020,1314.2
CY,Q86,2021,1541.7
CY,Q86,2022,1709.7
CY,Q86,2023,1880.5
CZ,Q86,2020,14005.8
CZ,Q86,2021,16460.6
CZ,Q86,2022,17821.2
CZ,Q86,2023,19949.1
CZ,Q86,2024,21010.2
CZ,Q86,2025,22325.1
DE,Q86,2020,277426.0
DE,Q86,2021,289856.0
DE,Q86,2022,308112.0
DE,Q86,2023,306858.0
DE,Q86,2024,324727.0
DK,Q86,2020,21453.7
DK,Q86,2021,23776.1
DK,Q86,2022,24020.2
DK,Q86,2023,23801.9
DK,Q86,2024,24974.1
DK,Q86,2025,26148.9
EA12,Q86,2020,880152.7
EA12,Q86,2021,963056.3
EA12,Q86,2022,1001597.3
EA12,Q86,2023,1037389.2
EA19,Q86,2020,896115.8
EA19,Q86,2021,982213.9
EA19,Q86,2022,1021686.5
EA19,Q86,2023,1059314.2
EA20,Q86,2020,899680.9
EA20,Q86,2021,986364.0
EA20,Q86,2022,1026122.2
EA20,Q86,2023,1064407.2
EA21,Q86,2020,903381.6
EA21,Q86,2021,990690.0
EA21,Q86,2022,1031081.4
EA21,Q86,2023,1069949.9
EE,Q86,2020,1598.9
EE,Q86,2021,1857.1
EE,Q86,2022,2000.1
EE,Q86,2023,2232.8
EE,Q86,2024,2483.6
EE,Q86,2025,2581.5
EL,Q86,2020,9819.9
EL,Q86,2021,11114.9
EL,Q86,2022,11272.5
EL,Q86,2023,11816.5
EL,Q86,2024,12208.9
ES,Q86,2020,92717.0
ES,Q86,2021,100236.0
ES,Q86,2022,103586.0
ES,Q86,2023,110456.0
EU27_2020,Q86,2020,1032176.1
EU27_2020,Q86,2021,1141050.9
EU27_2020,Q86,2022,1185172.0
EU27_2020,Q86,2023,1240103.2
FI,Q86,2020,19305.0
FI,Q86,2021,20786.0
FI,Q86,2022,21985.0
FI,Q86,2023,23942.0
FI,Q86,2024,24797.0
FI,Q86,2025,25044.0
FR,Q86,2020,179215.0
FR,Q86,2021,202972.2
FR,Q86,2022,206863.5
FR,Q86,2023,215379.7
FR,Q86,2024,223082.0
FR,Q86,2025,229964.4
HR,Q86,2020,3565.1
HR,Q86,2021,4150.1
HR,Q86,2022,4435.7
HR,Q86,2023,5093.0
HR,Q86,2024,5963.8
HU,Q86,2020,7687.9
HU,Q86,2021,8416.7
HU,Q86,2022,7963.3
HU,Q86,2023,8779.6
HU,Q86,2024,9090.1
IE,Q86,2020,18652.5
IE,Q86,2021,21271.7
IE,Q86,2022,23179.4
IE,Q86,2023,25853.9
IE,Q86,2024,27572.6
IS,Q86,2020,1765.2
IS,Q86,2021,2003.9
IS,Q86,2022,2424.5
IS,Q86,2023,2554.0
IS,Q86,2024,2776.6
IS,Q86,2025,3090.4
IT,Q86,2020,141782.5
IT,Q86,2021,154997.8
IT,Q86,2022,158678.2
IT,Q86,2023,161508.8
IT,Q86,2024,170713.9
LI,Q86,2020,164.4
LI,Q86,2021,174.8
LI,Q86,2022,191.8
LT,Q86,2020,2662.5
LT,Q86,2021,3237.8
LT,Q86,2022,3392.2
LT,Q86,2023,3639.5
LT,Q86,2024,4350.2
LU,Q86,2020,3016.3
LU,Q86,2021,3369.6
LU,Q86,2022,3533.6
LU,Q86,2023,3849.0
LU,Q86,2024,4244.9
LV,Q86,2020,1535.4
LV,Q86,2021,2122.0
LV,Q86,2022,2164.1
LV,Q86,2023,2157.4
MK,Q86,2020,624.9
MK,Q86,2021,709.5
MT,Q86,2020,980.3
MT,Q86,2021,1111.4
MT,Q86,2022,1141.3
MT,Q86,2023,1171.5
MT,Q86,2024,1325.0
MT,Q86,2025,1452.9
NL,Q86,2020,50739.0
NL,Q86,2021,59523.0
NL,Q86,2022,60558.0
NL,Q86,2023,64608.0
NL,Q86,2024,69713.0
NL,Q86,2025,72924.0
NO,Q86,2020,22509.6
NO,Q86,2021,26805.6
NO,Q86,2022,28550.1
NO,Q86,2023,26691.5
NO,Q86,2024,27804.0
NO,Q86,2025,28765.2
PL,Q86,2020,32440.9
PL,Q86,2021,41256.5
PL,Q86,2022,43953.6
PL,Q86,2023,54212.0
PT,Q86,2020,16273.2
PT,Q86,2021,18958.4
PT,Q86,2022,20209.8
PT,Q86,2023,21448.0
PT,Q86,2024,23807.9
RO,Q86,2020,17223.7
RO,Q86,2021,19752.3
RO,Q86,2022,21182.2
RO,Q86,2023,23997.0
RO,Q86,2024,27460.8
RS,Q86,2020,3157.5
RS,Q86,2021,3598.5
RS,Q86,2022,3980.3
RS,Q86,2023,4538.5
RS,Q86,2024,4942.9
SE,Q86,2020,35982.5
SE,Q86,2021,40698.8
SE,Q86,2022,39169.3
SE,Q86,2023,39519.3
SI,Q86,2020,3238.5
SI,Q86,2021,3731.3
SI,Q86,2022,3753.3
SI,Q86,2023,4094.2
SI,Q86,2024,4373.3
SI,Q86,2025,4826.1
SK,Q86,2020,4633.2
SK,Q86,2021,5563.3
SK,Q86,2022,5931.2
SK,Q86,2023,6749.5
SK,Q86,2024,7404.9
TR,Q86,2023,41525.4
AT,Q87_Q88,2020,9953.3
AT,Q87_Q88,2021,10564.1
AT,Q87_Q88,2022,11463.1
AT,Q87_Q88,2023,12267.7
AT,Q87_Q88,2024,13925.4
AT,Q87_Q88,2025,14785.4
BA,Q87_Q88,2020,130.3
BA,Q87_Q88,2021,140.6
BA,Q87_Q88,2022,161.7
BA,Q87_Q88,2023,190.2
BE,Q87_Q88,2020,14254.5
BE,Q87_Q88,2021,14924.4
BE,Q87_Q88,2022,16712.0
BE,Q87_Q88,2023,18263.3
BE,Q87_Q88,2024,19245.5
BG,Q87_Q88,2020,548.4
BG,Q87_Q88,2021,669.0
BG,Q87_Q88,2022,906.4
BG,Q87_Q88,2023,1109.6
BG,Q87_Q88,2024,1421.5
CH,Q87_Q88,2020,22213.5
CH,Q87_Q88,2021,22472.0
CH,Q87_Q88,2022,25280.1
CH,Q87_Q88,2023,27510.2
CH,Q87_Q88,2024,29786.8
CY,Q87_Q88,2020,136.9
CY,Q87_Q88,2021,146.1
CY,Q87_Q88,2022,160.1
CY,Q87_Q88,2023,178.8
CZ,Q87_Q88,2020,2840.0
CZ,Q87_Q88,2021,3247.9
CZ,Q87_Q88,2022,3622.8
CZ,Q87_Q88,2023,4103.6
CZ,Q87_Q88,2024,4247.1
CZ,Q87_Q88,2025,4743.6
DE,Q87_Q88,2020,142704.0
DE,Q87_Q88,2021,152106.0
DE,Q87_Q88,2022,165331.0
DE,Q87_Q88,2023,175288.0
DE,Q87_Q88,2024,186278.0
DK,Q87_Q88,2020,19275.6
DK,Q87_Q88,2021,20044.0
DK,Q87_Q88,2022,21300.8
DK,Q87_Q88,2023,22055.7
DK,Q87_Q88,2024,23224.3
DK,Q87_Q88,2025,24663.0
EA12,Q87_Q88,2020,379215.7
EA12,Q87_Q88,2021,402993.8
EA12,Q87_Q88,2022,435185.6
EA12,Q87_Q88,2023,469205.0
EA19,Q87_Q88,2020,382482.4
EA19,Q87_Q88,2021,406595.7
EA19,Q87_Q88,2022,439251.6
EA19,Q87_Q88,2023,473852.7
EA20,Q87_Q88,2020,383013.6
EA20,Q87_Q88,2021,407170.5
EA20,Q87_Q88,2022,439890.1
EA20,Q87_Q88,2023,474523.5
EA21,Q87_Q88,2020,383562.1
EA21,Q87_Q88,2021,407839.6
EA21,Q87_Q88,2022,440796.5
EA21,Q87_Q88,2023,475633.1
EE,Q87_Q88,2020,239.4
EE,Q87_Q88,2021,266.1
EE,Q87_Q88,2022,316.7
EE,Q87_Q88,2023,380.7
EE,Q87_Q88,2024,443.0
EE,Q87_Q88,2025,476.6
EL,Q87_Q88,2020,1114.0
EL,Q87_Q88,2021,1113.0
EL,Q87_Q88,2022,1187.9
EL,Q87_Q88,2023,1286.5
EL,Q87_Q88,2024,1098.2
ES,Q87_Q88,2020,23792.0
ES,Q87_Q88,2021,25455.0
ES,Q87_Q88,2022,27878.0
ES,Q87_Q88,2023,29995.0
EU27_2020,Q87_Q88,2020,444420.6
EU27_2020,Q87_Q88,2021,471980.3
EU27_2020,Q87_Q88,2022,508693.3
EU27_2020,Q87_Q88,2023,546360.7
FI,Q87_Q88,2020,13818.0
FI,Q87_Q88,2021,14538.0
FI,Q87_Q88,2022,15443.0
FI,Q87_Q88,2023,18500.0
FI,Q87_Q88,2024,19234.0
FI,Q87_Q88,2025,19230.0
FR,Q87_Q88,2020,87900.7
FR,Q87_Q88,2021,93144.4
FR,Q87_Q88,2022,98367.3
FR,Q87_Q88,2023,105191.8
FR,Q87_Q88,2024,109516.3
FR,Q87_Q88,2025,113438.9
HR,Q87_Q88,2020,531.2
HR,Q87_Q88,2021,574.8
HR,Q87_Q88,2022,638.5
HR,Q87_Q88,2023,670.8
HR,Q87_Q88,2024,817.7
HU,Q87_Q88,2020,2050.4
HU,Q87_Q88,2021,2183.8
HU,Q87_Q88,2022,2454.8
HU,Q87_Q88,2023,3006.0
HU,Q87_Q88,2024,3172.6
IE,Q87_Q88,2020,6929.1
IE,Q87_Q88,2021,7481.7
IE,Q87_Q88,2022,8414.5
IE,Q87_Q88,2023,9252.6
IE,Q87_Q88,2024,9435.4
IS,Q87_Q88,2020,1190.0
IS,Q87_Q88,2021,1307.0
IS,Q87_Q88,2022,1491.8
IS,Q87_Q88,2023,1597.8
IS,Q87_Q88,2024,1746.1
IS,Q87_Q88,2025,1896.5
IT,Q87_Q88,2020,26618.7
IT,Q87_Q88,2021,27770.4
IT,Q87_Q88,2022,29614.8
IT,Q87_Q88,2023,32956.3
IT,Q87_Q88,2024,34640.6
LI,Q87_Q88,2020,61.7
LI,Q87_Q88,2021,64.9
LI,Q87_Q88,2022,72.9
LT,Q87_Q88,2020,514.4
LT,Q87_Q88,2021,563.0
LT,Q87_Q88,2022,714.9
LT,Q87_Q88,2023,815.2
LT,Q87_Q88,2024,1059.5
LU,Q87_Q88,2020,2280.2
LU,Q87_Q88,2021,2503.0
LU,Q87_Q88,2022,2772.9
LU,Q87_Q88,2023,3078.7
LU,Q87_Q88,2024,3262.7
LV,Q87_Q88,2020,230.4
LV,Q87_Q88,2021,252.9
LV,Q87_Q88,2022,321.5
LV,Q87_Q88,2023,390.0
MK,Q87_Q88,2020,74.1
MK,Q87_Q88,2021,82.2
MT,Q87_Q88,2020,440.4
MT,Q87_Q88,2021,504.1
MT,Q87_Q88,2022,521.3
MT,Q87_Q88,2023,620.1
MT,Q87_Q88,2024,719.1
MT,Q87_Q88,2025,821.2
NL,Q87_Q88,2020,45353.0
NL,Q87_Q88,2021,48680.0
NL,Q87_Q88,2022,52744.0
NL,Q87_Q88,2023,58214.0
NL,Q87_Q88,2024,64334.0
NL,Q87_Q88,2025,68439.0
NO,Q87_Q88,2020,24090.3
NO,Q87_Q88,2021,26537.7
NO,Q87_Q88,2022,28673.9
NO,Q87_Q88,2023,27866.7
NO,Q87_Q88,2024,28509.6
NO,Q87_Q88,2025,29065.7
PL,Q87_Q88,2020,5545.4
PL,Q87_Q88,2021,6063.0
PL,Q87_Q88,2022,7580.3
PL,Q87_Q88,2023,8496.0
PT,Q87_Q88,2020,4498.2
PT,Q87_Q88,2021,4713.8
PT,Q87_Q88,2022,5188.4
PT,Q87_Q88,2023,5547.2
PT,Q87_Q88,2024,6375.4
RO,Q87_Q88,2020,945.7
RO,Q87_Q88,2021,543.0
RO,Q87_Q88,2022,581.2
RO,Q87_Q88,2023,581.5
RO,Q87_Q88,2024,646.7
RS,Q87_Q88,2020,300.2
RS,Q87_Q88,2021,312.0
RS,Q87_Q88,2022,334.6
RS,Q87_Q88,2023,393.6
RS,Q87_Q88,2024,444.4
SE,Q87_Q88,2020,30201.5
SE,Q87_Q88,2021,32059.0
SE,Q87_Q88,2022,32354.8
SE,Q87_Q88,2023,32499.8
SI,Q87_Q88,2020,756.8
SI,Q87_Q88,2021,833.7
SI,Q87_Q88,2022,906.0
SI,Q87_Q88,2023,1007.6
SI,Q87_Q88,2024,1093.3
SI,Q87_Q88,2025,1276.8
SK,Q87_Q88,2020,948.4
SK,Q87_Q88,2021,1036.1
SK,Q87_Q88,2022,1125.7
SK,Q87_Q88,2023,1255.2
SK,Q87_Q88,2024,1281.8
TR,Q87_Q88,2023,2798.2
AL,R,2020,107.7
AL,R,2021,116.5
AL,R,2022,139.3
AL,R,2023,210.8
AL,R,2024,260.0
AL,R,2025,284.9
AT,R,2020,5843.5
AT,R,2021,6133.9
AT,R,2022,8133.9
AT,R,2023,9074.7
AT,R,2024,10231.5
AT,R,2025,10796.2
BA,R,2020,360.8
BA,R,2021,452.7
BA,R,2022,592.3
BA,R,2023,734.8
BE,R,2020,6337.9
BE,R,2021,7262.6
BE,R,2022,10056.1
BE,R,2023,11103.9
BE,R,2024,11647.5
BG,R,2020,1456.3
BG,R,2021,1690.3
BG,R,2022,2705.7
BG,R,2023,3306.1
BG,R,2024,4311.9
CH,R,2020,11227.2
CH,R,2021,19159.7
CH,R,2022,24434.9
CH,R,2023,20475.9
CH,R,2024,27652.5
CY,R,2020,473.1
CY,R,2021,571.1
CY,R,2022,732.6
CY,R,2023,778.1
CY,R,2024,840.7
CZ,R,2020,4228.0
CZ,R,2021,4620.5
CZ,R,2022,6291.2
CZ,R,2023,7199.8
CZ,R,2024,7363.3
CZ,R,2025,8120.3
DE,R,2020,55240.0
DE,R,2021,55902.0
DE,R,2022,75113.0
DE,R,2023,79537.0
DE,R,2024,85906.0
DE,R,2025,88312.0
DK,R,2020,6286.0
DK,R,2021,6597.1
DK,R,2022,7593.6
DK,R,2023,8166.2
DK,R,2024,8698.7
DK,R,2025,9001.0
EA12,R,2020,209141.4
EA12,R,2021,228479.5
EA12,R,2022,300597.7
EA12,R,2023,327138.6
EA12,R,2024,342722.1
EA19,R,2020,225364.9
EA19,R,2021,245331.5
EA19,R,2022,319232.8
EA19,R,2023,347194.6
EA19,R,2024,362462.4
EA20,R,2020,226821.9
EA20,R,2021,246939.7
EA20,R,2022,321333.5
EA20,R,2023,349823.8
EA20,R,2024,365769.6
EA21,R,2020,228181.0
EA21,R,2021,248520.6
EA21,R,2022,323888.9
EA21,R,2023,352948.8
EA21,R,2024,369849.3
EE,R,2020,795.5
EE,R,2021,928.2
EE,R,2022,1184.1
EE,R,2023,1329.6
EE,R,2024,1413.9
EE,R,2025,1541.7
EL,R,2020,3276.0
EL,R,2021,3698.8
EL,R,2022,4957.6
EL,R,2023,5476.6
EL,R,2024,5729.0
ES,R,2020,28972.0
ES,R,2021,37875.0
ES,R,2022,49470.0
ES,R,2023,51785.0
ES,R,2024,53351.0
EU27_2020,R,2020,265094.7
EU27_2020,R,2021,289162.0
EU27_2020,R,2022,373241.9
EU27_2020,R,2023,408688.9
EU27_2020,R,2024,431253.1
FI,R,2020,5247.0
FI,R,2021,5486.0
FI,R,2022,6340.0
FI,R,2023,7038.0
FI,R,2024,7272.0
FI,R,2025,7299.0
FR,R,2020,44739.8
FR,R,2021,48328.3
FR,R,2022,62115.1
FR,R,2023,68741.6
FR,R,2024,76090.9
FR,R,2025,75545.5
HR,R,2020,1457.0
HR,R,2021,1608.2
HR,R,2022,2100.7
HR,R,2023,2629.3
HR,R,2024,3307.2
HU,R,2020,3130.0
HU,R,2021,3793.2
HU,R,2022,4505.6
HU,R,2023,5041.7
HU,R,2024,5406.2
IE,R,2020,3564.5
IE,R,2021,3787.1
IE,R,2022,5375.5
IE,R,2023,5478.9
IE,R,2024,5041.2
IS,R,2020,407.6
IS,R,2021,499.0
IS,R,2022,620.4
IS,R,2023,662.3
IS,R,2024,720.5
IS,R,2025,885.6
IT,R,2020,38441.0
IT,R,2021,41830.0
IT,R,2022,54021.8
IT,R,2023,58912.8
IT,R,2024,60328.4
LI,R,2020,91.9
LI,R,2021,107.3
LI,R,2022,172.1
LT,R,2020,823.9
LT,R,2021,918.9
LT,R,2022,1241.7
LT,R,2023,1426.0
LT,R,2024,1579.7
LU,R,2020,665.0
LU,R,2021,754.2
LU,R,2022,938.7
LU,R,2023,1035.0
LU,R,2024,1092.5
LV,R,2020,677.4
LV,R,2021,709.3
LV,R,2022,1042.1
LV,R,2023,1128.0
LV,R,2024,1246.3
ME,R,2020,184.9
ME,R,2021,252.0
ME,R,2022,296.0
ME,R,2023,354.3
ME,R,2024,407.1
MK,R,2020,520.5
MK,R,2021,708.9
MT,R,2020,9727.5
MT,R,2021,9244.5
MT,R,2022,8903.6
MT,R,2023,9048.4
MT,R,2024,9227.3
MT,R,2025,9356.3
NL,R,2020,13929.0
NL,R,2021,14109.0
NL,R,2022,19503.0
NL,R,2023,22223.0
NL,R,2024,24278.0
NL,R,2025,25724.0
NO,R,2020,5459.2
NO,R,2021,6505.9
NO,R,2022,7858.5
NO,R,2023,7487.0
NO,R,2024,7930.1
NO,R,2025,8375.9
PL,R,2020,7447.2
PL,R,2021,8096.0
PL,R,2022,10090.9
PL,R,2023,12627.7
PL,R,2024,14879.2
PT,R,2020,2885.7
PT,R,2021,3312.7
PT,R,2022,4839.9
PT,R,2023,5784.7
PT,R,2024,6633.6
PT,R,2025,7255.3
RO,R,2020,4734.0
RO,R,2021,5349.7
RO,R,2022,6877.4
RO,R,2023,8610.6
RO,R,2024,10315.3
RS,R,2020,1130.7
RS,R,2021,1426.4
RS,R,2022,1860.0
RS,R,2023,2105.3
RS,R,2024,2501.5
SE,R,2020,11088.4
SE,R,2021,12184.9
SE,R,2022,13994.8
SE,R,2023,14124.5
SI,R,2020,881.9
SI,R,2021,1022.1
SI,R,2022,1321.9
SI,R,2023,1505.6
SI,R,2024,1581.4
SI,R,2025,1723.8
SK,R,2020,2844.2
SK,R,2021,3452.7
SK,R,2022,4212.4
SK,R,2023,4838.6
SK,R,2024,3896.8
TR,R,2023,20203.7
UA,R,2020,1210.9
UA,R,2021,1562.6
UA,R,2022,1165.2
UA,R,2023,1484.8
UA,R,2024,1798.1
AL,R-U,2020,354.7
AL,R-U,2021,388.3
AL,R-U,2022,440.2
AL,R-U,2023,624.6
AL,R-U,2024,734.3
AL,R-U,2025,812.1
AT,R-U,2020,14220.1
AT,R-U,2021,14747.6
AT,R-U,2022,17988.2
AT,R-U,2023,20030.4
AT,R-U,2024,21791.7
AT,R-U,2025,22708.8
BA,R-U,2020,682.6
BA,R-U,2021,800.3
BA,R-U,2022,1004.0
BA,R-U,2023,1177.6
BE,R-U,2020,16610.2
BE,R-U,2021,18465.4
BE,R-U,2022,23019.1
BE,R-U,2023,25172.4
BE,R-U,2024,26593.2
BG,R-U,2020,2469.9
BG,R-U,2021,2871.1
BG,R-U,2022,3981.8
BG,R-U,2023,4664.3
BG,R-U,2024,5916.6
CH,R-U,2020,30653.9
CH,R-U,2021,40175.6
CH,R-U,2022,48486.7
CH,R-U,2023,46531.5
CH,R-U,2024,54418.5
CY,R-U,2020,1041.6
CY,R-U,2021,1237.8
CY,R-U,2022,1490.1
CY,R-U,2023,1587.7
CY,R-U,2024,1673.3
CZ,R-U,2020,7556.2
CZ,R-U,2021,8262.4
CZ,R-U,2022,10830.0
CZ,R-U,2023,12477.1
CZ,R-U,2024,12725.5
CZ,R-U,2025,13933.4
DE,R-U,2020,157034.0
DE,R-U,2021,161568.0
DE,R-U,2022,198078.0
DE,R-U,2023,209250.0
DE,R-U,2024,222215.0
DE,R-U,2025,232545.0
DK,R-U,2020,13414.7
DK,R-U,2021,13825.1
DK,R-U,2022,15405.1
DK,R-U,2023,16149.0
DK,R-U,2024,17049.5
DK,R-U,2025,17640.2
EA12,R-U,2020,509786.7
EA12,R-U,2021,549924.5
EA12,R-U,2022,665930.0
EA12,R-U,2023,714956.8
EA12,R-U,2024,745205.5
EA19,R-U,2020,530693.6
EA19,R-U,2021,572007.4
EA19,R-U,2022,690572.2
EA19,R-U,2023,741648.9
EA19,R-U,2024,771894.9
EA20,R-U,2020,533493.7
EA20,R-U,2021,575196.2
EA20,R-U,2022,694478.7
EA20,R-U,2023,746339.0
EA20,R-U,2024,777310.3
EA21,R-U,2020,535963.7
EA21,R-U,2021,578067.3
EA21,R-U,2022,698460.6
EA21,R-U,2023,751003.4
EA21,R-U,2024,783227.0
EE,R-U,2020,1309.4
EE,R-U,2021,1512.5
EE,R-U,2022,1897.3
EE,R-U,2023,2105.7
EE,R-U,2024,2200.2
EE,R-U,2025,2323.0
EL,R-U,2020,8190.3
EL,R-U,2021,9338.2
EL,R-U,2022,11250.9
EL,R-U,2023,12036.0
EL,R-U,2024,12565.4
ES,R-U,2020,66267.0
ES,R-U,2021,79672.0
ES,R-U,2022,97968.0
ES,R-U,2023,102308.0
ES,R-U,2024,106290.0
EU27_2020,R-U,2020,610398.7
EU27_2020,R-U,2021,657696.0
EU27_2020,R-U,2022,791122.3
EU27_2020,R-U,2023,854268.5
EU27_2020,R-U,2024,896421.4
FI,R-U,2020,11621.0
FI,R-U,2021,12013.0
FI,R-U,2022,13661.0
FI,R-U,2023,14388.0
FI,R-U,2024,14674.0
FI,R-U,2025,14562.0
FR,R-U,2020,96628.6
FR,R-U,2021,105753.4
FR,R-U,2022,125827.5
FR,R-U,2023,136647.8
FR,R-U,2024,147116.7
FR,R-U,2025,147897.9
HR,R-U,2020,2800.1
HR,R-U,2021,3188.8
HR,R-U,2022,3906.4
HR,R-U,2023,4690.1
HR,R-U,2024,5415.4
HU,R-U,2020,5817.7
HU,R-U,2021,6807.7
HU,R-U,2022,7985.7
HU,R-U,2023,8653.5
HU,R-U,2024,9093.1
IE,R-U,2020,8080.4
IE,R-U,2021,8397.6
IE,R-U,2022,12019.4
IE,R-U,2023,11383.4
IE,R-U,2024,11293.2
IS,R-U,2020,931.3
IS,R-U,2021,1126.4
IS,R-U,2022,1439.0
IS,R-U,2023,1553.9
IS,R-U,2024,1664.0
IS,R-U,2025,1985.5
IT,R-U,2020,91704.9
IT,R-U,2021,98373.7
IT,R-U,2022,114180.5
IT,R-U,2023,123957.8
IT,R-U,2024,127783.1
LI,R-U,2020,152.1
LI,R-U,2021,166.2
LI,R-U,2022,272.6
LT,R-U,2020,1610.0
LT,R-U,2021,1753.9
LT,R-U,2022,2182.2
LT,R-U,2023,2416.8
LT,R-U,2024,2710.4
LU,R-U,2020,1500.7
LU,R-U,2021,1742.8
LU,R-U,2022,2024.5
LU,R-U,2023,2260.8
LU,R-U,2024,2358.0
LV,R-U,2020,1142.1
LV,R-U,2021,1157.1
LV,R-U,2022,1603.0
LV,R-U,2023,1731.8
LV,R-U,2024,1853.1
ME,R-U,2020,284.3
ME,R-U,2021,355.2
ME,R-U,2022,422.2
ME,R-U,2023,508.3
ME,R-U,2024,576.0
MK,R-U,2020,707.4
MK,R-U,2021,911.9
MT,R-U,2020,9946.5
MT,R-U,2021,9504.4
MT,R-U,2022,9223.3
MT,R-U,2023,9417.4
MT,R-U,2024,9631.9
MT,R-U,2025,9787.2
NL,R-U,2020,30190.0
NL,R-U,2021,31597.0
NL,R-U,2022,38646.0
NL,R-U,2023,42887.0
NL,R-U,2024,45963.0
NL,R-U,2025,48835.0
NO,R-U,2020,11016.8
NO,R-U,2021,13154.0
NO,R-U,2022,15156.1
NO,R-U,2023,14630.5
NO,R-U,2024,15228.8
NO,R-U,2025,15849.5
PL,R-U,2020,16540.0
PL,R-U,2021,17139.7
PL,R-U,2022,19972.0
PL,R-U,2023,24530.6
PL,R-U,2024,28468.8
PT,R-U,2020,7739.5
PT,R-U,2021,8255.9
PT,R-U,2022,10633.3
PT,R-U,2023,12410.6
PT,R-U,2024,13543.7
PT,R-U,2025,14403.7
RO,R-U,2020,9970.8
RO,R-U,2021,10501.5
RO,R-U,2022,13435.3
RO,R-U,2023,16385.1
RO,R-U,2024,19592.8
RS,R-U,2020,2194.3
RS,R-U,2021,2615.9
RS,R-U,2022,3201.7
RS,R-U,2023,3582.5
RS,R-U,2024,4138.1
SE,R-U,2020,21135.7
SE,R-U,2021,23092.3
SE,R-U,2022,25031.0
SE,R-U,2023,25169.8
SI,R-U,2020,1669.8
SI,R-U,2021,1918.7
SI,R-U,2022,2361.2
SI,R-U,2023,2619.2
SI,R-U,2024,2813.4
SI,R-U,2025,2987.0
SK,R-U,2020,4187.6
SK,R-U,2021,4993.4
SK,R-U,2022,5890.5
SK,R-U,2023,6821.2
SK,R-U,2024,5812.5
TR,R-U,2023,33448.0
UA,R-U,2020,3003.5
UA,R-U,2021,3795.6
UA,R-U,2022,3097.1
UA,R-U,2023,3565.2
UA,R-U,2024,4096.8
AT,R90-R92,2020,3545.7
AT,R90-R92,2021,3817.2
AT,R90-R92,2022,4865.2
AT,R90-R92,2023,5329.2
AT,R90-R92,2024,5814.9
AT,R90-R92,2025,6150.0
BA,R90-R92,2020,287.8
BA,R90-R92,2021,368.6
BA,R90-R92,2022,471.3
BA,R90-R92,2023,553.1
BE,R90-R92,2020,3682.5
BE,R90-R92,2021,4270.5
BE,R90-R92,2022,5815.8
BE,R90-R92,2023,6379.4
BG,R90-R92,2020,1202.6
BG,R90-R92,2021,1373.3
BG,R90-R92,2022,2306.6
BG,R90-R92,2023,2836.9
BG,R90-R92,2024,3734.5
CH,R90-R92,2020,3626.8
CH,R90-R92,2021,3835.3
CH,R90-R92,2022,5900.2
CH,R90-R92,2023,6109.0
CH,R90-R92,2024,6282.1
CY,R90-R92,2020,306.0
CY,R90-R92,2021,358.9
CY,R90-R92,2022,422.3
CY,R90-R92,2023,455.0
CZ,R90-R92,2020,2553.8
CZ,R90-R92,2021,2830.2
CZ,R90-R92,2022,3858.8
CZ,R90-R92,2023,4432.6
CZ,R90-R92,2024,4516.3
CZ,R90-R92,2025,4971.3
DE,R90-R92,2020,28936.0
DE,R90-R92,2021,28798.0
DE,R90-R92,2022,39145.0
DE,R90-R92,2023,40201.0
DE,R90-R92,2024,42443.0
DK,R90-R92,2020,4242.9
DK,R90-R92,2021,4377.3
DK,R90-R92,2022,4947.2
DK,R90-R92,2023,5197.0
DK,R90-R92,2024,5529.4
DK,R90-R92,2025,5802.3
EA12,R90-R92,2020,114948.9
EA12,R90-R92,2021,127671.3
EA12,R90-R92,2022,166095.4
EA12,R90-R92,2023,180311.2
EA19,R90-R92,2020,129389.5
EA19,R90-R92,2021,142477.3
EA19,R90-R92,2022,181877.7
EA19,R90-R92,2023,197116.0
EA20,R90-R92,2020,130271.7
EA20,R90-R92,2021,143436.0
EA20,R90-R92,2022,183071.5
EA20,R90-R92,2023,198676.4
EA21,R90-R92,2020,131394.0
EA21,R90-R92,2021,144720.4
EA21,R90-R92,2022,185250.1
EA21,R90-R92,2023,201357.9
EE,R90-R92,2020,408.8
EE,R90-R92,2021,484.4
EE,R90-R92,2022,622.0
EE,R90-R92,2023,692.4
EE,R90-R92,2024,742.4
EE,R90-R92,2025,819.0
EL,R90-R92,2020,2506.3
EL,R90-R92,2021,2973.6
EL,R90-R92,2022,3795.6
EL,R90-R92,2023,4208.9
EL,R90-R92,2024,4439.5
ES,R90-R92,2020,14518.0
ES,R90-R92,2021,20552.0
ES,R90-R92,2022,26159.0
ES,R90-R92,2023,27809.0
EU27_2020,R90-R92,2020,152947.1
EU27_2020,R90-R92,2021,168010.0
EU27_2020,R90-R92,2022,213598.0
EU27_2020,R90-R92,2023,232721.8
FI,R90-R92,2020,2399.0
FI,R90-R92,2021,2465.0
FI,R90-R92,2022,2857.0
FI,R90-R92,2023,3127.0
FI,R90-R92,2024,3171.0
FI,R90-R92,2025,3091.0
FR,R90-R92,2020,22761.8
FR,R90-R92,2021,25418.8
FR,R90-R92,2022,31722.4
FR,R90-R92,2023,34690.6
FR,R90-R92,2024,37152.6
HR,R90-R92,2020,882.2
HR,R90-R92,2021,958.7
HR,R90-R92,2022,1193.7
HR,R90-R92,2023,1560.4
HR,R90-R92,2024,1864.1
HU,R90-R92,2020,1743.2
HU,R90-R92,2021,2080.1
HU,R90-R92,2022,2428.6
HU,R90-R92,2023,2731.3
HU,R90-R92,2024,2922.6
IE,R90-R92,2020,2429.5
IE,R90-R92,2021,2711.6
IE,R90-R92,2022,3612.5
IE,R90-R92,2023,3689.8
IE,R90-R92,2024,3073.6
IS,R90-R92,2020,207.8
IS,R90-R92,2021,247.0
IS,R90-R92,2022,310.0
IS,R90-R92,2023,320.1
IS,R90-R92,2024,343.9
IS,R90-R92,2025,447.0
IT,R90-R92,2020,23842.4
IT,R90-R92,2021,25867.0
IT,R90-R92,2022,33542.5
IT,R90-R92,2023,37393.7
LT,R90-R92,2020,628.9
LT,R90-R92,2021,672.1
LT,R90-R92,2022,873.9
LT,R90-R92,2023,997.3
LT,R90-R92,2024,1113.3
LU,R90-R92,2020,344.5
LU,R90-R92,2021,385.9
LU,R90-R92,2022,510.6
LU,R90-R92,2023,574.4
LU,R90-R92,2024,602.9
LV,R90-R92,2020,488.1
LV,R90-R92,2021,497.5
LV,R90-R92,2022,741.3
LV,R90-R92,2023,842.8
MK,R90-R92,2020,482.7
MK,R90-R92,2021,663.2
MT,R90-R92,2020,9638.8
MT,R90-R92,2021,9141.3
MT,R90-R92,2022,8748.5
MT,R90-R92,2023,8861.7
MT,R90-R92,2024,9020.4
MT,R90-R92,2025,9126.6
NL,R90-R92,2020,8724.0
NL,R90-R92,2021,8876.0
NL,R90-R92,2022,12013.0
NL,R90-R92,2023,13491.0
NL,R90-R92,2024,14707.0
NL,R90-R92,2025,15588.0
NO,R90-R92,2020,2759.3
NO,R90-R92,2021,3316.7
NO,R90-R92,2022,4098.7
NO,R90-R92,2023,3693.5
PL,R90-R92,2020,4123.3
PL,R90-R92,2021,4537.6
PL,R90-R92,2022,5587.6
PL,R90-R92,2023,6596.7
PT,R90-R92,2020,1259.2
PT,R90-R92,2021,1535.7
PT,R90-R92,2022,2285.8
PT,R90-R92,2023,2678.8
PT,R90-R92,2024,3198.8
RO,R90-R92,2020,3651.3
RO,R90-R92,2021,3835.7
RO,R90-R92,2022,4825.9
RO,R90-R92,2023,5867.7
RO,R90-R92,2024,6937.3
RS,R90-R92,2020,761.2
RS,R90-R92,2021,917.6
RS,R90-R92,2022,1242.7
RS,R90-R92,2023,1408.2
RS,R90-R92,2024,1643.6
SE,R90-R92,2020,5238.6
SE,R90-R92,2021,5628.7
SE,R90-R92,2022,6699.6
SE,R90-R92,2023,6622.3
SI,R90-R92,2020,552.7
SI,R90-R92,2021,602.3
SI,R90-R92,2022,789.4
SI,R90-R92,2023,885.3
SI,R90-R92,2024,920.9
SI,R90-R92,2025,999.2
SK,R90-R92,2020,2417.1
SK,R90-R92,2021,3044.5
SK,R90-R92,2022,3582.5
SK,R90-R92,2023,4066.3
SK,R90-R92,2024,3050.1
TR,R90-R92,2023,15274.6
AT,R93,2020,2297.8
AT,R93,2021,2316.7
AT,R93,2022,3268.7
AT,R93,2023,3745.5
AT,R93,2024,4416.6
AT,R93,2025,4646.1
BA,R93,2020,73.0
BA,R93,2021,84.1
BA,R93,2022,121.1
BA,R93,2023,181.8
BE,R93,2020,2655.4
BE,R93,2021,2992.1
BE,R93,2022,4240.3
BE,R93,2023,4724.5
BG,R93,2020,253.7
BG,R93,2021,317.0
BG,R93,2022,399.0
BG,R93,2023,469.1
BG,R93,2024,577.4
CH,R93,2020,7600.4
CH,R93,2021,15324.3
CH,R93,2022,18534.7
CH,R93,2023,14366.9
CH,R93,2024,21370.3
CY,R93,2020,167.0
CY,R93,2021,212.1
CY,R93,2022,310.3
CY,R93,2023,323.1
CZ,R93,2020,1674.3
CZ,R93,2021,1790.3
CZ,R93,2022,2432.4
CZ,R93,2023,2767.3
CZ,R93,2024,2847.0
CZ,R93,2025,3149.0
DE,R93,2020,26304.0
DE,R93,2021,27104.0
DE,R93,2022,35968.0
DE,R93,2023,39336.0
DE,R93,2024,43463.0
DK,R93,2020,2043.1
DK,R93,2021,2219.8
DK,R93,2022,2646.4
DK,R93,2023,2969.2
DK,R93,2024,3169.3
DK,R93,2025,3198.6
EA12,R93,2020,94192.4
EA12,R93,2021,100808.2
EA12,R93,2022,134502.3
EA12,R93,2023,146827.4
EA19,R93,2020,95975.5
EA19,R93,2021,102854.2
EA19,R93,2022,137355.0
EA19,R93,2023,150078.6
EA20,R93,2020,96550.2
EA20,R93,2021,103503.7
EA20,R93,2022,138262.0
EA20,R93,2023,151147.4
EA21,R93,2020,96787.0
EA21,R93,2021,103800.2
EA21,R93,2022,138638.9
EA21,R93,2023,151590.9
EE,R93,2020,386.7
EE,R93,2021,443.8
EE,R93,2022,562.1
EE,R93,2023,637.1
EE,R93,2024,671.4
EE,R93,2025,722.8
EL,R93,2020,769.7
EL,R93,2021,725.1
EL,R93,2022,1162.0
EL,R93,2023,1267.6
EL,R93,2024,1289.4
ES,R93,2020,14454.0
ES,R93,2021,17323.0
ES,R93,2022,23311.0
ES,R93,2023,23976.0
EU27_2020,R93,2020,112147.6
EU27_2020,R93,2021,121152.0
EU27_2020,R93,2022,159643.9
EU27_2020,R93,2023,175967.1
FI,R93,2020,2848.0
FI,R93,2021,3021.0
FI,R93,2022,3483.0
FI,R93,2023,3911.0
FI,R93,2024,4101.0
FI,R93,2025,4208.0
FR,R93,2020,21978.0
FR,R93,2021,22909.5
FR,R93,2022,30392.7
FR,R93,2023,34051.0
FR,R93,2024,38938.3
HR,R93,2020,574.8
HR,R93,2021,649.5
HR,R93,2022,907.0
HR,R93,2023,1068.8
HR,R93,2024,1443.1
HU,R93,2020,1386.8
HU,R93,2021,1713.1
HU,R93,2022,2077.0
HU,R93,2023,2310.4
HU,R93,2024,2483.6
IE,R93,2020,1135.0
IE,R93,2021,1075.5
IE,R93,2022,1763.0
IE,R93,2023,1789.1
IE,R93,2024,1967.5
IS,R93,2020,199.9
IS,R93,2021,252.0
IS,R93,2022,310.4
IS,R93,2023,342.2
IS,R93,2024,376.6
IS,R93,2025,438.6
IT,R93,2020,14598.5
IT,R93,2021,15963.0
IT,R93,2022,20479.2
IT,R93,2023,21519.1
LT,R93,2020,195.0
LT,R93,2021,246.8
LT,R93,2022,367.7
LT,R93,2023,428.7
LT,R93,2024,466.4
LU,R93,2020,320.5
LU,R93,2021,368.2
LU,R93,2022,428.1
LU,R93,2023,460.6
LU,R93,2024,489.5
LV,R93,2020,189.4
LV,R93,2021,211.8
LV,R93,2022,300.8
LV,R93,2023,285.3
MK,R93,2020,37.9
MK,R93,2021,45.7
MT,R93,2020,88.7
MT,R93,2021,103.2
MT,R93,2022,155.0
MT,R93,2023,186.7
MT,R93,2024,206.9
MT,R93,2025,229.6
NL,R93,2020,5205.0
NL,R93,2021,5233.0
NL,R93,2022,7490.0
NL,R93,2023,8732.0
NL,R93,2024,9571.0
NL,R93,2025,10136.0
NO,R93,2020,2699.9
NO,R93,2021,3189.1
NO,R93,2022,3759.7
NO,R93,2023,3793.4
PL,R93,2020,3323.9
PL,R93,2021,3558.4
PL,R93,2022,4503.3
PL,R93,2023,6031.0
PT,R93,2020,1626.5
PT,R93,2021,1777.0
PT,R93,2022,2554.1
PT,R93,2023,3105.9
PT,R93,2024,3434.8
RO,R93,2020,1082.8
RO,R93,2021,1514.1
RO,R93,2022,2051.4
RO,R93,2023,2742.9
RO,R93,2024,3378.0
RS,R93,2020,369.4
RS,R93,2021,508.8
RS,R93,2022,617.4
RS,R93,2023,697.1
RS,R93,2024,858.0
SE,R93,2020,5849.8
SE,R93,2021,6556.2
SE,R93,2022,7295.2
SE,R93,2023,7502.2
SI,R93,2020,329.2
SI,R93,2021,419.8
SI,R93,2022,532.6
SI,R93,2023,620.4
SI,R93,2024,660.4
SI,R93,2025,724.5
SK,R93,2020,427.1
SK,R93,2021,408.2
SK,R93,2022,629.9
SK,R93,2023,772.2
SK,R93,2024,846.7
TR,R93,2023,4929.1
AL,S,2020,247.1
AL,S,2021,271.8
AL,S,2022,300.9
AL,S,2023,413.7
AL,S,2024,474.4
AL,S,2025,527.2
AT,S,2020,8240.5
AT,S,2021,8481.7
AT,S,2022,9720.4
AT,S,2023,10821.3
AT,S,2024,11421.2
AT,S,2025,11769.6
BA,S,2020,321.8
BA,S,2021,347.5
BA,S,2022,411.7
BA,S,2023,442.7
BE,S,2020,10061.2
BE,S,2021,10947.0
BE,S,2022,12692.7
BE,S,2023,13804.1
BE,S,2024,14689.3
BG,S,2020,1013.6
BG,S,2021,1180.8
BG,S,2022,1276.2
BG,S,2023,1358.2
BG,S,2024,1604.7
CH,S,2020,17455.5
CH,S,2021,18913.2
CH,S,2022,21606.6
CH,S,2023,23385.9
CH,S,2024,24089.8
CY,S,2020,384.8
CY,S,2021,468.0
CY,S,2022,550.0
CY,S,2023,586.0
CY,S,2024,609.2
CZ,S,2020,3140.0
CZ,S,2021,3405.3
CZ,S,2022,4221.9
CZ,S,2023,4924.6
CZ,S,2024,4965.5
CZ,S,2025,5369.8
DE,S,2020,93959.0
DE,S,2021,97558.0
DE,S,2022,114439.0
DE,S,2023,120489.0
DE,S,2024,126599.0
DE,S,2025,134058.0
DK,S,2020,6478.0
DK,S,2021,6573.9
DK,S,2022,7152.0
DK,S,2023,7307.5
DK,S,2024,7677.6
DK,S,2025,7959.8
EA12,S,2020,261123.0
EA12,S,2021,280175.5
EA12,S,2022,323274.3
EA12,S,2023,342750.0
EA12,S,2024,356123.2
EA19,S,2020,265420.2
EA19,S,2021,284999.5
EA19,S,2022,328844.4
EA19,S,2023,348905.0
EA19,S,2024,362560.6
EA20,S,2020,266747.9
EA20,S,2021,286564.4
EA20,S,2022,330634.2
EA20,S,2023,350949.7
EA20,S,2024,364652.5
EA21,S,2020,267693.8
EA21,S,2021,287668.8
EA21,S,2022,331839.5
EA21,S,2023,352233.5
EA21,S,2024,366170.7
EE,S,2020,499.7
EE,S,2021,568.1
EE,S,2022,694.0
EE,S,2023,755.0
EE,S,2024,764.3
EE,S,2025,757.6
EL,S,2020,4299.3
EL,S,2021,4925.6
EL,S,2022,5562.4
EL,S,2023,5809.4
EL,S,2024,6075.6
ES,S,2020,28003.0
ES,S,2021,31884.0
ES,S,2022,38305.0
ES,S,2023,39160.0
ES,S,2024,41305.0
EU27_2020,S,2020,304023.6
EU27_2020,S,2021,325402.0
EU27_2020,S,2022,373829.8
EU27_2020,S,2023,398378.3
EU27_2020,S,2024,416475.2
FI,S,2020,6032.0
FI,S,2021,6192.0
FI,S,2022,6992.0
FI,S,2023,7055.0
FI,S,2024,7125.0
FI,S,2025,6994.0
FR,S,2020,49270.5
FR,S,2021,54402.0
FR,S,2022,60591.3
FR,S,2023,64668.1
FR,S,2024,67697.6
FR,S,2025,69002.5
HR,S,2020,1327.7
HR,S,2021,1565.0
HR,S,2022,1789.8
HR,S,2023,2044.6
HR,S,2024,2091.9
HU,S,2020,2661.7
HU,S,2021,2990.1
HU,S,2022,3457.3
HU,S,2023,3586.7
HU,S,2024,3661.0
IE,S,2020,4336.5
IE,S,2021,4407.2
IE,S,2022,6609.0
IE,S,2023,5819.4
IE,S,2024,6170.6
IS,S,2020,513.7
IS,S,2021,616.5
IS,S,2022,806.2
IS,S,2023,878.8
IS,S,2024,930.2
IS,S,2025,1086.2
IT,S,2020,37182.8
IT,S,2021,40137.5
IT,S,2022,43978.4
IT,S,2023,48354.6
IT,S,2024,49963.8
LI,S,2020,47.4
LI,S,2021,43.3
LI,S,2022,86.5
LT,S,2020,739.4
LT,S,2021,787.4
LT,S,2022,886.6
LT,S,2023,930.4
LT,S,2024,1064.8
LU,S,2020,681.7
LU,S,2021,828.5
LU,S,2022,919.8
LU,S,2023,1053.3
LU,S,2024,1090.0
LV,S,2020,414.6
LV,S,2021,397.8
LV,S,2022,513.7
LV,S,2023,551.0
LV,S,2024,542.9
ME,S,2020,93.5
ME,S,2021,97.4
ME,S,2022,118.5
ME,S,2023,145.5
ME,S,2024,159.5
MK,S,2020,186.2
MK,S,2021,202.8
MT,S,2020,204.9
MT,S,2021,246.8
MT,S,2022,299.9
MT,S,2023,341.4
MT,S,2024,368.6
MT,S,2025,392.4
NL,S,2020,15309.0
NL,S,2021,16502.0
NL,S,2022,18099.0
NL,S,2023,19524.0
NL,S,2024,20417.0
NL,S,2025,21571.0
NO,S,2020,5532.6
NO,S,2021,6619.2
NO,S,2022,7265.0
NO,S,2023,7111.0
NO,S,2024,7270.4
NO,S,2025,7453.4
PL,S,2020,9016.7
PL,S,2021,8985.4
PL,S,2022,9812.6
PL,S,2023,11829.4
PL,S,2024,13464.2
PT,S,2020,3747.5
PT,S,2021,3910.0
PT,S,2022,4582.9
PT,S,2023,5272.8
PT,S,2024,5452.2
PT,S,2025,5647.8
RO,S,2020,5236.8
RO,S,2021,5151.8
RO,S,2022,6557.9
RO,S,2023,7774.5
RO,S,2024,9277.5
RS,S,2020,1028.8
RS,S,2021,1152.1
RS,S,2022,1295.7
RS,S,2023,1413.7
RS,S,2024,1580.1
SE,S,2020,9796.7
SE,S,2021,10626.8
SE,S,2022,10785.4
SE,S,2023,10772.9
SI,S,2020,754.9
SI,S,2021,861.7
SI,S,2022,1000.9
SI,S,2023,1071.0
SI,S,2024,1188.7
SI,S,2025,1216.3
SK,S,2020,1298.9
SK,S,2021,1494.3
SK,S,2022,1626.8
SK,S,2023,1929.5
SK,S,2024,1858.0
TR,S,2023,12634.6
UA,S,2020,1792.6
UA,S,2021,2233.0
UA,S,2022,1931.8
UA,S,2023,2080.4
UA,S,2024,2298.7
AT,S94,2020,4534.9
AT,S94,2021,4715.3
AT,S94,2022,5208.7
AT,S94,2023,5965.9
AT,S94,2024,6278.4
AT,S94,2025,6440.0
BA,S94,2020,162.7
BA,S94,2021,172.6
BA,S94,2022,205.0
BA,S94,2023,217.1
BE,S94,2020,5808.8
BE,S94,2021,6288.3
BE,S94,2022,7247.9
BE,S94,2023,7800.4
BG,S94,2020,275.1
BG,S94,2021,304.7
BG,S94,2022,258.1
BG,S94,2023,635.1
BG,S94,2024,391.6
CH,S94,2020,13217.7
CH,S94,2021,14048.5
CH,S94,2022,15680.5
CH,S94,2023,16884.7
CH,S94,2024,17495.5
CY,S94,2020,147.2
CY,S94,2021,160.7
CY,S94,2022,163.1
CY,S94,2023,175.9
CZ,S94,2020,1157.7
CZ,S94,2021,1280.9
CZ,S94,2022,1518.0
CZ,S94,2023,1740.2
CZ,S94,2024,1743.4
CZ,S94,2025,1890.8
DE,S94,2020,45778.0
DE,S94,2021,46023.0
DE,S94,2022,47388.0
DE,S94,2023,49989.0
DE,S94,2024,52008.0
DK,S94,2020,3901.5
DK,S94,2021,4041.4
DK,S94,2022,4315.1
DK,S94,2023,4445.6
DK,S94,2024,4771.6
DK,S94,2025,5020.5
EA12,S94,2020,125753.6
EA12,S94,2021,132212.9
EA12,S94,2022,143902.6
EA12,S94,2023,151530.3
EA19,S94,2020,127455.1
EA19,S94,2021,134102.3
EA19,S94,2022,146033.3
EA19,S94,2023,153913.4
EA20,S94,2020,127973.3
EA20,S94,2021,134707.2
EA20,S94,2022,146734.2
EA20,S94,2023,154718.8
EA21,S94,2020,128230.0
EA21,S94,2021,134992.2
EA21,S94,2022,146978.0
EA21,S94,2023,155319.0
EE,S94,2020,252.5
EE,S94,2021,272.6
EE,S94,2022,310.6
EE,S94,2023,343.1
EE,S94,2024,357.6
EE,S94,2025,362.1
EL,S94,2020,2610.0
EL,S94,2021,2858.8
EL,S94,2022,3036.0
EL,S94,2023,3056.4
EL,S94,2024,3154.0
ES,S94,2020,15254.0
ES,S94,2021,16893.0
ES,S94,2022,20186.0
ES,S94,2023,20573.0
EU27_2020,S94,2020,144995.0
EU27_2020,S94,2021,152292.6
EU27_2020,S94,2022,165915.8
EU27_2020,S94,2023,176320.0
FI,S94,2020,3917.0
FI,S94,2021,3936.0
FI,S94,2022,4495.0
FI,S94,2023,4394.0
FI,S94,2024,4470.0
FI,S94,2025,4508.0
FR,S94,2020,24961.5
FR,S94,2021,27118.6
FR,S94,2022,29619.5
FR,S94,2023,31334.2
FR,S94,2024,32777.7
HR,S94,2020,518.2
HR,S94,2021,604.8
HR,S94,2022,700.9
HR,S94,2023,805.4
HR,S94,2024,856.6
HU,S94,2020,1220.7
HU,S94,2021,1331.4
HU,S94,2022,1632.6
HU,S94,2023,1808.0
HU,S94,2024,1812.6
IE,S94,2020,2600.9
IE,S94,2021,2765.2
IE,S94,2022,3832.6
IE,S94,2023,3303.6
IE,S94,2024,3516.4
IS,S94,2020,352.5
IS,S94,2021,391.8
IS,S94,2022,463.0
IS,S94,2023,469.0
IS,S94,2024,503.8
IS,S94,2025,559.1
IT,S94,2020,10139.5
IT,S94,2021,10744.0
IT,S94,2022,11298.7
IT,S94,2023,12452.7
LT,S94,2020,185.9
LT,S94,2021,162.1
LT,S94,2022,173.2
LT,S94,2023,177.0
LT,S94,2024,221.1
LU,S94,2020,364.8
LU,S94,2021,392.5
LU,S94,2022,455.5
LU,S94,2023,521.4
LU,S94,2024,531.6
LV,S94,2020,190.6
LV,S94,2021,194.5
LV,S94,2022,248.8
LV,S94,2023,252.3
MK,S94,2020,91.3
MK,S94,2021,99.0
MT,S94,2020,81.0
MT,S94,2021,90.3
MT,S94,2022,103.2
MT,S94,2023,112.5
MT,S94,2024,116.3
MT,S94,2025,119.4
NL,S94,2020,8212.0
NL,S94,2021,8878.0
NL,S94,2022,9269.0
NL,S94,2023,10127.0
NL,S94,2024,10585.0
NL,S94,2025,11199.0
NO,S94,2020,3497.9
NO,S94,2021,4211.1
NO,S94,2022,4623.0
NO,S94,2023,4730.2
PL,S94,2020,2686.9
PL,S94,2021,2750.2
PL,S94,2022,3231.7
PL,S94,2023,4311.5
PT,S94,2020,1572.1
PT,S94,2021,1600.2
PT,S94,2022,1876.3
PT,S94,2023,2233.5
PT,S94,2024,2203.8
RO,S94,2020,2458.8
RO,S94,2021,2098.1
RO,S94,2022,2303.2
RO,S94,2023,2796.0
RO,S94,2024,3299.2
RS,S94,2020,439.9
RS,S94,2021,514.8
RS,S94,2022,589.7
RS,S94,2023,636.3
RS,S94,2024,694.2
SE,S94,2020,5339.4
SE,S94,2021,5798.6
SE,S94,2022,5935.9
SE,S94,2023,5980.3
SI,S94,2020,363.7
SI,S94,2021,428.9
SI,S94,2022,509.5
SI,S94,2023,543.6
SI,S94,2024,583.1
SI,S94,2025,612.4
SK,S94,2020,480.6
SK,S94,2021,580.4
SK,S94,2022,621.9
SK,S94,2023,784.4
SK,S94,2024,780.7
TR,S94,2023,6075.6
AT,S95,2020,291.4
AT,S95,2021,310.1
AT,S95,2022,332.1
AT,S95,2023,400.1
AT,S95,2024,406.5
AT,S95,2025,400.3
BA,S95,2020,35.8
BA,S95,2021,37.3
BA,S95,2022,41.0
BA,S95,2023,44.2
BE,S95,2020,560.9
BE,S95,2021,598.8
BE,S95,2022,712.5
BE,S95,2023,789.6
BG,S95,2020,78.8
BG,S95,2021,89.6
BG,S95,2022,107.3
BG,S95,2023,120.7
BG,S95,2024,165.0
CH,S95,2020,528.0
CH,S95,2021,577.4
CH,S95,2022,732.6
CH,S95,2023,800.4
CH,S95,2024,759.9
CY,S95,2020,16.7
CY,S95,2021,20.0
CY,S95,2022,20.8
CY,S95,2023,21.6
CZ,S95,2020,712.3
CZ,S95,2021,716.2
CZ,S95,2022,891.2
CZ,S95,2023,939.3
CZ,S95,2024,874.2
CZ,S95,2025,912.3
DE,S95,2020,2661.0
DE,S95,2021,2799.0
DE,S95,2022,2974.0
DE,S95,2023,3189.0
DE,S95,2024,3263.0
DK,S95,2020,689.9
DK,S95,2021,711.3
DK,S95,2022,669.3
DK,S95,2023,635.9
DK,S95,2024,615.5
DK,S95,2025,584.7
EA12,S95,2020,20726.7
EA12,S95,2021,22205.2
EA12,S95,2022,24229.0
EA12,S95,2023,25234.0
EA19,S95,2020,21165.8
EA19,S95,2021,22685.3
EA19,S95,2022,24766.6
EA19,S95,2023,25804.8
EA20,S95,2020,21314.6
EA20,S95,2021,22843.8
EA20,S95,2022,24935.7
EA20,S95,2023,25989.9
EA21,S95,2020,21388.1
EA21,S95,2021,22927.6
EA21,S95,2022,25037.1
EA21,S95,2023,26104.0
EE,S95,2020,34.7
EE,S95,2021,37.4
EE,S95,2022,38.9
EE,S95,2023,43.0
EE,S95,2024,43.8
EE,S95,2025,36.4
EL,S95,2020,351.9
EL,S95,2021,438.9
EL,S95,2022,399.4
EL,S95,2023,492.6
EL,S95,2024,435.1
ES,S95,2020,2840.0
ES,S95,2021,3234.0
ES,S95,2022,3398.0
ES,S95,2023,3172.0
EU27_2020,S95,2020,26613.3
EU27_2020,S95,2021,27798.2
EU27_2020,S95,2022,30013.7
EU27_2020,S95,2023,30989.3
FI,S95,2020,340.0
FI,S95,2021,360.0
FI,S95,2022,393.0
FI,S95,2023,388.0
FI,S95,2024,381.0
FI,S95,2025,373.0
FR,S95,2020,9298.6
FR,S95,2021,9686.2
FR,S95,2022,10511.9
FR,S95,2023,10986.1
FR,S95,2024,11098.6
HR,S95,2020,148.8
HR,S95,2021,158.5
HR,S95,2022,169.1
HR,S95,2023,185.1
HR,S95,2024,180.3
HU,S95,2020,413.6
HU,S95,2021,466.4
HU,S95,2022,495.3
HU,S95,2023,472.4
HU,S95,2024,477.7
IE,S95,2020,111.1
IE,S95,2021,136.0
IE,S95,2022,181.4
IE,S95,2023,176.0
IE,S95,2024,178.2
IS,S95,2020,14.0
IS,S95,2021,16.3
IS,S95,2022,17.4
IS,S95,2023,18.4
IS,S95,2024,18.1
IS,S95,2025,18.7
IT,S95,2020,2794.5
IT,S95,2021,3092.5
IT,S95,2022,3617.9
IT,S95,2023,3843.6
LT,S95,2020,114.7
LT,S95,2021,117.4
LT,S95,2022,113.0
LT,S95,2023,112.5
LT,S95,2024,110.8
LU,S95,2020,25.5
LU,S95,2021,27.1
LU,S95,2022,26.4
LU,S95,2023,28.4
LU,S95,2024,28.2
LV,S95,2020,32.3
LV,S95,2021,28.6
LV,S95,2022,36.4
LV,S95,2023,30.1
MK,S95,2020,15.8
MK,S95,2021,20.2
MT,S95,2020,23.4
MT,S95,2021,26.1
MT,S95,2022,32.9
MT,S95,2023,35.3
MT,S95,2024,38.0
MT,S95,2025,40.6
NL,S95,2020,1147.0
NL,S95,2021,1169.0
NL,S95,2022,1255.0
NL,S95,2023,1271.0
NL,S95,2024,1297.0
NL,S95,2025,1376.0
NO,S95,2020,230.5
NO,S95,2021,257.6
NO,S95,2022,255.0
NO,S95,2023,237.0
PL,S95,2020,2051.8
PL,S95,2021,1516.0
PL,S95,2022,1240.3
PL,S95,2023,1453.8
PT,S95,2020,304.8
PT,S95,2021,353.7
PT,S95,2022,395.4
PT,S95,2023,455.6
PT,S95,2024,477.2
RO,S95,2020,823.4
RO,S95,2021,928.8
RO,S95,2022,1123.8
RO,S95,2023,873.0
RO,S95,2024,1095.0
RS,S95,2020,156.4
RS,S95,2021,176.3
RS,S95,2022,189.0
RS,S95,2023,210.8
RS,S95,2024,244.9
SE,S95,2020,534.1
SE,S95,2021,531.9
SE,S95,2022,556.2
SE,S95,2023,516.4
SI,S95,2020,70.4
SI,S95,2021,76.9
SI,S95,2022,89.2
SI,S95,2023,93.3
SI,S95,2024,102.9
SI,S95,2025,106.8
SK,S95,2020,146.8
SK,S95,2021,173.6
SK,S95,2022,206.4
SK,S95,2023,235.1
SK,S95,2024,361.4
TR,S95,2023,2320.4
AT,S96,2020,3414.2
AT,S96,2021,3456.3
AT,S96,2022,4179.5
AT,S96,2023,4455.2
AT,S96,2024,4736.2
AT,S96,2025,4929.3
BA,S96,2020,123.4
BA,S96,2021,137.6
BA,S96,2022,165.7
BA,S96,2023,181.4
BE,S96,2020,3691.5
BE,S96,2021,4059.9
BE,S96,2022,4732.3
BE,S96,2023,5214.1
BG,S96,2020,659.7
BG,S96,2021,786.5
BG,S96,2022,910.8
BG,S96,2023,602.5
BG,S96,2024,1048.1
CH,S96,2020,3709.8
CH,S96,2021,4287.3
CH,S96,2022,5193.5
CH,S96,2023,5700.8
CH,S96,2024,5834.4
CY,S96,2020,221.0
CY,S96,2021,287.3
CY,S96,2022,366.1
CY,S96,2023,388.6
CZ,S96,2020,1270.0
CZ,S96,2021,1408.2
CZ,S96,2022,1812.7
CZ,S96,2023,2245.1
CZ,S96,2024,2347.9
CZ,S96,2025,2566.7
DE,S96,2020,45520.0
DE,S96,2021,48736.0
DE,S96,2022,64077.0
DE,S96,2023,67311.0
DE,S96,2024,71328.0
DK,S96,2020,1886.6
DK,S96,2021,1821.2
DK,S96,2022,2167.6
DK,S96,2023,2226.0
DK,S96,2024,2290.6
DK,S96,2025,2354.6
EA12,S96,2020,114642.6
EA12,S96,2021,125757.4
EA12,S96,2022,155142.6
EA12,S96,2023,165985.7
EA19,S96,2020,116799.4
EA19,S96,2021,128211.8
EA19,S96,2022,158044.4
EA19,S96,2023,169186.8
EA20,S96,2020,117460.0
EA20,S96,2021,129013.5
EA20,S96,2022,158964.2
EA20,S96,2023,170241.0
EA21,S96,2020,118075.7
EA21,S96,2021,129749.0
EA21,S96,2022,159824.5
EA21,S96,2023,170810.5
EE,S96,2020,212.5
EE,S96,2021,258.1
EE,S96,2022,344.6
EE,S96,2023,368.9
EE,S96,2024,362.9
EE,S96,2025,359.1
EL,S96,2020,1337.4
EL,S96,2021,1627.9
EL,S96,2022,2127.0
EL,S96,2023,2260.4
EL,S96,2024,2486.5
ES,S96,2020,9909.0
ES,S96,2021,11757.0
ES,S96,2022,14721.0
ES,S96,2023,15415.0
EU27_2020,S96,2020,132415.3
EU27_2020,S96,2021,145311.2
EU27_2020,S96,2022,177900.2
EU27_2020,S96,2023,191069.1
FI,S96,2020,1775.0
FI,S96,2021,1896.0
FI,S96,2022,2104.0
FI,S96,2023,2273.0
FI,S96,2024,2274.0
FI,S96,2025,2113.0
FR,S96,2020,15010.4
FR,S96,2021,17597.2
FR,S96,2022,20459.9
FR,S96,2023,22347.8
FR,S96,2024,23821.3
HR,S96,2020,660.6
HR,S96,2021,801.7
HR,S96,2022,919.8
HR,S96,2023,1054.2
HR,S96,2024,1055.0
HU,S96,2020,1027.4
HU,S96,2021,1192.3
HU,S96,2022,1329.4
HU,S96,2023,1306.3
HU,S96,2024,1370.7
IE,S96,2020,1624.4
IE,S96,2021,1506.1
IE,S96,2022,2595.0
IE,S96,2023,2339.8
IE,S96,2024,2475.9
IS,S96,2020,147.2
IS,S96,2021,208.4
IS,S96,2022,325.8
IS,S96,2023,391.3
IS,S96,2024,408.3
IS,S96,2025,508.5
IT,S96,2020,24248.8
IT,S96,2021,26301.0
IT,S96,2022,29061.8
IT,S96,2023,32058.3
LT,S96,2020,438.8
LT,S96,2021,507.8
LT,S96,2022,600.4
LT,S96,2023,641.0
LT,S96,2024,732.9
LU,S96,2020,291.4
LU,S96,2021,408.9
LU,S96,2022,438.0
LU,S96,2023,503.5
LU,S96,2024,530.2
LV,S96,2020,191.6
LV,S96,2021,174.7
LV,S96,2022,228.5
LV,S96,2023,268.6
MK,S96,2020,79.2
MK,S96,2021,83.7
MT,S96,2020,100.5
MT,S96,2021,130.5
MT,S96,2022,163.9
MT,S96,2023,193.7
MT,S96,2024,214.4
MT,S96,2025,232.4
NL,S96,2020,5950.0
NL,S96,2021,6455.0
NL,S96,2022,7575.0
NL,S96,2023,8126.0
NL,S96,2024,8535.0
NL,S96,2025,8996.0
NO,S96,2020,1804.2
NO,S96,2021,2150.5
NO,S96,2022,2387.0
NO,S96,2023,2143.8
PL,S96,2020,4278.0
PL,S96,2021,4719.2
PL,S96,2022,5340.7
PL,S96,2023,6064.1
PT,S96,2020,1870.5
PT,S96,2021,1956.1
PT,S96,2022,2311.1
PT,S96,2023,2583.7
PT,S96,2024,2771.2
RO,S96,2020,1954.6
RO,S96,2021,2124.9
RO,S96,2022,3130.9
RO,S96,2023,4105.5
RO,S96,2024,4883.2
RS,S96,2020,432.5
RS,S96,2021,461.0
RS,S96,2022,517.0
RS,S96,2023,566.6
RS,S96,2024,641.0
SE,S96,2020,3923.1
SE,S96,2021,4296.4
SE,S96,2022,4293.3
SE,S96,2023,4276.1
SI,S96,2020,320.9
SI,S96,2021,355.8
SI,S96,2022,402.2
SI,S96,2023,434.1
SI,S96,2024,502.7
SI,S96,2025,497.1
SK,S96,2020,671.4
SK,S96,2021,740.3
SK,S96,2022,798.5
SK,S96,2023,910.0
SK,S96,2024,715.9
TR,S96,2023,4238.7
AT,T,2020,136.1
AT,T,2021,132.0
AT,T,2022,133.9
AT,T,2023,134.4
AT,T,2024,139.1
AT,T,2025,143.0
BE,T,2020,211.1
BE,T,2021,255.8
BE,T,2022,270.3
BE,T,2023,264.4
BE,T,2024,256.4
CH,T,2020,1971.2
CH,T,2021,2102.7
CH,T,2022,2445.2
CH,T,2023,2669.8
CH,T,2024,2676.3
CY,T,2020,183.6
CY,T,2021,198.8
CY,T,2022,207.5
CY,T,2023,223.6
CY,T,2024,223.4
CZ,T,2020,188.1
CZ,T,2021,236.6
CZ,T,2022,316.9
CZ,T,2023,352.6
CZ,T,2024,396.7
CZ,T,2025,443.3
DE,T,2020,7835.0
DE,T,2021,8108.0
DE,T,2022,8526.0
DE,T,2023,9224.0
DE,T,2024,9710.0
DE,T,2025,10175.0
DK,T,2020,650.7
DK,T,2021,654.1
DK,T,2022,659.5
DK,T,2023,675.3
DK,T,2024,673.2
DK,T,2025,679.4
EA12,T,2020,39522.3
EA12,T,2021,41269.5
EA12,T,2022,42058.0
EA12,T,2023,45068.2
EA12,T,2024,46360.2
EA19,T,2020,39908.5
EA19,T,2021,41676.4
EA19,T,2022,42495.1
EA19,T,2023,45549.3
EA19,T,2024,46871.9
EA20,T,2020,39923.9
EA20,T,2021,41692.1
EA20,T,2022,42511.0
EA20,T,2023,45565.5
EA20,T,2024,46888.2
EA21,T,2020,40088.8
EA21,T,2021,41878.0
EA21,T,2022,42732.1
EA21,T,2023,45821.2
EA21,T,2024,47206.9
EE,T,2020,14.2
EE,T,2021,16.2
EE,T,2022,19.2
EE,T,2023,21.1
EE,T,2024,22.0
EE,T,2025,23.7
EL,T,2020,615.0
EL,T,2021,713.8
EL,T,2022,730.9
EL,T,2023,750.0
EL,T,2024,760.8
ES,T,2020,9292.0
ES,T,2021,9913.0
ES,T,2022,10193.0
ES,T,2023,11363.0
ES,T,2024,11634.0
EU27_2020,T,2020,41280.4
EU27_2020,T,2021,43132.0
EU27_2020,T,2022,44050.7
EU27_2020,T,2023,47201.3
EU27_2020,T,2024,48693.2
FI,T,2020,342.0
FI,T,2021,335.0
FI,T,2022,329.0
FI,T,2023,295.0
FI,T,2024,277.0
FI,T,2025,269.0
FR,T,2020,2618.3
FR,T,2021,3023.1
FR,T,2022,3121.1
FR,T,2023,3238.1
FR,T,2024,3328.2
FR,T,2025,3349.9
HR,T,2020,15.4
HR,T,2021,15.7
HR,T,2022,15.9
HR,T,2023,16.3
HR,T,2024,16.3
HU,T,2020,26.0
HU,T,2021,24.5
HU,T,2022,22.7
HU,T,2023,25.1
HU,T,2024,26.0
IE,T,2020,179.4
IE,T,2021,203.3
IE,T,2022,34.9
IE,T,2023,85.1
IE,T,2024,81.5
IS,T,2020,10.0
IS,T,2021,10.8
IS,T,2022,12.3
IS,T,2023,12.8
IS,T,2024,13.2
IS,T,2025,13.7
IT,T,2020,16081.1
IT,T,2021,16406.1
IT,T,2022,16180.4
IT,T,2023,16690.4
IT,T,2024,17490.9
LI,T,2020,12.8
LI,T,2021,15.6
LI,T,2022,14.0
LT,T,2020,46.7
LT,T,2021,47.6
LT,T,2022,53.9
LT,T,2023,60.5
LT,T,2024,65.9
LU,T,2020,154.0
LU,T,2021,160.1
LU,T,2022,166.0
LU,T,2023,172.5
LU,T,2024,175.6
LV,T,2020,50.1
LV,T,2021,50.0
LV,T,2022,47.2
LV,T,2023,52.7
LV,T,2024,63.9
ME,T,2020,5.9
ME,T,2021,5.8
ME,T,2022,7.8
ME,T,2023,8.9
ME,T,2024,11.2
MK,T,2020,0.7
MK,T,2021,0.1
MT,T,2020,14.1
MT,T,2021,13.1
MT,T,2022,19.8
MT,T,2023,27.6
MT,T,2024,35.9
MT,T,2025,38.5
NL,T,2020,952.0
NL,T,2021,986.0
NL,T,2022,1044.0
NL,T,2023,1140.0
NL,T,2024,1268.0
NL,T,2025,1540.0
NO,T,2020,25.0
NO,T,2021,28.9
NO,T,2022,32.7
NO,T,2023,32.5
NO,T,2024,28.4
NO,T,2025,20.1
PL,T,2020,76.1
PL,T,2021,58.3
PL,T,2022,68.5
PL,T,2023,73.5
PL,T,2024,125.4
PT,T,2020,1106.3
PT,T,2021,1033.3
PT,T,2022,1210.6
PT,T,2023,1353.1
PT,T,2024,1457.9
PT,T,2025,1500.6
RO,T,2020,0.0
RO,T,2021,0.0
RO,T,2022,0.0
RO,T,2023,0.0
RO,T,2024,0.0
RS,T,2020,34.9
RS,T,2021,37.5
RS,T,2022,45.9
RS,T,2023,63.5
RS,T,2024,56.5
SE,T,2020,250.6
SE,T,2021,280.6
SE,T,2022,250.9
SE,T,2023,272.4
SI,T,2020,33.0
SI,T,2021,35.0
SI,T,2022,38.4
SI,T,2023,42.5
SI,T,2024,43.3
SI,T,2025,47.0
SK,T,2020,44.6
SK,T,2021,46.3
SK,T,2022,51.2
SK,T,2023,53.1
SK,T,2024,57.6
TR,T,2023,609.6
AL,TOTAL,2020,20175.6
AL,TOTAL,2021,23187.1
AL,TOTAL,2022,26853.9
AL,TOTAL,2023,31937.3
AL,TOTAL,2024,36527.8
AL,TOTAL,2025,39328.8
AT,TOTAL,2020,698578.3
AT,TOTAL,2021,775918.0
AT,TOTAL,2022,912781.6
AT,TOTAL,2023,952441.9
AT,TOTAL,2024,955201.2
AT,TOTAL,2025,971906.9
BA,TOTAL,2020,28892.9
BA,TOTAL,2021,32745.1
BA,TOTAL,2022,39106.2
BA,TOTAL,2023,41433.7
BE,TOTAL,2020,940992.2
BE,TOTAL,2021,1093235.2
BE,TOTAL,2022,1239048.8
BE,TOTAL,2023,1266093.6
BE,TOTAL,2024,1291294.1
BG,TOTAL,2020,121840.5
BG,TOTAL,2021,142869.6
BG,TOTAL,2022,181107.1
BG,TOTAL,2023,186922.5
BG,TOTAL,2024,199793.7
CH,TOTAL,2020,1366731.3
CH,TOTAL,2021,1538498.5
CH,TOTAL,2022,1837405.7
CH,TOTAL,2023,1866313.2
CH,TOTAL,2024,1937580.8
CY,TOTAL,2020,45526.4
CY,TOTAL,2021,53420.8
CY,TOTAL,2022,64381.7
CY,TOTAL,2023,66406.6
CY,TOTAL,2024,71483.0
CZ,TOTAL,2020,474024.3
CZ,TOTAL,2021,546775.7
CZ,TOTAL,2022,662320.8
CZ,TOTAL,2023,706405.2
CZ,TOTAL,2024,703469.9
CZ,TOTAL,2025,752740.2
DE,TOTAL,2020,6356894.0
DE,TOTAL,2021,6888653.0
DE,TOTAL,2022,7834296.0
DE,TOTAL,2023,8144537.0
DE,TOTAL,2024,8332142.0
DE,TOTAL,2025,8552025.0
DK,TOTAL,2020,544046.5
DK,TOTAL,2021,606614.2
DK,TOTAL,2022,706280.6
DK,TOTAL,2023,691417.9
DK,TOTAL,2024,724302.3
DK,TOTAL,2025,756140.0
EA12,TOTAL,2020,20778654.1
EA12,TOTAL,2021,23169622.1
EA12,TOTAL,2022,26544992.5
EA12,TOTAL,2023,27516220.6
EA12,TOTAL,2024,28087005.6
EA19,TOTAL,2020,21341106.6
EA19,TOTAL,2021,23814853.4
EA19,TOTAL,2022,27314654.9
EA19,TOTAL,2023,28324453.1
EA19,TOTAL,2024,28915335.1
EA20,TOTAL,2020,21425562.2
EA20,TOTAL,2021,23913769.5
EA20,TOTAL,2022,27434056.0
EA20,TOTAL,2023,28460074.6
EA20,TOTAL,2024,29059821.1
EA21,TOTAL,2020,21547404.6
EA21,TOTAL,2021,24056641.3
EA21,TOTAL,2022,27615165.8
EA21,TOTAL,2023,28647000.0
EA21,TOTAL,2024,29259617.9
EE,TOTAL,2020,53980.6
EE,TOTAL,2021,62643.7
EE,TOTAL,2022,75836.5
EE,TOTAL,2023,76710.7
EE,TOTAL,2024,78306.4
EE,TOTAL,2025,81514.7
EL,TOTAL,2020,268864.0
EL,TOTAL,2021,311808.9
EL,TOTAL,2022,379821.5
EL,TOTAL,2023,398175.9
EL,TOTAL,2024,413353.1
ES,TOTAL,2020,2030323.0
ES,TOTAL,2021,2280636.0
ES,TOTAL,2022,2664587.0
ES,TOTAL,2023,2787473.0
ES,TOTAL,2024,2946682.0
EU27_2020,TOTAL,2020,25143706.4
EU27_2020,TOTAL,2021,28131808.6
EU27_2020,TOTAL,2022,32397595.5
EU27_2020,TOTAL,2023,33647531.5
EU27_2020,TOTAL,2024,34480302.8
FI,TOTAL,2020,431990.0
FI,TOTAL,2021,466804.0
FI,TOTAL,2022,525392.0
FI,TOTAL,2023,525630.0
FI,TOTAL,2024,526767.0
FI,TOTAL,2025,534688.0
FR,TOTAL,2020,4075011.5
FR,TOTAL,2021,4520881.4
FR,TOTAL,2022,5111526.8
FR,TOTAL,2023,5295877.3
FR,TOTAL,2024,5385967.6
FR,TOTAL,2025,5488460.1
HR,TOTAL,2020,84455.6
HR,TOTAL,2021,98916.1
HR,TOTAL,2022,119401.0
HR,TOTAL,2023,135621.5
HR,TOTAL,2024,144486.1
HU,TOTAL,2020,268109.6
HU,TOTAL,2021,307016.2
HU,TOTAL,2022,359420.2
HU,TOTAL,2023,392424.6
HU,TOTAL,2024,394946.5
IE,TOTAL,2020,706976.3
IE,TOTAL,2021,856316.7
IE,TOTAL,2022,1007801.3
IE,TOTAL,2023,1020302.0
IE,TOTAL,2024,1127871.2
IS,TOTAL,2020,34053.1
IS,TOTAL,2021,39902.4
IS,TOTAL,2022,50573.0
IS,TOTAL,2023,53166.1
IS,TOTAL,2024,56062.5
IS,TOTAL,2025,61120.5
IT,TOTAL,2020,3143279.3
IT,TOTAL,2021,3604862.5
IT,TOTAL,2022,4124091.0
IT,TOTAL,2023,4263068.0
IT,TOTAL,2024,4334675.8
IT,TOTAL,2025,4410064.1
LI,TOTAL,2020,14050.5
LI,TOTAL,2021,15376.0
LI,TOTAL,2022,19622.3
LT,TOTAL,2020,87379.8
LT,TOTAL,2021,105434.7
LT,TOTAL,2022,131204.6
LT,TOTAL,2023,134656.6
LT,TOTAL,2024,141005.2
LU,TOTAL,2020,226022.2
LU,TOTAL,2021,266892.6
LU,TOTAL,2022,279168.9
LU,TOTAL,2023,291486.5
LU,TOTAL,2024,283329.5
LV,TOTAL,2020,52295.5
LV,TOTAL,2021,59747.6
LV,TOTAL,2022,72408.8
LV,TOTAL,2023,73228.4
LV,TOTAL,2024,73072.2
ME,TOTAL,2020,6904.5
ME,TOTAL,2021,7965.8
ME,TOTAL,2022,9553.5
ME,TOTAL,2023,11191.6
ME,TOTAL,2024,12276.8
MK,TOTAL,2020,20272.1
MK,TOTAL,2021,23087.1
MT,TOTAL,2020,35585.6
MT,TOTAL,2021,40462.1
MT,TOTAL,2022,46865.9
MT,TOTAL,2023,53450.3
MT,TOTAL,2024,58954.9
MT,TOTAL,2025,62983.2
NL,TOTAL,2020,1573914.0
NL,TOTAL,2021,1740104.0
NL,TOTAL,2022,2010010.0
NL,TOTAL,2023,2073763.0
NL,TOTAL,2024,2159455.0
NL,TOTAL,2025,2253412.0
NO,TOTAL,2020,564033.5
NO,TOTAL,2021,709357.5
NO,TOTAL,2022,901256.1
NO,TOTAL,2023,756961.2
NO,TOTAL,2024,761249.3
NO,TOTAL,2025,781080.0
PL,TOTAL,2020,1046838.2
PL,TOTAL,2021,1188333.3
PL,TOTAL,2022,1443734.4
PL,TOTAL,2023,1576174.2
PL,TOTAL,2024,1686035.6
PT,TOTAL,2020,352871.3
PT,TOTAL,2021,395951.7
PT,TOTAL,2022,473336.0
PT,TOTAL,2023,504302.1
PT,TOTAL,2024,530885.4
PT,TOTAL,2025,551210.4
RO,TOTAL,2020,403651.0
RO,TOTAL,2021,454537.9
RO,TOTAL,2022,558300.3
RO,TOTAL,2023,606094.5
RO,TOTAL,2024,644502.2
RS,TOTAL,2020,101133.6
RS,TOTAL,2021,116756.8
RS,TOTAL,2022,134001.3
RS,TOTAL,2023,154012.3
RS,TOTAL,2024,167804.8
SE,TOTAL,2020,859632.2
SE,TOTAL,2021,971889.9
SE,TOTAL,2022,1052123.9
SE,TOTAL,2023,1033078.5
SE,TOTAL,2024,1075981.4
SI,TOTAL,2020,86660.5
SI,TOTAL,2021,100082.7
SI,TOTAL,2022,115171.7
SI,TOTAL,2023,123856.9
SI,TOTAL,2024,127536.2
SI,TOTAL,2025,132258.6
SK,TOTAL,2020,201023.9
SK,TOTAL,2021,223381.6
SK,TOTAL,2022,263969.7
SK,TOTAL,2023,279826.4
SK,TOTAL,2024,278414.9
TR,TOTAL,2023,2032369.2
UA,TOTAL,2020,281360.7
UA,TOTAL,2021,353684.3
UA,TOTAL,2022,308986.9
UA,TOTAL,2023,345036.2
UA,TOTAL,2024,355623.0
BE,U,2020,0.0
BE,U,2021,0.0
BE,U,2022,0.0
BE,U,2023,0.0
BE,U,2024,0.0
CY,U,2020,0.0
CY,U,2021,0.0
CY,U,2022,0.0
CY,U,2023,0.0
CY,U,2024,0.0
CZ,U,2020,0.0
CZ,U,2021,0.0
CZ,U,2022,0.0
CZ,U,2023,0.0
CZ,U,2024,0.0
CZ,U,2025,0.0
DK,U,2020,0.0
DK,U,2021,0.0
DK,U,2022,0.0
DK,U,2023,0.0
DK,U,2024,0.0
DK,U,2025,0.0
EA12,U,2020,0.0
EA12,U,2021,0.0
EA12,U,2022,0.0
EA12,U,2023,0.0
EA12,U,2024,0.0
EA19,U,2020,0.0
EA19,U,2021,0.0
EA19,U,2022,0.0
EA19,U,2023,0.0
EA19,U,2024,0.0
EA20,U,2020,0.0
EA20,U,2021,0.0
EA20,U,2022,0.0
EA20,U,2023,0.0
EA20,U,2024,0.0
EA21,U,2020,0.0
EA21,U,2021,0.0
EA21,U,2022,0.0
EA21,U,2023,0.0
EA21,U,2024,0.0
EE,U,2020,0.0
EE,U,2021,0.0
EE,U,2022,0.0
EE,U,2023,0.0
EE,U,2024,0.0
EE,U,2025,0.0
EL,U,2020,0.0
EL,U,2021,0.0
EL,U,2022,0.0
EL,U,2023,0.0
EL,U,2024,0.0
ES,U,2020,0.0
ES,U,2021,0.0
ES,U,2022,0.0
ES,U,2023,0.0
ES,U,2024,0.0
EU27_2020,U,2020,0.0
EU27_2020,U,2021,0.0
EU27_2020,U,2022,0.0
EU27_2020,U,2023,0.0
EU27_2020,U,2024,0.0
FR,U,2020,0.0
FR,U,2021,0.0
FR,U,2022,0.0
FR,U,2023,0.0
FR,U,2024,0.0
FR,U,2025,0.0
HR,U,2020,0.0
HR,U,2021,0.0
HR,U,2022,0.0
HR,U,2023,0.0
HR,U,2024,0.0
IE,U,2020,0.0
IE,U,2021,0.0
IE,U,2022,0.0
IE,U,2023,0.0
IE,U,2024,0.0
IT,U,2020,0.0
IT,U,2021,0.0
IT,U,2022,0.0
IT,U,2023,0.0
IT,U,2024,0.0
LU,U,2020,0.0
LU,U,2021,0.0
LU,U,2022,0.0
LU,U,2023,0.0
LU,U,2024,0.0
ME,U,2020,0.0
ME,U,2021,0.0
ME,U,2022,0.0
ME,U,2023,0.0
MT,U,2020,0.0
MT,U,2021,0.0
MT,U,2022,0.0
MT,U,2023,0.0
MT,U,2024,0.0
MT,U,2025,0.0
NL,U,2020,0.0
NL,U,2021,0.0
NL,U,2022,0.0
NL,U,2023,0.0
NL,U,2024,0.0
NL,U,2025,0.0
NO,U,2020,0.0
NO,U,2021,0.0
NO,U,2022,0.0
NO,U,2023,0.0
NO,U,2024,0.0
NO,U,2025,0.0
PL,U,2020,0.0
PL,U,2021,0.0
PL,U,2022,0.0
PL,U,2023,0.0
PL,U,2024,0.0
PT,U,2020,0.0
PT,U,2021,0.0
PT,U,2022,0.0
PT,U,2023,0.0
PT,U,2024,0.0
PT,U,2025,0.0
RO,U,2020,0.0
RO,U,2021,0.0
RO,U,2022,0.0
RO,U,2023,0.0
RO,U,2024,0.0
RS,U,2020,0.0
RS,U,2021,0.0
RS,U,2022,0.0
RS,U,2023,0.0
RS,U,2024,0.0
SI,U,2020,0.0
SI,U,2021,0.0
SI,U,2022,0.0
SI,U,2023,0.0
SI,U,2024,0.0
SI,U,2025,0.0
SK,U,2020,0.0
SK,U,2021,0.0
SK,U,2022,0.0
SK,U,2023,0.0
SK,U,2024,0.0
BE,U99,2020,0.0
BE,U99,2021,0.0
BE,U99,2022,0.0
BE,U99,2023,0.0
BE,U99,2024,0.0
CY,U99,2020,0.0
CY,U99,2021,0.0
CY,U99,2022,0.0
CY,U99,2023,0.0
CZ,U99,2020,0.0
CZ,U99,2021,0.0
CZ,U99,2022,0.0
CZ,U99,2023,0.0
CZ,U99,2024,0.0
CZ,U99,2025,0.0
DK,U99,2020,0.0
DK,U99,2021,0.0
DK,U99,2022,0.0
DK,U99,2023,0.0
DK,U99,2024,0.0
DK,U99,2025,0.0
EA12,U99,2020,0.0
EA12,U99,2021,0.0
EA12,U99,2022,0.0
EA12,U99,2023,0.0
EA19,U99,2020,0.0
EA19,U99,2021,0.0
EA19,U99,2022,0.0
EA19,U99,2023,0.0
EA20,U99,2020,0.0
EA20,U99,2021,0.0
EA20,U99,2022,0.0
EA20,U99,2023,0.0
EA21,U99,2020,0.0
EA21,U99,2021,0.0
EA21,U99,2022,0.0
EA21,U99,2023,0.0
EE,U99,2020,0.0
EE,U99,2021,0.0
EE,U99,2022,0.0
EE,U99,2023,0.0
EE,U99,2024,0.0
EE,U99,2025,0.0
EL,U99,2020,0.0
EL,U99,2021,0.0
EL,U99,2022,0.0
EL,U99,2023,0.0
EL,U99,2024,0.0
ES,U99,2020,0.0
ES,U99,2021,0.0
ES,U99,2022,0.0
ES,U99,2023,0.0
EU27_2020,U99,2020,0.0
EU27_2020,U99,2021,0.0
EU27_2020,U99,2022,0.0
EU27_2020,U99,2023,0.0
FR,U99,2020,0.0
FR,U99,2021,0.0
FR,U99,2022,0.0
FR,U99,2023,0.0
FR,U99,2024,0.0
FR,U99,2025,0.0
HR,U99,2020,0.0
HR,U99,2021,0.0
HR,U99,2022,0.0
HR,U99,2023,0.0
HR,U99,2024,0.0
IE,U99,2020,0.0
IE,U99,2021,0.0
IE,U99,2022,0.0
IE,U99,2023,0.0
IE,U99,2024,0.0
IT,U99,2020,0.0
IT,U99,2021,0.0
IT,U99,2022,0.0
IT,U99,2023,0.0
IT,U99,2024,0.0
LU,U99,2020,0.0
LU,U99,2021,0.0
LU,U99,2022,0.0
LU,U99,2023,0.0
LU,U99,2024,0.0
MT,U99,2020,0.0
MT,U99,2021,0.0
MT,U99,2022,0.0
MT,U99,2023,0.0
MT,U99,2024,0.0
MT,U99,2025,0.0
NL,U99,2020,0.0
NL,U99,2021,0.0
NL,U99,2022,0.0
NL,U99,2023,0.0
NL,U99,2024,0.0
NL,U99,2025,0.0
NO,U99,2020,0.0
NO,U99,2021,0.0
NO,U99,2022,0.0
NO,U99,2023,0.0
NO,U99,2024,0.0
NO,U99,2025,0.0
PL,U99,2020,0.0
PL,U99,2021,0.0
PL,U99,2022,0.0
PL,U99,2023,0.0
PT,U99,2020,0.0
PT,U99,2021,0.0
PT,U99,2022,0.0
PT,U99,2023,0.0
PT,U99,2024,0.0
PT,U99,2025,0.0
RO,U99,2020,0.0
RO,U99,2021,0.0
RO,U99,2022,0.0
RO,U99,2023,0.0
RO,U99,2024,0.0
RS,U99,2020,0.0
RS,U99,2021,0.0
RS,U99,2022,0.0
RS,U99,2023,0.0
RS,U99,2024,0.0
SI,U99,2020,0.0
SI,U99,2021,0.0
SI,U99,2022,0.0
SI,U99,2023,0.0
SI,U99,2024,0.0
SI,U99,2025,0.0
SK,U99,2020,0.0
SK,U99,2021,0.0
SK,U99,2022,0.0
SK,U99,2023,0.0
SK,U99,2024,0.0
