geo,nrg_bal,unit,time,value
AL,GEP_MAPCHP,GWH,2014,0.0
AL,GEP_MAPCHP,GWH,2015,0.0
AL,GEP_MAPCHP,GWH,2016,0.0
AL,GEP_MAPCHP,GWH,2017,0.0
AL,GEP_MAPCHP,GWH,2018,0.0
AL,GEP_MAPCHP,GWH,2019,0.0
AL,GEP_MAPCHP,GWH,2020,0.0
AL,GEP_MAPCHP,GWH,2021,0.0
AL,GEP_MAPCHP,GWH,2022,0.0
AL,GEP_MAPCHP,GWH,2023,0.0
AL,GEP_MAPCHP,GWH,2024,0.0
AT,GEP_MAPCHP,GWH,2014,4584.889
AT,GEP_MAPCHP,GWH,2015,4849.553
AT,GEP_MAPCHP,GWH,2016,6277.219
AT,GEP_MAPCHP,GWH,2017,5082.308
AT,GEP_MAPCHP,GWH,2018,5536.511
AT,GEP_MAPCHP,GWH,2019,5781.071
AT,GEP_MAPCHP,GWH,2020,5768.915
AT,GEP_MAPCHP,GWH,2021,7475.719
AT,GEP_MAPCHP,GWH,2022,6185.58
AT,GEP_MAPCHP,GWH,2023,5060.537
AT,GEP_MAPCHP,GWH,2024,5220.946
BA,GEP_MAPCHP,GWH,2014,188.0
BA,GEP_MAPCHP,GWH,2015,220.0
BA,GEP_MAPCHP,GWH,2016,212.0
BA,GEP_MAPCHP,GWH,2017,229.0
BA,GEP_MAPCHP,GWH,2018,218.0
BA,GEP_MAPCHP,GWH,2019,210.0
BA,GEP_MAPCHP,GWH,2020,223.0
BA,GEP_MAPCHP,GWH,2021,228.0
BA,GEP_MAPCHP,GWH,2022,236.0
BA,GEP_MAPCHP,GWH,2023,223.0
BA,GEP_MAPCHP,GWH,2024,210.0
BE,GEP_MAPCHP,GWH,2014,7067.7
BE,GEP_MAPCHP,GWH,2015,8114.1
BE,GEP_MAPCHP,GWH,2016,8225.7
BE,GEP_MAPCHP,GWH,2017,7429.0
BE,GEP_MAPCHP,GWH,2018,7855.4
BE,GEP_MAPCHP,GWH,2019,6617.6
BE,GEP_MAPCHP,GWH,2020,6935.1
BE,GEP_MAPCHP,GWH,2021,6187.7
BE,GEP_MAPCHP,GWH,2022,6070.3
BE,GEP_MAPCHP,GWH,2023,5275.1
BE,GEP_MAPCHP,GWH,2024,4352.7
BG,GEP_MAPCHP,GWH,2014,4877.69
BG,GEP_MAPCHP,GWH,2015,3593.44
BG,GEP_MAPCHP,GWH,2016,3504.605
BG,GEP_MAPCHP,GWH,2017,3217.846
BG,GEP_MAPCHP,GWH,2018,3206.276
BG,GEP_MAPCHP,GWH,2019,4592.472
BG,GEP_MAPCHP,GWH,2020,4687.73
BG,GEP_MAPCHP,GWH,2021,5299.801
BG,GEP_MAPCHP,GWH,2022,4707.938
BG,GEP_MAPCHP,GWH,2023,4581.126
BG,GEP_MAPCHP,GWH,2024,4489.877
CY,GEP_MAPCHP,GWH,2014,12.939
CY,GEP_MAPCHP,GWH,2015,14.08
CY,GEP_MAPCHP,GWH,2016,13.833
CY,GEP_MAPCHP,GWH,2017,14.926
CY,GEP_MAPCHP,GWH,2018,14.275
CY,GEP_MAPCHP,GWH,2019,14.184
CY,GEP_MAPCHP,GWH,2020,15.031
CY,GEP_MAPCHP,GWH,2021,14.565
CY,GEP_MAPCHP,GWH,2022,11.153
CY,GEP_MAPCHP,GWH,2023,9.93
CY,GEP_MAPCHP,GWH,2024,9.258
CZ,GEP_MAPCHP,GWH,2014,8593.165
CZ,GEP_MAPCHP,GWH,2015,8521.413
CZ,GEP_MAPCHP,GWH,2016,8304.092
CZ,GEP_MAPCHP,GWH,2017,8216.587
CZ,GEP_MAPCHP,GWH,2018,7875.493
CZ,GEP_MAPCHP,GWH,2019,7730.965
CZ,GEP_MAPCHP,GWH,2020,8712.664
CZ,GEP_MAPCHP,GWH,2021,9264.552
CZ,GEP_MAPCHP,GWH,2022,8782.027
CZ,GEP_MAPCHP,GWH,2023,7953.644
CZ,GEP_MAPCHP,GWH,2024,7380.7
DE,GEP_MAPCHP,GWH,2014,77616.0
DE,GEP_MAPCHP,GWH,2015,80315.0
DE,GEP_MAPCHP,GWH,2016,87756.0
DE,GEP_MAPCHP,GWH,2017,93710.0
DE,GEP_MAPCHP,GWH,2018,87203.0
DE,GEP_MAPCHP,GWH,2019,84869.0
DE,GEP_MAPCHP,GWH,2020,82973.0
DE,GEP_MAPCHP,GWH,2021,88981.0
DE,GEP_MAPCHP,GWH,2022,80869.724
DE,GEP_MAPCHP,GWH,2023,79548.0
DE,GEP_MAPCHP,GWH,2024,81136.0
DK,GEP_MAPCHP,GWH,2014,16466.763
DK,GEP_MAPCHP,GWH,2015,11983.347
DK,GEP_MAPCHP,GWH,2016,14947.452
DK,GEP_MAPCHP,GWH,2017,13371.013
DK,GEP_MAPCHP,GWH,2018,13343.103
DK,GEP_MAPCHP,GWH,2019,10127.49
DK,GEP_MAPCHP,GWH,2020,8944.976
DK,GEP_MAPCHP,GWH,2021,13403.588
DK,GEP_MAPCHP,GWH,2022,11584.94
DK,GEP_MAPCHP,GWH,2023,8888.637
DK,GEP_MAPCHP,GWH,2024,8914.435
EE,GEP_MAPCHP,GWH,2014,1198.0
EE,GEP_MAPCHP,GWH,2015,1179.037
EE,GEP_MAPCHP,GWH,2016,1193.813
EE,GEP_MAPCHP,GWH,2017,1411.413
EE,GEP_MAPCHP,GWH,2018,1411.174
EE,GEP_MAPCHP,GWH,2019,1398.594
EE,GEP_MAPCHP,GWH,2020,1614.027
EE,GEP_MAPCHP,GWH,2021,1358.265
EE,GEP_MAPCHP,GWH,2022,1270.293
EE,GEP_MAPCHP,GWH,2023,1067.711
EE,GEP_MAPCHP,GWH,2024,1011.007
EL,GEP_MAPCHP,GWH,2014,10086.712
EL,GEP_MAPCHP,GWH,2015,7735.271
EL,GEP_MAPCHP,GWH,2016,7523.439
EL,GEP_MAPCHP,GWH,2017,7637.101
EL,GEP_MAPCHP,GWH,2018,6894.855
EL,GEP_MAPCHP,GWH,2019,6171.489
EL,GEP_MAPCHP,GWH,2020,4370.663
EL,GEP_MAPCHP,GWH,2021,3006.303
EL,GEP_MAPCHP,GWH,2022,3460.29
EL,GEP_MAPCHP,GWH,2023,2208.521
EL,GEP_MAPCHP,GWH,2024,1896.227
ES,GEP_MAPCHP,GWH,2014,0.0
ES,GEP_MAPCHP,GWH,2015,0.0
ES,GEP_MAPCHP,GWH,2016,0.0
ES,GEP_MAPCHP,GWH,2017,0.0
ES,GEP_MAPCHP,GWH,2018,0.0
ES,GEP_MAPCHP,GWH,2019,0.0
ES,GEP_MAPCHP,GWH,2020,0.0
ES,GEP_MAPCHP,GWH,2021,0.0
ES,GEP_MAPCHP,GWH,2022,0.0
ES,GEP_MAPCHP,GWH,2023,0.0
ES,GEP_MAPCHP,GWH,2024,0.0
EU27_2020,GEP_MAPCHP,GWH,2014,431327.267
EU27_2020,GEP_MAPCHP,GWH,2015,444477.751
EU27_2020,GEP_MAPCHP,GWH,2016,469469.764
EU27_2020,GEP_MAPCHP,GWH,2017,466918.016
EU27_2020,GEP_MAPCHP,GWH,2018,448614.994
EU27_2020,GEP_MAPCHP,GWH,2019,433202.305
EU27_2020,GEP_MAPCHP,GWH,2020,410196.565
EU27_2020,GEP_MAPCHP,GWH,2021,425378.102
EU27_2020,GEP_MAPCHP,GWH,2022,400543.326
EU27_2020,GEP_MAPCHP,GWH,2023,353892.346
EU27_2020,GEP_MAPCHP,GWH,2024,335654.665
FI,GEP_MAPCHP,GWH,2014,14464.149
FI,GEP_MAPCHP,GWH,2015,13510.954
FI,GEP_MAPCHP,GWH,2016,14005.462
FI,GEP_MAPCHP,GWH,2017,13567.599
FI,GEP_MAPCHP,GWH,2018,14177.951
FI,GEP_MAPCHP,GWH,2019,13687.969
FI,GEP_MAPCHP,GWH,2020,12693.893
FI,GEP_MAPCHP,GWH,2021,14597.122
FI,GEP_MAPCHP,GWH,2022,12369.82
FI,GEP_MAPCHP,GWH,2023,8620.112
FI,GEP_MAPCHP,GWH,2024,7196.655
FR,GEP_MAPCHP,GWH,2014,7825.507
FR,GEP_MAPCHP,GWH,2015,9125.878
FR,GEP_MAPCHP,GWH,2016,10722.92
FR,GEP_MAPCHP,GWH,2017,11676.975
FR,GEP_MAPCHP,GWH,2018,11981.729
FR,GEP_MAPCHP,GWH,2019,12915.142
FR,GEP_MAPCHP,GWH,2020,12853.353
FR,GEP_MAPCHP,GWH,2021,13356.325
FR,GEP_MAPCHP,GWH,2022,13850.059
FR,GEP_MAPCHP,GWH,2023,12409.761
FR,GEP_MAPCHP,GWH,2024,11161.637
GE,GEP_MAPCHP,GWH,2014,0.0
GE,GEP_MAPCHP,GWH,2015,0.0
GE,GEP_MAPCHP,GWH,2016,0.0
GE,GEP_MAPCHP,GWH,2017,0.0
GE,GEP_MAPCHP,GWH,2018,0.0
GE,GEP_MAPCHP,GWH,2019,0.0
GE,GEP_MAPCHP,GWH,2020,0.0
GE,GEP_MAPCHP,GWH,2021,0.0
GE,GEP_MAPCHP,GWH,2022,0.0
GE,GEP_MAPCHP,GWH,2023,0.0
GE,GEP_MAPCHP,GWH,2024,0.0
HR,GEP_MAPCHP,GWH,2014,925.3
HR,GEP_MAPCHP,GWH,2015,1087.763
HR,GEP_MAPCHP,GWH,2016,1457.188
HR,GEP_MAPCHP,GWH,2017,3383.0
HR,GEP_MAPCHP,GWH,2018,2595.5
HR,GEP_MAPCHP,GWH,2019,3149.3
HR,GEP_MAPCHP,GWH,2020,3995.0
HR,GEP_MAPCHP,GWH,2021,3830.4
HR,GEP_MAPCHP,GWH,2022,4345.1
HR,GEP_MAPCHP,GWH,2023,4611.3
HR,GEP_MAPCHP,GWH,2024,3947.7
HU,GEP_MAPCHP,GWH,2014,19505.783
HU,GEP_MAPCHP,GWH,2015,19918.163
HU,GEP_MAPCHP,GWH,2016,20488.995
HU,GEP_MAPCHP,GWH,2017,10030.0
HU,GEP_MAPCHP,GWH,2018,9774.0
HU,GEP_MAPCHP,GWH,2019,9291.0
HU,GEP_MAPCHP,GWH,2020,9257.0
HU,GEP_MAPCHP,GWH,2021,9435.3
HU,GEP_MAPCHP,GWH,2022,8783.9
HU,GEP_MAPCHP,GWH,2023,7035.4
HU,GEP_MAPCHP,GWH,2024,7260.0
IE,GEP_MAPCHP,GWH,2014,0.0
IE,GEP_MAPCHP,GWH,2015,0.0
IE,GEP_MAPCHP,GWH,2016,0.0
IE,GEP_MAPCHP,GWH,2017,0.0
IE,GEP_MAPCHP,GWH,2018,0.0
IE,GEP_MAPCHP,GWH,2019,0.0
IE,GEP_MAPCHP,GWH,2020,0.0
IE,GEP_MAPCHP,GWH,2021,0.0
IE,GEP_MAPCHP,GWH,2022,0.0
IE,GEP_MAPCHP,GWH,2023,0.0
IE,GEP_MAPCHP,GWH,2024,0.0
IS,GEP_MAPCHP,GWH,2014,4767.755
IS,GEP_MAPCHP,GWH,2015,4515.575
IS,GEP_MAPCHP,GWH,2016,4569.507
IS,GEP_MAPCHP,GWH,2017,4610.982
IS,GEP_MAPCHP,GWH,2018,4870.126
IS,GEP_MAPCHP,GWH,2019,4949.265
IS,GEP_MAPCHP,GWH,2020,5017.958
IS,GEP_MAPCHP,GWH,2021,4780.726
IS,GEP_MAPCHP,GWH,2022,4661.027
IS,GEP_MAPCHP,GWH,2023,4758.116
IS,GEP_MAPCHP,GWH,2024,4680.169
IT,GEP_MAPCHP,GWH,2014,70743.649
IT,GEP_MAPCHP,GWH,2015,78123.391
IT,GEP_MAPCHP,GWH,2016,87793.38
IT,GEP_MAPCHP,GWH,2017,91392.398
IT,GEP_MAPCHP,GWH,2018,83113.873
IT,GEP_MAPCHP,GWH,2019,85836.905
IT,GEP_MAPCHP,GWH,2020,81105.502
IT,GEP_MAPCHP,GWH,2021,63949.232
IT,GEP_MAPCHP,GWH,2022,65937.779
IT,GEP_MAPCHP,GWH,2023,59883.4
IT,GEP_MAPCHP,GWH,2024,54546.954
LT,GEP_MAPCHP,GWH,2014,1861.0
LT,GEP_MAPCHP,GWH,2015,2095.0
LT,GEP_MAPCHP,GWH,2016,1132.0
LT,GEP_MAPCHP,GWH,2017,747.9
LT,GEP_MAPCHP,GWH,2018,673.7
LT,GEP_MAPCHP,GWH,2019,612.4
LT,GEP_MAPCHP,GWH,2020,1941.2
LT,GEP_MAPCHP,GWH,2021,1735.1
LT,GEP_MAPCHP,GWH,2022,1192.0
LT,GEP_MAPCHP,GWH,2023,1218.6
LT,GEP_MAPCHP,GWH,2024,1706.8
LU,GEP_MAPCHP,GWH,2014,212.283
LU,GEP_MAPCHP,GWH,2015,185.982
LU,GEP_MAPCHP,GWH,2016,178.02
LU,GEP_MAPCHP,GWH,2017,180.251
LU,GEP_MAPCHP,GWH,2018,206.875
LU,GEP_MAPCHP,GWH,2019,272.731
LU,GEP_MAPCHP,GWH,2020,485.112
LU,GEP_MAPCHP,GWH,2021,504.18
LU,GEP_MAPCHP,GWH,2022,442.365
LU,GEP_MAPCHP,GWH,2023,415.009
LU,GEP_MAPCHP,GWH,2024,492.642
LV,GEP_MAPCHP,GWH,2014,2757.725
LV,GEP_MAPCHP,GWH,2015,3273.541
LV,GEP_MAPCHP,GWH,2016,3559.967
LV,GEP_MAPCHP,GWH,2017,2812.405
LV,GEP_MAPCHP,GWH,2018,3984.318
LV,GEP_MAPCHP,GWH,2019,3993.684
LV,GEP_MAPCHP,GWH,2020,2767.485
LV,GEP_MAPCHP,GWH,2021,2832.777
LV,GEP_MAPCHP,GWH,2022,1884.37
LV,GEP_MAPCHP,GWH,2023,1984.353
LV,GEP_MAPCHP,GWH,2024,2200.116
MD,GEP_MAPCHP,GWH,2014,831.0
MD,GEP_MAPCHP,GWH,2015,844.0
MD,GEP_MAPCHP,GWH,2016,820.0
MD,GEP_MAPCHP,GWH,2017,786.0
MD,GEP_MAPCHP,GWH,2018,827.0
MD,GEP_MAPCHP,GWH,2019,777.0
MD,GEP_MAPCHP,GWH,2020,835.0
MD,GEP_MAPCHP,GWH,2021,919.0
MD,GEP_MAPCHP,GWH,2022,715.0
MD,GEP_MAPCHP,GWH,2023,707.3
MD,GEP_MAPCHP,GWH,2024,806.9
ME,GEP_MAPCHP,GWH,2014,0.0
ME,GEP_MAPCHP,GWH,2015,0.0
ME,GEP_MAPCHP,GWH,2016,0.0
ME,GEP_MAPCHP,GWH,2017,0.0
ME,GEP_MAPCHP,GWH,2018,0.0
ME,GEP_MAPCHP,GWH,2019,0.0
ME,GEP_MAPCHP,GWH,2020,0.0
ME,GEP_MAPCHP,GWH,2021,0.0
ME,GEP_MAPCHP,GWH,2022,0.0
ME,GEP_MAPCHP,GWH,2023,0.0
ME,GEP_MAPCHP,GWH,2024,0.0
MK,GEP_MAPCHP,GWH,2014,196.0
MK,GEP_MAPCHP,GWH,2015,183.0
MK,GEP_MAPCHP,GWH,2016,569.092
MK,GEP_MAPCHP,GWH,2017,828.865
MK,GEP_MAPCHP,GWH,2018,745.876
MK,GEP_MAPCHP,GWH,2019,957.279
MK,GEP_MAPCHP,GWH,2020,1144.625
MK,GEP_MAPCHP,GWH,2021,1547.5
MK,GEP_MAPCHP,GWH,2022,991.436
MK,GEP_MAPCHP,GWH,2023,1382.813
MK,GEP_MAPCHP,GWH,2024,1289.518
MT,GEP_MAPCHP,GWH,2014,0.0
MT,GEP_MAPCHP,GWH,2015,0.0
MT,GEP_MAPCHP,GWH,2016,0.0
MT,GEP_MAPCHP,GWH,2017,0.0
MT,GEP_MAPCHP,GWH,2018,0.0
MT,GEP_MAPCHP,GWH,2019,0.0
MT,GEP_MAPCHP,GWH,2020,0.0
MT,GEP_MAPCHP,GWH,2021,0.0
MT,GEP_MAPCHP,GWH,2022,0.002
MT,GEP_MAPCHP,GWH,2023,0.021
MT,GEP_MAPCHP,GWH,2024,0.0
NL,GEP_MAPCHP,GWH,2014,27286.4
NL,GEP_MAPCHP,GWH,2015,27434.022
NL,GEP_MAPCHP,GWH,2016,28236.096
NL,GEP_MAPCHP,GWH,2017,28509.701
NL,GEP_MAPCHP,GWH,2018,26349.399
NL,GEP_MAPCHP,GWH,2019,26028.212
NL,GEP_MAPCHP,GWH,2020,24063.315
NL,GEP_MAPCHP,GWH,2021,21551.912
NL,GEP_MAPCHP,GWH,2022,19545.927
NL,GEP_MAPCHP,GWH,2023,16181.618
NL,GEP_MAPCHP,GWH,2024,13175.975
NO,GEP_MAPCHP,GWH,2014,472.0
NO,GEP_MAPCHP,GWH,2015,484.0
NO,GEP_MAPCHP,GWH,2016,435.0
NO,GEP_MAPCHP,GWH,2017,471.0
NO,GEP_MAPCHP,GWH,2018,403.861
NO,GEP_MAPCHP,GWH,2019,480.294
NO,GEP_MAPCHP,GWH,2020,473.716
NO,GEP_MAPCHP,GWH,2021,439.49
NO,GEP_MAPCHP,GWH,2022,473.243
NO,GEP_MAPCHP,GWH,2023,485.422
NO,GEP_MAPCHP,GWH,2024,461.727
PL,GEP_MAPCHP,GWH,2014,129530.121
PL,GEP_MAPCHP,GWH,2015,137923.309
PL,GEP_MAPCHP,GWH,2016,136801.709
PL,GEP_MAPCHP,GWH,2017,136560.292
PL,GEP_MAPCHP,GWH,2018,136035.468
PL,GEP_MAPCHP,GWH,2019,125000.421
PL,GEP_MAPCHP,GWH,2020,115502.564
PL,GEP_MAPCHP,GWH,2021,135393.743
PL,GEP_MAPCHP,GWH,2022,128363.322
PL,GEP_MAPCHP,GWH,2023,108455.739
PL,GEP_MAPCHP,GWH,2024,103662.441
PT,GEP_MAPCHP,GWH,2014,192.0
PT,GEP_MAPCHP,GWH,2015,193.0
PT,GEP_MAPCHP,GWH,2016,192.0
PT,GEP_MAPCHP,GWH,2017,192.54
PT,GEP_MAPCHP,GWH,2018,192.32
PT,GEP_MAPCHP,GWH,2019,192.603
PT,GEP_MAPCHP,GWH,2020,193.029
PT,GEP_MAPCHP,GWH,2021,193.42
PT,GEP_MAPCHP,GWH,2022,211.11
PT,GEP_MAPCHP,GWH,2023,198.049
PT,GEP_MAPCHP,GWH,2024,192.952
RO,GEP_MAPCHP,GWH,2014,9587.227
RO,GEP_MAPCHP,GWH,2015,8288.302
RO,GEP_MAPCHP,GWH,2016,8087.546
RO,GEP_MAPCHP,GWH,2017,8483.06
RO,GEP_MAPCHP,GWH,2018,7466.883
RO,GEP_MAPCHP,GWH,2019,6721.558
RO,GEP_MAPCHP,GWH,2020,5994.252
RO,GEP_MAPCHP,GWH,2021,5584.852
RO,GEP_MAPCHP,GWH,2022,4846.058
RO,GEP_MAPCHP,GWH,2023,4586.212
RO,GEP_MAPCHP,GWH,2024,3451.038
RS,GEP_MAPCHP,GWH,2014,4479.001
RS,GEP_MAPCHP,GWH,2015,4545.001
RS,GEP_MAPCHP,GWH,2016,5345.001
RS,GEP_MAPCHP,GWH,2017,5079.216
RS,GEP_MAPCHP,GWH,2018,4751.81
RS,GEP_MAPCHP,GWH,2019,4914.03
RS,GEP_MAPCHP,GWH,2020,4379.219
RS,GEP_MAPCHP,GWH,2021,5175.118
RS,GEP_MAPCHP,GWH,2022,5051.957
RS,GEP_MAPCHP,GWH,2023,5734.194
RS,GEP_MAPCHP,GWH,2024,5201.241
SE,GEP_MAPCHP,GWH,2014,7832.0
SE,GEP_MAPCHP,GWH,2015,8067.0
SE,GEP_MAPCHP,GWH,2016,9400.0
SE,GEP_MAPCHP,GWH,2017,9333.0
SE,GEP_MAPCHP,GWH,2018,9421.0
SE,GEP_MAPCHP,GWH,2019,9421.0
SE,GEP_MAPCHP,GWH,2020,6996.0
SE,GEP_MAPCHP,GWH,2021,9109.0
SE,GEP_MAPCHP,GWH,2022,8786.0
SE,GEP_MAPCHP,GWH,2023,7499.0
SE,GEP_MAPCHP,GWH,2024,6147.0
SI,GEP_MAPCHP,GWH,2014,4059.265
SI,GEP_MAPCHP,GWH,2015,4802.205
SI,GEP_MAPCHP,GWH,2016,5456.328
SI,GEP_MAPCHP,GWH,2017,5331.701
SI,GEP_MAPCHP,GWH,2018,5128.891
SI,GEP_MAPCHP,GWH,2019,4998.515
SI,GEP_MAPCHP,GWH,2020,4911.754
SI,GEP_MAPCHP,GWH,2021,4392.246
SI,GEP_MAPCHP,GWH,2022,3682.269
SI,GEP_MAPCHP,GWH,2023,3714.566
SI,GEP_MAPCHP,GWH,2024,4027.605
SK,GEP_MAPCHP,GWH,2014,4041.0
SK,GEP_MAPCHP,GWH,2015,4144.0
SK,GEP_MAPCHP,GWH,2016,4212.0
SK,GEP_MAPCHP,GWH,2017,4627.0
SK,GEP_MAPCHP,GWH,2018,4173.0
SK,GEP_MAPCHP,GWH,2019,3778.0
SK,GEP_MAPCHP,GWH,2020,3415.0
SK,GEP_MAPCHP,GWH,2021,3921.0
SK,GEP_MAPCHP,GWH,2022,3361.0
SK,GEP_MAPCHP,GWH,2023,2486.0
SK,GEP_MAPCHP,GWH,2024,2074.0
TR,GEP_MAPCHP,GWH,2014,4179.104
TR,GEP_MAPCHP,GWH,2015,3748.902
TR,GEP_MAPCHP,GWH,2016,3546.609
TR,GEP_MAPCHP,GWH,2017,3487.566
TR,GEP_MAPCHP,GWH,2018,3005.691
TR,GEP_MAPCHP,GWH,2019,4598.55
TR,GEP_MAPCHP,GWH,2020,4315.621
TR,GEP_MAPCHP,GWH,2021,4017.468
TR,GEP_MAPCHP,GWH,2022,3683.256
TR,GEP_MAPCHP,GWH,2023,2693.547
TR,GEP_MAPCHP,GWH,2024,1484.274
UA,GEP_MAPCHP,GWH,2014,10977.0
UA,GEP_MAPCHP,GWH,2015,10367.0
UA,GEP_MAPCHP,GWH,2016,10498.0
UA,GEP_MAPCHP,GWH,2017,8381.0
UA,GEP_MAPCHP,GWH,2018,12981.0
UA,GEP_MAPCHP,GWH,2019,12559.0
UA,GEP_MAPCHP,GWH,2020,13832.8
UK,GEP_MAPCHP,GWH,2014,0.0
UK,GEP_MAPCHP,GWH,2015,0.0
UK,GEP_MAPCHP,GWH,2016,0.0
UK,GEP_MAPCHP,GWH,2017,0.0
UK,GEP_MAPCHP,GWH,2018,0.0
UK,GEP_MAPCHP,GWH,2019,0.0
XK,GEP_MAPCHP,GWH,2014,0.0
XK,GEP_MAPCHP,GWH,2015,0.0
XK,GEP_MAPCHP,GWH,2016,0.0
XK,GEP_MAPCHP,GWH,2017,0.0
XK,GEP_MAPCHP,GWH,2018,0.0
XK,GEP_MAPCHP,GWH,2019,0.0
XK,GEP_MAPCHP,GWH,2020,0.0
XK,GEP_MAPCHP,GWH,2021,0.0
XK,GEP_MAPCHP,GWH,2022,0.0
XK,GEP_MAPCHP,GWH,2023,0.0
XK,GEP_MAPCHP,GWH,2024,0.0
AL,GEP_MAPCHP,KTOE,2014,0.0
AL,GEP_MAPCHP,KTOE,2015,0.0
AL,GEP_MAPCHP,KTOE,2016,0.0
AL,GEP_MAPCHP,KTOE,2017,0.0
AL,GEP_MAPCHP,KTOE,2018,0.0
AL,GEP_MAPCHP,KTOE,2019,0.0
AL,GEP_MAPCHP,KTOE,2020,0.0
AL,GEP_MAPCHP,KTOE,2021,0.0
AL,GEP_MAPCHP,KTOE,2022,0.0
AL,GEP_MAPCHP,KTOE,2023,0.0
AL,GEP_MAPCHP,KTOE,2024,0.0
AT,GEP_MAPCHP,KTOE,2014,394.229
AT,GEP_MAPCHP,KTOE,2015,416.987
AT,GEP_MAPCHP,KTOE,2016,539.744
AT,GEP_MAPCHP,KTOE,2017,437.0
AT,GEP_MAPCHP,KTOE,2018,476.054
AT,GEP_MAPCHP,KTOE,2019,497.083
AT,GEP_MAPCHP,KTOE,2020,496.037
AT,GEP_MAPCHP,KTOE,2021,642.796
AT,GEP_MAPCHP,KTOE,2022,531.864
AT,GEP_MAPCHP,KTOE,2023,435.128
AT,GEP_MAPCHP,KTOE,2024,448.921
BA,GEP_MAPCHP,KTOE,2014,16.165
BA,GEP_MAPCHP,KTOE,2015,18.917
BA,GEP_MAPCHP,KTOE,2016,18.229
BA,GEP_MAPCHP,KTOE,2017,19.69
BA,GEP_MAPCHP,KTOE,2018,18.745
BA,GEP_MAPCHP,KTOE,2019,18.057
BA,GEP_MAPCHP,KTOE,2020,19.175
BA,GEP_MAPCHP,KTOE,2021,19.604
BA,GEP_MAPCHP,KTOE,2022,20.292
BA,GEP_MAPCHP,KTOE,2023,19.175
BA,GEP_MAPCHP,KTOE,2024,18.057
BE,GEP_MAPCHP,KTOE,2014,607.713
BE,GEP_MAPCHP,KTOE,2015,697.687
BE,GEP_MAPCHP,KTOE,2016,707.283
BE,GEP_MAPCHP,KTOE,2017,638.779
BE,GEP_MAPCHP,KTOE,2018,675.443
BE,GEP_MAPCHP,KTOE,2019,569.011
BE,GEP_MAPCHP,KTOE,2020,596.311
BE,GEP_MAPCHP,KTOE,2021,532.046
BE,GEP_MAPCHP,KTOE,2022,521.952
BE,GEP_MAPCHP,KTOE,2023,453.577
BE,GEP_MAPCHP,KTOE,2024,374.265
BG,GEP_MAPCHP,KTOE,2014,419.406
BG,GEP_MAPCHP,KTOE,2015,308.98
BG,GEP_MAPCHP,KTOE,2016,301.342
BG,GEP_MAPCHP,KTOE,2017,276.685
BG,GEP_MAPCHP,KTOE,2018,275.69
BG,GEP_MAPCHP,KTOE,2019,394.882
BG,GEP_MAPCHP,KTOE,2020,403.072
BG,GEP_MAPCHP,KTOE,2021,455.701
BG,GEP_MAPCHP,KTOE,2022,404.81
BG,GEP_MAPCHP,KTOE,2023,393.906
BG,GEP_MAPCHP,KTOE,2024,386.06
CY,GEP_MAPCHP,KTOE,2014,1.113
CY,GEP_MAPCHP,KTOE,2015,1.211
CY,GEP_MAPCHP,KTOE,2016,1.189
CY,GEP_MAPCHP,KTOE,2017,1.283
CY,GEP_MAPCHP,KTOE,2018,1.227
CY,GEP_MAPCHP,KTOE,2019,1.22
CY,GEP_MAPCHP,KTOE,2020,1.292
CY,GEP_MAPCHP,KTOE,2021,1.252
CY,GEP_MAPCHP,KTOE,2022,0.959
CY,GEP_MAPCHP,KTOE,2023,0.854
CY,GEP_MAPCHP,KTOE,2024,0.796
CZ,GEP_MAPCHP,KTOE,2014,738.879
CZ,GEP_MAPCHP,KTOE,2015,732.71
CZ,GEP_MAPCHP,KTOE,2016,714.023
CZ,GEP_MAPCHP,KTOE,2017,706.499
CZ,GEP_MAPCHP,KTOE,2018,677.171
CZ,GEP_MAPCHP,KTOE,2019,664.743
CZ,GEP_MAPCHP,KTOE,2020,749.154
CZ,GEP_MAPCHP,KTOE,2021,796.608
CZ,GEP_MAPCHP,KTOE,2022,755.118
CZ,GEP_MAPCHP,KTOE,2023,683.89
CZ,GEP_MAPCHP,KTOE,2024,634.626
DE,GEP_MAPCHP,KTOE,2014,6673.775
DE,GEP_MAPCHP,KTOE,2015,6905.847
DE,GEP_MAPCHP,KTOE,2016,7545.658
DE,GEP_MAPCHP,KTOE,2017,8057.61
DE,GEP_MAPCHP,KTOE,2018,7498.108
DE,GEP_MAPCHP,KTOE,2019,7297.42
DE,GEP_MAPCHP,KTOE,2020,7134.394
DE,GEP_MAPCHP,KTOE,2021,7650.989
DE,GEP_MAPCHP,KTOE,2022,6953.545
DE,GEP_MAPCHP,KTOE,2023,6839.897
DE,GEP_MAPCHP,KTOE,2024,6976.44
DK,GEP_MAPCHP,KTOE,2014,1415.887
DK,GEP_MAPCHP,KTOE,2015,1030.382
DK,GEP_MAPCHP,KTOE,2016,1285.25
DK,GEP_MAPCHP,KTOE,2017,1149.7
DK,GEP_MAPCHP,KTOE,2018,1147.3
DK,GEP_MAPCHP,KTOE,2019,870.807
DK,GEP_MAPCHP,KTOE,2020,769.129
DK,GEP_MAPCHP,KTOE,2021,1152.501
DK,GEP_MAPCHP,KTOE,2022,996.126
DK,GEP_MAPCHP,KTOE,2023,764.285
DK,GEP_MAPCHP,KTOE,2024,766.503
EE,GEP_MAPCHP,KTOE,2014,103.009
EE,GEP_MAPCHP,KTOE,2015,101.379
EE,GEP_MAPCHP,KTOE,2016,102.649
EE,GEP_MAPCHP,KTOE,2017,121.36
EE,GEP_MAPCHP,KTOE,2018,121.339
EE,GEP_MAPCHP,KTOE,2019,120.257
EE,GEP_MAPCHP,KTOE,2020,138.781
EE,GEP_MAPCHP,KTOE,2021,116.79
EE,GEP_MAPCHP,KTOE,2022,109.226
EE,GEP_MAPCHP,KTOE,2023,91.807
EE,GEP_MAPCHP,KTOE,2024,86.931
EL,GEP_MAPCHP,KTOE,2014,867.301
EL,GEP_MAPCHP,KTOE,2015,665.114
EL,GEP_MAPCHP,KTOE,2016,646.899
EL,GEP_MAPCHP,KTOE,2017,656.672
EL,GEP_MAPCHP,KTOE,2018,592.851
EL,GEP_MAPCHP,KTOE,2019,530.653
EL,GEP_MAPCHP,KTOE,2020,375.809
EL,GEP_MAPCHP,KTOE,2021,258.496
EL,GEP_MAPCHP,KTOE,2022,297.531
EL,GEP_MAPCHP,KTOE,2023,189.899
EL,GEP_MAPCHP,KTOE,2024,163.046
ES,GEP_MAPCHP,KTOE,2014,0.0
ES,GEP_MAPCHP,KTOE,2015,0.0
ES,GEP_MAPCHP,KTOE,2016,0.0
ES,GEP_MAPCHP,KTOE,2017,0.0
ES,GEP_MAPCHP,KTOE,2018,0.0
ES,GEP_MAPCHP,KTOE,2019,0.0
ES,GEP_MAPCHP,KTOE,2020,0.0
ES,GEP_MAPCHP,KTOE,2021,0.0
ES,GEP_MAPCHP,KTOE,2022,0.0
ES,GEP_MAPCHP,KTOE,2023,0.0
ES,GEP_MAPCHP,KTOE,2024,0.0
EU27_2020,GEP_MAPCHP,KTOE,2014,37087.468
EU27_2020,GEP_MAPCHP,KTOE,2015,38218.209
EU27_2020,GEP_MAPCHP,KTOE,2016,40367.134
EU27_2020,GEP_MAPCHP,KTOE,2017,40147.724
EU27_2020,GEP_MAPCHP,KTOE,2018,38573.945
EU27_2020,GEP_MAPCHP,KTOE,2019,37248.693
EU27_2020,GEP_MAPCHP,KTOE,2020,35270.554
EU27_2020,GEP_MAPCHP,KTOE,2021,36575.933
EU27_2020,GEP_MAPCHP,KTOE,2022,34440.527
EU27_2020,GEP_MAPCHP,KTOE,2023,30429.266
EU27_2020,GEP_MAPCHP,KTOE,2024,28861.108
FI,GEP_MAPCHP,KTOE,2014,1243.693
FI,GEP_MAPCHP,KTOE,2015,1161.733
FI,GEP_MAPCHP,KTOE,2016,1204.253
FI,GEP_MAPCHP,KTOE,2017,1166.604
FI,GEP_MAPCHP,KTOE,2018,1219.084
FI,GEP_MAPCHP,KTOE,2019,1176.953
FI,GEP_MAPCHP,KTOE,2020,1091.478
FI,GEP_MAPCHP,KTOE,2021,1255.127
FI,GEP_MAPCHP,KTOE,2022,1063.613
FI,GEP_MAPCHP,KTOE,2023,741.196
FI,GEP_MAPCHP,KTOE,2024,618.801
FR,GEP_MAPCHP,KTOE,2014,672.872
FR,GEP_MAPCHP,KTOE,2015,784.684
FR,GEP_MAPCHP,KTOE,2016,922.005
FR,GEP_MAPCHP,KTOE,2017,1004.039
FR,GEP_MAPCHP,KTOE,2018,1030.243
FR,GEP_MAPCHP,KTOE,2019,1110.502
FR,GEP_MAPCHP,KTOE,2020,1105.189
FR,GEP_MAPCHP,KTOE,2021,1148.437
FR,GEP_MAPCHP,KTOE,2022,1190.891
FR,GEP_MAPCHP,KTOE,2023,1067.047
FR,GEP_MAPCHP,KTOE,2024,959.728
GE,GEP_MAPCHP,KTOE,2014,0.0
GE,GEP_MAPCHP,KTOE,2015,0.0
GE,GEP_MAPCHP,KTOE,2016,0.0
GE,GEP_MAPCHP,KTOE,2017,0.0
GE,GEP_MAPCHP,KTOE,2018,0.0
GE,GEP_MAPCHP,KTOE,2019,0.0
GE,GEP_MAPCHP,KTOE,2020,0.0
GE,GEP_MAPCHP,KTOE,2021,0.0
GE,GEP_MAPCHP,KTOE,2022,0.0
GE,GEP_MAPCHP,KTOE,2023,0.0
GE,GEP_MAPCHP,KTOE,2024,0.0
HR,GEP_MAPCHP,KTOE,2014,79.561
HR,GEP_MAPCHP,KTOE,2015,93.531
HR,GEP_MAPCHP,KTOE,2016,125.296
HR,GEP_MAPCHP,KTOE,2017,290.886
HR,GEP_MAPCHP,KTOE,2018,223.173
HR,GEP_MAPCHP,KTOE,2019,270.791
HR,GEP_MAPCHP,KTOE,2020,343.508
HR,GEP_MAPCHP,KTOE,2021,329.355
HR,GEP_MAPCHP,KTOE,2022,373.611
HR,GEP_MAPCHP,KTOE,2023,396.5
HR,GEP_MAPCHP,KTOE,2024,339.441
HU,GEP_MAPCHP,KTOE,2014,1677.195
HU,GEP_MAPCHP,KTOE,2015,1712.654
HU,GEP_MAPCHP,KTOE,2016,1761.736
HU,GEP_MAPCHP,KTOE,2017,862.425
HU,GEP_MAPCHP,KTOE,2018,840.413
HU,GEP_MAPCHP,KTOE,2019,798.882
HU,GEP_MAPCHP,KTOE,2020,795.959
HU,GEP_MAPCHP,KTOE,2021,811.29
HU,GEP_MAPCHP,KTOE,2022,755.279
HU,GEP_MAPCHP,KTOE,2023,604.936
HU,GEP_MAPCHP,KTOE,2024,624.248
IE,GEP_MAPCHP,KTOE,2014,0.0
IE,GEP_MAPCHP,KTOE,2015,0.0
IE,GEP_MAPCHP,KTOE,2016,0.0
IE,GEP_MAPCHP,KTOE,2017,0.0
IE,GEP_MAPCHP,KTOE,2018,0.0
IE,GEP_MAPCHP,KTOE,2019,0.0
IE,GEP_MAPCHP,KTOE,2020,0.0
IE,GEP_MAPCHP,KTOE,2021,0.0
IE,GEP_MAPCHP,KTOE,2022,0.0
IE,GEP_MAPCHP,KTOE,2023,0.0
IE,GEP_MAPCHP,KTOE,2024,0.0
IS,GEP_MAPCHP,KTOE,2014,409.953
IS,GEP_MAPCHP,KTOE,2015,388.27
IS,GEP_MAPCHP,KTOE,2016,392.907
IS,GEP_MAPCHP,KTOE,2017,396.473
IS,GEP_MAPCHP,KTOE,2018,418.755
IS,GEP_MAPCHP,KTOE,2019,425.56
IS,GEP_MAPCHP,KTOE,2020,431.467
IS,GEP_MAPCHP,KTOE,2021,411.068
IS,GEP_MAPCHP,KTOE,2022,400.776
IS,GEP_MAPCHP,KTOE,2023,409.124
IS,GEP_MAPCHP,KTOE,2024,402.422
IT,GEP_MAPCHP,KTOE,2014,6082.859
IT,GEP_MAPCHP,KTOE,2015,6717.402
IT,GEP_MAPCHP,KTOE,2016,7548.872
IT,GEP_MAPCHP,KTOE,2017,7858.332
IT,GEP_MAPCHP,KTOE,2018,7146.507
IT,GEP_MAPCHP,KTOE,2019,7380.645
IT,GEP_MAPCHP,KTOE,2020,6973.818
IT,GEP_MAPCHP,KTOE,2021,5498.644
IT,GEP_MAPCHP,KTOE,2022,5669.628
IT,GEP_MAPCHP,KTOE,2023,5149.046
IT,GEP_MAPCHP,KTOE,2024,4690.194
LT,GEP_MAPCHP,KTOE,2014,160.017
LT,GEP_MAPCHP,KTOE,2015,180.138
LT,GEP_MAPCHP,KTOE,2016,97.334
LT,GEP_MAPCHP,KTOE,2017,64.308
LT,GEP_MAPCHP,KTOE,2018,57.928
LT,GEP_MAPCHP,KTOE,2019,52.657
LT,GEP_MAPCHP,KTOE,2020,166.913
LT,GEP_MAPCHP,KTOE,2021,149.192
LT,GEP_MAPCHP,KTOE,2022,102.494
LT,GEP_MAPCHP,KTOE,2023,104.781
LT,GEP_MAPCHP,KTOE,2024,146.758
LU,GEP_MAPCHP,KTOE,2014,18.253
LU,GEP_MAPCHP,KTOE,2015,15.992
LU,GEP_MAPCHP,KTOE,2016,15.307
LU,GEP_MAPCHP,KTOE,2017,15.499
LU,GEP_MAPCHP,KTOE,2018,17.788
LU,GEP_MAPCHP,KTOE,2019,23.451
LU,GEP_MAPCHP,KTOE,2020,41.712
LU,GEP_MAPCHP,KTOE,2021,43.352
LU,GEP_MAPCHP,KTOE,2022,38.037
LU,GEP_MAPCHP,KTOE,2023,35.684
LU,GEP_MAPCHP,KTOE,2024,42.36
LV,GEP_MAPCHP,KTOE,2014,237.122
LV,GEP_MAPCHP,KTOE,2015,281.474
LV,GEP_MAPCHP,KTOE,2016,306.102
LV,GEP_MAPCHP,KTOE,2017,241.823
LV,GEP_MAPCHP,KTOE,2018,342.59
LV,GEP_MAPCHP,KTOE,2019,343.395
LV,GEP_MAPCHP,KTOE,2020,237.961
LV,GEP_MAPCHP,KTOE,2021,243.575
LV,GEP_MAPCHP,KTOE,2022,162.027
LV,GEP_MAPCHP,KTOE,2023,170.624
LV,GEP_MAPCHP,KTOE,2024,189.176
MD,GEP_MAPCHP,KTOE,2014,71.453
MD,GEP_MAPCHP,KTOE,2015,72.571
MD,GEP_MAPCHP,KTOE,2016,70.507
MD,GEP_MAPCHP,KTOE,2017,67.584
MD,GEP_MAPCHP,KTOE,2018,71.109
MD,GEP_MAPCHP,KTOE,2019,66.81
MD,GEP_MAPCHP,KTOE,2020,71.797
MD,GEP_MAPCHP,KTOE,2021,79.02
MD,GEP_MAPCHP,KTOE,2022,61.479
MD,GEP_MAPCHP,KTOE,2023,60.817
MD,GEP_MAPCHP,KTOE,2024,69.381
ME,GEP_MAPCHP,KTOE,2014,0.0
ME,GEP_MAPCHP,KTOE,2015,0.0
ME,GEP_MAPCHP,KTOE,2016,0.0
ME,GEP_MAPCHP,KTOE,2017,0.0
ME,GEP_MAPCHP,KTOE,2018,0.0
ME,GEP_MAPCHP,KTOE,2019,0.0
ME,GEP_MAPCHP,KTOE,2020,0.0
ME,GEP_MAPCHP,KTOE,2021,0.0
ME,GEP_MAPCHP,KTOE,2022,0.0
ME,GEP_MAPCHP,KTOE,2023,0.0
ME,GEP_MAPCHP,KTOE,2024,0.0
MK,GEP_MAPCHP,KTOE,2014,16.853
MK,GEP_MAPCHP,KTOE,2015,15.735
MK,GEP_MAPCHP,KTOE,2016,48.933
MK,GEP_MAPCHP,KTOE,2017,71.27
MK,GEP_MAPCHP,KTOE,2018,64.134
MK,GEP_MAPCHP,KTOE,2019,82.311
MK,GEP_MAPCHP,KTOE,2020,98.42
MK,GEP_MAPCHP,KTOE,2021,133.061
MK,GEP_MAPCHP,KTOE,2022,85.248
MK,GEP_MAPCHP,KTOE,2023,118.901
MK,GEP_MAPCHP,KTOE,2024,110.879
MT,GEP_MAPCHP,KTOE,2014,0.0
MT,GEP_MAPCHP,KTOE,2015,0.0
MT,GEP_MAPCHP,KTOE,2016,0.0
MT,GEP_MAPCHP,KTOE,2017,0.0
MT,GEP_MAPCHP,KTOE,2018,0.0
MT,GEP_MAPCHP,KTOE,2019,0.0
MT,GEP_MAPCHP,KTOE,2020,0.0
MT,GEP_MAPCHP,KTOE,2021,0.0
MT,GEP_MAPCHP,KTOE,2022,0.0
MT,GEP_MAPCHP,KTOE,2023,0.002
MT,GEP_MAPCHP,KTOE,2024,0.0
NL,GEP_MAPCHP,KTOE,2014,2346.208
NL,GEP_MAPCHP,KTOE,2015,2358.901
NL,GEP_MAPCHP,KTOE,2016,2427.867
NL,GEP_MAPCHP,KTOE,2017,2451.393
NL,GEP_MAPCHP,KTOE,2018,2265.64
NL,GEP_MAPCHP,KTOE,2019,2238.023
NL,GEP_MAPCHP,KTOE,2020,2069.073
NL,GEP_MAPCHP,KTOE,2021,1853.131
NL,GEP_MAPCHP,KTOE,2022,1680.647
NL,GEP_MAPCHP,KTOE,2023,1391.369
NL,GEP_MAPCHP,KTOE,2024,1132.93
NO,GEP_MAPCHP,KTOE,2014,40.585
NO,GEP_MAPCHP,KTOE,2015,41.617
NO,GEP_MAPCHP,KTOE,2016,37.403
NO,GEP_MAPCHP,KTOE,2017,40.499
NO,GEP_MAPCHP,KTOE,2018,34.726
NO,GEP_MAPCHP,KTOE,2019,41.298
NO,GEP_MAPCHP,KTOE,2020,40.732
NO,GEP_MAPCHP,KTOE,2021,37.789
NO,GEP_MAPCHP,KTOE,2022,40.692
NO,GEP_MAPCHP,KTOE,2023,41.739
NO,GEP_MAPCHP,KTOE,2024,39.701
PL,GEP_MAPCHP,KTOE,2014,11137.586
PL,GEP_MAPCHP,KTOE,2015,11859.27
PL,GEP_MAPCHP,KTOE,2016,11762.83
PL,GEP_MAPCHP,KTOE,2017,11742.072
PL,GEP_MAPCHP,KTOE,2018,11696.945
PL,GEP_MAPCHP,KTOE,2019,10748.102
PL,GEP_MAPCHP,KTOE,2020,9931.433
PL,GEP_MAPCHP,KTOE,2021,11641.766
PL,GEP_MAPCHP,KTOE,2022,11037.259
PL,GEP_MAPCHP,KTOE,2023,9325.515
PL,GEP_MAPCHP,KTOE,2024,8913.366
PT,GEP_MAPCHP,KTOE,2014,16.509
PT,GEP_MAPCHP,KTOE,2015,16.595
PT,GEP_MAPCHP,KTOE,2016,16.509
PT,GEP_MAPCHP,KTOE,2017,16.555
PT,GEP_MAPCHP,KTOE,2018,16.537
PT,GEP_MAPCHP,KTOE,2019,16.561
PT,GEP_MAPCHP,KTOE,2020,16.598
PT,GEP_MAPCHP,KTOE,2021,16.631
PT,GEP_MAPCHP,KTOE,2022,18.152
PT,GEP_MAPCHP,KTOE,2023,17.029
PT,GEP_MAPCHP,KTOE,2024,16.591
RO,GEP_MAPCHP,KTOE,2014,824.353
RO,GEP_MAPCHP,KTOE,2015,712.666
RO,GEP_MAPCHP,KTOE,2016,695.404
RO,GEP_MAPCHP,KTOE,2017,729.412
RO,GEP_MAPCHP,KTOE,2018,642.036
RO,GEP_MAPCHP,KTOE,2019,577.95
RO,GEP_MAPCHP,KTOE,2020,515.413
RO,GEP_MAPCHP,KTOE,2021,480.211
RO,GEP_MAPCHP,KTOE,2022,416.686
RO,GEP_MAPCHP,KTOE,2023,394.343
RO,GEP_MAPCHP,KTOE,2024,296.736
RS,GEP_MAPCHP,KTOE,2014,385.125
RS,GEP_MAPCHP,KTOE,2015,390.8
RS,GEP_MAPCHP,KTOE,2016,459.587
RS,GEP_MAPCHP,KTOE,2017,436.734
RS,GEP_MAPCHP,KTOE,2018,408.582
RS,GEP_MAPCHP,KTOE,2019,422.531
RS,GEP_MAPCHP,KTOE,2020,376.545
RS,GEP_MAPCHP,KTOE,2021,444.98
RS,GEP_MAPCHP,KTOE,2022,434.39
RS,GEP_MAPCHP,KTOE,2023,493.052
RS,GEP_MAPCHP,KTOE,2024,447.226
SE,GEP_MAPCHP,KTOE,2014,673.431
SE,GEP_MAPCHP,KTOE,2015,693.637
SE,GEP_MAPCHP,KTOE,2016,808.255
SE,GEP_MAPCHP,KTOE,2017,802.494
SE,GEP_MAPCHP,KTOE,2018,810.06
SE,GEP_MAPCHP,KTOE,2019,810.06
SE,GEP_MAPCHP,KTOE,2020,601.548
SE,GEP_MAPCHP,KTOE,2021,783.233
SE,GEP_MAPCHP,KTOE,2022,755.46
SE,GEP_MAPCHP,KTOE,2023,644.798
SE,GEP_MAPCHP,KTOE,2024,528.547
SI,GEP_MAPCHP,KTOE,2014,349.034
SI,GEP_MAPCHP,KTOE,2015,412.915
SI,GEP_MAPCHP,KTOE,2016,469.16
SI,GEP_MAPCHP,KTOE,2017,458.444
SI,GEP_MAPCHP,KTOE,2018,441.005
SI,GEP_MAPCHP,KTOE,2019,429.795
SI,GEP_MAPCHP,KTOE,2020,422.335
SI,GEP_MAPCHP,KTOE,2021,377.665
SI,GEP_MAPCHP,KTOE,2022,316.618
SI,GEP_MAPCHP,KTOE,2023,319.395
SI,GEP_MAPCHP,KTOE,2024,346.312
SK,GEP_MAPCHP,KTOE,2014,347.463
SK,GEP_MAPCHP,KTOE,2015,356.32
SK,GEP_MAPCHP,KTOE,2016,362.167
SK,GEP_MAPCHP,KTOE,2017,397.85
SK,GEP_MAPCHP,KTOE,2018,358.813
SK,GEP_MAPCHP,KTOE,2019,324.85
SK,GEP_MAPCHP,KTOE,2020,293.637
SK,GEP_MAPCHP,KTOE,2021,337.145
SK,GEP_MAPCHP,KTOE,2022,288.994
SK,GEP_MAPCHP,KTOE,2023,213.758
SK,GEP_MAPCHP,KTOE,2024,178.332
TR,GEP_MAPCHP,KTOE,2014,359.338
TR,GEP_MAPCHP,KTOE,2015,322.348
TR,GEP_MAPCHP,KTOE,2016,304.953
TR,GEP_MAPCHP,KTOE,2017,299.877
TR,GEP_MAPCHP,KTOE,2018,258.443
TR,GEP_MAPCHP,KTOE,2019,395.404
TR,GEP_MAPCHP,KTOE,2020,371.077
TR,GEP_MAPCHP,KTOE,2021,345.44
TR,GEP_MAPCHP,KTOE,2022,316.703
TR,GEP_MAPCHP,KTOE,2023,231.603
TR,GEP_MAPCHP,KTOE,2024,127.625
UA,GEP_MAPCHP,KTOE,2014,943.852
UA,GEP_MAPCHP,KTOE,2015,891.402
UA,GEP_MAPCHP,KTOE,2016,902.666
UA,GEP_MAPCHP,KTOE,2017,720.636
UA,GEP_MAPCHP,KTOE,2018,1116.165
UA,GEP_MAPCHP,KTOE,2019,1079.88
UA,GEP_MAPCHP,KTOE,2020,1189.407
UK,GEP_MAPCHP,KTOE,2014,0.0
UK,GEP_MAPCHP,KTOE,2015,0.0
UK,GEP_MAPCHP,KTOE,2016,0.0
UK,GEP_MAPCHP,KTOE,2017,0.0
UK,GEP_MAPCHP,KTOE,2018,0.0
UK,GEP_MAPCHP,KTOE,2019,0.0
XK,GEP_MAPCHP,KTOE,2014,0.0
XK,GEP_MAPCHP,KTOE,2015,0.0
XK,GEP_MAPCHP,KTOE,2016,0.0
XK,GEP_MAPCHP,KTOE,2017,0.0
XK,GEP_MAPCHP,KTOE,2018,0.0
XK,GEP_MAPCHP,KTOE,2019,0.0
XK,GEP_MAPCHP,KTOE,2020,0.0
XK,GEP_MAPCHP,KTOE,2021,0.0
XK,GEP_MAPCHP,KTOE,2022,0.0
XK,GEP_MAPCHP,KTOE,2023,0.0
XK,GEP_MAPCHP,KTOE,2024,0.0
AL,GEP_MAPCHP,TJ,2014,0.0
AL,GEP_MAPCHP,TJ,2015,0.0
AL,GEP_MAPCHP,TJ,2016,0.0
AL,GEP_MAPCHP,TJ,2017,0.0
AL,GEP_MAPCHP,TJ,2018,0.0
AL,GEP_MAPCHP,TJ,2019,0.0
AL,GEP_MAPCHP,TJ,2020,0.0
AL,GEP_MAPCHP,TJ,2021,0.0
AL,GEP_MAPCHP,TJ,2022,0.0
AL,GEP_MAPCHP,TJ,2023,0.0
AL,GEP_MAPCHP,TJ,2024,0.0
AT,GEP_MAPCHP,TJ,2014,16505.6
AT,GEP_MAPCHP,TJ,2015,17458.391
AT,GEP_MAPCHP,TJ,2016,22597.988
AT,GEP_MAPCHP,TJ,2017,18296.309
AT,GEP_MAPCHP,TJ,2018,19931.44
AT,GEP_MAPCHP,TJ,2019,20811.856
AT,GEP_MAPCHP,TJ,2020,20768.094
AT,GEP_MAPCHP,TJ,2021,26912.588
AT,GEP_MAPCHP,TJ,2022,22268.088
AT,GEP_MAPCHP,TJ,2023,18217.933
AT,GEP_MAPCHP,TJ,2024,18795.406
BA,GEP_MAPCHP,TJ,2014,676.8
BA,GEP_MAPCHP,TJ,2015,792.0
BA,GEP_MAPCHP,TJ,2016,763.2
BA,GEP_MAPCHP,TJ,2017,824.4
BA,GEP_MAPCHP,TJ,2018,784.8
BA,GEP_MAPCHP,TJ,2019,756.0
BA,GEP_MAPCHP,TJ,2020,802.8
BA,GEP_MAPCHP,TJ,2021,820.8
BA,GEP_MAPCHP,TJ,2022,849.6
BA,GEP_MAPCHP,TJ,2023,802.8
BA,GEP_MAPCHP,TJ,2024,756.0
BE,GEP_MAPCHP,TJ,2014,25443.72
BE,GEP_MAPCHP,TJ,2015,29210.76
BE,GEP_MAPCHP,TJ,2016,29612.52
BE,GEP_MAPCHP,TJ,2017,26744.4
BE,GEP_MAPCHP,TJ,2018,28279.44
BE,GEP_MAPCHP,TJ,2019,23823.36
BE,GEP_MAPCHP,TJ,2020,24966.36
BE,GEP_MAPCHP,TJ,2021,22275.72
BE,GEP_MAPCHP,TJ,2022,21853.08
BE,GEP_MAPCHP,TJ,2023,18990.36
BE,GEP_MAPCHP,TJ,2024,15669.72
BG,GEP_MAPCHP,TJ,2014,17559.684
BG,GEP_MAPCHP,TJ,2015,12936.384
BG,GEP_MAPCHP,TJ,2016,12616.578
BG,GEP_MAPCHP,TJ,2017,11584.246
BG,GEP_MAPCHP,TJ,2018,11542.594
BG,GEP_MAPCHP,TJ,2019,16532.899
BG,GEP_MAPCHP,TJ,2020,16875.828
BG,GEP_MAPCHP,TJ,2021,19079.284
BG,GEP_MAPCHP,TJ,2022,16948.577
BG,GEP_MAPCHP,TJ,2023,16492.054
BG,GEP_MAPCHP,TJ,2024,16163.557
CY,GEP_MAPCHP,TJ,2014,46.58
CY,GEP_MAPCHP,TJ,2015,50.688
CY,GEP_MAPCHP,TJ,2016,49.799
CY,GEP_MAPCHP,TJ,2017,53.734
CY,GEP_MAPCHP,TJ,2018,51.39
CY,GEP_MAPCHP,TJ,2019,51.062
CY,GEP_MAPCHP,TJ,2020,54.112
CY,GEP_MAPCHP,TJ,2021,52.434
CY,GEP_MAPCHP,TJ,2022,40.151
CY,GEP_MAPCHP,TJ,2023,35.748
CY,GEP_MAPCHP,TJ,2024,33.33
CZ,GEP_MAPCHP,TJ,2014,30935.394
CZ,GEP_MAPCHP,TJ,2015,30677.087
CZ,GEP_MAPCHP,TJ,2016,29894.731
CZ,GEP_MAPCHP,TJ,2017,29579.713
CZ,GEP_MAPCHP,TJ,2018,28351.775
CZ,GEP_MAPCHP,TJ,2019,27831.474
CZ,GEP_MAPCHP,TJ,2020,31365.59
CZ,GEP_MAPCHP,TJ,2021,33352.387
CZ,GEP_MAPCHP,TJ,2022,31615.297
CZ,GEP_MAPCHP,TJ,2023,28633.118
CZ,GEP_MAPCHP,TJ,2024,26570.52
DE,GEP_MAPCHP,TJ,2014,279417.6
DE,GEP_MAPCHP,TJ,2015,289134.0
DE,GEP_MAPCHP,TJ,2016,315921.6
DE,GEP_MAPCHP,TJ,2017,337356.0
DE,GEP_MAPCHP,TJ,2018,313930.8
DE,GEP_MAPCHP,TJ,2019,305528.4
DE,GEP_MAPCHP,TJ,2020,298702.8
DE,GEP_MAPCHP,TJ,2021,320331.6
DE,GEP_MAPCHP,TJ,2022,291131.006
DE,GEP_MAPCHP,TJ,2023,286372.8
DE,GEP_MAPCHP,TJ,2024,292089.6
DK,GEP_MAPCHP,TJ,2014,59280.347
DK,GEP_MAPCHP,TJ,2015,43140.049
DK,GEP_MAPCHP,TJ,2016,53810.827
DK,GEP_MAPCHP,TJ,2017,48135.647
DK,GEP_MAPCHP,TJ,2018,48035.171
DK,GEP_MAPCHP,TJ,2019,36458.964
DK,GEP_MAPCHP,TJ,2020,32201.914
DK,GEP_MAPCHP,TJ,2021,48252.917
DK,GEP_MAPCHP,TJ,2022,41705.785
DK,GEP_MAPCHP,TJ,2023,31999.092
DK,GEP_MAPCHP,TJ,2024,32091.967
EE,GEP_MAPCHP,TJ,2014,4312.8
EE,GEP_MAPCHP,TJ,2015,4244.533
EE,GEP_MAPCHP,TJ,2016,4297.727
EE,GEP_MAPCHP,TJ,2017,5081.087
EE,GEP_MAPCHP,TJ,2018,5080.226
EE,GEP_MAPCHP,TJ,2019,5034.938
EE,GEP_MAPCHP,TJ,2020,5810.497
EE,GEP_MAPCHP,TJ,2021,4889.754
EE,GEP_MAPCHP,TJ,2022,4573.055
EE,GEP_MAPCHP,TJ,2023,3843.76
EE,GEP_MAPCHP,TJ,2024,3639.625
EL,GEP_MAPCHP,TJ,2014,36312.163
EL,GEP_MAPCHP,TJ,2015,27846.976
EL,GEP_MAPCHP,TJ,2016,27084.38
EL,GEP_MAPCHP,TJ,2017,27493.564
EL,GEP_MAPCHP,TJ,2018,24821.478
EL,GEP_MAPCHP,TJ,2019,22217.36
EL,GEP_MAPCHP,TJ,2020,15734.387
EL,GEP_MAPCHP,TJ,2021,10822.691
EL,GEP_MAPCHP,TJ,2022,12457.044
EL,GEP_MAPCHP,TJ,2023,7950.676
EL,GEP_MAPCHP,TJ,2024,6826.417
ES,GEP_MAPCHP,TJ,2014,0.0
ES,GEP_MAPCHP,TJ,2015,0.0
ES,GEP_MAPCHP,TJ,2016,0.0
ES,GEP_MAPCHP,TJ,2017,0.0
ES,GEP_MAPCHP,TJ,2018,0.0
ES,GEP_MAPCHP,TJ,2019,0.0
ES,GEP_MAPCHP,TJ,2020,0.0
ES,GEP_MAPCHP,TJ,2021,0.0
ES,GEP_MAPCHP,TJ,2022,0.0
ES,GEP_MAPCHP,TJ,2023,0.0
ES,GEP_MAPCHP,TJ,2024,0.0
EU27_2020,GEP_MAPCHP,TJ,2014,1552778.16
EU27_2020,GEP_MAPCHP,TJ,2015,1600119.903
EU27_2020,GEP_MAPCHP,TJ,2016,1690091.149
EU27_2020,GEP_MAPCHP,TJ,2017,1680904.861
EU27_2020,GEP_MAPCHP,TJ,2018,1615013.982
EU27_2020,GEP_MAPCHP,TJ,2019,1559528.296
EU27_2020,GEP_MAPCHP,TJ,2020,1476707.634
EU27_2020,GEP_MAPCHP,TJ,2021,1531361.167
EU27_2020,GEP_MAPCHP,TJ,2022,1441955.972
EU27_2020,GEP_MAPCHP,TJ,2023,1274012.446
EU27_2020,GEP_MAPCHP,TJ,2024,1208356.793
FI,GEP_MAPCHP,TJ,2014,52070.936
FI,GEP_MAPCHP,TJ,2015,48639.434
FI,GEP_MAPCHP,TJ,2016,50419.663
FI,GEP_MAPCHP,TJ,2017,48843.356
FI,GEP_MAPCHP,TJ,2018,51040.624
FI,GEP_MAPCHP,TJ,2019,49276.688
FI,GEP_MAPCHP,TJ,2020,45698.015
FI,GEP_MAPCHP,TJ,2021,52549.639
FI,GEP_MAPCHP,TJ,2022,44531.352
FI,GEP_MAPCHP,TJ,2023,31032.403
FI,GEP_MAPCHP,TJ,2024,25907.958
FR,GEP_MAPCHP,TJ,2014,28171.825
FR,GEP_MAPCHP,TJ,2015,32853.16
FR,GEP_MAPCHP,TJ,2016,38602.511
FR,GEP_MAPCHP,TJ,2017,42037.111
FR,GEP_MAPCHP,TJ,2018,43134.226
FR,GEP_MAPCHP,TJ,2019,46494.51
FR,GEP_MAPCHP,TJ,2020,46272.072
FR,GEP_MAPCHP,TJ,2021,48082.77
FR,GEP_MAPCHP,TJ,2022,49860.211
FR,GEP_MAPCHP,TJ,2023,44675.141
FR,GEP_MAPCHP,TJ,2024,40181.892
GE,GEP_MAPCHP,TJ,2014,0.0
GE,GEP_MAPCHP,TJ,2015,0.0
GE,GEP_MAPCHP,TJ,2016,0.0
GE,GEP_MAPCHP,TJ,2017,0.0
GE,GEP_MAPCHP,TJ,2018,0.0
GE,GEP_MAPCHP,TJ,2019,0.0
GE,GEP_MAPCHP,TJ,2020,0.0
GE,GEP_MAPCHP,TJ,2021,0.0
GE,GEP_MAPCHP,TJ,2022,0.0
GE,GEP_MAPCHP,TJ,2023,0.0
GE,GEP_MAPCHP,TJ,2024,0.0
HR,GEP_MAPCHP,TJ,2014,3331.08
HR,GEP_MAPCHP,TJ,2015,3915.947
HR,GEP_MAPCHP,TJ,2016,5245.877
HR,GEP_MAPCHP,TJ,2017,12178.8
HR,GEP_MAPCHP,TJ,2018,9343.8
HR,GEP_MAPCHP,TJ,2019,11337.48
HR,GEP_MAPCHP,TJ,2020,14382.0
HR,GEP_MAPCHP,TJ,2021,13789.44
HR,GEP_MAPCHP,TJ,2022,15642.36
HR,GEP_MAPCHP,TJ,2023,16600.68
HR,GEP_MAPCHP,TJ,2024,14211.72
HU,GEP_MAPCHP,TJ,2014,70220.819
HU,GEP_MAPCHP,TJ,2015,71705.387
HU,GEP_MAPCHP,TJ,2016,73760.382
HU,GEP_MAPCHP,TJ,2017,36108.0
HU,GEP_MAPCHP,TJ,2018,35186.4
HU,GEP_MAPCHP,TJ,2019,33447.6
HU,GEP_MAPCHP,TJ,2020,33325.2
HU,GEP_MAPCHP,TJ,2021,33967.08
HU,GEP_MAPCHP,TJ,2022,31622.04
HU,GEP_MAPCHP,TJ,2023,25327.44
HU,GEP_MAPCHP,TJ,2024,26136.0
IE,GEP_MAPCHP,TJ,2014,0.0
IE,GEP_MAPCHP,TJ,2015,0.0
IE,GEP_MAPCHP,TJ,2016,0.0
IE,GEP_MAPCHP,TJ,2017,0.0
IE,GEP_MAPCHP,TJ,2018,0.0
IE,GEP_MAPCHP,TJ,2019,0.0
IE,GEP_MAPCHP,TJ,2020,0.0
IE,GEP_MAPCHP,TJ,2021,0.0
IE,GEP_MAPCHP,TJ,2022,0.0
IE,GEP_MAPCHP,TJ,2023,0.0
IE,GEP_MAPCHP,TJ,2024,0.0
IS,GEP_MAPCHP,TJ,2014,17163.918
IS,GEP_MAPCHP,TJ,2015,16256.07
IS,GEP_MAPCHP,TJ,2016,16450.225
IS,GEP_MAPCHP,TJ,2017,16599.535
IS,GEP_MAPCHP,TJ,2018,17532.454
IS,GEP_MAPCHP,TJ,2019,17817.354
IS,GEP_MAPCHP,TJ,2020,18064.649
IS,GEP_MAPCHP,TJ,2021,17210.614
IS,GEP_MAPCHP,TJ,2022,16779.697
IS,GEP_MAPCHP,TJ,2023,17129.218
IS,GEP_MAPCHP,TJ,2024,16848.608
IT,GEP_MAPCHP,TJ,2014,254677.136
IT,GEP_MAPCHP,TJ,2015,281244.208
IT,GEP_MAPCHP,TJ,2016,316056.168
IT,GEP_MAPCHP,TJ,2017,329012.633
IT,GEP_MAPCHP,TJ,2018,299209.943
IT,GEP_MAPCHP,TJ,2019,309012.858
IT,GEP_MAPCHP,TJ,2020,291979.807
IT,GEP_MAPCHP,TJ,2021,230217.235
IT,GEP_MAPCHP,TJ,2022,237376.004
IT,GEP_MAPCHP,TJ,2023,215580.24
IT,GEP_MAPCHP,TJ,2024,196369.033
LT,GEP_MAPCHP,TJ,2014,6699.6
LT,GEP_MAPCHP,TJ,2015,7542.0
LT,GEP_MAPCHP,TJ,2016,4075.2
LT,GEP_MAPCHP,TJ,2017,2692.44
LT,GEP_MAPCHP,TJ,2018,2425.32
LT,GEP_MAPCHP,TJ,2019,2204.64
LT,GEP_MAPCHP,TJ,2020,6988.32
LT,GEP_MAPCHP,TJ,2021,6246.36
LT,GEP_MAPCHP,TJ,2022,4291.2
LT,GEP_MAPCHP,TJ,2023,4386.96
LT,GEP_MAPCHP,TJ,2024,6144.48
LU,GEP_MAPCHP,TJ,2014,764.219
LU,GEP_MAPCHP,TJ,2015,669.535
LU,GEP_MAPCHP,TJ,2016,640.872
LU,GEP_MAPCHP,TJ,2017,648.904
LU,GEP_MAPCHP,TJ,2018,744.75
LU,GEP_MAPCHP,TJ,2019,981.832
LU,GEP_MAPCHP,TJ,2020,1746.403
LU,GEP_MAPCHP,TJ,2021,1815.048
LU,GEP_MAPCHP,TJ,2022,1592.514
LU,GEP_MAPCHP,TJ,2023,1494.032
LU,GEP_MAPCHP,TJ,2024,1773.511
LV,GEP_MAPCHP,TJ,2014,9927.81
LV,GEP_MAPCHP,TJ,2015,11784.748
LV,GEP_MAPCHP,TJ,2016,12815.881
LV,GEP_MAPCHP,TJ,2017,10124.658
LV,GEP_MAPCHP,TJ,2018,14343.545
LV,GEP_MAPCHP,TJ,2019,14377.262
LV,GEP_MAPCHP,TJ,2020,9962.946
LV,GEP_MAPCHP,TJ,2021,10197.997
LV,GEP_MAPCHP,TJ,2022,6783.732
LV,GEP_MAPCHP,TJ,2023,7143.671
LV,GEP_MAPCHP,TJ,2024,7920.418
MD,GEP_MAPCHP,TJ,2014,2991.6
MD,GEP_MAPCHP,TJ,2015,3038.4
MD,GEP_MAPCHP,TJ,2016,2952.0
MD,GEP_MAPCHP,TJ,2017,2829.6
MD,GEP_MAPCHP,TJ,2018,2977.2
MD,GEP_MAPCHP,TJ,2019,2797.2
MD,GEP_MAPCHP,TJ,2020,3006.0
MD,GEP_MAPCHP,TJ,2021,3308.4
MD,GEP_MAPCHP,TJ,2022,2574.0
MD,GEP_MAPCHP,TJ,2023,2546.28
MD,GEP_MAPCHP,TJ,2024,2904.84
ME,GEP_MAPCHP,TJ,2014,0.0
ME,GEP_MAPCHP,TJ,2015,0.0
ME,GEP_MAPCHP,TJ,2016,0.0
ME,GEP_MAPCHP,TJ,2017,0.0
ME,GEP_MAPCHP,TJ,2018,0.0
ME,GEP_MAPCHP,TJ,2019,0.0
ME,GEP_MAPCHP,TJ,2020,0.0
ME,GEP_MAPCHP,TJ,2021,0.0
ME,GEP_MAPCHP,TJ,2022,0.0
ME,GEP_MAPCHP,TJ,2023,0.0
ME,GEP_MAPCHP,TJ,2024,0.0
MK,GEP_MAPCHP,TJ,2014,705.6
MK,GEP_MAPCHP,TJ,2015,658.8
MK,GEP_MAPCHP,TJ,2016,2048.731
MK,GEP_MAPCHP,TJ,2017,2983.914
MK,GEP_MAPCHP,TJ,2018,2685.154
MK,GEP_MAPCHP,TJ,2019,3446.204
MK,GEP_MAPCHP,TJ,2020,4120.65
MK,GEP_MAPCHP,TJ,2021,5571.0
MK,GEP_MAPCHP,TJ,2022,3569.17
MK,GEP_MAPCHP,TJ,2023,4978.127
MK,GEP_MAPCHP,TJ,2024,4642.265
MT,GEP_MAPCHP,TJ,2014,0.0
MT,GEP_MAPCHP,TJ,2015,0.0
MT,GEP_MAPCHP,TJ,2016,0.0
MT,GEP_MAPCHP,TJ,2017,0.0
MT,GEP_MAPCHP,TJ,2018,0.0
MT,GEP_MAPCHP,TJ,2019,0.0
MT,GEP_MAPCHP,TJ,2020,0.0
MT,GEP_MAPCHP,TJ,2021,0.0
MT,GEP_MAPCHP,TJ,2022,0.007
MT,GEP_MAPCHP,TJ,2023,0.076
MT,GEP_MAPCHP,TJ,2024,0.0
NL,GEP_MAPCHP,TJ,2014,98231.04
NL,GEP_MAPCHP,TJ,2015,98762.479
NL,GEP_MAPCHP,TJ,2016,101649.946
NL,GEP_MAPCHP,TJ,2017,102634.924
NL,GEP_MAPCHP,TJ,2018,94857.836
NL,GEP_MAPCHP,TJ,2019,93701.563
NL,GEP_MAPCHP,TJ,2020,86627.934
NL,GEP_MAPCHP,TJ,2021,77586.883
NL,GEP_MAPCHP,TJ,2022,70365.337
NL,GEP_MAPCHP,TJ,2023,58253.825
NL,GEP_MAPCHP,TJ,2024,47433.51
NO,GEP_MAPCHP,TJ,2014,1699.2
NO,GEP_MAPCHP,TJ,2015,1742.4
NO,GEP_MAPCHP,TJ,2016,1566.0
NO,GEP_MAPCHP,TJ,2017,1695.6
NO,GEP_MAPCHP,TJ,2018,1453.9
NO,GEP_MAPCHP,TJ,2019,1729.058
NO,GEP_MAPCHP,TJ,2020,1705.378
NO,GEP_MAPCHP,TJ,2021,1582.164
NO,GEP_MAPCHP,TJ,2022,1703.675
NO,GEP_MAPCHP,TJ,2023,1747.519
NO,GEP_MAPCHP,TJ,2024,1662.217
PL,GEP_MAPCHP,TJ,2014,466308.436
PL,GEP_MAPCHP,TJ,2015,496523.912
PL,GEP_MAPCHP,TJ,2016,492486.152
PL,GEP_MAPCHP,TJ,2017,491617.051
PL,GEP_MAPCHP,TJ,2018,489727.685
PL,GEP_MAPCHP,TJ,2019,450001.516
PL,GEP_MAPCHP,TJ,2020,415809.23
PL,GEP_MAPCHP,TJ,2021,487417.475
PL,GEP_MAPCHP,TJ,2022,462107.959
PL,GEP_MAPCHP,TJ,2023,390440.66
PL,GEP_MAPCHP,TJ,2024,373184.787
PT,GEP_MAPCHP,TJ,2014,691.2
PT,GEP_MAPCHP,TJ,2015,694.8
PT,GEP_MAPCHP,TJ,2016,691.2
PT,GEP_MAPCHP,TJ,2017,693.144
PT,GEP_MAPCHP,TJ,2018,692.352
PT,GEP_MAPCHP,TJ,2019,693.371
PT,GEP_MAPCHP,TJ,2020,694.904
PT,GEP_MAPCHP,TJ,2021,696.312
PT,GEP_MAPCHP,TJ,2022,759.996
PT,GEP_MAPCHP,TJ,2023,712.976
PT,GEP_MAPCHP,TJ,2024,694.627
RO,GEP_MAPCHP,TJ,2014,34514.017
RO,GEP_MAPCHP,TJ,2015,29837.887
RO,GEP_MAPCHP,TJ,2016,29115.166
RO,GEP_MAPCHP,TJ,2017,30539.016
RO,GEP_MAPCHP,TJ,2018,26880.779
RO,GEP_MAPCHP,TJ,2019,24197.609
RO,GEP_MAPCHP,TJ,2020,21579.307
RO,GEP_MAPCHP,TJ,2021,20105.467
RO,GEP_MAPCHP,TJ,2022,17445.809
RO,GEP_MAPCHP,TJ,2023,16510.363
RO,GEP_MAPCHP,TJ,2024,12423.737
RS,GEP_MAPCHP,TJ,2014,16124.404
RS,GEP_MAPCHP,TJ,2015,16362.004
RS,GEP_MAPCHP,TJ,2016,19242.004
RS,GEP_MAPCHP,TJ,2017,18285.178
RS,GEP_MAPCHP,TJ,2018,17106.516
RS,GEP_MAPCHP,TJ,2019,17690.508
RS,GEP_MAPCHP,TJ,2020,15765.188
RS,GEP_MAPCHP,TJ,2021,18630.425
RS,GEP_MAPCHP,TJ,2022,18187.045
RS,GEP_MAPCHP,TJ,2023,20643.098
RS,GEP_MAPCHP,TJ,2024,18724.468
SE,GEP_MAPCHP,TJ,2014,28195.2
SE,GEP_MAPCHP,TJ,2015,29041.2
SE,GEP_MAPCHP,TJ,2016,33840.0
SE,GEP_MAPCHP,TJ,2017,33598.8
SE,GEP_MAPCHP,TJ,2018,33915.6
SE,GEP_MAPCHP,TJ,2019,33915.6
SE,GEP_MAPCHP,TJ,2020,25185.6
SE,GEP_MAPCHP,TJ,2021,32792.4
SE,GEP_MAPCHP,TJ,2022,31629.6
SE,GEP_MAPCHP,TJ,2023,26996.4
SE,GEP_MAPCHP,TJ,2024,22129.2
SI,GEP_MAPCHP,TJ,2014,14613.354
SI,GEP_MAPCHP,TJ,2015,17287.938
SI,GEP_MAPCHP,TJ,2016,19642.781
SI,GEP_MAPCHP,TJ,2017,19194.124
SI,GEP_MAPCHP,TJ,2018,18464.008
SI,GEP_MAPCHP,TJ,2019,17994.654
SI,GEP_MAPCHP,TJ,2020,17682.314
SI,GEP_MAPCHP,TJ,2021,15812.086
SI,GEP_MAPCHP,TJ,2022,13256.168
SI,GEP_MAPCHP,TJ,2023,13372.438
SI,GEP_MAPCHP,TJ,2024,14499.378
SK,GEP_MAPCHP,TJ,2014,14547.6
SK,GEP_MAPCHP,TJ,2015,14918.4
SK,GEP_MAPCHP,TJ,2016,15163.2
SK,GEP_MAPCHP,TJ,2017,16657.2
SK,GEP_MAPCHP,TJ,2018,15022.8
SK,GEP_MAPCHP,TJ,2019,13600.8
SK,GEP_MAPCHP,TJ,2020,12294.0
SK,GEP_MAPCHP,TJ,2021,14115.6
SK,GEP_MAPCHP,TJ,2022,12099.6
SK,GEP_MAPCHP,TJ,2023,8949.6
SK,GEP_MAPCHP,TJ,2024,7466.4
TR,GEP_MAPCHP,TJ,2014,15044.774
TR,GEP_MAPCHP,TJ,2015,13496.047
TR,GEP_MAPCHP,TJ,2016,12767.792
TR,GEP_MAPCHP,TJ,2017,12555.238
TR,GEP_MAPCHP,TJ,2018,10820.488
TR,GEP_MAPCHP,TJ,2019,16554.78
TR,GEP_MAPCHP,TJ,2020,15536.236
TR,GEP_MAPCHP,TJ,2021,14462.885
TR,GEP_MAPCHP,TJ,2022,13259.722
TR,GEP_MAPCHP,TJ,2023,9696.769
TR,GEP_MAPCHP,TJ,2024,5343.386
UA,GEP_MAPCHP,TJ,2014,39517.2
UA,GEP_MAPCHP,TJ,2015,37321.2
UA,GEP_MAPCHP,TJ,2016,37792.8
UA,GEP_MAPCHP,TJ,2017,30171.6
UA,GEP_MAPCHP,TJ,2018,46731.6
UA,GEP_MAPCHP,TJ,2019,45212.4
UA,GEP_MAPCHP,TJ,2020,49798.08
UK,GEP_MAPCHP,TJ,2014,0.0
UK,GEP_MAPCHP,TJ,2015,0.0
UK,GEP_MAPCHP,TJ,2016,0.0
UK,GEP_MAPCHP,TJ,2017,0.0
UK,GEP_MAPCHP,TJ,2018,0.0
UK,GEP_MAPCHP,TJ,2019,0.0
XK,GEP_MAPCHP,TJ,2014,0.0
XK,GEP_MAPCHP,TJ,2015,0.0
XK,GEP_MAPCHP,TJ,2016,0.0
XK,GEP_MAPCHP,TJ,2017,0.0
XK,GEP_MAPCHP,TJ,2018,0.0
XK,GEP_MAPCHP,TJ,2019,0.0
XK,GEP_MAPCHP,TJ,2020,0.0
XK,GEP_MAPCHP,TJ,2021,0.0
XK,GEP_MAPCHP,TJ,2022,0.0
XK,GEP_MAPCHP,TJ,2023,0.0
XK,GEP_MAPCHP,TJ,2024,0.0
AL,GEP_MAPE,GWH,2014,4724.441
AL,GEP_MAPE,GWH,2015,5895.0
AL,GEP_MAPE,GWH,2016,7781.702
AL,GEP_MAPE,GWH,2017,4526.179
AL,GEP_MAPE,GWH,2018,8553.486
AL,GEP_MAPE,GWH,2019,5206.043
AL,GEP_MAPE,GWH,2020,5313.166
AL,GEP_MAPE,GWH,2021,8962.71
AL,GEP_MAPE,GWH,2022,7002.643
AL,GEP_MAPE,GWH,2023,9006.016
AL,GEP_MAPE,GWH,2024,7960.726
AT,GEP_MAPE,GWH,2014,53157.363
AT,GEP_MAPE,GWH,2015,52605.366
AT,GEP_MAPE,GWH,2016,54151.774
AT,GEP_MAPE,GWH,2017,58031.312
AT,GEP_MAPE,GWH,2018,55094.365
AT,GEP_MAPE,GWH,2019,60486.885
AT,GEP_MAPE,GWH,2020,58951.115
AT,GEP_MAPE,GWH,2021,52515.982
AT,GEP_MAPE,GWH,2022,51836.648
AT,GEP_MAPE,GWH,2023,55833.264
AT,GEP_MAPE,GWH,2024,61943.878
BA,GEP_MAPE,GWH,2014,16455.0
BA,GEP_MAPE,GWH,2015,15781.0
BA,GEP_MAPE,GWH,2016,17160.607
BA,GEP_MAPE,GWH,2017,15768.0
BA,GEP_MAPE,GWH,2018,18504.0
BA,GEP_MAPE,GWH,2019,16871.0
BA,GEP_MAPE,GWH,2020,16304.0
BA,GEP_MAPE,GWH,2021,17894.0
BA,GEP_MAPE,GWH,2022,15714.0
BA,GEP_MAPE,GWH,2023,16536.0
BA,GEP_MAPE,GWH,2024,15345.0
BE,GEP_MAPE,GWH,2014,55697.4
BE,GEP_MAPE,GWH,2015,51572.2
BE,GEP_MAPE,GWH,2016,66924.8
BE,GEP_MAPE,GWH,2017,67712.8
BE,GEP_MAPE,GWH,2018,55026.2
BE,GEP_MAPE,GWH,2019,73134.6
BE,GEP_MAPE,GWH,2020,67401.3
BE,GEP_MAPE,GWH,2021,78641.6
BE,GEP_MAPE,GWH,2022,73804.7
BE,GEP_MAPE,GWH,2023,61225.9
BE,GEP_MAPE,GWH,2024,54465.1
BG,GEP_MAPE,GWH,2014,42359.371
BG,GEP_MAPE,GWH,2015,45243.337
BG,GEP_MAPE,GWH,2016,41283.888
BG,GEP_MAPE,GWH,2017,41707.335
BG,GEP_MAPE,GWH,2018,42923.62
BG,GEP_MAPE,GWH,2019,38962.816
BG,GEP_MAPE,GWH,2020,35329.434
BG,GEP_MAPE,GWH,2021,41341.889
BG,GEP_MAPE,GWH,2022,44884.039
BG,GEP_MAPE,GWH,2023,34734.482
BG,GEP_MAPE,GWH,2024,32791.045
CY,GEP_MAPE,GWH,2014,4259.207
CY,GEP_MAPE,GWH,2015,4433.789
CY,GEP_MAPE,GWH,2016,4775.678
CY,GEP_MAPE,GWH,2017,4881.478
CY,GEP_MAPE,GWH,2018,4924.131
CY,GEP_MAPE,GWH,2019,4989.274
CY,GEP_MAPE,GWH,2020,4684.299
CY,GEP_MAPE,GWH,2021,4879.491
CY,GEP_MAPE,GWH,2022,4964.821
CY,GEP_MAPE,GWH,2023,4901.493
CY,GEP_MAPE,GWH,2024,5079.211
CZ,GEP_MAPE,GWH,2014,68430.585
CZ,GEP_MAPE,GWH,2015,66114.62
CZ,GEP_MAPE,GWH,2016,65560.436
CZ,GEP_MAPE,GWH,2017,69728.046
CZ,GEP_MAPE,GWH,2018,71377.603
CZ,GEP_MAPE,GWH,2019,70566.895
CZ,GEP_MAPE,GWH,2020,63745.546
CZ,GEP_MAPE,GWH,2021,66573.87
CZ,GEP_MAPE,GWH,2022,68731.827
CZ,GEP_MAPE,GWH,2023,61201.918
CZ,GEP_MAPE,GWH,2024,58573.362
DE,GEP_MAPE,GWH,2014,504741.0
DE,GEP_MAPE,GWH,2015,517779.0
DE,GEP_MAPE,GWH,2016,507830.0
DE,GEP_MAPE,GWH,2017,503236.0
DE,GEP_MAPE,GWH,2018,498308.0
DE,GEP_MAPE,GWH,2019,468712.0
DE,GEP_MAPE,GWH,2020,439479.0
DE,GEP_MAPE,GWH,2021,449440.0
DE,GEP_MAPE,GWH,2022,449355.762
DE,GEP_MAPE,GWH,2023,354157.0
DE,GEP_MAPE,GWH,2024,336462.0
DK,GEP_MAPE,GWH,2014,13114.608
DK,GEP_MAPE,GWH,2015,14163.958
DK,GEP_MAPE,GWH,2016,12813.165
DK,GEP_MAPE,GWH,2017,14820.717
DK,GEP_MAPE,GWH,2018,13929.504
DK,GEP_MAPE,GWH,2019,16187.241
DK,GEP_MAPE,GWH,2020,16364.903
DK,GEP_MAPE,GWH,2021,16083.455
DK,GEP_MAPE,GWH,2022,19095.903
DK,GEP_MAPE,GWH,2023,19459.516
DK,GEP_MAPE,GWH,2024,20585.869
EE,GEP_MAPE,GWH,2014,11190.666
EE,GEP_MAPE,GWH,2015,8779.157
EE,GEP_MAPE,GWH,2016,10717.805
EE,GEP_MAPE,GWH,2017,11585.193
EE,GEP_MAPE,GWH,2018,10829.467
EE,GEP_MAPE,GWH,2019,6122.859
EE,GEP_MAPE,GWH,2020,4281.474
EE,GEP_MAPE,GWH,2021,5670.602
EE,GEP_MAPE,GWH,2022,7493.486
EE,GEP_MAPE,GWH,2023,4532.854
EE,GEP_MAPE,GWH,2024,4786.235
EL,GEP_MAPE,GWH,2014,38594.399
EL,GEP_MAPE,GWH,2015,41798.605
EL,GEP_MAPE,GWH,2016,44967.864
EL,GEP_MAPE,GWH,2017,45695.879
EL,GEP_MAPE,GWH,2018,44152.912
EL,GEP_MAPE,GWH,2019,39974.431
EL,GEP_MAPE,GWH,2020,41168.75
EL,GEP_MAPE,GWH,2021,48913.76
EL,GEP_MAPE,GWH,2022,46287.068
EL,GEP_MAPE,GWH,2023,44875.881
EL,GEP_MAPE,GWH,2024,53021.495
ES,GEP_MAPE,GWH,2014,246569.282
ES,GEP_MAPE,GWH,2015,247365.454
ES,GEP_MAPE,GWH,2016,240664.767
ES,GEP_MAPE,GWH,2017,239591.0
ES,GEP_MAPE,GWH,2018,236864.803
ES,GEP_MAPE,GWH,2019,234941.0
ES,GEP_MAPE,GWH,2020,227707.0
ES,GEP_MAPE,GWH,2021,236484.0
ES,GEP_MAPE,GWH,2022,261630.7
ES,GEP_MAPE,GWH,2023,252227.01
ES,GEP_MAPE,GWH,2024,252418.316
EU27_2020,GEP_MAPE,GWH,2014,2220413.011
EU27_2020,GEP_MAPE,GWH,2015,2237880.328
EU27_2020,GEP_MAPE,GWH,2016,2229297.428
EU27_2020,GEP_MAPE,GWH,2017,2252166.117
EU27_2020,GEP_MAPE,GWH,2018,2240285.31
EU27_2020,GEP_MAPE,GWH,2019,2212844.253
EU27_2020,GEP_MAPE,GWH,2020,2114464.544
EU27_2020,GEP_MAPE,GWH,2021,2183226.478
EU27_2020,GEP_MAPE,GWH,2022,2117540.992
EU27_2020,GEP_MAPE,GWH,2023,2048888.664
EU27_2020,GEP_MAPE,GWH,2024,2106450.142
FI,GEP_MAPE,GWH,2014,43536.154
FI,GEP_MAPE,GWH,2015,45063.764
FI,GEP_MAPE,GWH,2016,45234.4
FI,GEP_MAPE,GWH,2017,44124.864
FI,GEP_MAPE,GWH,2018,45374.157
FI,GEP_MAPE,GWH,2019,44143.621
FI,GEP_MAPE,GWH,2020,46493.387
FI,GEP_MAPE,GWH,2021,46937.744
FI,GEP_MAPE,GWH,2022,49077.319
FI,GEP_MAPE,GWH,2023,62634.543
FI,GEP_MAPE,GWH,2024,65872.777
FR,GEP_MAPE,GWH,2014,549296.166
FR,GEP_MAPE,GWH,2015,554281.967
FR,GEP_MAPE,GWH,2016,537713.374
FR,GEP_MAPE,GWH,2017,533453.893
FR,GEP_MAPE,GWH,2018,550056.274
FR,GEP_MAPE,GWH,2019,536901.525
FR,GEP_MAPE,GWH,2020,499211.701
FR,GEP_MAPE,GWH,2021,521728.939
FR,GEP_MAPE,GWH,2022,438863.534
FR,GEP_MAPE,GWH,2023,490919.514
FR,GEP_MAPE,GWH,2024,536770.961
GE,GEP_MAPE,GWH,2014,10371.337
GE,GEP_MAPE,GWH,2015,10832.764
GE,GEP_MAPE,GWH,2016,11574.241
GE,GEP_MAPE,GWH,2017,11531.2
GE,GEP_MAPE,GWH,2018,12148.6
GE,GEP_MAPE,GWH,2019,11856.8
GE,GEP_MAPE,GWH,2020,11159.8
GE,GEP_MAPE,GWH,2021,12645.1
GE,GEP_MAPE,GWH,2022,14246.6
GE,GEP_MAPE,GWH,2023,14395.781
GE,GEP_MAPE,GWH,2024,14234.143
HR,GEP_MAPE,GWH,2014,12283.068
HR,GEP_MAPE,GWH,2015,9998.737
HR,GEP_MAPE,GWH,2016,11025.21
HR,GEP_MAPE,GWH,2017,8180.7
HR,GEP_MAPE,GWH,2018,10663.6
HR,GEP_MAPE,GWH,2019,9235.6
HR,GEP_MAPE,GWH,2020,8985.5
HR,GEP_MAPE,GWH,2021,11034.4
HR,GEP_MAPE,GWH,2022,9592.0
HR,GEP_MAPE,GWH,2023,12653.2
HR,GEP_MAPE,GWH,2024,11123.3
HU,GEP_MAPE,GWH,2014,9230.185
HU,GEP_MAPE,GWH,2015,9636.299
HU,GEP_MAPE,GWH,2016,10404.49
HU,GEP_MAPE,GWH,2017,21585.0
HU,GEP_MAPE,GWH,2018,20716.0
HU,GEP_MAPE,GWH,2019,23022.0
HU,GEP_MAPE,GWH,2020,23321.0
HU,GEP_MAPE,GWH,2021,23835.0
HU,GEP_MAPE,GWH,2022,23819.36
HU,GEP_MAPE,GWH,2023,24452.522
HU,GEP_MAPE,GWH,2024,25640.462
IE,GEP_MAPE,GWH,2014,24073.512
IE,GEP_MAPE,GWH,2015,26301.894
IE,GEP_MAPE,GWH,2016,28377.449
IE,GEP_MAPE,GWH,2017,28759.514
IE,GEP_MAPE,GWH,2018,29067.286
IE,GEP_MAPE,GWH,2019,28951.512
IE,GEP_MAPE,GWH,2020,30263.363
IE,GEP_MAPE,GWH,2021,29819.352
IE,GEP_MAPE,GWH,2022,31780.232
IE,GEP_MAPE,GWH,2023,29648.155
IE,GEP_MAPE,GWH,2024,29178.651
IS,GEP_MAPE,GWH,2014,13355.061
IS,GEP_MAPE,GWH,2015,14283.091
IS,GEP_MAPE,GWH,2016,13979.579
IS,GEP_MAPE,GWH,2017,14627.551
IS,GEP_MAPE,GWH,2018,14959.634
IS,GEP_MAPE,GWH,2019,14539.57
IS,GEP_MAPE,GWH,2020,14109.344
IS,GEP_MAPE,GWH,2021,14833.472
IS,GEP_MAPE,GWH,2022,15459.49
IS,GEP_MAPE,GWH,2023,15485.534
IS,GEP_MAPE,GWH,2024,14925.697
IT,GEP_MAPE,GWH,2014,193342.098
IT,GEP_MAPE,GWH,2015,185786.322
IT,GEP_MAPE,GWH,2016,183506.867
IT,GEP_MAPE,GWH,2017,184655.998
IT,GEP_MAPE,GWH,2018,183811.036
IT,GEP_MAPE,GWH,2019,185676.51
IT,GEP_MAPE,GWH,2020,179090.53
IT,GEP_MAPE,GWH,2021,174918.319
IT,GEP_MAPE,GWH,2022,164096.567
IT,GEP_MAPE,GWH,2023,151484.338
IT,GEP_MAPE,GWH,2024,159739.626
LT,GEP_MAPE,GWH,2014,1800.0
LT,GEP_MAPE,GWH,2015,1907.0
LT,GEP_MAPE,GWH,2016,2246.0
LT,GEP_MAPE,GWH,2017,2613.2
LT,GEP_MAPE,GWH,2018,2190.2
LT,GEP_MAPE,GWH,2019,2538.2
LT,GEP_MAPE,GWH,2020,2760.6
LT,GEP_MAPE,GWH,2021,2646.4
LT,GEP_MAPE,GWH,2022,2875.0
LT,GEP_MAPE,GWH,2023,4213.3
LT,GEP_MAPE,GWH,2024,5856.9
LU,GEP_MAPE,GWH,2014,2483.334
LU,GEP_MAPE,GWH,2015,2305.897
LU,GEP_MAPE,GWH,2016,1734.437
LU,GEP_MAPE,GWH,2017,1776.62
LU,GEP_MAPE,GWH,2018,1710.706
LU,GEP_MAPE,GWH,2019,1350.71
LU,GEP_MAPE,GWH,2020,1440.634
LU,GEP_MAPE,GWH,2021,1394.457
LU,GEP_MAPE,GWH,2022,1428.654
LU,GEP_MAPE,GWH,2023,1729.146
LU,GEP_MAPE,GWH,2024,1806.015
LV,GEP_MAPE,GWH,2014,2125.966
LV,GEP_MAPE,GWH,2015,2002.834
LV,GEP_MAPE,GWH,2016,2653.65
LV,GEP_MAPE,GWH,2017,4524.528
LV,GEP_MAPE,GWH,2018,2550.687
LV,GEP_MAPE,GWH,2019,2257.522
LV,GEP_MAPE,GWH,2020,2775.781
LV,GEP_MAPE,GWH,2021,2845.604
LV,GEP_MAPE,GWH,2022,2936.677
LV,GEP_MAPE,GWH,2023,4077.161
LV,GEP_MAPE,GWH,2024,3663.901
MD,GEP_MAPE,GWH,2014,62.481
MD,GEP_MAPE,GWH,2015,54.035
MD,GEP_MAPE,GWH,2016,43.992
MD,GEP_MAPE,GWH,2017,55.0
MD,GEP_MAPE,GWH,2018,55.0
MD,GEP_MAPE,GWH,2019,85.0
MD,GEP_MAPE,GWH,2020,78.0
MD,GEP_MAPE,GWH,2021,103.0
MD,GEP_MAPE,GWH,2022,113.6
MD,GEP_MAPE,GWH,2023,229.4
MD,GEP_MAPE,GWH,2024,378.7
ME,GEP_MAPE,GWH,2014,3172.65
ME,GEP_MAPE,GWH,2015,3003.0
ME,GEP_MAPE,GWH,2016,3141.191
ME,GEP_MAPE,GWH,2017,2482.8
ME,GEP_MAPE,GWH,2018,3810.7
ME,GEP_MAPE,GWH,2019,3433.3
ME,GEP_MAPE,GWH,2020,3380.9
ME,GEP_MAPE,GWH,2021,3776.8
ME,GEP_MAPE,GWH,2022,3322.2
ME,GEP_MAPE,GWH,2023,4186.9
ME,GEP_MAPE,GWH,2024,3552.2
MK,GEP_MAPE,GWH,2014,5176.667
MK,GEP_MAPE,GWH,2015,5462.559
MK,GEP_MAPE,GWH,2016,5060.412
MK,GEP_MAPE,GWH,2017,4771.324
MK,GEP_MAPE,GWH,2018,4861.294
MK,GEP_MAPE,GWH,2019,4912.49
MK,GEP_MAPE,GWH,2020,4202.474
MK,GEP_MAPE,GWH,2021,3984.008
MK,GEP_MAPE,GWH,2022,4927.971
MK,GEP_MAPE,GWH,2023,5296.79
MK,GEP_MAPE,GWH,2024,4671.747
MT,GEP_MAPE,GWH,2014,2170.0
MT,GEP_MAPE,GWH,2015,1203.0
MT,GEP_MAPE,GWH,2016,720.834
MT,GEP_MAPE,GWH,2017,1479.721
MT,GEP_MAPE,GWH,2018,1763.485
MT,GEP_MAPE,GWH,2019,1857.984
MT,GEP_MAPE,GWH,2020,1900.262
MT,GEP_MAPE,GWH,2021,1951.818
MT,GEP_MAPE,GWH,2022,1996.507
MT,GEP_MAPE,GWH,2023,2026.021
MT,GEP_MAPE,GWH,2024,1849.871
NL,GEP_MAPE,GWH,2014,54159.821
NL,GEP_MAPE,GWH,2015,59845.832
NL,GEP_MAPE,GWH,2016,63863.302
NL,GEP_MAPE,GWH,2017,63442.243
NL,GEP_MAPE,GWH,2018,61061.349
NL,GEP_MAPE,GWH,2019,66323.523
NL,GEP_MAPE,GWH,2020,64689.655
NL,GEP_MAPE,GWH,2021,63381.819
NL,GEP_MAPE,GWH,2022,64475.809
NL,GEP_MAPE,GWH,2023,64977.075
NL,GEP_MAPE,GWH,2024,68620.924
NO,GEP_MAPE,GWH,2014,138598.0
NO,GEP_MAPE,GWH,2015,141132.0
NO,GEP_MAPE,GWH,2016,145701.0
NO,GEP_MAPE,GWH,2017,146164.0
NO,GEP_MAPE,GWH,2018,143770.942
NO,GEP_MAPE,GWH,2019,131705.049
NO,GEP_MAPE,GWH,2020,152544.703
NO,GEP_MAPE,GWH,2021,156299.231
NO,GEP_MAPE,GWH,2022,144295.846
NO,GEP_MAPE,GWH,2023,152062.47
NO,GEP_MAPE,GWH,2024,155331.332
PL,GEP_MAPE,GWH,2014,20647.561
PL,GEP_MAPE,GWH,2015,17639.8
PL,GEP_MAPE,GWH,2016,19375.933
PL,GEP_MAPE,GWH,2017,21993.307
PL,GEP_MAPE,GWH,2018,19157.041
PL,GEP_MAPE,GWH,2019,21773.869
PL,GEP_MAPE,GWH,2020,23744.746
PL,GEP_MAPE,GWH,2021,25240.692
PL,GEP_MAPE,GWH,2022,29323.159
PL,GEP_MAPE,GWH,2023,33992.439
PL,GEP_MAPE,GWH,2024,37979.574
PT,GEP_MAPE,GWH,2014,44175.26
PT,GEP_MAPE,GWH,2015,43932.918
PT,GEP_MAPE,GWH,2016,51930.541
PT,GEP_MAPE,GWH,2017,50803.197
PT,GEP_MAPE,GWH,2018,51120.138
PT,GEP_MAPE,GWH,2019,44284.053
PT,GEP_MAPE,GWH,2020,44007.909
PT,GEP_MAPE,GWH,2021,42291.625
PT,GEP_MAPE,GWH,2022,40921.658
PT,GEP_MAPE,GWH,2023,41709.731
PT,GEP_MAPE,GWH,2024,43434.351
RO,GEP_MAPE,GWH,2014,49993.324
RO,GEP_MAPE,GWH,2015,50599.625
RO,GEP_MAPE,GWH,2016,49889.446
RO,GEP_MAPE,GWH,2017,48799.462
RO,GEP_MAPE,GWH,2018,50015.351
RO,GEP_MAPE,GWH,2019,46496.591
RO,GEP_MAPE,GWH,2020,42653.386
RO,GEP_MAPE,GWH,2021,45466.791
RO,GEP_MAPE,GWH,2022,42564.568
RO,GEP_MAPE,GWH,2023,45372.035
RO,GEP_MAPE,GWH,2024,40235.501
RS,GEP_MAPE,GWH,2014,29292.0
RS,GEP_MAPE,GWH,2015,33435.0
RS,GEP_MAPE,GWH,2016,33544.0
RS,GEP_MAPE,GWH,2017,31439.797
RS,GEP_MAPE,GWH,2018,32131.127
RS,GEP_MAPE,GWH,2019,32215.892
RS,GEP_MAPE,GWH,2020,33103.428
RS,GEP_MAPE,GWH,2021,32533.346
RS,GEP_MAPE,GWH,2022,29977.125
RS,GEP_MAPE,GWH,2023,33799.438
RS,GEP_MAPE,GWH,2024,31580.582
SE,GEP_MAPE,GWH,2014,140033.768
SE,GEP_MAPE,GWH,2015,148218.427
SE,GEP_MAPE,GWH,2016,140872.078
SE,GEP_MAPE,GWH,2017,148702.0
SE,GEP_MAPE,GWH,2018,147840.0
SE,GEP_MAPE,GWH,2019,152054.0
SE,GEP_MAPE,GWH,2020,150228.0
SE,GEP_MAPE,GWH,2021,155795.0
SE,GEP_MAPE,GWH,2022,156354.0
SE,GEP_MAPE,GWH,2023,150491.0
SE,GEP_MAPE,GWH,2024,158099.0
SI,GEP_MAPE,GWH,2014,12628.913
SI,GEP_MAPE,GWH,2015,9609.526
SI,GEP_MAPE,GWH,2016,10291.24
SI,GEP_MAPE,GWH,2017,10263.11
SI,GEP_MAPE,GWH,2018,10474.395
SI,GEP_MAPE,GWH,2019,10332.032
SI,GEP_MAPE,GWH,2020,11428.269
SI,GEP_MAPE,GWH,2021,10559.869
SI,GEP_MAPE,GWH,2022,8904.994
SI,GEP_MAPE,GWH,2023,10751.166
SI,GEP_MAPE,GWH,2024,11361.817
SK,GEP_MAPE,GWH,2014,20320.0
SK,GEP_MAPE,GWH,2015,19691.0
SK,GEP_MAPE,GWH,2016,19768.0
SK,GEP_MAPE,GWH,2017,20019.0
SK,GEP_MAPE,GWH,2018,19283.0
SK,GEP_MAPE,GWH,2019,21567.0
SK,GEP_MAPE,GWH,2020,22357.0
SK,GEP_MAPE,GWH,2021,22834.0
SK,GEP_MAPE,GWH,2022,20446.0
SK,GEP_MAPE,GWH,2023,24608.0
SK,GEP_MAPE,GWH,2024,25090.0
TR,GEP_MAPE,GWH,2014,229602.354
TR,GEP_MAPE,GWH,2015,239414.475
TR,GEP_MAPE,GWH,2016,250199.522
TR,GEP_MAPE,GWH,2017,273505.746
TR,GEP_MAPE,GWH,2018,281878.484
TR,GEP_MAPE,GWH,2019,276365.236
TR,GEP_MAPE,GWH,2020,276710.95
TR,GEP_MAPE,GWH,2021,300599.239
TR,GEP_MAPE,GWH,2022,299105.522
TR,GEP_MAPE,GWH,2023,298008.868
TR,GEP_MAPE,GWH,2024,315012.355
UA,GEP_MAPE,GWH,2014,168911.1
UA,GEP_MAPE,GWH,2015,151100.9
UA,GEP_MAPE,GWH,2016,148307.5
UA,GEP_MAPE,GWH,2017,143679.4
UA,GEP_MAPE,GWH,2018,144194.5
UA,GEP_MAPE,GWH,2019,139320.5
UA,GEP_MAPE,GWH,2020,131247.6
UK,GEP_MAPE,GWH,2014,296460.218
UK,GEP_MAPE,GWH,2015,290767.661
UK,GEP_MAPE,GWH,2016,287608.807
UK,GEP_MAPE,GWH,2017,282744.368
UK,GEP_MAPE,GWH,2018,275427.17
UK,GEP_MAPE,GWH,2019,261749.098
XK,GEP_MAPE,GWH,2014,5436.369
XK,GEP_MAPE,GWH,2015,6119.286
XK,GEP_MAPE,GWH,2016,5981.507
XK,GEP_MAPE,GWH,2017,5918.336
XK,GEP_MAPE,GWH,2018,5915.211
XK,GEP_MAPE,GWH,2019,6350.624
XK,GEP_MAPE,GWH,2020,6711.249
XK,GEP_MAPE,GWH,2021,6891.852
XK,GEP_MAPE,GWH,2022,6997.916
XK,GEP_MAPE,GWH,2023,6353.437
XK,GEP_MAPE,GWH,2024,6749.942
AL,GEP_MAPE,KTOE,2014,406.229
AL,GEP_MAPE,KTOE,2015,506.879
AL,GEP_MAPE,KTOE,2016,669.106
AL,GEP_MAPE,KTOE,2017,389.181
AL,GEP_MAPE,KTOE,2018,735.467
AL,GEP_MAPE,KTOE,2019,447.639
AL,GEP_MAPE,KTOE,2020,456.85
AL,GEP_MAPE,KTOE,2021,770.654
AL,GEP_MAPE,KTOE,2022,602.119
AL,GEP_MAPE,KTOE,2023,774.378
AL,GEP_MAPE,KTOE,2024,684.499
AT,GEP_MAPE,KTOE,2014,4570.71
AT,GEP_MAPE,KTOE,2015,4523.247
AT,GEP_MAPE,KTOE,2016,4656.214
AT,GEP_MAPE,KTOE,2017,4989.795
AT,GEP_MAPE,KTOE,2018,4737.263
AT,GEP_MAPE,KTOE,2019,5200.936
AT,GEP_MAPE,KTOE,2020,5068.883
AT,GEP_MAPE,KTOE,2021,4515.562
AT,GEP_MAPE,KTOE,2022,4457.149
AT,GEP_MAPE,KTOE,2023,4800.797
AT,GEP_MAPE,KTOE,2024,5326.215
BA,GEP_MAPE,KTOE,2014,1414.875
BA,GEP_MAPE,KTOE,2015,1356.922
BA,GEP_MAPE,KTOE,2016,1475.547
BA,GEP_MAPE,KTOE,2017,1355.804
BA,GEP_MAPE,KTOE,2018,1591.058
BA,GEP_MAPE,KTOE,2019,1450.645
BA,GEP_MAPE,KTOE,2020,1401.892
BA,GEP_MAPE,KTOE,2021,1538.607
BA,GEP_MAPE,KTOE,2022,1351.161
BA,GEP_MAPE,KTOE,2023,1421.84
BA,GEP_MAPE,KTOE,2024,1319.433
BE,GEP_MAPE,KTOE,2014,4789.114
BE,GEP_MAPE,KTOE,2015,4434.411
BE,GEP_MAPE,KTOE,2016,5754.497
BE,GEP_MAPE,KTOE,2017,5822.253
BE,GEP_MAPE,KTOE,2018,4731.402
BE,GEP_MAPE,KTOE,2019,6288.444
BE,GEP_MAPE,KTOE,2020,5795.469
BE,GEP_MAPE,KTOE,2021,6761.96
BE,GEP_MAPE,KTOE,2022,6346.062
BE,GEP_MAPE,KTOE,2023,5264.48
BE,GEP_MAPE,KTOE,2024,4683.156
BG,GEP_MAPE,KTOE,2014,3642.25
BG,GEP_MAPE,KTOE,2015,3890.227
BG,GEP_MAPE,KTOE,2016,3549.775
BG,GEP_MAPE,KTOE,2017,3586.185
BG,GEP_MAPE,KTOE,2018,3690.767
BG,GEP_MAPE,KTOE,2019,3350.199
BG,GEP_MAPE,KTOE,2020,3037.785
BG,GEP_MAPE,KTOE,2021,3554.763
BG,GEP_MAPE,KTOE,2022,3859.333
BG,GEP_MAPE,KTOE,2023,2986.628
BG,GEP_MAPE,KTOE,2024,2819.522
CY,GEP_MAPE,KTOE,2014,366.226
CY,GEP_MAPE,KTOE,2015,381.237
CY,GEP_MAPE,KTOE,2016,410.634
CY,GEP_MAPE,KTOE,2017,419.732
CY,GEP_MAPE,KTOE,2018,423.399
CY,GEP_MAPE,KTOE,2019,429.0
CY,GEP_MAPE,KTOE,2020,402.777
CY,GEP_MAPE,KTOE,2021,419.561
CY,GEP_MAPE,KTOE,2022,426.898
CY,GEP_MAPE,KTOE,2023,421.453
CY,GEP_MAPE,KTOE,2024,436.734
CZ,GEP_MAPE,KTOE,2014,5883.971
CZ,GEP_MAPE,KTOE,2015,5684.834
CZ,GEP_MAPE,KTOE,2016,5637.183
CZ,GEP_MAPE,KTOE,2017,5995.533
CZ,GEP_MAPE,KTOE,2018,6137.369
CZ,GEP_MAPE,KTOE,2019,6067.661
CZ,GEP_MAPE,KTOE,2020,5481.13
CZ,GEP_MAPE,KTOE,2021,5724.322
CZ,GEP_MAPE,KTOE,2022,5909.873
CZ,GEP_MAPE,KTOE,2023,5262.418
CZ,GEP_MAPE,KTOE,2024,5036.403
DE,GEP_MAPE,KTOE,2014,43399.914
DE,GEP_MAPE,KTOE,2015,44520.98
DE,GEP_MAPE,KTOE,2016,43665.52
DE,GEP_MAPE,KTOE,2017,43270.507
DE,GEP_MAPE,KTOE,2018,42846.776
DE,GEP_MAPE,KTOE,2019,40301.978
DE,GEP_MAPE,KTOE,2020,37788.392
DE,GEP_MAPE,KTOE,2021,38644.884
DE,GEP_MAPE,KTOE,2022,38637.641
DE,GEP_MAPE,KTOE,2023,30452.021
DE,GEP_MAPE,KTOE,2024,28930.525
DK,GEP_MAPE,KTOE,2014,1127.653
DK,GEP_MAPE,KTOE,2015,1217.881
DK,GEP_MAPE,KTOE,2016,1101.734
DK,GEP_MAPE,KTOE,2017,1274.352
DK,GEP_MAPE,KTOE,2018,1197.722
DK,GEP_MAPE,KTOE,2019,1391.852
DK,GEP_MAPE,KTOE,2020,1407.128
DK,GEP_MAPE,KTOE,2021,1382.928
DK,GEP_MAPE,KTOE,2022,1641.952
DK,GEP_MAPE,KTOE,2023,1673.217
DK,GEP_MAPE,KTOE,2024,1770.066
EE,GEP_MAPE,KTOE,2014,962.224
EE,GEP_MAPE,KTOE,2015,754.872
EE,GEP_MAPE,KTOE,2016,921.565
EE,GEP_MAPE,KTOE,2017,996.147
EE,GEP_MAPE,KTOE,2018,931.167
EE,GEP_MAPE,KTOE,2019,526.471
EE,GEP_MAPE,KTOE,2020,368.14
EE,GEP_MAPE,KTOE,2021,487.584
EE,GEP_MAPE,KTOE,2022,644.324
EE,GEP_MAPE,KTOE,2023,389.755
EE,GEP_MAPE,KTOE,2024,411.542
EL,GEP_MAPE,KTOE,2014,3318.521
EL,GEP_MAPE,KTOE,2015,3594.033
EL,GEP_MAPE,KTOE,2016,3866.54
EL,GEP_MAPE,KTOE,2017,3929.138
EL,GEP_MAPE,KTOE,2018,3796.467
EL,GEP_MAPE,KTOE,2019,3437.182
EL,GEP_MAPE,KTOE,2020,3539.875
EL,GEP_MAPE,KTOE,2021,4205.826
EL,GEP_MAPE,KTOE,2022,3979.971
EL,GEP_MAPE,KTOE,2023,3858.631
EL,GEP_MAPE,KTOE,2024,4559.028
ES,GEP_MAPE,KTOE,2014,21201.142
ES,GEP_MAPE,KTOE,2015,21269.601
ES,GEP_MAPE,KTOE,2016,20693.445
ES,GEP_MAPE,KTOE,2017,20601.118
ES,GEP_MAPE,KTOE,2018,20366.707
ES,GEP_MAPE,KTOE,2019,20201.29
ES,GEP_MAPE,KTOE,2020,19579.278
ES,GEP_MAPE,KTOE,2021,20333.964
ES,GEP_MAPE,KTOE,2022,22496.191
ES,GEP_MAPE,KTOE,2023,21687.619
ES,GEP_MAPE,KTOE,2024,21704.068
EU27_2020,GEP_MAPE,KTOE,2014,190921.151
EU27_2020,GEP_MAPE,KTOE,2015,192423.072
EU27_2020,GEP_MAPE,KTOE,2016,191685.072
EU27_2020,GEP_MAPE,KTOE,2017,193651.429
EU27_2020,GEP_MAPE,KTOE,2018,192629.865
EU27_2020,GEP_MAPE,KTOE,2019,190270.357
EU27_2020,GEP_MAPE,KTOE,2020,181811.224
EU27_2020,GEP_MAPE,KTOE,2021,187723.687
EU27_2020,GEP_MAPE,KTOE,2022,182075.754
EU27_2020,GEP_MAPE,KTOE,2023,176172.715
EU27_2020,GEP_MAPE,KTOE,2024,181122.11
FI,GEP_MAPE,KTOE,2014,3743.435
FI,GEP_MAPE,KTOE,2015,3874.786
FI,GEP_MAPE,KTOE,2016,3889.458
FI,GEP_MAPE,KTOE,2017,3794.055
FI,GEP_MAPE,KTOE,2018,3901.475
FI,GEP_MAPE,KTOE,2019,3795.668
FI,GEP_MAPE,KTOE,2020,3997.712
FI,GEP_MAPE,KTOE,2021,4035.92
FI,GEP_MAPE,KTOE,2022,4219.89
FI,GEP_MAPE,KTOE,2023,5385.601
FI,GEP_MAPE,KTOE,2024,5664.039
FR,GEP_MAPE,KTOE,2014,47230.969
FR,GEP_MAPE,KTOE,2015,47659.67
FR,GEP_MAPE,KTOE,2016,46235.028
FR,GEP_MAPE,KTOE,2017,45868.778
FR,GEP_MAPE,KTOE,2018,47296.326
FR,GEP_MAPE,KTOE,2019,46165.221
FR,GEP_MAPE,KTOE,2020,42924.48
FR,GEP_MAPE,KTOE,2021,44860.614
FR,GEP_MAPE,KTOE,2022,37735.472
FR,GEP_MAPE,KTOE,2023,42211.48
FR,GEP_MAPE,KTOE,2024,46153.995
GE,GEP_MAPE,KTOE,2014,891.774
GE,GEP_MAPE,KTOE,2015,931.45
GE,GEP_MAPE,KTOE,2016,995.206
GE,GEP_MAPE,KTOE,2017,991.505
GE,GEP_MAPE,KTOE,2018,1044.592
GE,GEP_MAPE,KTOE,2019,1019.501
GE,GEP_MAPE,KTOE,2020,959.57
GE,GEP_MAPE,KTOE,2021,1087.283
GE,GEP_MAPE,KTOE,2022,1224.987
GE,GEP_MAPE,KTOE,2023,1237.814
GE,GEP_MAPE,KTOE,2024,1223.916
HR,GEP_MAPE,KTOE,2014,1056.154
HR,GEP_MAPE,KTOE,2015,859.737
HR,GEP_MAPE,KTOE,2016,947.997
HR,GEP_MAPE,KTOE,2017,703.414
HR,GEP_MAPE,KTOE,2018,916.905
HR,GEP_MAPE,KTOE,2019,794.119
HR,GEP_MAPE,KTOE,2020,772.614
HR,GEP_MAPE,KTOE,2021,948.788
HR,GEP_MAPE,KTOE,2022,824.764
HR,GEP_MAPE,KTOE,2023,1087.979
HR,GEP_MAPE,KTOE,2024,956.432
HU,GEP_MAPE,KTOE,2014,793.653
HU,GEP_MAPE,KTOE,2015,828.573
HU,GEP_MAPE,KTOE,2016,894.625
HU,GEP_MAPE,KTOE,2017,1855.976
HU,GEP_MAPE,KTOE,2018,1781.255
HU,GEP_MAPE,KTOE,2019,1979.536
HU,GEP_MAPE,KTOE,2020,2005.245
HU,GEP_MAPE,KTOE,2021,2049.441
HU,GEP_MAPE,KTOE,2022,2048.096
HU,GEP_MAPE,KTOE,2023,2102.538
HU,GEP_MAPE,KTOE,2024,2204.683
IE,GEP_MAPE,KTOE,2014,2069.949
IE,GEP_MAPE,KTOE,2015,2261.556
IE,GEP_MAPE,KTOE,2016,2440.021
IE,GEP_MAPE,KTOE,2017,2472.873
IE,GEP_MAPE,KTOE,2018,2499.337
IE,GEP_MAPE,KTOE,2019,2489.382
IE,GEP_MAPE,KTOE,2020,2602.181
IE,GEP_MAPE,KTOE,2021,2564.003
IE,GEP_MAPE,KTOE,2022,2732.608
IE,GEP_MAPE,KTOE,2023,2549.282
IE,GEP_MAPE,KTOE,2024,2508.912
IS,GEP_MAPE,KTOE,2014,1148.329
IS,GEP_MAPE,KTOE,2015,1228.125
IS,GEP_MAPE,KTOE,2016,1202.027
IS,GEP_MAPE,KTOE,2017,1257.743
IS,GEP_MAPE,KTOE,2018,1286.297
IS,GEP_MAPE,KTOE,2019,1250.178
IS,GEP_MAPE,KTOE,2020,1213.185
IS,GEP_MAPE,KTOE,2021,1275.449
IS,GEP_MAPE,KTOE,2022,1329.277
IS,GEP_MAPE,KTOE,2023,1331.516
IS,GEP_MAPE,KTOE,2024,1283.379
IT,GEP_MAPE,KTOE,2014,16624.428
IT,GEP_MAPE,KTOE,2015,15974.748
IT,GEP_MAPE,KTOE,2016,15778.75
IT,GEP_MAPE,KTOE,2017,15877.558
IT,GEP_MAPE,KTOE,2018,15804.904
IT,GEP_MAPE,KTOE,2019,15965.306
IT,GEP_MAPE,KTOE,2020,15399.014
IT,GEP_MAPE,KTOE,2021,15040.268
IT,GEP_MAPE,KTOE,2022,14109.765
IT,GEP_MAPE,KTOE,2023,13025.309
IT,GEP_MAPE,KTOE,2024,13735.135
LT,GEP_MAPE,KTOE,2014,154.772
LT,GEP_MAPE,KTOE,2015,163.972
LT,GEP_MAPE,KTOE,2016,193.121
LT,GEP_MAPE,KTOE,2017,224.695
LT,GEP_MAPE,KTOE,2018,188.323
LT,GEP_MAPE,KTOE,2019,218.246
LT,GEP_MAPE,KTOE,2020,237.369
LT,GEP_MAPE,KTOE,2021,227.549
LT,GEP_MAPE,KTOE,2022,247.206
LT,GEP_MAPE,KTOE,2023,362.279
LT,GEP_MAPE,KTOE,2024,503.603
LU,GEP_MAPE,KTOE,2014,213.528
LU,GEP_MAPE,KTOE,2015,198.271
LU,GEP_MAPE,KTOE,2016,149.135
LU,GEP_MAPE,KTOE,2017,152.762
LU,GEP_MAPE,KTOE,2018,147.094
LU,GEP_MAPE,KTOE,2019,116.14
LU,GEP_MAPE,KTOE,2020,123.872
LU,GEP_MAPE,KTOE,2021,119.902
LU,GEP_MAPE,KTOE,2022,122.842
LU,GEP_MAPE,KTOE,2023,148.68
LU,GEP_MAPE,KTOE,2024,155.289
LV,GEP_MAPE,KTOE,2014,182.8
LV,GEP_MAPE,KTOE,2015,172.213
LV,GEP_MAPE,KTOE,2016,228.173
LV,GEP_MAPE,KTOE,2017,389.039
LV,GEP_MAPE,KTOE,2018,219.32
LV,GEP_MAPE,KTOE,2019,194.112
LV,GEP_MAPE,KTOE,2020,238.674
LV,GEP_MAPE,KTOE,2021,244.678
LV,GEP_MAPE,KTOE,2022,252.509
LV,GEP_MAPE,KTOE,2023,350.573
LV,GEP_MAPE,KTOE,2024,315.039
MD,GEP_MAPE,KTOE,2014,5.372
MD,GEP_MAPE,KTOE,2015,4.646
MD,GEP_MAPE,KTOE,2016,3.783
MD,GEP_MAPE,KTOE,2017,4.729
MD,GEP_MAPE,KTOE,2018,4.729
MD,GEP_MAPE,KTOE,2019,7.309
MD,GEP_MAPE,KTOE,2020,6.707
MD,GEP_MAPE,KTOE,2021,8.856
MD,GEP_MAPE,KTOE,2022,9.768
MD,GEP_MAPE,KTOE,2023,19.725
MD,GEP_MAPE,KTOE,2024,32.562
ME,GEP_MAPE,KTOE,2014,272.799
ME,GEP_MAPE,KTOE,2015,258.212
ME,GEP_MAPE,KTOE,2016,270.094
ME,GEP_MAPE,KTOE,2017,213.482
ME,GEP_MAPE,KTOE,2018,327.661
ME,GEP_MAPE,KTOE,2019,295.211
ME,GEP_MAPE,KTOE,2020,290.705
ME,GEP_MAPE,KTOE,2021,324.746
ME,GEP_MAPE,KTOE,2022,285.658
ME,GEP_MAPE,KTOE,2023,360.009
ME,GEP_MAPE,KTOE,2024,305.434
MK,GEP_MAPE,KTOE,2014,445.113
MK,GEP_MAPE,KTOE,2015,469.696
MK,GEP_MAPE,KTOE,2016,435.117
MK,GEP_MAPE,KTOE,2017,410.26
MK,GEP_MAPE,KTOE,2018,417.996
MK,GEP_MAPE,KTOE,2019,422.398
MK,GEP_MAPE,KTOE,2020,361.348
MK,GEP_MAPE,KTOE,2021,342.563
MK,GEP_MAPE,KTOE,2022,423.729
MK,GEP_MAPE,KTOE,2023,455.442
MK,GEP_MAPE,KTOE,2024,401.698
MT,GEP_MAPE,KTOE,2014,186.586
MT,GEP_MAPE,KTOE,2015,103.439
MT,GEP_MAPE,KTOE,2016,61.981
MT,GEP_MAPE,KTOE,2017,127.233
MT,GEP_MAPE,KTOE,2018,151.632
MT,GEP_MAPE,KTOE,2019,159.758
MT,GEP_MAPE,KTOE,2020,163.393
MT,GEP_MAPE,KTOE,2021,167.826
MT,GEP_MAPE,KTOE,2022,171.669
MT,GEP_MAPE,KTOE,2023,174.206
MT,GEP_MAPE,KTOE,2024,159.06
NL,GEP_MAPE,KTOE,2014,4656.906
NL,GEP_MAPE,KTOE,2015,5145.815
NL,GEP_MAPE,KTOE,2016,5491.256
NL,GEP_MAPE,KTOE,2017,5455.051
NL,GEP_MAPE,KTOE,2018,5250.331
NL,GEP_MAPE,KTOE,2019,5702.796
NL,GEP_MAPE,KTOE,2020,5562.309
NL,GEP_MAPE,KTOE,2021,5449.855
NL,GEP_MAPE,KTOE,2022,5543.922
NL,GEP_MAPE,KTOE,2023,5587.023
NL,GEP_MAPE,KTOE,2024,5900.337
NO,GEP_MAPE,KTOE,2014,11917.283
NO,GEP_MAPE,KTOE,2015,12135.168
NO,GEP_MAPE,KTOE,2016,12528.031
NO,GEP_MAPE,KTOE,2017,12567.842
NO,GEP_MAPE,KTOE,2018,12362.076
NO,GEP_MAPE,KTOE,2019,11324.596
NO,GEP_MAPE,KTOE,2020,13116.483
NO,GEP_MAPE,KTOE,2021,13439.315
NO,GEP_MAPE,KTOE,2022,12407.209
NO,GEP_MAPE,KTOE,2023,13075.019
NO,GEP_MAPE,KTOE,2024,13356.09
PL,GEP_MAPE,KTOE,2014,1775.371
PL,GEP_MAPE,KTOE,2015,1516.75
PL,GEP_MAPE,KTOE,2016,1666.03
PL,GEP_MAPE,KTOE,2017,1891.084
PL,GEP_MAPE,KTOE,2018,1647.209
PL,GEP_MAPE,KTOE,2019,1872.216
PL,GEP_MAPE,KTOE,2020,2041.681
PL,GEP_MAPE,KTOE,2021,2170.309
PL,GEP_MAPE,KTOE,2022,2521.338
PL,GEP_MAPE,KTOE,2023,2922.824
PL,GEP_MAPE,KTOE,2024,3265.656
PT,GEP_MAPE,KTOE,2014,3798.389
PT,GEP_MAPE,KTOE,2015,3777.551
PT,GEP_MAPE,KTOE,2016,4465.223
PT,GEP_MAPE,KTOE,2017,4368.289
PT,GEP_MAPE,KTOE,2018,4395.541
PT,GEP_MAPE,KTOE,2019,3807.743
PT,GEP_MAPE,KTOE,2020,3783.999
PT,GEP_MAPE,KTOE,2021,3636.425
PT,GEP_MAPE,KTOE,2022,3518.629
PT,GEP_MAPE,KTOE,2023,3586.391
PT,GEP_MAPE,KTOE,2024,3734.682
RO,GEP_MAPE,KTOE,2014,4298.652
RO,GEP_MAPE,KTOE,2015,4350.785
RO,GEP_MAPE,KTOE,2016,4289.72
RO,GEP_MAPE,KTOE,2017,4195.998
RO,GEP_MAPE,KTOE,2018,4300.546
RO,GEP_MAPE,KTOE,2019,3997.987
RO,GEP_MAPE,KTOE,2020,3667.531
RO,GEP_MAPE,KTOE,2021,3909.44
RO,GEP_MAPE,KTOE,2022,3659.894
RO,GEP_MAPE,KTOE,2023,3901.293
RO,GEP_MAPE,KTOE,2024,3459.63
RS,GEP_MAPE,KTOE,2014,2518.659
RS,GEP_MAPE,KTOE,2015,2874.893
RS,GEP_MAPE,KTOE,2016,2884.265
RS,GEP_MAPE,KTOE,2017,2703.336
RS,GEP_MAPE,KTOE,2018,2762.78
RS,GEP_MAPE,KTOE,2019,2770.068
RS,GEP_MAPE,KTOE,2020,2846.382
RS,GEP_MAPE,KTOE,2021,2797.364
RS,GEP_MAPE,KTOE,2022,2577.569
RS,GEP_MAPE,KTOE,2023,2906.229
RS,GEP_MAPE,KTOE,2024,2715.441
SE,GEP_MAPE,KTOE,2014,12040.737
SE,GEP_MAPE,KTOE,2015,12744.491
SE,GEP_MAPE,KTOE,2016,12112.818
SE,GEP_MAPE,KTOE,2017,12786.071
SE,GEP_MAPE,KTOE,2018,12711.952
SE,GEP_MAPE,KTOE,2019,13074.291
SE,GEP_MAPE,KTOE,2020,12917.283
SE,GEP_MAPE,KTOE,2021,13395.959
SE,GEP_MAPE,KTOE,2022,13444.024
SE,GEP_MAPE,KTOE,2023,12939.897
SE,GEP_MAPE,KTOE,2024,13594.067
SI,GEP_MAPE,KTOE,2014,1085.891
SI,GEP_MAPE,KTOE,2015,826.271
SI,GEP_MAPE,KTOE,2016,884.887
SI,GEP_MAPE,KTOE,2017,882.469
SI,GEP_MAPE,KTOE,2018,900.636
SI,GEP_MAPE,KTOE,2019,888.395
SI,GEP_MAPE,KTOE,2020,982.654
SI,GEP_MAPE,KTOE,2021,907.985
SI,GEP_MAPE,KTOE,2022,765.692
SI,GEP_MAPE,KTOE,2023,924.434
SI,GEP_MAPE,KTOE,2024,976.94
SK,GEP_MAPE,KTOE,2014,1747.206
SK,GEP_MAPE,KTOE,2015,1693.121
SK,GEP_MAPE,KTOE,2016,1699.742
SK,GEP_MAPE,KTOE,2017,1721.324
SK,GEP_MAPE,KTOE,2018,1658.04
SK,GEP_MAPE,KTOE,2019,1854.428
SK,GEP_MAPE,KTOE,2020,1922.356
SK,GEP_MAPE,KTOE,2021,1963.371
SK,GEP_MAPE,KTOE,2022,1758.04
SK,GEP_MAPE,KTOE,2023,2115.907
SK,GEP_MAPE,KTOE,2024,2157.352
TR,GEP_MAPE,KTOE,2014,19742.249
TR,GEP_MAPE,KTOE,2015,20585.939
TR,GEP_MAPE,KTOE,2016,21513.287
TR,GEP_MAPE,KTOE,2017,23517.261
TR,GEP_MAPE,KTOE,2018,24237.187
TR,GEP_MAPE,KTOE,2019,23763.133
TR,GEP_MAPE,KTOE,2020,23792.859
TR,GEP_MAPE,KTOE,2021,25846.882
TR,GEP_MAPE,KTOE,2022,25718.446
TR,GEP_MAPE,KTOE,2023,25624.15
TR,GEP_MAPE,KTOE,2024,27086.187
UA,GEP_MAPE,KTOE,2014,14523.74
UA,GEP_MAPE,KTOE,2015,12992.339
UA,GEP_MAPE,KTOE,2016,12752.15
UA,GEP_MAPE,KTOE,2017,12354.205
UA,GEP_MAPE,KTOE,2018,12398.495
UA,GEP_MAPE,KTOE,2019,11979.407
UA,GEP_MAPE,KTOE,2020,11285.262
UK,GEP_MAPE,KTOE,2014,25490.99
UK,GEP_MAPE,KTOE,2015,25001.519
UK,GEP_MAPE,KTOE,2016,24729.906
UK,GEP_MAPE,KTOE,2017,24311.64
UK,GEP_MAPE,KTOE,2018,23682.474
UK,GEP_MAPE,KTOE,2019,22506.371
XK,GEP_MAPE,KTOE,2014,467.444
XK,GEP_MAPE,KTOE,2015,526.164
XK,GEP_MAPE,KTOE,2016,514.317
XK,GEP_MAPE,KTOE,2017,508.885
XK,GEP_MAPE,KTOE,2018,508.617
XK,GEP_MAPE,KTOE,2019,546.055
XK,GEP_MAPE,KTOE,2020,577.064
XK,GEP_MAPE,KTOE,2021,592.593
XK,GEP_MAPE,KTOE,2022,601.712
XK,GEP_MAPE,KTOE,2023,546.297
XK,GEP_MAPE,KTOE,2024,580.391
AL,GEP_MAPE,TJ,2014,17007.988
AL,GEP_MAPE,TJ,2015,21222.0
AL,GEP_MAPE,TJ,2016,28014.127
AL,GEP_MAPE,TJ,2017,16294.244
AL,GEP_MAPE,TJ,2018,30792.55
AL,GEP_MAPE,TJ,2019,18741.755
AL,GEP_MAPE,TJ,2020,19127.398
AL,GEP_MAPE,TJ,2021,32265.756
AL,GEP_MAPE,TJ,2022,25209.515
AL,GEP_MAPE,TJ,2023,32421.658
AL,GEP_MAPE,TJ,2024,28658.614
AT,GEP_MAPE,TJ,2014,191366.507
AT,GEP_MAPE,TJ,2015,189379.318
AT,GEP_MAPE,TJ,2016,194946.386
AT,GEP_MAPE,TJ,2017,208912.723
AT,GEP_MAPE,TJ,2018,198339.714
AT,GEP_MAPE,TJ,2019,217752.786
AT,GEP_MAPE,TJ,2020,212224.014
AT,GEP_MAPE,TJ,2021,189057.535
AT,GEP_MAPE,TJ,2022,186611.933
AT,GEP_MAPE,TJ,2023,200999.75
AT,GEP_MAPE,TJ,2024,222997.961
BA,GEP_MAPE,TJ,2014,59238.0
BA,GEP_MAPE,TJ,2015,56811.6
BA,GEP_MAPE,TJ,2016,61778.185
BA,GEP_MAPE,TJ,2017,56764.8
BA,GEP_MAPE,TJ,2018,66614.4
BA,GEP_MAPE,TJ,2019,60735.6
BA,GEP_MAPE,TJ,2020,58694.4
BA,GEP_MAPE,TJ,2021,64418.4
BA,GEP_MAPE,TJ,2022,56570.4
BA,GEP_MAPE,TJ,2023,59529.6
BA,GEP_MAPE,TJ,2024,55242.0
BE,GEP_MAPE,TJ,2014,200510.64
BE,GEP_MAPE,TJ,2015,185659.92
BE,GEP_MAPE,TJ,2016,240929.28
BE,GEP_MAPE,TJ,2017,243766.08
BE,GEP_MAPE,TJ,2018,198094.32
BE,GEP_MAPE,TJ,2019,263284.56
BE,GEP_MAPE,TJ,2020,242644.68
BE,GEP_MAPE,TJ,2021,283109.76
BE,GEP_MAPE,TJ,2022,265696.92
BE,GEP_MAPE,TJ,2023,220413.24
BE,GEP_MAPE,TJ,2024,196074.36
BG,GEP_MAPE,TJ,2014,152493.736
BG,GEP_MAPE,TJ,2015,162876.013
BG,GEP_MAPE,TJ,2016,148621.997
BG,GEP_MAPE,TJ,2017,150146.406
BG,GEP_MAPE,TJ,2018,154525.032
BG,GEP_MAPE,TJ,2019,140266.138
BG,GEP_MAPE,TJ,2020,127185.962
BG,GEP_MAPE,TJ,2021,148830.8
BG,GEP_MAPE,TJ,2022,161582.54
BG,GEP_MAPE,TJ,2023,125044.135
BG,GEP_MAPE,TJ,2024,118047.762
CY,GEP_MAPE,TJ,2014,15333.145
CY,GEP_MAPE,TJ,2015,15961.64
CY,GEP_MAPE,TJ,2016,17192.441
CY,GEP_MAPE,TJ,2017,17573.321
CY,GEP_MAPE,TJ,2018,17726.872
CY,GEP_MAPE,TJ,2019,17961.386
CY,GEP_MAPE,TJ,2020,16863.476
CY,GEP_MAPE,TJ,2021,17566.168
CY,GEP_MAPE,TJ,2022,17873.356
CY,GEP_MAPE,TJ,2023,17645.375
CY,GEP_MAPE,TJ,2024,18285.16
CZ,GEP_MAPE,TJ,2014,246350.106
CZ,GEP_MAPE,TJ,2015,238012.632
CZ,GEP_MAPE,TJ,2016,236017.57
CZ,GEP_MAPE,TJ,2017,251020.966
CZ,GEP_MAPE,TJ,2018,256959.371
CZ,GEP_MAPE,TJ,2019,254040.822
CZ,GEP_MAPE,TJ,2020,229483.966
CZ,GEP_MAPE,TJ,2021,239665.932
CZ,GEP_MAPE,TJ,2022,247434.577
CZ,GEP_MAPE,TJ,2023,220326.905
CZ,GEP_MAPE,TJ,2024,210864.104
DE,GEP_MAPE,TJ,2014,1817067.6
DE,GEP_MAPE,TJ,2015,1864004.4
DE,GEP_MAPE,TJ,2016,1828188.0
DE,GEP_MAPE,TJ,2017,1811649.6
DE,GEP_MAPE,TJ,2018,1793908.8
DE,GEP_MAPE,TJ,2019,1687363.2
DE,GEP_MAPE,TJ,2020,1582124.4
DE,GEP_MAPE,TJ,2021,1617984.0
DE,GEP_MAPE,TJ,2022,1617680.743
DE,GEP_MAPE,TJ,2023,1274965.2
DE,GEP_MAPE,TJ,2024,1211263.2
DK,GEP_MAPE,TJ,2014,47212.589
DK,GEP_MAPE,TJ,2015,50990.249
DK,GEP_MAPE,TJ,2016,46127.394
DK,GEP_MAPE,TJ,2017,53354.581
DK,GEP_MAPE,TJ,2018,50146.214
DK,GEP_MAPE,TJ,2019,58274.068
DK,GEP_MAPE,TJ,2020,58913.651
DK,GEP_MAPE,TJ,2021,57900.438
DK,GEP_MAPE,TJ,2022,68745.251
DK,GEP_MAPE,TJ,2023,70054.257
DK,GEP_MAPE,TJ,2024,74109.128
EE,GEP_MAPE,TJ,2014,40286.398
EE,GEP_MAPE,TJ,2015,31604.965
EE,GEP_MAPE,TJ,2016,38584.098
EE,GEP_MAPE,TJ,2017,41706.695
EE,GEP_MAPE,TJ,2018,38986.081
EE,GEP_MAPE,TJ,2019,22042.292
EE,GEP_MAPE,TJ,2020,15413.306
EE,GEP_MAPE,TJ,2021,20414.167
EE,GEP_MAPE,TJ,2022,26976.55
EE,GEP_MAPE,TJ,2023,16318.274
EE,GEP_MAPE,TJ,2024,17230.446
EL,GEP_MAPE,TJ,2014,138939.836
EL,GEP_MAPE,TJ,2015,150474.978
EL,GEP_MAPE,TJ,2016,161884.31
EL,GEP_MAPE,TJ,2017,164505.164
EL,GEP_MAPE,TJ,2018,158950.483
EL,GEP_MAPE,TJ,2019,143907.952
EL,GEP_MAPE,TJ,2020,148207.5
EL,GEP_MAPE,TJ,2021,176089.536
EL,GEP_MAPE,TJ,2022,166633.445
EL,GEP_MAPE,TJ,2023,161553.172
EL,GEP_MAPE,TJ,2024,190877.382
ES,GEP_MAPE,TJ,2014,887649.415
ES,GEP_MAPE,TJ,2015,890515.634
ES,GEP_MAPE,TJ,2016,866393.161
ES,GEP_MAPE,TJ,2017,862527.6
ES,GEP_MAPE,TJ,2018,852713.291
ES,GEP_MAPE,TJ,2019,845787.6
ES,GEP_MAPE,TJ,2020,819745.2
ES,GEP_MAPE,TJ,2021,851342.4
ES,GEP_MAPE,TJ,2022,941870.52
ES,GEP_MAPE,TJ,2023,908017.236
ES,GEP_MAPE,TJ,2024,908705.938
EU27_2020,GEP_MAPE,TJ,2014,7993486.841
EU27_2020,GEP_MAPE,TJ,2015,8056369.179
EU27_2020,GEP_MAPE,TJ,2016,8025470.742
EU27_2020,GEP_MAPE,TJ,2017,8107798.022
EU27_2020,GEP_MAPE,TJ,2018,8065027.116
EU27_2020,GEP_MAPE,TJ,2019,7966239.311
EU27_2020,GEP_MAPE,TJ,2020,7612072.357
EU27_2020,GEP_MAPE,TJ,2021,7859615.317
EU27_2020,GEP_MAPE,TJ,2022,7623147.571
EU27_2020,GEP_MAPE,TJ,2023,7375999.19
EU27_2020,GEP_MAPE,TJ,2024,7583220.511
FI,GEP_MAPE,TJ,2014,156730.154
FI,GEP_MAPE,TJ,2015,162229.55
FI,GEP_MAPE,TJ,2016,162843.84
FI,GEP_MAPE,TJ,2017,158849.51
FI,GEP_MAPE,TJ,2018,163346.965
FI,GEP_MAPE,TJ,2019,158917.036
FI,GEP_MAPE,TJ,2020,167376.193
FI,GEP_MAPE,TJ,2021,168975.878
FI,GEP_MAPE,TJ,2022,176678.348
FI,GEP_MAPE,TJ,2023,225484.355
FI,GEP_MAPE,TJ,2024,237141.997
FR,GEP_MAPE,TJ,2014,1977466.198
FR,GEP_MAPE,TJ,2015,1995415.082
FR,GEP_MAPE,TJ,2016,1935768.148
FR,GEP_MAPE,TJ,2017,1920434.016
FR,GEP_MAPE,TJ,2018,1980202.585
FR,GEP_MAPE,TJ,2019,1932845.49
FR,GEP_MAPE,TJ,2020,1797162.123
FR,GEP_MAPE,TJ,2021,1878224.179
FR,GEP_MAPE,TJ,2022,1579908.724
FR,GEP_MAPE,TJ,2023,1767310.249
FR,GEP_MAPE,TJ,2024,1932375.458
GE,GEP_MAPE,TJ,2014,37336.813
GE,GEP_MAPE,TJ,2015,38997.95
GE,GEP_MAPE,TJ,2016,41667.268
GE,GEP_MAPE,TJ,2017,41512.32
GE,GEP_MAPE,TJ,2018,43734.96
GE,GEP_MAPE,TJ,2019,42684.48
GE,GEP_MAPE,TJ,2020,40175.28
GE,GEP_MAPE,TJ,2021,45522.36
GE,GEP_MAPE,TJ,2022,51287.76
GE,GEP_MAPE,TJ,2023,51824.812
GE,GEP_MAPE,TJ,2024,51242.915
HR,GEP_MAPE,TJ,2014,44219.045
HR,GEP_MAPE,TJ,2015,35995.453
HR,GEP_MAPE,TJ,2016,39690.756
HR,GEP_MAPE,TJ,2017,29450.52
HR,GEP_MAPE,TJ,2018,38388.96
HR,GEP_MAPE,TJ,2019,33248.16
HR,GEP_MAPE,TJ,2020,32347.8
HR,GEP_MAPE,TJ,2021,39723.84
HR,GEP_MAPE,TJ,2022,34531.2
HR,GEP_MAPE,TJ,2023,45551.52
HR,GEP_MAPE,TJ,2024,40043.88
HU,GEP_MAPE,TJ,2014,33228.666
HU,GEP_MAPE,TJ,2015,34690.676
HU,GEP_MAPE,TJ,2016,37456.164
HU,GEP_MAPE,TJ,2017,77706.0
HU,GEP_MAPE,TJ,2018,74577.6
HU,GEP_MAPE,TJ,2019,82879.2
HU,GEP_MAPE,TJ,2020,83955.6
HU,GEP_MAPE,TJ,2021,85806.0
HU,GEP_MAPE,TJ,2022,85749.696
HU,GEP_MAPE,TJ,2023,88029.079
HU,GEP_MAPE,TJ,2024,92305.663
IE,GEP_MAPE,TJ,2014,86664.643
IE,GEP_MAPE,TJ,2015,94686.818
IE,GEP_MAPE,TJ,2016,102158.816
IE,GEP_MAPE,TJ,2017,103534.25
IE,GEP_MAPE,TJ,2018,104642.23
IE,GEP_MAPE,TJ,2019,104225.443
IE,GEP_MAPE,TJ,2020,108948.107
IE,GEP_MAPE,TJ,2021,107349.667
IE,GEP_MAPE,TJ,2022,114408.835
IE,GEP_MAPE,TJ,2023,106733.358
IE,GEP_MAPE,TJ,2024,105043.144
IS,GEP_MAPE,TJ,2014,48078.22
IS,GEP_MAPE,TJ,2015,51419.128
IS,GEP_MAPE,TJ,2016,50326.484
IS,GEP_MAPE,TJ,2017,52659.184
IS,GEP_MAPE,TJ,2018,53854.682
IS,GEP_MAPE,TJ,2019,52342.452
IS,GEP_MAPE,TJ,2020,50793.638
IS,GEP_MAPE,TJ,2021,53400.499
IS,GEP_MAPE,TJ,2022,55654.164
IS,GEP_MAPE,TJ,2023,55747.922
IS,GEP_MAPE,TJ,2024,53732.509
IT,GEP_MAPE,TJ,2014,696031.553
IT,GEP_MAPE,TJ,2015,668830.759
IT,GEP_MAPE,TJ,2016,660624.721
IT,GEP_MAPE,TJ,2017,664761.593
IT,GEP_MAPE,TJ,2018,661719.73
IT,GEP_MAPE,TJ,2019,668435.436
IT,GEP_MAPE,TJ,2020,644725.908
IT,GEP_MAPE,TJ,2021,629705.948
IT,GEP_MAPE,TJ,2022,590747.641
IT,GEP_MAPE,TJ,2023,545343.617
IT,GEP_MAPE,TJ,2024,575062.653
LT,GEP_MAPE,TJ,2014,6480.0
LT,GEP_MAPE,TJ,2015,6865.2
LT,GEP_MAPE,TJ,2016,8085.6
LT,GEP_MAPE,TJ,2017,9407.52
LT,GEP_MAPE,TJ,2018,7884.72
LT,GEP_MAPE,TJ,2019,9137.52
LT,GEP_MAPE,TJ,2020,9938.16
LT,GEP_MAPE,TJ,2021,9527.04
LT,GEP_MAPE,TJ,2022,10350.0
LT,GEP_MAPE,TJ,2023,15167.88
LT,GEP_MAPE,TJ,2024,21084.84
LU,GEP_MAPE,TJ,2014,8940.002
LU,GEP_MAPE,TJ,2015,8301.229
LU,GEP_MAPE,TJ,2016,6243.973
LU,GEP_MAPE,TJ,2017,6395.832
LU,GEP_MAPE,TJ,2018,6158.542
LU,GEP_MAPE,TJ,2019,4862.556
LU,GEP_MAPE,TJ,2020,5186.282
LU,GEP_MAPE,TJ,2021,5020.045
LU,GEP_MAPE,TJ,2022,5143.154
LU,GEP_MAPE,TJ,2023,6224.926
LU,GEP_MAPE,TJ,2024,6501.654
LV,GEP_MAPE,TJ,2014,7653.478
LV,GEP_MAPE,TJ,2015,7210.202
LV,GEP_MAPE,TJ,2016,9553.14
LV,GEP_MAPE,TJ,2017,16288.301
LV,GEP_MAPE,TJ,2018,9182.473
LV,GEP_MAPE,TJ,2019,8127.079
LV,GEP_MAPE,TJ,2020,9992.812
LV,GEP_MAPE,TJ,2021,10244.174
LV,GEP_MAPE,TJ,2022,10572.037
LV,GEP_MAPE,TJ,2023,14677.78
LV,GEP_MAPE,TJ,2024,13190.045
MD,GEP_MAPE,TJ,2014,224.932
MD,GEP_MAPE,TJ,2015,194.526
MD,GEP_MAPE,TJ,2016,158.371
MD,GEP_MAPE,TJ,2017,198.0
MD,GEP_MAPE,TJ,2018,198.0
MD,GEP_MAPE,TJ,2019,306.0
MD,GEP_MAPE,TJ,2020,280.8
MD,GEP_MAPE,TJ,2021,370.8
MD,GEP_MAPE,TJ,2022,408.96
MD,GEP_MAPE,TJ,2023,825.84
MD,GEP_MAPE,TJ,2024,1363.32
ME,GEP_MAPE,TJ,2014,11421.54
ME,GEP_MAPE,TJ,2015,10810.8
ME,GEP_MAPE,TJ,2016,11308.288
ME,GEP_MAPE,TJ,2017,8938.08
ME,GEP_MAPE,TJ,2018,13718.52
ME,GEP_MAPE,TJ,2019,12359.88
ME,GEP_MAPE,TJ,2020,12171.24
ME,GEP_MAPE,TJ,2021,13596.48
ME,GEP_MAPE,TJ,2022,11959.92
ME,GEP_MAPE,TJ,2023,15072.84
ME,GEP_MAPE,TJ,2024,12787.92
MK,GEP_MAPE,TJ,2014,18636.001
MK,GEP_MAPE,TJ,2015,19665.212
MK,GEP_MAPE,TJ,2016,18217.483
MK,GEP_MAPE,TJ,2017,17176.766
MK,GEP_MAPE,TJ,2018,17500.658
MK,GEP_MAPE,TJ,2019,17684.964
MK,GEP_MAPE,TJ,2020,15128.906
MK,GEP_MAPE,TJ,2021,14342.429
MK,GEP_MAPE,TJ,2022,17740.696
MK,GEP_MAPE,TJ,2023,19068.444
MK,GEP_MAPE,TJ,2024,16818.289
MT,GEP_MAPE,TJ,2014,7812.0
MT,GEP_MAPE,TJ,2015,4330.8
MT,GEP_MAPE,TJ,2016,2595.002
MT,GEP_MAPE,TJ,2017,5326.996
MT,GEP_MAPE,TJ,2018,6348.546
MT,GEP_MAPE,TJ,2019,6688.742
MT,GEP_MAPE,TJ,2020,6840.943
MT,GEP_MAPE,TJ,2021,7026.545
MT,GEP_MAPE,TJ,2022,7187.425
MT,GEP_MAPE,TJ,2023,7293.676
MT,GEP_MAPE,TJ,2024,6659.536
NL,GEP_MAPE,TJ,2014,194975.356
NL,GEP_MAPE,TJ,2015,215444.995
NL,GEP_MAPE,TJ,2016,229907.887
NL,GEP_MAPE,TJ,2017,228392.075
NL,GEP_MAPE,TJ,2018,219820.856
NL,GEP_MAPE,TJ,2019,238764.683
NL,GEP_MAPE,TJ,2020,232882.758
NL,GEP_MAPE,TJ,2021,228174.548
NL,GEP_MAPE,TJ,2022,232112.912
NL,GEP_MAPE,TJ,2023,233917.47
NL,GEP_MAPE,TJ,2024,247035.326
NO,GEP_MAPE,TJ,2014,498952.8
NO,GEP_MAPE,TJ,2015,508075.2
NO,GEP_MAPE,TJ,2016,524523.6
NO,GEP_MAPE,TJ,2017,526190.4
NO,GEP_MAPE,TJ,2018,517575.391
NO,GEP_MAPE,TJ,2019,474138.176
NO,GEP_MAPE,TJ,2020,549160.931
NO,GEP_MAPE,TJ,2021,562677.232
NO,GEP_MAPE,TJ,2022,519465.046
NO,GEP_MAPE,TJ,2023,547424.892
NO,GEP_MAPE,TJ,2024,559192.795
PL,GEP_MAPE,TJ,2014,74331.22
PL,GEP_MAPE,TJ,2015,63503.28
PL,GEP_MAPE,TJ,2016,69753.359
PL,GEP_MAPE,TJ,2017,79175.905
PL,GEP_MAPE,TJ,2018,68965.348
PL,GEP_MAPE,TJ,2019,78385.928
PL,GEP_MAPE,TJ,2020,85481.086
PL,GEP_MAPE,TJ,2021,90866.491
PL,GEP_MAPE,TJ,2022,105563.372
PL,GEP_MAPE,TJ,2023,122372.78
PL,GEP_MAPE,TJ,2024,136726.465
PT,GEP_MAPE,TJ,2014,159030.936
PT,GEP_MAPE,TJ,2015,158158.505
PT,GEP_MAPE,TJ,2016,186949.948
PT,GEP_MAPE,TJ,2017,182891.509
PT,GEP_MAPE,TJ,2018,184032.497
PT,GEP_MAPE,TJ,2019,159422.591
PT,GEP_MAPE,TJ,2020,158428.472
PT,GEP_MAPE,TJ,2021,152249.85
PT,GEP_MAPE,TJ,2022,147317.969
PT,GEP_MAPE,TJ,2023,150155.032
PT,GEP_MAPE,TJ,2024,156363.664
RO,GEP_MAPE,TJ,2014,179975.966
RO,GEP_MAPE,TJ,2015,182158.65
RO,GEP_MAPE,TJ,2016,179602.006
RO,GEP_MAPE,TJ,2017,175678.063
RO,GEP_MAPE,TJ,2018,180055.264
RO,GEP_MAPE,TJ,2019,167387.728
RO,GEP_MAPE,TJ,2020,153552.19
RO,GEP_MAPE,TJ,2021,163680.448
RO,GEP_MAPE,TJ,2022,153232.445
RO,GEP_MAPE,TJ,2023,163339.326
RO,GEP_MAPE,TJ,2024,144847.804
RS,GEP_MAPE,TJ,2014,105451.2
RS,GEP_MAPE,TJ,2015,120366.0
RS,GEP_MAPE,TJ,2016,120758.4
RS,GEP_MAPE,TJ,2017,113183.269
RS,GEP_MAPE,TJ,2018,115672.057
RS,GEP_MAPE,TJ,2019,115977.211
RS,GEP_MAPE,TJ,2020,119172.341
RS,GEP_MAPE,TJ,2021,117120.046
RS,GEP_MAPE,TJ,2022,107917.65
RS,GEP_MAPE,TJ,2023,121677.977
RS,GEP_MAPE,TJ,2024,113690.095
SE,GEP_MAPE,TJ,2014,504121.565
SE,GEP_MAPE,TJ,2015,533586.337
SE,GEP_MAPE,TJ,2016,507139.481
SE,GEP_MAPE,TJ,2017,535327.2
SE,GEP_MAPE,TJ,2018,532224.0
SE,GEP_MAPE,TJ,2019,547394.4
SE,GEP_MAPE,TJ,2020,540820.8
SE,GEP_MAPE,TJ,2021,560862.0
SE,GEP_MAPE,TJ,2022,562874.4
SE,GEP_MAPE,TJ,2023,541767.6
SE,GEP_MAPE,TJ,2024,569156.4
SI,GEP_MAPE,TJ,2014,45464.087
SI,GEP_MAPE,TJ,2015,34594.294
SI,GEP_MAPE,TJ,2016,37048.464
SI,GEP_MAPE,TJ,2017,36947.196
SI,GEP_MAPE,TJ,2018,37707.822
SI,GEP_MAPE,TJ,2019,37195.315
SI,GEP_MAPE,TJ,2020,41141.768
SI,GEP_MAPE,TJ,2021,38015.528
SI,GEP_MAPE,TJ,2022,32057.978
SI,GEP_MAPE,TJ,2023,38704.198
SI,GEP_MAPE,TJ,2024,40902.541
SK,GEP_MAPE,TJ,2014,73152.0
SK,GEP_MAPE,TJ,2015,70887.6
SK,GEP_MAPE,TJ,2016,71164.8
SK,GEP_MAPE,TJ,2017,72068.4
SK,GEP_MAPE,TJ,2018,69418.8
SK,GEP_MAPE,TJ,2019,77641.2
SK,GEP_MAPE,TJ,2020,80485.2
SK,GEP_MAPE,TJ,2021,82202.4
SK,GEP_MAPE,TJ,2022,73605.6
SK,GEP_MAPE,TJ,2023,88588.8
SK,GEP_MAPE,TJ,2024,90324.0
TR,GEP_MAPE,TJ,2014,826568.474
TR,GEP_MAPE,TJ,2015,861892.11
TR,GEP_MAPE,TJ,2016,900718.279
TR,GEP_MAPE,TJ,2017,984620.686
TR,GEP_MAPE,TJ,2018,1014762.542
TR,GEP_MAPE,TJ,2019,994914.85
TR,GEP_MAPE,TJ,2020,996159.42
TR,GEP_MAPE,TJ,2021,1082157.26
TR,GEP_MAPE,TJ,2022,1076779.879
TR,GEP_MAPE,TJ,2023,1072831.925
TR,GEP_MAPE,TJ,2024,1134044.478
UA,GEP_MAPE,TJ,2014,608079.96
UA,GEP_MAPE,TJ,2015,543963.24
UA,GEP_MAPE,TJ,2016,533907.0
UA,GEP_MAPE,TJ,2017,517245.84
UA,GEP_MAPE,TJ,2018,519100.2
UA,GEP_MAPE,TJ,2019,501553.8
UA,GEP_MAPE,TJ,2020,472491.36
UK,GEP_MAPE,TJ,2014,1067256.785
UK,GEP_MAPE,TJ,2015,1046763.58
UK,GEP_MAPE,TJ,2016,1035391.705
UK,GEP_MAPE,TJ,2017,1017879.725
UK,GEP_MAPE,TJ,2018,991537.812
UK,GEP_MAPE,TJ,2019,942296.753
XK,GEP_MAPE,TJ,2014,19570.928
XK,GEP_MAPE,TJ,2015,22029.43
XK,GEP_MAPE,TJ,2016,21533.425
XK,GEP_MAPE,TJ,2017,21306.01
XK,GEP_MAPE,TJ,2018,21294.76
XK,GEP_MAPE,TJ,2019,22862.246
XK,GEP_MAPE,TJ,2020,24160.496
XK,GEP_MAPE,TJ,2021,24810.667
XK,GEP_MAPE,TJ,2022,25192.498
XK,GEP_MAPE,TJ,2023,22872.373
XK,GEP_MAPE,TJ,2024,24299.791
AL,GHP_MAPCHP,GWH,2014,0.0
AL,GHP_MAPCHP,GWH,2015,0.0
AL,GHP_MAPCHP,GWH,2016,0.0
AL,GHP_MAPCHP,GWH,2017,0.0
AL,GHP_MAPCHP,GWH,2018,0.0
AL,GHP_MAPCHP,GWH,2019,0.0
AL,GHP_MAPCHP,GWH,2020,0.0
AL,GHP_MAPCHP,GWH,2021,0.0
AL,GHP_MAPCHP,GWH,2022,0.0
AL,GHP_MAPCHP,GWH,2023,0.0
AL,GHP_MAPCHP,GWH,2024,0.0
AT,GHP_MAPCHP,GWH,2014,9845.194
AT,GHP_MAPCHP,GWH,2015,10779.876
AT,GHP_MAPCHP,GWH,2016,11225.818
AT,GHP_MAPCHP,GWH,2017,11320.617
AT,GHP_MAPCHP,GWH,2018,11175.981
AT,GHP_MAPCHP,GWH,2019,11528.587
AT,GHP_MAPCHP,GWH,2020,11045.428
AT,GHP_MAPCHP,GWH,2021,11599.45
AT,GHP_MAPCHP,GWH,2022,10662.846
AT,GHP_MAPCHP,GWH,2023,9325.534
AT,GHP_MAPCHP,GWH,2024,9529.373
BA,GHP_MAPCHP,GWH,2014,376.667
BA,GHP_MAPCHP,GWH,2015,439.722
BA,GHP_MAPCHP,GWH,2016,423.056
BA,GHP_MAPCHP,GWH,2017,504.722
BA,GHP_MAPCHP,GWH,2018,488.056
BA,GHP_MAPCHP,GWH,2019,468.889
BA,GHP_MAPCHP,GWH,2020,495.833
BA,GHP_MAPCHP,GWH,2021,512.5
BA,GHP_MAPCHP,GWH,2022,524.167
BA,GHP_MAPCHP,GWH,2023,491.111
BA,GHP_MAPCHP,GWH,2024,421.111
BE,GHP_MAPCHP,GWH,2014,7153.028
BE,GHP_MAPCHP,GWH,2015,7142.333
BE,GHP_MAPCHP,GWH,2016,6837.306
BE,GHP_MAPCHP,GWH,2017,5925.417
BE,GHP_MAPCHP,GWH,2018,6520.333
BE,GHP_MAPCHP,GWH,2019,5641.389
BE,GHP_MAPCHP,GWH,2020,5493.722
BE,GHP_MAPCHP,GWH,2021,5645.139
BE,GHP_MAPCHP,GWH,2022,4900.75
BE,GHP_MAPCHP,GWH,2023,4236.75
BE,GHP_MAPCHP,GWH,2024,3899.472
BG,GHP_MAPCHP,GWH,2014,12393.889
BG,GHP_MAPCHP,GWH,2015,10900.0
BG,GHP_MAPCHP,GWH,2016,10257.778
BG,GHP_MAPCHP,GWH,2017,8824.522
BG,GHP_MAPCHP,GWH,2018,7320.831
BG,GHP_MAPCHP,GWH,2019,8035.261
BG,GHP_MAPCHP,GWH,2020,7969.284
BG,GHP_MAPCHP,GWH,2021,8510.669
BG,GHP_MAPCHP,GWH,2022,7390.776
BG,GHP_MAPCHP,GWH,2023,7058.968
BG,GHP_MAPCHP,GWH,2024,6567.583
CY,GHP_MAPCHP,GWH,2014,12.5
CY,GHP_MAPCHP,GWH,2015,14.167
CY,GHP_MAPCHP,GWH,2016,13.889
CY,GHP_MAPCHP,GWH,2017,14.969
CY,GHP_MAPCHP,GWH,2018,14.958
CY,GHP_MAPCHP,GWH,2019,14.298
CY,GHP_MAPCHP,GWH,2020,10.31
CY,GHP_MAPCHP,GWH,2021,10.328
CY,GHP_MAPCHP,GWH,2022,11.153
CY,GHP_MAPCHP,GWH,2023,10.039
CY,GHP_MAPCHP,GWH,2024,9.465
CZ,GHP_MAPCHP,GWH,2014,23355.833
CZ,GHP_MAPCHP,GWH,2015,23669.444
CZ,GHP_MAPCHP,GWH,2016,24481.111
CZ,GHP_MAPCHP,GWH,2017,24029.367
CZ,GHP_MAPCHP,GWH,2018,22754.309
CZ,GHP_MAPCHP,GWH,2019,22165.249
CZ,GHP_MAPCHP,GWH,2020,21722.397
CZ,GHP_MAPCHP,GWH,2021,23315.258
CZ,GHP_MAPCHP,GWH,2022,21422.133
CZ,GHP_MAPCHP,GWH,2023,19413.423
CZ,GHP_MAPCHP,GWH,2024,17727.791
DE,GHP_MAPCHP,GWH,2014,89037.5
DE,GHP_MAPCHP,GWH,2015,91745.556
DE,GHP_MAPCHP,GWH,2016,95226.389
DE,GHP_MAPCHP,GWH,2017,95143.611
DE,GHP_MAPCHP,GWH,2018,98508.333
DE,GHP_MAPCHP,GWH,2019,97305.833
DE,GHP_MAPCHP,GWH,2020,89993.889
DE,GHP_MAPCHP,GWH,2021,97786.667
DE,GHP_MAPCHP,GWH,2022,88564.892
DE,GHP_MAPCHP,GWH,2023,83771.944
DE,GHP_MAPCHP,GWH,2024,81937.778
DK,GHP_MAPCHP,GWH,2014,17945.068
DK,GHP_MAPCHP,GWH,2015,17743.299
DK,GHP_MAPCHP,GWH,2016,18846.631
DK,GHP_MAPCHP,GWH,2017,19301.895
DK,GHP_MAPCHP,GWH,2018,18251.908
DK,GHP_MAPCHP,GWH,2019,17749.474
DK,GHP_MAPCHP,GWH,2020,15926.135
DK,GHP_MAPCHP,GWH,2021,18700.198
DK,GHP_MAPCHP,GWH,2022,16602.066
DK,GHP_MAPCHP,GWH,2023,16604.845
DK,GHP_MAPCHP,GWH,2024,16437.37
EE,GHP_MAPCHP,GWH,2014,3168.889
EE,GHP_MAPCHP,GWH,2015,3006.473
EE,GHP_MAPCHP,GWH,2016,3185.925
EE,GHP_MAPCHP,GWH,2017,2892.118
EE,GHP_MAPCHP,GWH,2018,3594.493
EE,GHP_MAPCHP,GWH,2019,3521.979
EE,GHP_MAPCHP,GWH,2020,3374.596
EE,GHP_MAPCHP,GWH,2021,3771.408
EE,GHP_MAPCHP,GWH,2022,3598.519
EE,GHP_MAPCHP,GWH,2023,3292.087
EE,GHP_MAPCHP,GWH,2024,3821.243
EL,GHP_MAPCHP,GWH,2014,575.833
EL,GHP_MAPCHP,GWH,2015,581.389
EL,GHP_MAPCHP,GWH,2016,592.778
EL,GHP_MAPCHP,GWH,2017,593.744
EL,GHP_MAPCHP,GWH,2018,601.988
EL,GHP_MAPCHP,GWH,2019,611.911
EL,GHP_MAPCHP,GWH,2020,547.876
EL,GHP_MAPCHP,GWH,2021,465.334
EL,GHP_MAPCHP,GWH,2022,328.74
EL,GHP_MAPCHP,GWH,2023,302.724
EL,GHP_MAPCHP,GWH,2024,280.164
ES,GHP_MAPCHP,GWH,2014,0.0
ES,GHP_MAPCHP,GWH,2015,0.0
ES,GHP_MAPCHP,GWH,2016,0.0
ES,GHP_MAPCHP,GWH,2017,0.0
ES,GHP_MAPCHP,GWH,2018,0.0
ES,GHP_MAPCHP,GWH,2019,0.0
ES,GHP_MAPCHP,GWH,2020,0.0
ES,GHP_MAPCHP,GWH,2021,0.0
ES,GHP_MAPCHP,GWH,2022,0.0
ES,GHP_MAPCHP,GWH,2023,0.0
ES,GHP_MAPCHP,GWH,2024,0.0
EU27_2020,GHP_MAPCHP,GWH,2014,393659.867
EU27_2020,GHP_MAPCHP,GWH,2015,399445.387
EU27_2020,GHP_MAPCHP,GWH,2016,417623.383
EU27_2020,GHP_MAPCHP,GWH,2017,409417.532
EU27_2020,GHP_MAPCHP,GWH,2018,401065.434
EU27_2020,GHP_MAPCHP,GWH,2019,392554.465
EU27_2020,GHP_MAPCHP,GWH,2020,370387.447
EU27_2020,GHP_MAPCHP,GWH,2021,373518.805
EU27_2020,GHP_MAPCHP,GWH,2022,341441.191
EU27_2020,GHP_MAPCHP,GWH,2023,311776.021
EU27_2020,GHP_MAPCHP,GWH,2024,297972.897
FI,GHP_MAPCHP,GWH,2014,29843.333
FI,GHP_MAPCHP,GWH,2015,28701.389
FI,GHP_MAPCHP,GWH,2016,31397.778
FI,GHP_MAPCHP,GWH,2017,30726.944
FI,GHP_MAPCHP,GWH,2018,29392.222
FI,GHP_MAPCHP,GWH,2019,27673.889
FI,GHP_MAPCHP,GWH,2020,22897.778
FI,GHP_MAPCHP,GWH,2021,24491.944
FI,GHP_MAPCHP,GWH,2022,22033.333
FI,GHP_MAPCHP,GWH,2023,17459.481
FI,GHP_MAPCHP,GWH,2024,16530.242
FR,GHP_MAPCHP,GWH,2014,16957.799
FR,GHP_MAPCHP,GWH,2015,18586.643
FR,GHP_MAPCHP,GWH,2016,20477.047
FR,GHP_MAPCHP,GWH,2017,21087.391
FR,GHP_MAPCHP,GWH,2018,20968.427
FR,GHP_MAPCHP,GWH,2019,22349.612
FR,GHP_MAPCHP,GWH,2020,22355.743
FR,GHP_MAPCHP,GWH,2021,23208.687
FR,GHP_MAPCHP,GWH,2022,23646.508
FR,GHP_MAPCHP,GWH,2023,21457.366
FR,GHP_MAPCHP,GWH,2024,18157.958
GE,GHP_MAPCHP,GWH,2014,0.0
GE,GHP_MAPCHP,GWH,2015,0.0
GE,GHP_MAPCHP,GWH,2016,0.0
GE,GHP_MAPCHP,GWH,2017,0.0
GE,GHP_MAPCHP,GWH,2018,0.0
GE,GHP_MAPCHP,GWH,2019,0.0
GE,GHP_MAPCHP,GWH,2020,0.0
GE,GHP_MAPCHP,GWH,2021,0.0
GE,GHP_MAPCHP,GWH,2022,0.0
GE,GHP_MAPCHP,GWH,2023,0.0
GE,GHP_MAPCHP,GWH,2024,0.0
HR,GHP_MAPCHP,GWH,2014,2226.111
HR,GHP_MAPCHP,GWH,2015,2453.611
HR,GHP_MAPCHP,GWH,2016,2526.389
HR,GHP_MAPCHP,GWH,2017,2960.639
HR,GHP_MAPCHP,GWH,2018,3046.639
HR,GHP_MAPCHP,GWH,2019,3201.806
HR,GHP_MAPCHP,GWH,2020,3383.806
HR,GHP_MAPCHP,GWH,2021,3824.0
HR,GHP_MAPCHP,GWH,2022,3571.583
HR,GHP_MAPCHP,GWH,2023,3442.333
HR,GHP_MAPCHP,GWH,2024,3246.779
HU,GHP_MAPCHP,GWH,2014,6022.5
HU,GHP_MAPCHP,GWH,2015,5543.889
HU,GHP_MAPCHP,GWH,2016,6313.333
HU,GHP_MAPCHP,GWH,2017,5462.778
HU,GHP_MAPCHP,GWH,2018,5381.389
HU,GHP_MAPCHP,GWH,2019,5476.389
HU,GHP_MAPCHP,GWH,2020,5649.722
HU,GHP_MAPCHP,GWH,2021,6399.889
HU,GHP_MAPCHP,GWH,2022,5716.056
HU,GHP_MAPCHP,GWH,2023,5178.806
HU,GHP_MAPCHP,GWH,2024,5318.056
IE,GHP_MAPCHP,GWH,2014,0.0
IE,GHP_MAPCHP,GWH,2015,0.0
IE,GHP_MAPCHP,GWH,2016,0.0
IE,GHP_MAPCHP,GWH,2017,0.0
IE,GHP_MAPCHP,GWH,2018,0.0
IE,GHP_MAPCHP,GWH,2019,0.0
IE,GHP_MAPCHP,GWH,2020,0.0
IE,GHP_MAPCHP,GWH,2021,0.0
IE,GHP_MAPCHP,GWH,2022,0.0
IE,GHP_MAPCHP,GWH,2023,0.0
IE,GHP_MAPCHP,GWH,2024,0.0
IS,GHP_MAPCHP,GWH,2014,1620.833
IS,GHP_MAPCHP,GWH,2015,1908.056
IS,GHP_MAPCHP,GWH,2016,2366.694
IS,GHP_MAPCHP,GWH,2017,2749.061
IS,GHP_MAPCHP,GWH,2018,2822.241
IS,GHP_MAPCHP,GWH,2019,2685.778
IS,GHP_MAPCHP,GWH,2020,3170.236
IS,GHP_MAPCHP,GWH,2021,3131.453
IS,GHP_MAPCHP,GWH,2022,797.378
IS,GHP_MAPCHP,GWH,2023,861.191
IS,GHP_MAPCHP,GWH,2024,835.152
IT,GHP_MAPCHP,GWH,2014,35875.556
IT,GHP_MAPCHP,GWH,2015,38409.722
IT,GHP_MAPCHP,GWH,2016,43171.667
IT,GHP_MAPCHP,GWH,2017,42155.07
IT,GHP_MAPCHP,GWH,2018,39025.036
IT,GHP_MAPCHP,GWH,2019,38808.182
IT,GHP_MAPCHP,GWH,2020,39861.633
IT,GHP_MAPCHP,GWH,2021,17176.866
IT,GHP_MAPCHP,GWH,2022,15871.153
IT,GHP_MAPCHP,GWH,2023,16216.362
IT,GHP_MAPCHP,GWH,2024,16242.856
LT,GHP_MAPCHP,GWH,2014,4305.0
LT,GHP_MAPCHP,GWH,2015,3610.0
LT,GHP_MAPCHP,GWH,2016,3515.278
LT,GHP_MAPCHP,GWH,2017,3626.667
LT,GHP_MAPCHP,GWH,2018,3713.889
LT,GHP_MAPCHP,GWH,2019,3317.778
LT,GHP_MAPCHP,GWH,2020,3351.389
LT,GHP_MAPCHP,GWH,2021,4146.944
LT,GHP_MAPCHP,GWH,2022,3770.0
LT,GHP_MAPCHP,GWH,2023,3769.722
LT,GHP_MAPCHP,GWH,2024,3901.111
LU,GHP_MAPCHP,GWH,2014,478.779
LU,GHP_MAPCHP,GWH,2015,436.628
LU,GHP_MAPCHP,GWH,2016,434.425
LU,GHP_MAPCHP,GWH,2017,515.929
LU,GHP_MAPCHP,GWH,2018,622.055
LU,GHP_MAPCHP,GWH,2019,879.831
LU,GHP_MAPCHP,GWH,2020,1330.886
LU,GHP_MAPCHP,GWH,2021,1456.296
LU,GHP_MAPCHP,GWH,2022,1240.264
LU,GHP_MAPCHP,GWH,2023,1184.698
LU,GHP_MAPCHP,GWH,2024,1363.549
LV,GHP_MAPCHP,GWH,2014,5051.389
LV,GHP_MAPCHP,GWH,2015,5124.167
LV,GHP_MAPCHP,GWH,2016,5868.889
LV,GHP_MAPCHP,GWH,2017,3716.278
LV,GHP_MAPCHP,GWH,2018,3975.579
LV,GHP_MAPCHP,GWH,2019,3590.693
LV,GHP_MAPCHP,GWH,2020,3152.946
LV,GHP_MAPCHP,GWH,2021,3461.708
LV,GHP_MAPCHP,GWH,2022,2707.275
LV,GHP_MAPCHP,GWH,2023,2658.505
LV,GHP_MAPCHP,GWH,2024,2688.781
MD,GHP_MAPCHP,GWH,2014,1597.222
MD,GHP_MAPCHP,GWH,2015,1664.722
MD,GHP_MAPCHP,GWH,2016,1716.667
MD,GHP_MAPCHP,GWH,2017,1686.944
MD,GHP_MAPCHP,GWH,2018,1778.889
MD,GHP_MAPCHP,GWH,2019,1600.278
MD,GHP_MAPCHP,GWH,2020,1582.222
MD,GHP_MAPCHP,GWH,2021,1792.222
MD,GHP_MAPCHP,GWH,2022,1488.889
MD,GHP_MAPCHP,GWH,2023,1454.444
MD,GHP_MAPCHP,GWH,2024,1556.75
ME,GHP_MAPCHP,GWH,2014,0.0
ME,GHP_MAPCHP,GWH,2015,0.0
ME,GHP_MAPCHP,GWH,2016,0.0
ME,GHP_MAPCHP,GWH,2017,0.0
ME,GHP_MAPCHP,GWH,2018,0.0
ME,GHP_MAPCHP,GWH,2019,0.0
ME,GHP_MAPCHP,GWH,2020,0.0
ME,GHP_MAPCHP,GWH,2021,0.0
ME,GHP_MAPCHP,GWH,2022,0.0
ME,GHP_MAPCHP,GWH,2023,0.0
ME,GHP_MAPCHP,GWH,2024,0.0
MK,GHP_MAPCHP,GWH,2014,97.5
MK,GHP_MAPCHP,GWH,2015,124.722
MK,GHP_MAPCHP,GWH,2016,301.292
MK,GHP_MAPCHP,GWH,2017,362.015
MK,GHP_MAPCHP,GWH,2018,350.458
MK,GHP_MAPCHP,GWH,2019,260.742
MK,GHP_MAPCHP,GWH,2020,394.709
MK,GHP_MAPCHP,GWH,2021,472.784
MK,GHP_MAPCHP,GWH,2022,392.257
MK,GHP_MAPCHP,GWH,2023,328.572
MK,GHP_MAPCHP,GWH,2024,318.122
MT,GHP_MAPCHP,GWH,2014,0.0
MT,GHP_MAPCHP,GWH,2015,0.0
MT,GHP_MAPCHP,GWH,2016,0.0
MT,GHP_MAPCHP,GWH,2017,0.0
MT,GHP_MAPCHP,GWH,2018,0.0
MT,GHP_MAPCHP,GWH,2019,0.0
MT,GHP_MAPCHP,GWH,2020,0.0
MT,GHP_MAPCHP,GWH,2021,0.0
MT,GHP_MAPCHP,GWH,2022,0.0
MT,GHP_MAPCHP,GWH,2023,0.0
MT,GHP_MAPCHP,GWH,2024,0.0
NL,GHP_MAPCHP,GWH,2014,23669.444
NL,GHP_MAPCHP,GWH,2015,21100.413
NL,GHP_MAPCHP,GWH,2016,19698.174
NL,GHP_MAPCHP,GWH,2017,17569.154
NL,GHP_MAPCHP,GWH,2018,16461.059
NL,GHP_MAPCHP,GWH,2019,15092.698
NL,GHP_MAPCHP,GWH,2020,11442.774
NL,GHP_MAPCHP,GWH,2021,11025.787
NL,GHP_MAPCHP,GWH,2022,10342.087
NL,GHP_MAPCHP,GWH,2023,8834.3
NL,GHP_MAPCHP,GWH,2024,7764.404
NO,GHP_MAPCHP,GWH,2014,1751.389
NO,GHP_MAPCHP,GWH,2015,1641.389
NO,GHP_MAPCHP,GWH,2016,1749.722
NO,GHP_MAPCHP,GWH,2017,1967.778
NO,GHP_MAPCHP,GWH,2018,2028.625
NO,GHP_MAPCHP,GWH,2019,2216.908
NO,GHP_MAPCHP,GWH,2020,2091.2
NO,GHP_MAPCHP,GWH,2021,2090.781
NO,GHP_MAPCHP,GWH,2022,2141.91
NO,GHP_MAPCHP,GWH,2023,2296.978
NO,GHP_MAPCHP,GWH,2024,2062.54
PL,GHP_MAPCHP,GWH,2014,45337.778
PL,GHP_MAPCHP,GWH,2015,48148.611
PL,GHP_MAPCHP,GWH,2016,49074.167
PL,GHP_MAPCHP,GWH,2017,50210.776
PL,GHP_MAPCHP,GWH,2018,49239.666
PL,GHP_MAPCHP,GWH,2019,48221.979
PL,GHP_MAPCHP,GWH,2020,47165.482
PL,GHP_MAPCHP,GWH,2021,49880.263
PL,GHP_MAPCHP,GWH,2022,45424.174
PL,GHP_MAPCHP,GWH,2023,44387.792
PL,GHP_MAPCHP,GWH,2024,42336.233
PT,GHP_MAPCHP,GWH,2014,9.722
PT,GHP_MAPCHP,GWH,2015,9.722
PT,GHP_MAPCHP,GWH,2016,9.722
PT,GHP_MAPCHP,GWH,2017,9.722
PT,GHP_MAPCHP,GWH,2018,12.269
PT,GHP_MAPCHP,GWH,2019,13.474
PT,GHP_MAPCHP,GWH,2020,10.833
PT,GHP_MAPCHP,GWH,2021,10.833
PT,GHP_MAPCHP,GWH,2022,10.833
PT,GHP_MAPCHP,GWH,2023,15.278
PT,GHP_MAPCHP,GWH,2024,15.182
RO,GHP_MAPCHP,GWH,2014,17268.611
RO,GHP_MAPCHP,GWH,2015,16976.111
RO,GHP_MAPCHP,GWH,2016,16871.111
RO,GHP_MAPCHP,GWH,2017,15698.074
RO,GHP_MAPCHP,GWH,2018,14100.044
RO,GHP_MAPCHP,GWH,2019,12144.758
RO,GHP_MAPCHP,GWH,2020,11845.913
RO,GHP_MAPCHP,GWH,2021,12144.266
RO,GHP_MAPCHP,GWH,2022,10089.773
RO,GHP_MAPCHP,GWH,2023,7991.325
RO,GHP_MAPCHP,GWH,2024,7757.973
RS,GHP_MAPCHP,GWH,2014,673.056
RS,GHP_MAPCHP,GWH,2015,701.389
RS,GHP_MAPCHP,GWH,2016,845.556
RS,GHP_MAPCHP,GWH,2017,1083.611
RS,GHP_MAPCHP,GWH,2018,1081.351
RS,GHP_MAPCHP,GWH,2019,1103.65
RS,GHP_MAPCHP,GWH,2020,1086.947
RS,GHP_MAPCHP,GWH,2021,1323.047
RS,GHP_MAPCHP,GWH,2022,1219.622
RS,GHP_MAPCHP,GWH,2023,1269.16
RS,GHP_MAPCHP,GWH,2024,1534.808
SE,GHP_MAPCHP,GWH,2014,35690.278
SE,GHP_MAPCHP,GWH,2015,36905.833
SE,GHP_MAPCHP,GWH,2016,39362.222
SE,GHP_MAPCHP,GWH,2017,38976.944
SE,GHP_MAPCHP,GWH,2018,39353.889
SE,GHP_MAPCHP,GWH,2019,38318.056
SE,GHP_MAPCHP,GWH,2020,35241.944
SE,GHP_MAPCHP,GWH,2021,39696.389
SE,GHP_MAPCHP,GWH,2022,37543.889
SE,GHP_MAPCHP,GWH,2023,30001.111
SE,GHP_MAPCHP,GWH,2024,28085.833
SI,GHP_MAPCHP,GWH,2014,1740.833
SI,GHP_MAPCHP,GWH,2015,1931.944
SI,GHP_MAPCHP,GWH,2016,2029.167
SI,GHP_MAPCHP,GWH,2017,2066.85
SI,GHP_MAPCHP,GWH,2018,2123.193
SI,GHP_MAPCHP,GWH,2019,2015.506
SI,GHP_MAPCHP,GWH,2020,2039.905
SI,GHP_MAPCHP,GWH,2021,2124.371
SI,GHP_MAPCHP,GWH,2022,1872.666
SI,GHP_MAPCHP,GWH,2023,1582.072
SI,GHP_MAPCHP,GWH,2024,1328.701
SK,GHP_MAPCHP,GWH,2014,5695.0
SK,GHP_MAPCHP,GWH,2015,5924.167
SK,GHP_MAPCHP,GWH,2016,6206.389
SK,GHP_MAPCHP,GWH,2017,6588.056
SK,GHP_MAPCHP,GWH,2018,4906.944
SK,GHP_MAPCHP,GWH,2019,4875.833
SK,GHP_MAPCHP,GWH,2020,4573.056
SK,GHP_MAPCHP,GWH,2021,4666.111
SK,GHP_MAPCHP,GWH,2022,4119.722
SK,GHP_MAPCHP,GWH,2023,3580.556
SK,GHP_MAPCHP,GWH,2024,3025.0
TR,GHP_MAPCHP,GWH,2014,7739.167
TR,GHP_MAPCHP,GWH,2015,6750.556
TR,GHP_MAPCHP,GWH,2016,5590.556
TR,GHP_MAPCHP,GWH,2017,6254.222
TR,GHP_MAPCHP,GWH,2018,5635.717
TR,GHP_MAPCHP,GWH,2019,4761.653
TR,GHP_MAPCHP,GWH,2020,5084.932
TR,GHP_MAPCHP,GWH,2021,5417.504
TR,GHP_MAPCHP,GWH,2022,5024.083
TR,GHP_MAPCHP,GWH,2023,4019.433
TR,GHP_MAPCHP,GWH,2024,3002.808
UA,GHP_MAPCHP,GWH,2014,23239.722
UA,GHP_MAPCHP,GWH,2015,16862.222
UA,GHP_MAPCHP,GWH,2016,15165.278
UA,GHP_MAPCHP,GWH,2017,13005.556
UA,GHP_MAPCHP,GWH,2018,22085.0
UA,GHP_MAPCHP,GWH,2019,17803.333
UA,GHP_MAPCHP,GWH,2020,20193.333
UK,GHP_MAPCHP,GWH,2014,0.0
UK,GHP_MAPCHP,GWH,2015,0.0
UK,GHP_MAPCHP,GWH,2016,0.0
UK,GHP_MAPCHP,GWH,2017,0.0
UK,GHP_MAPCHP,GWH,2018,0.0
UK,GHP_MAPCHP,GWH,2019,0.0
XK,GHP_MAPCHP,GWH,2014,0.0
XK,GHP_MAPCHP,GWH,2015,0.0
XK,GHP_MAPCHP,GWH,2016,0.0
XK,GHP_MAPCHP,GWH,2017,0.0
XK,GHP_MAPCHP,GWH,2018,0.0
XK,GHP_MAPCHP,GWH,2019,0.0
XK,GHP_MAPCHP,GWH,2020,0.0
XK,GHP_MAPCHP,GWH,2021,0.0
XK,GHP_MAPCHP,GWH,2022,0.0
XK,GHP_MAPCHP,GWH,2023,0.0
XK,GHP_MAPCHP,GWH,2024,0.0
AL,GHP_MAPCHP,KTOE,2014,0.0
AL,GHP_MAPCHP,KTOE,2015,0.0
AL,GHP_MAPCHP,KTOE,2016,0.0
AL,GHP_MAPCHP,KTOE,2017,0.0
AL,GHP_MAPCHP,KTOE,2018,0.0
AL,GHP_MAPCHP,KTOE,2019,0.0
AL,GHP_MAPCHP,KTOE,2020,0.0
AL,GHP_MAPCHP,KTOE,2021,0.0
AL,GHP_MAPCHP,KTOE,2022,0.0
AL,GHP_MAPCHP,KTOE,2023,0.0
AL,GHP_MAPCHP,KTOE,2024,0.0
AT,GHP_MAPCHP,KTOE,2014,846.534
AT,GHP_MAPCHP,KTOE,2015,926.903
AT,GHP_MAPCHP,KTOE,2016,965.247
AT,GHP_MAPCHP,KTOE,2017,973.398
AT,GHP_MAPCHP,KTOE,2018,960.961
AT,GHP_MAPCHP,KTOE,2019,991.28
AT,GHP_MAPCHP,KTOE,2020,949.736
AT,GHP_MAPCHP,KTOE,2021,997.373
AT,GHP_MAPCHP,KTOE,2022,916.84
AT,GHP_MAPCHP,KTOE,2023,801.852
AT,GHP_MAPCHP,KTOE,2024,819.379
BA,GHP_MAPCHP,KTOE,2014,32.388
BA,GHP_MAPCHP,KTOE,2015,37.809
BA,GHP_MAPCHP,KTOE,2016,36.376
BA,GHP_MAPCHP,KTOE,2017,43.398
BA,GHP_MAPCHP,KTOE,2018,41.965
BA,GHP_MAPCHP,KTOE,2019,40.317
BA,GHP_MAPCHP,KTOE,2020,42.634
BA,GHP_MAPCHP,KTOE,2021,44.067
BA,GHP_MAPCHP,KTOE,2022,45.07
BA,GHP_MAPCHP,KTOE,2023,42.228
BA,GHP_MAPCHP,KTOE,2024,36.209
BE,GHP_MAPCHP,KTOE,2014,615.05
BE,GHP_MAPCHP,KTOE,2015,614.13
BE,GHP_MAPCHP,KTOE,2016,587.902
BE,GHP_MAPCHP,KTOE,2017,509.494
BE,GHP_MAPCHP,KTOE,2018,560.648
BE,GHP_MAPCHP,KTOE,2019,485.072
BE,GHP_MAPCHP,KTOE,2020,472.375
BE,GHP_MAPCHP,KTOE,2021,485.395
BE,GHP_MAPCHP,KTOE,2022,421.389
BE,GHP_MAPCHP,KTOE,2023,364.295
BE,GHP_MAPCHP,KTOE,2024,335.294
BG,GHP_MAPCHP,KTOE,2014,1065.683
BG,GHP_MAPCHP,KTOE,2015,937.231
BG,GHP_MAPCHP,KTOE,2016,882.01
BG,GHP_MAPCHP,KTOE,2017,758.772
BG,GHP_MAPCHP,KTOE,2018,629.478
BG,GHP_MAPCHP,KTOE,2019,690.908
BG,GHP_MAPCHP,KTOE,2020,685.235
BG,GHP_MAPCHP,KTOE,2021,731.786
BG,GHP_MAPCHP,KTOE,2022,635.492
BG,GHP_MAPCHP,KTOE,2023,606.962
BG,GHP_MAPCHP,KTOE,2024,564.71
CY,GHP_MAPCHP,KTOE,2014,1.075
CY,GHP_MAPCHP,KTOE,2015,1.218
CY,GHP_MAPCHP,KTOE,2016,1.194
CY,GHP_MAPCHP,KTOE,2017,1.287
CY,GHP_MAPCHP,KTOE,2018,1.286
CY,GHP_MAPCHP,KTOE,2019,1.229
CY,GHP_MAPCHP,KTOE,2020,0.887
CY,GHP_MAPCHP,KTOE,2021,0.888
CY,GHP_MAPCHP,KTOE,2022,0.959
CY,GHP_MAPCHP,KTOE,2023,0.863
CY,GHP_MAPCHP,KTOE,2024,0.814
CZ,GHP_MAPCHP,KTOE,2014,2008.24
CZ,GHP_MAPCHP,KTOE,2015,2035.206
CZ,GHP_MAPCHP,KTOE,2016,2104.997
CZ,GHP_MAPCHP,KTOE,2017,2066.154
CZ,GHP_MAPCHP,KTOE,2018,1956.518
CZ,GHP_MAPCHP,KTOE,2019,1905.868
CZ,GHP_MAPCHP,KTOE,2020,1867.79
CZ,GHP_MAPCHP,KTOE,2021,2004.751
CZ,GHP_MAPCHP,KTOE,2022,1841.972
CZ,GHP_MAPCHP,KTOE,2023,1669.254
CZ,GHP_MAPCHP,KTOE,2024,1524.316
DE,GHP_MAPCHP,KTOE,2014,7655.847
DE,GHP_MAPCHP,KTOE,2015,7888.698
DE,GHP_MAPCHP,KTOE,2016,8187.996
DE,GHP_MAPCHP,KTOE,2017,8180.878
DE,GHP_MAPCHP,KTOE,2018,8470.192
DE,GHP_MAPCHP,KTOE,2019,8366.796
DE,GHP_MAPCHP,KTOE,2020,7738.082
DE,GHP_MAPCHP,KTOE,2021,8408.14
DE,GHP_MAPCHP,KTOE,2022,7615.21
DE,GHP_MAPCHP,KTOE,2023,7203.091
DE,GHP_MAPCHP,KTOE,2024,7045.381
DK,GHP_MAPCHP,KTOE,2014,1542.998
DK,GHP_MAPCHP,KTOE,2015,1525.649
DK,GHP_MAPCHP,KTOE,2016,1620.519
DK,GHP_MAPCHP,KTOE,2017,1659.664
DK,GHP_MAPCHP,KTOE,2018,1569.382
DK,GHP_MAPCHP,KTOE,2019,1526.18
DK,GHP_MAPCHP,KTOE,2020,1369.401
DK,GHP_MAPCHP,KTOE,2021,1607.928
DK,GHP_MAPCHP,KTOE,2022,1427.521
DK,GHP_MAPCHP,KTOE,2023,1427.76
DK,GHP_MAPCHP,KTOE,2024,1413.359
EE,GHP_MAPCHP,KTOE,2014,272.475
EE,GHP_MAPCHP,KTOE,2015,258.51
EE,GHP_MAPCHP,KTOE,2016,273.94
EE,GHP_MAPCHP,KTOE,2017,248.677
EE,GHP_MAPCHP,KTOE,2018,309.071
EE,GHP_MAPCHP,KTOE,2019,302.836
EE,GHP_MAPCHP,KTOE,2020,290.163
EE,GHP_MAPCHP,KTOE,2021,324.283
EE,GHP_MAPCHP,KTOE,2022,309.417
EE,GHP_MAPCHP,KTOE,2023,283.069
EE,GHP_MAPCHP,KTOE,2024,328.568
EL,GHP_MAPCHP,KTOE,2014,49.513
EL,GHP_MAPCHP,KTOE,2015,49.99
EL,GHP_MAPCHP,KTOE,2016,50.97
EL,GHP_MAPCHP,KTOE,2017,51.053
EL,GHP_MAPCHP,KTOE,2018,51.762
EL,GHP_MAPCHP,KTOE,2019,52.615
EL,GHP_MAPCHP,KTOE,2020,47.109
EL,GHP_MAPCHP,KTOE,2021,40.012
EL,GHP_MAPCHP,KTOE,2022,28.267
EL,GHP_MAPCHP,KTOE,2023,26.03
EL,GHP_MAPCHP,KTOE,2024,24.09
ES,GHP_MAPCHP,KTOE,2014,0.0
ES,GHP_MAPCHP,KTOE,2015,0.0
ES,GHP_MAPCHP,KTOE,2016,0.0
ES,GHP_MAPCHP,KTOE,2017,0.0
ES,GHP_MAPCHP,KTOE,2018,0.0
ES,GHP_MAPCHP,KTOE,2019,0.0
ES,GHP_MAPCHP,KTOE,2020,0.0
ES,GHP_MAPCHP,KTOE,2021,0.0
ES,GHP_MAPCHP,KTOE,2022,0.0
ES,GHP_MAPCHP,KTOE,2023,0.0
ES,GHP_MAPCHP,KTOE,2024,0.0
EU27_2020,GHP_MAPCHP,KTOE,2014,33848.657
EU27_2020,GHP_MAPCHP,KTOE,2015,34346.121
EU27_2020,GHP_MAPCHP,KTOE,2016,35909.147
EU27_2020,GHP_MAPCHP,KTOE,2017,35203.57
EU27_2020,GHP_MAPCHP,KTOE,2018,34485.419
EU27_2020,GHP_MAPCHP,KTOE,2019,33753.609
EU27_2020,GHP_MAPCHP,KTOE,2020,31847.589
EU27_2020,GHP_MAPCHP,KTOE,2021,32116.837
EU27_2020,GHP_MAPCHP,KTOE,2022,29358.658
EU27_2020,GHP_MAPCHP,KTOE,2023,26807.913
EU27_2020,GHP_MAPCHP,KTOE,2024,25621.058
FI,GHP_MAPCHP,KTOE,2014,2566.065
FI,GHP_MAPCHP,KTOE,2015,2467.875
FI,GHP_MAPCHP,KTOE,2016,2699.723
FI,GHP_MAPCHP,KTOE,2017,2642.042
FI,GHP_MAPCHP,KTOE,2018,2527.276
FI,GHP_MAPCHP,KTOE,2019,2379.526
FI,GHP_MAPCHP,KTOE,2020,1968.854
FI,GHP_MAPCHP,KTOE,2021,2105.928
FI,GHP_MAPCHP,KTOE,2022,1894.526
FI,GHP_MAPCHP,KTOE,2023,1501.245
FI,GHP_MAPCHP,KTOE,2024,1421.345
FR,GHP_MAPCHP,KTOE,2014,1458.108
FR,GHP_MAPCHP,KTOE,2015,1598.164
FR,GHP_MAPCHP,KTOE,2016,1760.709
FR,GHP_MAPCHP,KTOE,2017,1813.189
FR,GHP_MAPCHP,KTOE,2018,1802.96
FR,GHP_MAPCHP,KTOE,2019,1921.721
FR,GHP_MAPCHP,KTOE,2020,1922.248
FR,GHP_MAPCHP,KTOE,2021,1995.588
FR,GHP_MAPCHP,KTOE,2022,2033.234
FR,GHP_MAPCHP,KTOE,2023,1845.001
FR,GHP_MAPCHP,KTOE,2024,1561.303
GE,GHP_MAPCHP,KTOE,2014,0.0
GE,GHP_MAPCHP,KTOE,2015,0.0
GE,GHP_MAPCHP,KTOE,2016,0.0
GE,GHP_MAPCHP,KTOE,2017,0.0
GE,GHP_MAPCHP,KTOE,2018,0.0
GE,GHP_MAPCHP,KTOE,2019,0.0
GE,GHP_MAPCHP,KTOE,2020,0.0
GE,GHP_MAPCHP,KTOE,2021,0.0
GE,GHP_MAPCHP,KTOE,2022,0.0
GE,GHP_MAPCHP,KTOE,2023,0.0
GE,GHP_MAPCHP,KTOE,2024,0.0
HR,GHP_MAPCHP,KTOE,2014,191.411
HR,GHP_MAPCHP,KTOE,2015,210.973
HR,GHP_MAPCHP,KTOE,2016,217.23
HR,GHP_MAPCHP,KTOE,2017,254.569
HR,GHP_MAPCHP,KTOE,2018,261.964
HR,GHP_MAPCHP,KTOE,2019,275.306
HR,GHP_MAPCHP,KTOE,2020,290.955
HR,GHP_MAPCHP,KTOE,2021,328.805
HR,GHP_MAPCHP,KTOE,2022,307.101
HR,GHP_MAPCHP,KTOE,2023,295.987
HR,GHP_MAPCHP,KTOE,2024,279.173
HU,GHP_MAPCHP,KTOE,2014,517.842
HU,GHP_MAPCHP,KTOE,2015,476.689
HU,GHP_MAPCHP,KTOE,2016,542.849
HU,GHP_MAPCHP,KTOE,2017,469.714
HU,GHP_MAPCHP,KTOE,2018,462.716
HU,GHP_MAPCHP,KTOE,2019,470.885
HU,GHP_MAPCHP,KTOE,2020,485.789
HU,GHP_MAPCHP,KTOE,2021,550.291
HU,GHP_MAPCHP,KTOE,2022,491.492
HU,GHP_MAPCHP,KTOE,2023,445.297
HU,GHP_MAPCHP,KTOE,2024,457.27
IE,GHP_MAPCHP,KTOE,2014,0.0
IE,GHP_MAPCHP,KTOE,2015,0.0
IE,GHP_MAPCHP,KTOE,2016,0.0
IE,GHP_MAPCHP,KTOE,2017,0.0
IE,GHP_MAPCHP,KTOE,2018,0.0
IE,GHP_MAPCHP,KTOE,2019,0.0
IE,GHP_MAPCHP,KTOE,2020,0.0
IE,GHP_MAPCHP,KTOE,2021,0.0
IE,GHP_MAPCHP,KTOE,2022,0.0
IE,GHP_MAPCHP,KTOE,2023,0.0
IE,GHP_MAPCHP,KTOE,2024,0.0
IS,GHP_MAPCHP,KTOE,2014,139.367
IS,GHP_MAPCHP,KTOE,2015,164.063
IS,GHP_MAPCHP,KTOE,2016,203.499
IS,GHP_MAPCHP,KTOE,2017,236.377
IS,GHP_MAPCHP,KTOE,2018,242.669
IS,GHP_MAPCHP,KTOE,2019,230.935
IS,GHP_MAPCHP,KTOE,2020,272.591
IS,GHP_MAPCHP,KTOE,2021,269.256
IS,GHP_MAPCHP,KTOE,2022,68.562
IS,GHP_MAPCHP,KTOE,2023,74.049
IS,GHP_MAPCHP,KTOE,2024,71.81
IT,GHP_MAPCHP,KTOE,2014,3084.743
IT,GHP_MAPCHP,KTOE,2015,3302.642
IT,GHP_MAPCHP,KTOE,2016,3712.095
IT,GHP_MAPCHP,KTOE,2017,3624.684
IT,GHP_MAPCHP,KTOE,2018,3355.549
IT,GHP_MAPCHP,KTOE,2019,3336.903
IT,GHP_MAPCHP,KTOE,2020,3427.484
IT,GHP_MAPCHP,KTOE,2021,1476.945
IT,GHP_MAPCHP,KTOE,2022,1364.674
IT,GHP_MAPCHP,KTOE,2023,1394.356
IT,GHP_MAPCHP,KTOE,2024,1396.634
LT,GHP_MAPCHP,KTOE,2014,370.163
LT,GHP_MAPCHP,KTOE,2015,310.404
LT,GHP_MAPCHP,KTOE,2016,302.259
LT,GHP_MAPCHP,KTOE,2017,311.837
LT,GHP_MAPCHP,KTOE,2018,319.337
LT,GHP_MAPCHP,KTOE,2019,285.278
LT,GHP_MAPCHP,KTOE,2020,288.168
LT,GHP_MAPCHP,KTOE,2021,356.573
LT,GHP_MAPCHP,KTOE,2022,324.162
LT,GHP_MAPCHP,KTOE,2023,324.138
LT,GHP_MAPCHP,KTOE,2024,335.435
LU,GHP_MAPCHP,KTOE,2014,41.168
LU,GHP_MAPCHP,KTOE,2015,37.543
LU,GHP_MAPCHP,KTOE,2016,37.354
LU,GHP_MAPCHP,KTOE,2017,44.362
LU,GHP_MAPCHP,KTOE,2018,53.487
LU,GHP_MAPCHP,KTOE,2019,75.652
LU,GHP_MAPCHP,KTOE,2020,114.436
LU,GHP_MAPCHP,KTOE,2021,125.219
LU,GHP_MAPCHP,KTOE,2022,106.643
LU,GHP_MAPCHP,KTOE,2023,101.866
LU,GHP_MAPCHP,KTOE,2024,117.244
LV,GHP_MAPCHP,KTOE,2014,434.341
LV,GHP_MAPCHP,KTOE,2015,440.599
LV,GHP_MAPCHP,KTOE,2016,504.634
LV,GHP_MAPCHP,KTOE,2017,319.542
LV,GHP_MAPCHP,KTOE,2018,341.838
LV,GHP_MAPCHP,KTOE,2019,308.744
LV,GHP_MAPCHP,KTOE,2020,271.105
LV,GHP_MAPCHP,KTOE,2021,297.653
LV,GHP_MAPCHP,KTOE,2022,232.784
LV,GHP_MAPCHP,KTOE,2023,228.59
LV,GHP_MAPCHP,KTOE,2024,231.194
MD,GHP_MAPCHP,KTOE,2014,137.336
MD,GHP_MAPCHP,KTOE,2015,143.14
MD,GHP_MAPCHP,KTOE,2016,147.607
MD,GHP_MAPCHP,KTOE,2017,145.051
MD,GHP_MAPCHP,KTOE,2018,152.957
MD,GHP_MAPCHP,KTOE,2019,137.599
MD,GHP_MAPCHP,KTOE,2020,136.047
MD,GHP_MAPCHP,KTOE,2021,154.103
MD,GHP_MAPCHP,KTOE,2022,128.021
MD,GHP_MAPCHP,KTOE,2023,125.06
MD,GHP_MAPCHP,KTOE,2024,133.856
ME,GHP_MAPCHP,KTOE,2014,0.0
ME,GHP_MAPCHP,KTOE,2015,0.0
ME,GHP_MAPCHP,KTOE,2016,0.0
ME,GHP_MAPCHP,KTOE,2017,0.0
ME,GHP_MAPCHP,KTOE,2018,0.0
ME,GHP_MAPCHP,KTOE,2019,0.0
ME,GHP_MAPCHP,KTOE,2020,0.0
ME,GHP_MAPCHP,KTOE,2021,0.0
ME,GHP_MAPCHP,KTOE,2022,0.0
ME,GHP_MAPCHP,KTOE,2023,0.0
ME,GHP_MAPCHP,KTOE,2024,0.0
MK,GHP_MAPCHP,KTOE,2014,8.383
MK,GHP_MAPCHP,KTOE,2015,10.724
MK,GHP_MAPCHP,KTOE,2016,25.906
MK,GHP_MAPCHP,KTOE,2017,31.128
MK,GHP_MAPCHP,KTOE,2018,30.134
MK,GHP_MAPCHP,KTOE,2019,22.42
MK,GHP_MAPCHP,KTOE,2020,33.939
MK,GHP_MAPCHP,KTOE,2021,40.652
MK,GHP_MAPCHP,KTOE,2022,33.728
MK,GHP_MAPCHP,KTOE,2023,28.252
MK,GHP_MAPCHP,KTOE,2024,27.354
MT,GHP_MAPCHP,KTOE,2014,0.0
MT,GHP_MAPCHP,KTOE,2015,0.0
MT,GHP_MAPCHP,KTOE,2016,0.0
MT,GHP_MAPCHP,KTOE,2017,0.0
MT,GHP_MAPCHP,KTOE,2018,0.0
MT,GHP_MAPCHP,KTOE,2019,0.0
MT,GHP_MAPCHP,KTOE,2020,0.0
MT,GHP_MAPCHP,KTOE,2021,0.0
MT,GHP_MAPCHP,KTOE,2022,0.0
MT,GHP_MAPCHP,KTOE,2023,0.0
MT,GHP_MAPCHP,KTOE,2024,0.0
NL,GHP_MAPCHP,KTOE,2014,2035.206
NL,GHP_MAPCHP,KTOE,2015,1814.309
NL,GHP_MAPCHP,KTOE,2016,1693.738
NL,GHP_MAPCHP,KTOE,2017,1510.675
NL,GHP_MAPCHP,KTOE,2018,1415.396
NL,GHP_MAPCHP,KTOE,2019,1297.738
NL,GHP_MAPCHP,KTOE,2020,983.901
NL,GHP_MAPCHP,KTOE,2021,948.047
NL,GHP_MAPCHP,KTOE,2022,889.259
NL,GHP_MAPCHP,KTOE,2023,759.613
NL,GHP_MAPCHP,KTOE,2024,667.619
NO,GHP_MAPCHP,KTOE,2014,150.592
NO,GHP_MAPCHP,KTOE,2015,141.134
NO,GHP_MAPCHP,KTOE,2016,150.449
NO,GHP_MAPCHP,KTOE,2017,169.198
NO,GHP_MAPCHP,KTOE,2018,174.43
NO,GHP_MAPCHP,KTOE,2019,190.62
NO,GHP_MAPCHP,KTOE,2020,179.811
NO,GHP_MAPCHP,KTOE,2021,179.775
NO,GHP_MAPCHP,KTOE,2022,184.171
NO,GHP_MAPCHP,KTOE,2023,197.505
NO,GHP_MAPCHP,KTOE,2024,177.347
PL,GHP_MAPCHP,KTOE,2014,3898.347
PL,GHP_MAPCHP,KTOE,2015,4140.035
PL,GHP_MAPCHP,KTOE,2016,4219.619
PL,GHP_MAPCHP,KTOE,2017,4317.35
PL,GHP_MAPCHP,KTOE,2018,4233.849
PL,GHP_MAPCHP,KTOE,2019,4146.344
PL,GHP_MAPCHP,KTOE,2020,4055.501
PL,GHP_MAPCHP,KTOE,2021,4288.931
PL,GHP_MAPCHP,KTOE,2022,3905.776
PL,GHP_MAPCHP,KTOE,2023,3816.663
PL,GHP_MAPCHP,KTOE,2024,3640.261
PT,GHP_MAPCHP,KTOE,2014,0.836
PT,GHP_MAPCHP,KTOE,2015,0.836
PT,GHP_MAPCHP,KTOE,2016,0.836
PT,GHP_MAPCHP,KTOE,2017,0.836
PT,GHP_MAPCHP,KTOE,2018,1.055
PT,GHP_MAPCHP,KTOE,2019,1.159
PT,GHP_MAPCHP,KTOE,2020,0.931
PT,GHP_MAPCHP,KTOE,2021,0.931
PT,GHP_MAPCHP,KTOE,2022,0.931
PT,GHP_MAPCHP,KTOE,2023,1.314
PT,GHP_MAPCHP,KTOE,2024,1.305
RO,GHP_MAPCHP,KTOE,2014,1484.833
RO,GHP_MAPCHP,KTOE,2015,1459.683
RO,GHP_MAPCHP,KTOE,2016,1450.654
RO,GHP_MAPCHP,KTOE,2017,1349.791
RO,GHP_MAPCHP,KTOE,2018,1212.386
RO,GHP_MAPCHP,KTOE,2019,1044.261
RO,GHP_MAPCHP,KTOE,2020,1018.565
RO,GHP_MAPCHP,KTOE,2021,1044.219
RO,GHP_MAPCHP,KTOE,2022,867.564
RO,GHP_MAPCHP,KTOE,2023,687.13
RO,GHP_MAPCHP,KTOE,2024,667.066
RS,GHP_MAPCHP,KTOE,2014,57.872
RS,GHP_MAPCHP,KTOE,2015,60.309
RS,GHP_MAPCHP,KTOE,2016,72.705
RS,GHP_MAPCHP,KTOE,2017,93.174
RS,GHP_MAPCHP,KTOE,2018,92.979
RS,GHP_MAPCHP,KTOE,2019,94.897
RS,GHP_MAPCHP,KTOE,2020,93.461
RS,GHP_MAPCHP,KTOE,2021,113.762
RS,GHP_MAPCHP,KTOE,2022,104.869
RS,GHP_MAPCHP,KTOE,2023,109.128
RS,GHP_MAPCHP,KTOE,2024,131.97
SE,GHP_MAPCHP,KTOE,2014,3068.812
SE,GHP_MAPCHP,KTOE,2015,3173.33
SE,GHP_MAPCHP,KTOE,2016,3384.542
SE,GHP_MAPCHP,KTOE,2017,3351.414
SE,GHP_MAPCHP,KTOE,2018,3383.825
SE,GHP_MAPCHP,KTOE,2019,3294.76
SE,GHP_MAPCHP,KTOE,2020,3030.262
SE,GHP_MAPCHP,KTOE,2021,3413.275
SE,GHP_MAPCHP,KTOE,2022,3228.193
SE,GHP_MAPCHP,KTOE,2023,2579.631
SE,GHP_MAPCHP,KTOE,2024,2414.947
SI,GHP_MAPCHP,KTOE,2014,149.685
SI,GHP_MAPCHP,KTOE,2015,166.117
SI,GHP_MAPCHP,KTOE,2016,174.477
SI,GHP_MAPCHP,KTOE,2017,177.717
SI,GHP_MAPCHP,KTOE,2018,182.562
SI,GHP_MAPCHP,KTOE,2019,173.302
SI,GHP_MAPCHP,KTOE,2020,175.4
SI,GHP_MAPCHP,KTOE,2021,182.663
SI,GHP_MAPCHP,KTOE,2022,161.02
SI,GHP_MAPCHP,KTOE,2023,136.034
SI,GHP_MAPCHP,KTOE,2024,114.248
SK,GHP_MAPCHP,KTOE,2014,489.682
SK,GHP_MAPCHP,KTOE,2015,509.387
SK,GHP_MAPCHP,KTOE,2016,533.653
SK,GHP_MAPCHP,KTOE,2017,566.471
SK,GHP_MAPCHP,KTOE,2018,421.921
SK,GHP_MAPCHP,KTOE,2019,419.246
SK,GHP_MAPCHP,KTOE,2020,393.212
SK,GHP_MAPCHP,KTOE,2021,401.213
SK,GHP_MAPCHP,KTOE,2022,354.232
SK,GHP_MAPCHP,KTOE,2023,307.872
SK,GHP_MAPCHP,KTOE,2024,260.103
TR,GHP_MAPCHP,KTOE,2014,665.449
TR,GHP_MAPCHP,KTOE,2015,580.443
TR,GHP_MAPCHP,KTOE,2016,480.701
TR,GHP_MAPCHP,KTOE,2017,537.766
TR,GHP_MAPCHP,KTOE,2018,484.584
TR,GHP_MAPCHP,KTOE,2019,409.428
TR,GHP_MAPCHP,KTOE,2020,437.225
TR,GHP_MAPCHP,KTOE,2021,465.822
TR,GHP_MAPCHP,KTOE,2022,431.993
TR,GHP_MAPCHP,KTOE,2023,345.609
TR,GHP_MAPCHP,KTOE,2024,258.195
UA,GHP_MAPCHP,KTOE,2014,1998.256
UA,GHP_MAPCHP,KTOE,2015,1449.89
UA,GHP_MAPCHP,KTOE,2016,1303.979
UA,GHP_MAPCHP,KTOE,2017,1118.276
UA,GHP_MAPCHP,KTOE,2018,1898.968
UA,GHP_MAPCHP,KTOE,2019,1530.811
UA,GHP_MAPCHP,KTOE,2020,1736.314
UK,GHP_MAPCHP,KTOE,2014,0.0
UK,GHP_MAPCHP,KTOE,2015,0.0
UK,GHP_MAPCHP,KTOE,2016,0.0
UK,GHP_MAPCHP,KTOE,2017,0.0
UK,GHP_MAPCHP,KTOE,2018,0.0
UK,GHP_MAPCHP,KTOE,2019,0.0
XK,GHP_MAPCHP,KTOE,2014,0.0
XK,GHP_MAPCHP,KTOE,2015,0.0
XK,GHP_MAPCHP,KTOE,2016,0.0
XK,GHP_MAPCHP,KTOE,2017,0.0
XK,GHP_MAPCHP,KTOE,2018,0.0
XK,GHP_MAPCHP,KTOE,2019,0.0
XK,GHP_MAPCHP,KTOE,2020,0.0
XK,GHP_MAPCHP,KTOE,2021,0.0
XK,GHP_MAPCHP,KTOE,2022,0.0
XK,GHP_MAPCHP,KTOE,2023,0.0
XK,GHP_MAPCHP,KTOE,2024,0.0
AL,GHP_MAPCHP,TJ,2014,0.0
AL,GHP_MAPCHP,TJ,2015,0.0
AL,GHP_MAPCHP,TJ,2016,0.0
AL,GHP_MAPCHP,TJ,2017,0.0
AL,GHP_MAPCHP,TJ,2018,0.0
AL,GHP_MAPCHP,TJ,2019,0.0
AL,GHP_MAPCHP,TJ,2020,0.0
AL,GHP_MAPCHP,TJ,2021,0.0
AL,GHP_MAPCHP,TJ,2022,0.0
AL,GHP_MAPCHP,TJ,2023,0.0
AL,GHP_MAPCHP,TJ,2024,0.0
AT,GHP_MAPCHP,TJ,2014,35442.698
AT,GHP_MAPCHP,TJ,2015,38807.554
AT,GHP_MAPCHP,TJ,2016,40412.946
AT,GHP_MAPCHP,TJ,2017,40754.221
AT,GHP_MAPCHP,TJ,2018,40233.533
AT,GHP_MAPCHP,TJ,2019,41502.913
AT,GHP_MAPCHP,TJ,2020,39763.542
AT,GHP_MAPCHP,TJ,2021,41758.02
AT,GHP_MAPCHP,TJ,2022,38386.244
AT,GHP_MAPCHP,TJ,2023,33571.922
AT,GHP_MAPCHP,TJ,2024,34305.743
BA,GHP_MAPCHP,TJ,2014,1356.0
BA,GHP_MAPCHP,TJ,2015,1583.0
BA,GHP_MAPCHP,TJ,2016,1523.0
BA,GHP_MAPCHP,TJ,2017,1817.0
BA,GHP_MAPCHP,TJ,2018,1757.0
BA,GHP_MAPCHP,TJ,2019,1688.0
BA,GHP_MAPCHP,TJ,2020,1785.0
BA,GHP_MAPCHP,TJ,2021,1845.0
BA,GHP_MAPCHP,TJ,2022,1887.0
BA,GHP_MAPCHP,TJ,2023,1768.0
BA,GHP_MAPCHP,TJ,2024,1516.0
BE,GHP_MAPCHP,TJ,2014,25750.9
BE,GHP_MAPCHP,TJ,2015,25712.4
BE,GHP_MAPCHP,TJ,2016,24614.3
BE,GHP_MAPCHP,TJ,2017,21331.5
BE,GHP_MAPCHP,TJ,2018,23473.2
BE,GHP_MAPCHP,TJ,2019,20309.0
BE,GHP_MAPCHP,TJ,2020,19777.4
BE,GHP_MAPCHP,TJ,2021,20322.5
BE,GHP_MAPCHP,TJ,2022,17642.7
BE,GHP_MAPCHP,TJ,2023,15252.3
BE,GHP_MAPCHP,TJ,2024,14038.1
BG,GHP_MAPCHP,TJ,2014,44618.0
BG,GHP_MAPCHP,TJ,2015,39240.0
BG,GHP_MAPCHP,TJ,2016,36928.0
BG,GHP_MAPCHP,TJ,2017,31768.278
BG,GHP_MAPCHP,TJ,2018,26354.99
BG,GHP_MAPCHP,TJ,2019,28926.94
BG,GHP_MAPCHP,TJ,2020,28689.421
BG,GHP_MAPCHP,TJ,2021,30638.41
BG,GHP_MAPCHP,TJ,2022,26606.794
BG,GHP_MAPCHP,TJ,2023,25412.286
BG,GHP_MAPCHP,TJ,2024,23643.297
CY,GHP_MAPCHP,TJ,2014,45.0
CY,GHP_MAPCHP,TJ,2015,51.0
CY,GHP_MAPCHP,TJ,2016,50.0
CY,GHP_MAPCHP,TJ,2017,53.89
CY,GHP_MAPCHP,TJ,2018,53.85
CY,GHP_MAPCHP,TJ,2019,51.472
CY,GHP_MAPCHP,TJ,2020,37.117
CY,GHP_MAPCHP,TJ,2021,37.182
CY,GHP_MAPCHP,TJ,2022,40.151
CY,GHP_MAPCHP,TJ,2023,36.14
CY,GHP_MAPCHP,TJ,2024,34.073
CZ,GHP_MAPCHP,TJ,2014,84081.0
CZ,GHP_MAPCHP,TJ,2015,85210.0
CZ,GHP_MAPCHP,TJ,2016,88132.0
CZ,GHP_MAPCHP,TJ,2017,86505.72
CZ,GHP_MAPCHP,TJ,2018,81915.514
CZ,GHP_MAPCHP,TJ,2019,79794.898
CZ,GHP_MAPCHP,TJ,2020,78200.63
CZ,GHP_MAPCHP,TJ,2021,83934.928
CZ,GHP_MAPCHP,TJ,2022,77119.68
CZ,GHP_MAPCHP,TJ,2023,69888.324
CZ,GHP_MAPCHP,TJ,2024,63820.046
DE,GHP_MAPCHP,TJ,2014,320535.0
DE,GHP_MAPCHP,TJ,2015,330284.0
DE,GHP_MAPCHP,TJ,2016,342815.0
DE,GHP_MAPCHP,TJ,2017,342517.0
DE,GHP_MAPCHP,TJ,2018,354630.0
DE,GHP_MAPCHP,TJ,2019,350301.0
DE,GHP_MAPCHP,TJ,2020,323978.0
DE,GHP_MAPCHP,TJ,2021,352032.0
DE,GHP_MAPCHP,TJ,2022,318833.612
DE,GHP_MAPCHP,TJ,2023,301579.0
DE,GHP_MAPCHP,TJ,2024,294976.0
DK,GHP_MAPCHP,TJ,2014,64602.243
DK,GHP_MAPCHP,TJ,2015,63875.877
DK,GHP_MAPCHP,TJ,2016,67847.871
DK,GHP_MAPCHP,TJ,2017,69486.822
DK,GHP_MAPCHP,TJ,2018,65706.869
DK,GHP_MAPCHP,TJ,2019,63898.107
DK,GHP_MAPCHP,TJ,2020,57334.085
DK,GHP_MAPCHP,TJ,2021,67320.711
DK,GHP_MAPCHP,TJ,2022,59767.436
DK,GHP_MAPCHP,TJ,2023,59777.442
DK,GHP_MAPCHP,TJ,2024,59174.531
EE,GHP_MAPCHP,TJ,2014,11408.0
EE,GHP_MAPCHP,TJ,2015,10823.304
EE,GHP_MAPCHP,TJ,2016,11469.331
EE,GHP_MAPCHP,TJ,2017,10411.626
EE,GHP_MAPCHP,TJ,2018,12940.174
EE,GHP_MAPCHP,TJ,2019,12679.126
EE,GHP_MAPCHP,TJ,2020,12148.545
EE,GHP_MAPCHP,TJ,2021,13577.067
EE,GHP_MAPCHP,TJ,2022,12954.669
EE,GHP_MAPCHP,TJ,2023,11851.512
EE,GHP_MAPCHP,TJ,2024,13756.474
EL,GHP_MAPCHP,TJ,2014,2073.0
EL,GHP_MAPCHP,TJ,2015,2093.0
EL,GHP_MAPCHP,TJ,2016,2134.0
EL,GHP_MAPCHP,TJ,2017,2137.48
EL,GHP_MAPCHP,TJ,2018,2167.155
EL,GHP_MAPCHP,TJ,2019,2202.88
EL,GHP_MAPCHP,TJ,2020,1972.355
EL,GHP_MAPCHP,TJ,2021,1675.204
EL,GHP_MAPCHP,TJ,2022,1183.464
EL,GHP_MAPCHP,TJ,2023,1089.807
EL,GHP_MAPCHP,TJ,2024,1008.59
ES,GHP_MAPCHP,TJ,2014,0.0
ES,GHP_MAPCHP,TJ,2015,0.0
ES,GHP_MAPCHP,TJ,2016,0.0
ES,GHP_MAPCHP,TJ,2017,0.0
ES,GHP_MAPCHP,TJ,2018,0.0
ES,GHP_MAPCHP,TJ,2019,0.0
ES,GHP_MAPCHP,TJ,2020,0.0
ES,GHP_MAPCHP,TJ,2021,0.0
ES,GHP_MAPCHP,TJ,2022,0.0
ES,GHP_MAPCHP,TJ,2023,0.0
ES,GHP_MAPCHP,TJ,2024,0.0
EU27_2020,GHP_MAPCHP,TJ,2014,1417175.522
EU27_2020,GHP_MAPCHP,TJ,2015,1438003.4
EU27_2020,GHP_MAPCHP,TJ,2016,1503444.174
EU27_2020,GHP_MAPCHP,TJ,2017,1473903.116
EU27_2020,GHP_MAPCHP,TJ,2018,1443835.567
EU27_2020,GHP_MAPCHP,TJ,2019,1413196.068
EU27_2020,GHP_MAPCHP,TJ,2020,1333394.817
EU27_2020,GHP_MAPCHP,TJ,2021,1344667.696
EU27_2020,GHP_MAPCHP,TJ,2022,1229188.288
EU27_2020,GHP_MAPCHP,TJ,2023,1122393.675
EU27_2020,GHP_MAPCHP,TJ,2024,1072702.421
FI,GHP_MAPCHP,TJ,2014,107436.0
FI,GHP_MAPCHP,TJ,2015,103325.0
FI,GHP_MAPCHP,TJ,2016,113032.0
FI,GHP_MAPCHP,TJ,2017,110617.0
FI,GHP_MAPCHP,TJ,2018,105812.0
FI,GHP_MAPCHP,TJ,2019,99626.0
FI,GHP_MAPCHP,TJ,2020,82432.0
FI,GHP_MAPCHP,TJ,2021,88171.0
FI,GHP_MAPCHP,TJ,2022,79320.0
FI,GHP_MAPCHP,TJ,2023,62854.133
FI,GHP_MAPCHP,TJ,2024,59508.871
FR,GHP_MAPCHP,TJ,2014,61048.076
FR,GHP_MAPCHP,TJ,2015,66911.916
FR,GHP_MAPCHP,TJ,2016,73717.371
FR,GHP_MAPCHP,TJ,2017,75914.609
FR,GHP_MAPCHP,TJ,2018,75486.337
FR,GHP_MAPCHP,TJ,2019,80458.603
FR,GHP_MAPCHP,TJ,2020,80480.677
FR,GHP_MAPCHP,TJ,2021,83551.273
FR,GHP_MAPCHP,TJ,2022,85127.43
FR,GHP_MAPCHP,TJ,2023,77246.516
FR,GHP_MAPCHP,TJ,2024,65368.649
GE,GHP_MAPCHP,TJ,2014,0.0
GE,GHP_MAPCHP,TJ,2015,0.0
GE,GHP_MAPCHP,TJ,2016,0.0
GE,GHP_MAPCHP,TJ,2017,0.0
GE,GHP_MAPCHP,TJ,2018,0.0
GE,GHP_MAPCHP,TJ,2019,0.0
GE,GHP_MAPCHP,TJ,2020,0.0
GE,GHP_MAPCHP,TJ,2021,0.0
GE,GHP_MAPCHP,TJ,2022,0.0
GE,GHP_MAPCHP,TJ,2023,0.0
GE,GHP_MAPCHP,TJ,2024,0.0
HR,GHP_MAPCHP,TJ,2014,8014.0
HR,GHP_MAPCHP,TJ,2015,8833.0
HR,GHP_MAPCHP,TJ,2016,9095.0
HR,GHP_MAPCHP,TJ,2017,10658.3
HR,GHP_MAPCHP,TJ,2018,10967.9
HR,GHP_MAPCHP,TJ,2019,11526.5
HR,GHP_MAPCHP,TJ,2020,12181.7
HR,GHP_MAPCHP,TJ,2021,13766.4
HR,GHP_MAPCHP,TJ,2022,12857.7
HR,GHP_MAPCHP,TJ,2023,12392.4
HR,GHP_MAPCHP,TJ,2024,11688.403
HU,GHP_MAPCHP,TJ,2014,21681.0
HU,GHP_MAPCHP,TJ,2015,19958.0
HU,GHP_MAPCHP,TJ,2016,22728.0
HU,GHP_MAPCHP,TJ,2017,19666.0
HU,GHP_MAPCHP,TJ,2018,19373.0
HU,GHP_MAPCHP,TJ,2019,19715.0
HU,GHP_MAPCHP,TJ,2020,20339.0
HU,GHP_MAPCHP,TJ,2021,23039.6
HU,GHP_MAPCHP,TJ,2022,20577.8
HU,GHP_MAPCHP,TJ,2023,18643.7
HU,GHP_MAPCHP,TJ,2024,19145.0
IE,GHP_MAPCHP,TJ,2014,0.0
IE,GHP_MAPCHP,TJ,2015,0.0
IE,GHP_MAPCHP,TJ,2016,0.0
IE,GHP_MAPCHP,TJ,2017,0.0
IE,GHP_MAPCHP,TJ,2018,0.0
IE,GHP_MAPCHP,TJ,2019,0.0
IE,GHP_MAPCHP,TJ,2020,0.0
IE,GHP_MAPCHP,TJ,2021,0.0
IE,GHP_MAPCHP,TJ,2022,0.0
IE,GHP_MAPCHP,TJ,2023,0.0
IE,GHP_MAPCHP,TJ,2024,0.0
IS,GHP_MAPCHP,TJ,2014,5835.0
IS,GHP_MAPCHP,TJ,2015,6869.0
IS,GHP_MAPCHP,TJ,2016,8520.1
IS,GHP_MAPCHP,TJ,2017,9896.618
IS,GHP_MAPCHP,TJ,2018,10160.068
IS,GHP_MAPCHP,TJ,2019,9668.799
IS,GHP_MAPCHP,TJ,2020,11412.85
IS,GHP_MAPCHP,TJ,2021,11273.23
IS,GHP_MAPCHP,TJ,2022,2870.559
IS,GHP_MAPCHP,TJ,2023,3100.288
IS,GHP_MAPCHP,TJ,2024,3006.546
IT,GHP_MAPCHP,TJ,2014,129152.0
IT,GHP_MAPCHP,TJ,2015,138275.0
IT,GHP_MAPCHP,TJ,2016,155418.0
IT,GHP_MAPCHP,TJ,2017,151758.251
IT,GHP_MAPCHP,TJ,2018,140490.128
IT,GHP_MAPCHP,TJ,2019,139709.455
IT,GHP_MAPCHP,TJ,2020,143501.88
IT,GHP_MAPCHP,TJ,2021,61836.716
IT,GHP_MAPCHP,TJ,2022,57136.151
IT,GHP_MAPCHP,TJ,2023,58378.902
IT,GHP_MAPCHP,TJ,2024,58474.283
LT,GHP_MAPCHP,TJ,2014,15498.0
LT,GHP_MAPCHP,TJ,2015,12996.0
LT,GHP_MAPCHP,TJ,2016,12655.0
LT,GHP_MAPCHP,TJ,2017,13056.0
LT,GHP_MAPCHP,TJ,2018,13370.0
LT,GHP_MAPCHP,TJ,2019,11944.0
LT,GHP_MAPCHP,TJ,2020,12065.0
LT,GHP_MAPCHP,TJ,2021,14929.0
LT,GHP_MAPCHP,TJ,2022,13572.0
LT,GHP_MAPCHP,TJ,2023,13571.0
LT,GHP_MAPCHP,TJ,2024,14044.0
LU,GHP_MAPCHP,TJ,2014,1723.605
LU,GHP_MAPCHP,TJ,2015,1571.862
LU,GHP_MAPCHP,TJ,2016,1563.93
LU,GHP_MAPCHP,TJ,2017,1857.344
LU,GHP_MAPCHP,TJ,2018,2239.397
LU,GHP_MAPCHP,TJ,2019,3167.391
LU,GHP_MAPCHP,TJ,2020,4791.191
LU,GHP_MAPCHP,TJ,2021,5242.666
LU,GHP_MAPCHP,TJ,2022,4464.949
LU,GHP_MAPCHP,TJ,2023,4264.911
LU,GHP_MAPCHP,TJ,2024,4908.775
LV,GHP_MAPCHP,TJ,2014,18185.0
LV,GHP_MAPCHP,TJ,2015,18447.0
LV,GHP_MAPCHP,TJ,2016,21128.0
LV,GHP_MAPCHP,TJ,2017,13378.601
LV,GHP_MAPCHP,TJ,2018,14312.084
LV,GHP_MAPCHP,TJ,2019,12926.493
LV,GHP_MAPCHP,TJ,2020,11350.605
LV,GHP_MAPCHP,TJ,2021,12462.147
LV,GHP_MAPCHP,TJ,2022,9746.191
LV,GHP_MAPCHP,TJ,2023,9570.619
LV,GHP_MAPCHP,TJ,2024,9679.61
MD,GHP_MAPCHP,TJ,2014,5750.0
MD,GHP_MAPCHP,TJ,2015,5993.0
MD,GHP_MAPCHP,TJ,2016,6180.0
MD,GHP_MAPCHP,TJ,2017,6073.0
MD,GHP_MAPCHP,TJ,2018,6404.0
MD,GHP_MAPCHP,TJ,2019,5761.0
MD,GHP_MAPCHP,TJ,2020,5696.0
MD,GHP_MAPCHP,TJ,2021,6452.0
MD,GHP_MAPCHP,TJ,2022,5360.0
MD,GHP_MAPCHP,TJ,2023,5236.0
MD,GHP_MAPCHP,TJ,2024,5604.3
ME,GHP_MAPCHP,TJ,2014,0.0
ME,GHP_MAPCHP,TJ,2015,0.0
ME,GHP_MAPCHP,TJ,2016,0.0
ME,GHP_MAPCHP,TJ,2017,0.0
ME,GHP_MAPCHP,TJ,2018,0.0
ME,GHP_MAPCHP,TJ,2019,0.0
ME,GHP_MAPCHP,TJ,2020,0.0
ME,GHP_MAPCHP,TJ,2021,0.0
ME,GHP_MAPCHP,TJ,2022,0.0
ME,GHP_MAPCHP,TJ,2023,0.0
ME,GHP_MAPCHP,TJ,2024,0.0
MK,GHP_MAPCHP,TJ,2014,351.0
MK,GHP_MAPCHP,TJ,2015,449.0
MK,GHP_MAPCHP,TJ,2016,1084.651
MK,GHP_MAPCHP,TJ,2017,1303.254
MK,GHP_MAPCHP,TJ,2018,1261.649
MK,GHP_MAPCHP,TJ,2019,938.671
MK,GHP_MAPCHP,TJ,2020,1420.953
MK,GHP_MAPCHP,TJ,2021,1702.021
MK,GHP_MAPCHP,TJ,2022,1412.125
MK,GHP_MAPCHP,TJ,2023,1182.86
MK,GHP_MAPCHP,TJ,2024,1145.24
MT,GHP_MAPCHP,TJ,2014,0.0
MT,GHP_MAPCHP,TJ,2015,0.0
MT,GHP_MAPCHP,TJ,2016,0.0
MT,GHP_MAPCHP,TJ,2017,0.0
MT,GHP_MAPCHP,TJ,2018,0.0
MT,GHP_MAPCHP,TJ,2019,0.0
MT,GHP_MAPCHP,TJ,2020,0.0
MT,GHP_MAPCHP,TJ,2021,0.0
MT,GHP_MAPCHP,TJ,2022,0.0
MT,GHP_MAPCHP,TJ,2023,0.0
MT,GHP_MAPCHP,TJ,2024,0.0
NL,GHP_MAPCHP,TJ,2014,85210.0
NL,GHP_MAPCHP,TJ,2015,75961.487
NL,GHP_MAPCHP,TJ,2016,70913.425
NL,GHP_MAPCHP,TJ,2017,63248.953
NL,GHP_MAPCHP,TJ,2018,59259.814
NL,GHP_MAPCHP,TJ,2019,54333.711
NL,GHP_MAPCHP,TJ,2020,41193.987
NL,GHP_MAPCHP,TJ,2021,39692.834
NL,GHP_MAPCHP,TJ,2022,37231.512
NL,GHP_MAPCHP,TJ,2023,31803.48
NL,GHP_MAPCHP,TJ,2024,27951.855
NO,GHP_MAPCHP,TJ,2014,6305.0
NO,GHP_MAPCHP,TJ,2015,5909.0
NO,GHP_MAPCHP,TJ,2016,6299.0
NO,GHP_MAPCHP,TJ,2017,7084.0
NO,GHP_MAPCHP,TJ,2018,7303.05
NO,GHP_MAPCHP,TJ,2019,7980.868
NO,GHP_MAPCHP,TJ,2020,7528.32
NO,GHP_MAPCHP,TJ,2021,7526.812
NO,GHP_MAPCHP,TJ,2022,7710.876
NO,GHP_MAPCHP,TJ,2023,8269.121
NO,GHP_MAPCHP,TJ,2024,7425.144
PL,GHP_MAPCHP,TJ,2014,163216.0
PL,GHP_MAPCHP,TJ,2015,173335.0
PL,GHP_MAPCHP,TJ,2016,176667.0
PL,GHP_MAPCHP,TJ,2017,180758.793
PL,GHP_MAPCHP,TJ,2018,177262.799
PL,GHP_MAPCHP,TJ,2019,173599.125
PL,GHP_MAPCHP,TJ,2020,169795.735
PL,GHP_MAPCHP,TJ,2021,179568.947
PL,GHP_MAPCHP,TJ,2022,163527.026
PL,GHP_MAPCHP,TJ,2023,159796.052
PL,GHP_MAPCHP,TJ,2024,152410.441
PT,GHP_MAPCHP,TJ,2014,35.0
PT,GHP_MAPCHP,TJ,2015,35.0
PT,GHP_MAPCHP,TJ,2016,35.0
PT,GHP_MAPCHP,TJ,2017,35.0
PT,GHP_MAPCHP,TJ,2018,44.17
PT,GHP_MAPCHP,TJ,2019,48.506
PT,GHP_MAPCHP,TJ,2020,39.0
PT,GHP_MAPCHP,TJ,2021,39.0
PT,GHP_MAPCHP,TJ,2022,39.0
PT,GHP_MAPCHP,TJ,2023,55.0
PT,GHP_MAPCHP,TJ,2024,54.655
RO,GHP_MAPCHP,TJ,2014,62167.0
RO,GHP_MAPCHP,TJ,2015,61114.0
RO,GHP_MAPCHP,TJ,2016,60736.0
RO,GHP_MAPCHP,TJ,2017,56513.067
RO,GHP_MAPCHP,TJ,2018,50760.16
RO,GHP_MAPCHP,TJ,2019,43721.128
RO,GHP_MAPCHP,TJ,2020,42645.288
RO,GHP_MAPCHP,TJ,2021,43719.357
RO,GHP_MAPCHP,TJ,2022,36323.183
RO,GHP_MAPCHP,TJ,2023,28768.771
RO,GHP_MAPCHP,TJ,2024,27928.701
RS,GHP_MAPCHP,TJ,2014,2423.0
RS,GHP_MAPCHP,TJ,2015,2525.0
RS,GHP_MAPCHP,TJ,2016,3044.0
RS,GHP_MAPCHP,TJ,2017,3901.001
RS,GHP_MAPCHP,TJ,2018,3892.865
RS,GHP_MAPCHP,TJ,2019,3973.141
RS,GHP_MAPCHP,TJ,2020,3913.01
RS,GHP_MAPCHP,TJ,2021,4762.969
RS,GHP_MAPCHP,TJ,2022,4390.638
RS,GHP_MAPCHP,TJ,2023,4568.977
RS,GHP_MAPCHP,TJ,2024,5525.309
SE,GHP_MAPCHP,TJ,2014,128485.0
SE,GHP_MAPCHP,TJ,2015,132861.0
SE,GHP_MAPCHP,TJ,2016,141704.0
SE,GHP_MAPCHP,TJ,2017,140317.0
SE,GHP_MAPCHP,TJ,2018,141674.0
SE,GHP_MAPCHP,TJ,2019,137945.0
SE,GHP_MAPCHP,TJ,2020,126871.0
SE,GHP_MAPCHP,TJ,2021,142907.0
SE,GHP_MAPCHP,TJ,2022,135158.0
SE,GHP_MAPCHP,TJ,2023,108004.0
SE,GHP_MAPCHP,TJ,2024,101109.0
SI,GHP_MAPCHP,TJ,2014,6267.0
SI,GHP_MAPCHP,TJ,2015,6955.0
SI,GHP_MAPCHP,TJ,2016,7305.0
SI,GHP_MAPCHP,TJ,2017,7440.661
SI,GHP_MAPCHP,TJ,2018,7643.493
SI,GHP_MAPCHP,TJ,2019,7255.82
SI,GHP_MAPCHP,TJ,2020,7343.659
SI,GHP_MAPCHP,TJ,2021,7647.734
SI,GHP_MAPCHP,TJ,2022,6741.596
SI,GHP_MAPCHP,TJ,2023,5695.458
SI,GHP_MAPCHP,TJ,2024,4783.324
SK,GHP_MAPCHP,TJ,2014,20502.0
SK,GHP_MAPCHP,TJ,2015,21327.0
SK,GHP_MAPCHP,TJ,2016,22343.0
SK,GHP_MAPCHP,TJ,2017,23717.0
SK,GHP_MAPCHP,TJ,2018,17665.0
SK,GHP_MAPCHP,TJ,2019,17553.0
SK,GHP_MAPCHP,TJ,2020,16463.0
SK,GHP_MAPCHP,TJ,2021,16798.0
SK,GHP_MAPCHP,TJ,2022,14831.0
SK,GHP_MAPCHP,TJ,2023,12890.0
SK,GHP_MAPCHP,TJ,2024,10890.0
TR,GHP_MAPCHP,TJ,2014,27861.0
TR,GHP_MAPCHP,TJ,2015,24302.0
TR,GHP_MAPCHP,TJ,2016,20126.0
TR,GHP_MAPCHP,TJ,2017,22515.2
TR,GHP_MAPCHP,TJ,2018,20288.58
TR,GHP_MAPCHP,TJ,2019,17141.952
TR,GHP_MAPCHP,TJ,2020,18305.754
TR,GHP_MAPCHP,TJ,2021,19503.015
TR,GHP_MAPCHP,TJ,2022,18086.697
TR,GHP_MAPCHP,TJ,2023,14469.96
TR,GHP_MAPCHP,TJ,2024,10810.11
UA,GHP_MAPCHP,TJ,2014,83663.0
UA,GHP_MAPCHP,TJ,2015,60704.0
UA,GHP_MAPCHP,TJ,2016,54595.0
UA,GHP_MAPCHP,TJ,2017,46820.0
UA,GHP_MAPCHP,TJ,2018,79506.0
UA,GHP_MAPCHP,TJ,2019,64092.0
UA,GHP_MAPCHP,TJ,2020,72696.0
UK,GHP_MAPCHP,TJ,2014,0.0
UK,GHP_MAPCHP,TJ,2015,0.0
UK,GHP_MAPCHP,TJ,2016,0.0
UK,GHP_MAPCHP,TJ,2017,0.0
UK,GHP_MAPCHP,TJ,2018,0.0
UK,GHP_MAPCHP,TJ,2019,0.0
XK,GHP_MAPCHP,TJ,2014,0.0
XK,GHP_MAPCHP,TJ,2015,0.0
XK,GHP_MAPCHP,TJ,2016,0.0
XK,GHP_MAPCHP,TJ,2017,0.0
XK,GHP_MAPCHP,TJ,2018,0.0
XK,GHP_MAPCHP,TJ,2019,0.0
XK,GHP_MAPCHP,TJ,2020,0.0
XK,GHP_MAPCHP,TJ,2021,0.0
XK,GHP_MAPCHP,TJ,2022,0.0
XK,GHP_MAPCHP,TJ,2023,0.0
XK,GHP_MAPCHP,TJ,2024,0.0
AL,GHP_MAPH,GWH,2014,0.0
AL,GHP_MAPH,GWH,2015,0.0
AL,GHP_MAPH,GWH,2016,0.0
AL,GHP_MAPH,GWH,2017,0.0
AL,GHP_MAPH,GWH,2018,0.0
AL,GHP_MAPH,GWH,2019,0.0
AL,GHP_MAPH,GWH,2020,0.0
AL,GHP_MAPH,GWH,2021,0.0
AL,GHP_MAPH,GWH,2022,0.0
AL,GHP_MAPH,GWH,2023,0.0
AL,GHP_MAPH,GWH,2024,0.0
AT,GHP_MAPH,GWH,2014,9517.903
AT,GHP_MAPH,GWH,2015,9307.473
AT,GHP_MAPH,GWH,2016,9374.014
AT,GHP_MAPH,GWH,2017,9962.581
AT,GHP_MAPH,GWH,2018,9403.635
AT,GHP_MAPH,GWH,2019,8908.231
AT,GHP_MAPH,GWH,2020,9502.065
AT,GHP_MAPH,GWH,2021,10831.087
AT,GHP_MAPH,GWH,2022,9623.225
AT,GHP_MAPH,GWH,2023,9663.429
AT,GHP_MAPH,GWH,2024,9554.438
BA,GHP_MAPH,GWH,2014,784.167
BA,GHP_MAPH,GWH,2015,982.5
BA,GHP_MAPH,GWH,2016,960.0
BA,GHP_MAPH,GWH,2017,923.333
BA,GHP_MAPH,GWH,2018,947.778
BA,GHP_MAPH,GWH,2019,916.944
BA,GHP_MAPH,GWH,2020,953.333
BA,GHP_MAPH,GWH,2021,987.5
BA,GHP_MAPH,GWH,2022,900.833
BA,GHP_MAPH,GWH,2023,901.389
BA,GHP_MAPH,GWH,2024,879.722
BE,GHP_MAPH,GWH,2014,54.111
BE,GHP_MAPH,GWH,2015,28.528
BE,GHP_MAPH,GWH,2016,40.028
BE,GHP_MAPH,GWH,2017,39.306
BE,GHP_MAPH,GWH,2018,45.778
BE,GHP_MAPH,GWH,2019,33.194
BE,GHP_MAPH,GWH,2020,34.0
BE,GHP_MAPH,GWH,2021,42.056
BE,GHP_MAPH,GWH,2022,32.889
BE,GHP_MAPH,GWH,2023,36.528
BE,GHP_MAPH,GWH,2024,42.5
BG,GHP_MAPH,GWH,2014,2139.722
BG,GHP_MAPH,GWH,2015,2493.611
BG,GHP_MAPH,GWH,2016,2521.667
BG,GHP_MAPH,GWH,2017,2860.665
BG,GHP_MAPH,GWH,2018,2607.349
BG,GHP_MAPH,GWH,2019,2039.677
BG,GHP_MAPH,GWH,2020,2130.478
BG,GHP_MAPH,GWH,2021,2151.274
BG,GHP_MAPH,GWH,2022,1946.95
BG,GHP_MAPH,GWH,2023,2042.239
BG,GHP_MAPH,GWH,2024,2719.09
CY,GHP_MAPH,GWH,2014,0.0
CY,GHP_MAPH,GWH,2015,0.0
CY,GHP_MAPH,GWH,2016,0.0
CY,GHP_MAPH,GWH,2017,0.0
CY,GHP_MAPH,GWH,2018,0.0
CY,GHP_MAPH,GWH,2019,0.0
CY,GHP_MAPH,GWH,2020,0.0
CY,GHP_MAPH,GWH,2021,0.0
CY,GHP_MAPH,GWH,2022,0.0
CY,GHP_MAPH,GWH,2023,0.0
CY,GHP_MAPH,GWH,2024,0.0
CZ,GHP_MAPH,GWH,2014,5048.056
CZ,GHP_MAPH,GWH,2015,5087.778
CZ,GHP_MAPH,GWH,2016,5321.944
CZ,GHP_MAPH,GWH,2017,5372.029
CZ,GHP_MAPH,GWH,2018,5059.451
CZ,GHP_MAPH,GWH,2019,5337.802
CZ,GHP_MAPH,GWH,2020,5270.72
CZ,GHP_MAPH,GWH,2021,5622.703
CZ,GHP_MAPH,GWH,2022,4996.821
CZ,GHP_MAPH,GWH,2023,4871.128
CZ,GHP_MAPH,GWH,2024,5115.349
DE,GHP_MAPH,GWH,2014,32714.722
DE,GHP_MAPH,GWH,2015,35354.722
DE,GHP_MAPH,GWH,2016,35114.722
DE,GHP_MAPH,GWH,2017,35348.333
DE,GHP_MAPH,GWH,2018,31511.667
DE,GHP_MAPH,GWH,2019,29896.389
DE,GHP_MAPH,GWH,2020,28210.0
DE,GHP_MAPH,GWH,2021,32663.056
DE,GHP_MAPH,GWH,2022,30677.171
DE,GHP_MAPH,GWH,2023,30906.667
DE,GHP_MAPH,GWH,2024,33007.778
DK,GHP_MAPH,GWH,2014,9226.84
DK,GHP_MAPH,GWH,2015,10596.876
DK,GHP_MAPH,GWH,2016,10842.254
DK,GHP_MAPH,GWH,2017,10237.363
DK,GHP_MAPH,GWH,2018,10776.088
DK,GHP_MAPH,GWH,2019,9954.867
DK,GHP_MAPH,GWH,2020,10292.409
DK,GHP_MAPH,GWH,2021,11359.562
DK,GHP_MAPH,GWH,2022,10530.103
DK,GHP_MAPH,GWH,2023,11739.624
DK,GHP_MAPH,GWH,2024,12273.539
EE,GHP_MAPH,GWH,2014,2531.944
EE,GHP_MAPH,GWH,2015,2268.889
EE,GHP_MAPH,GWH,2016,3123.436
EE,GHP_MAPH,GWH,2017,3315.411
EE,GHP_MAPH,GWH,2018,2867.222
EE,GHP_MAPH,GWH,2019,2193.218
EE,GHP_MAPH,GWH,2020,2059.928
EE,GHP_MAPH,GWH,2021,2133.303
EE,GHP_MAPH,GWH,2022,2587.015
EE,GHP_MAPH,GWH,2023,2746.228
EE,GHP_MAPH,GWH,2024,2578.731
EL,GHP_MAPH,GWH,2014,0.0
EL,GHP_MAPH,GWH,2015,0.0
EL,GHP_MAPH,GWH,2016,0.0
EL,GHP_MAPH,GWH,2017,0.0
EL,GHP_MAPH,GWH,2018,0.0
EL,GHP_MAPH,GWH,2019,0.0
EL,GHP_MAPH,GWH,2020,0.0
EL,GHP_MAPH,GWH,2021,0.0
EL,GHP_MAPH,GWH,2022,0.0
EL,GHP_MAPH,GWH,2023,0.0
EL,GHP_MAPH,GWH,2024,0.0
ES,GHP_MAPH,GWH,2014,0.0
ES,GHP_MAPH,GWH,2015,0.0
ES,GHP_MAPH,GWH,2016,0.0
ES,GHP_MAPH,GWH,2017,0.0
ES,GHP_MAPH,GWH,2018,0.0
ES,GHP_MAPH,GWH,2019,0.0
ES,GHP_MAPH,GWH,2020,0.0
ES,GHP_MAPH,GWH,2021,0.0
ES,GHP_MAPH,GWH,2022,0.0
ES,GHP_MAPH,GWH,2023,0.0
ES,GHP_MAPH,GWH,2024,0.0
EU27_2020,GHP_MAPH,GWH,2014,152405.258
EU27_2020,GHP_MAPH,GWH,2015,157876.011
EU27_2020,GHP_MAPH,GWH,2016,165721.555
EU27_2020,GHP_MAPH,GWH,2017,171963.586
EU27_2020,GHP_MAPH,GWH,2018,168036.437
EU27_2020,GHP_MAPH,GWH,2019,163528.448
EU27_2020,GHP_MAPH,GWH,2020,162159.699
EU27_2020,GHP_MAPH,GWH,2021,186003.103
EU27_2020,GHP_MAPH,GWH,2022,172062.059
EU27_2020,GHP_MAPH,GWH,2023,184962.989
EU27_2020,GHP_MAPH,GWH,2024,188985.978
FI,GHP_MAPH,GWH,2014,15298.333
FI,GHP_MAPH,GWH,2015,14286.111
FI,GHP_MAPH,GWH,2016,17022.222
FI,GHP_MAPH,GWH,2017,16954.444
FI,GHP_MAPH,GWH,2018,17928.889
FI,GHP_MAPH,GWH,2019,18788.056
FI,GHP_MAPH,GWH,2020,19223.889
FI,GHP_MAPH,GWH,2021,23231.111
FI,GHP_MAPH,GWH,2022,22945.0
FI,GHP_MAPH,GWH,2023,26457.892
FI,GHP_MAPH,GWH,2024,26368.74
FR,GHP_MAPH,GWH,2014,11948.886
FR,GHP_MAPH,GWH,2015,13615.218
FR,GHP_MAPH,GWH,2016,14806.977
FR,GHP_MAPH,GWH,2017,14804.272
FR,GHP_MAPH,GWH,2018,15097.28
FR,GHP_MAPH,GWH,2019,15101.022
FR,GHP_MAPH,GWH,2020,14565.038
FR,GHP_MAPH,GWH,2021,17171.93
FR,GHP_MAPH,GWH,2022,14409.447
FR,GHP_MAPH,GWH,2023,15524.415
FR,GHP_MAPH,GWH,2024,16176.676
GE,GHP_MAPH,GWH,2014,0.0
GE,GHP_MAPH,GWH,2015,0.0
GE,GHP_MAPH,GWH,2016,0.0
GE,GHP_MAPH,GWH,2017,0.0
GE,GHP_MAPH,GWH,2018,0.0
GE,GHP_MAPH,GWH,2019,0.0
GE,GHP_MAPH,GWH,2020,0.0
GE,GHP_MAPH,GWH,2021,0.0
GE,GHP_MAPH,GWH,2022,0.0
GE,GHP_MAPH,GWH,2023,0.0
GE,GHP_MAPH,GWH,2024,0.0
HR,GHP_MAPH,GWH,2014,586.944
HR,GHP_MAPH,GWH,2015,631.389
HR,GHP_MAPH,GWH,2016,643.333
HR,GHP_MAPH,GWH,2017,492.194
HR,GHP_MAPH,GWH,2018,480.639
HR,GHP_MAPH,GWH,2019,459.75
HR,GHP_MAPH,GWH,2020,463.778
HR,GHP_MAPH,GWH,2021,496.194
HR,GHP_MAPH,GWH,2022,432.306
HR,GHP_MAPH,GWH,2023,413.611
HR,GHP_MAPH,GWH,2024,425.671
HU,GHP_MAPH,GWH,2014,6499.167
HU,GHP_MAPH,GWH,2015,7968.056
HU,GHP_MAPH,GWH,2016,7622.222
HU,GHP_MAPH,GWH,2017,7860.0
HU,GHP_MAPH,GWH,2018,7263.611
HU,GHP_MAPH,GWH,2019,6893.889
HU,GHP_MAPH,GWH,2020,6803.889
HU,GHP_MAPH,GWH,2021,6979.028
HU,GHP_MAPH,GWH,2022,6224.944
HU,GHP_MAPH,GWH,2023,5859.222
HU,GHP_MAPH,GWH,2024,5607.556
IE,GHP_MAPH,GWH,2014,0.0
IE,GHP_MAPH,GWH,2015,0.0
IE,GHP_MAPH,GWH,2016,0.0
IE,GHP_MAPH,GWH,2017,0.0
IE,GHP_MAPH,GWH,2018,0.0
IE,GHP_MAPH,GWH,2019,0.0
IE,GHP_MAPH,GWH,2020,0.0
IE,GHP_MAPH,GWH,2021,0.0
IE,GHP_MAPH,GWH,2022,0.0
IE,GHP_MAPH,GWH,2023,0.0
IE,GHP_MAPH,GWH,2024,0.0
IS,GHP_MAPH,GWH,2014,4818.056
IS,GHP_MAPH,GWH,2015,5482.5
IS,GHP_MAPH,GWH,2016,5383.361
IS,GHP_MAPH,GWH,2017,5583.136
IS,GHP_MAPH,GWH,2018,6546.497
IS,GHP_MAPH,GWH,2019,6759.321
IS,GHP_MAPH,GWH,2020,6964.331
IS,GHP_MAPH,GWH,2021,7143.336
IS,GHP_MAPH,GWH,2022,8397.887
IS,GHP_MAPH,GWH,2023,8792.754
IS,GHP_MAPH,GWH,2024,9044.191
IT,GHP_MAPH,GWH,2014,973.889
IT,GHP_MAPH,GWH,2015,1039.444
IT,GHP_MAPH,GWH,2016,1134.444
IT,GHP_MAPH,GWH,2017,3759.028
IT,GHP_MAPH,GWH,2018,4144.312
IT,GHP_MAPH,GWH,2019,4032.125
IT,GHP_MAPH,GWH,2020,4286.521
IT,GHP_MAPH,GWH,2021,4470.139
IT,GHP_MAPH,GWH,2022,4244.714
IT,GHP_MAPH,GWH,2023,4103.441
IT,GHP_MAPH,GWH,2024,4378.978
LT,GHP_MAPH,GWH,2014,4386.944
LT,GHP_MAPH,GWH,2015,4934.722
LT,GHP_MAPH,GWH,2016,5500.556
LT,GHP_MAPH,GWH,2017,5737.5
LT,GHP_MAPH,GWH,2018,5560.278
LT,GHP_MAPH,GWH,2019,5033.611
LT,GHP_MAPH,GWH,2020,4207.222
LT,GHP_MAPH,GWH,2021,5294.722
LT,GHP_MAPH,GWH,2022,4830.556
LT,GHP_MAPH,GWH,2023,4674.722
LT,GHP_MAPH,GWH,2024,4363.333
LU,GHP_MAPH,GWH,2014,54.464
LU,GHP_MAPH,GWH,2015,59.071
LU,GHP_MAPH,GWH,2016,76.206
LU,GHP_MAPH,GWH,2017,101.128
LU,GHP_MAPH,GWH,2018,102.95
LU,GHP_MAPH,GWH,2019,105.159
LU,GHP_MAPH,GWH,2020,100.169
LU,GHP_MAPH,GWH,2021,131.164
LU,GHP_MAPH,GWH,2022,133.048
LU,GHP_MAPH,GWH,2023,113.275
LU,GHP_MAPH,GWH,2024,113.977
LV,GHP_MAPH,GWH,2014,1544.167
LV,GHP_MAPH,GWH,2015,1401.944
LV,GHP_MAPH,GWH,2016,1612.5
LV,GHP_MAPH,GWH,2017,4108.664
LV,GHP_MAPH,GWH,2018,3772.713
LV,GHP_MAPH,GWH,2019,3874.185
LV,GHP_MAPH,GWH,2020,3911.871
LV,GHP_MAPH,GWH,2021,4699.373
LV,GHP_MAPH,GWH,2022,4559.326
LV,GHP_MAPH,GWH,2023,4100.814
LV,GHP_MAPH,GWH,2024,4137.576
MD,GHP_MAPH,GWH,2014,465.278
MD,GHP_MAPH,GWH,2015,501.389
MD,GHP_MAPH,GWH,2016,550.278
MD,GHP_MAPH,GWH,2017,486.111
MD,GHP_MAPH,GWH,2018,505.278
MD,GHP_MAPH,GWH,2019,422.778
MD,GHP_MAPH,GWH,2020,400.0
MD,GHP_MAPH,GWH,2021,428.333
MD,GHP_MAPH,GWH,2022,357.222
MD,GHP_MAPH,GWH,2023,336.25
MD,GHP_MAPH,GWH,2024,390.194
ME,GHP_MAPH,GWH,2014,0.0
ME,GHP_MAPH,GWH,2015,0.0
ME,GHP_MAPH,GWH,2016,0.0
ME,GHP_MAPH,GWH,2017,0.0
ME,GHP_MAPH,GWH,2018,0.0
ME,GHP_MAPH,GWH,2019,0.0
ME,GHP_MAPH,GWH,2020,0.0
ME,GHP_MAPH,GWH,2021,0.0
ME,GHP_MAPH,GWH,2022,0.0
ME,GHP_MAPH,GWH,2023,0.0
ME,GHP_MAPH,GWH,2024,0.0
MK,GHP_MAPH,GWH,2014,438.333
MK,GHP_MAPH,GWH,2015,484.444
MK,GHP_MAPH,GWH,2016,320.593
MK,GHP_MAPH,GWH,2017,309.872
MK,GHP_MAPH,GWH,2018,273.12
MK,GHP_MAPH,GWH,2019,310.636
MK,GHP_MAPH,GWH,2020,308.977
MK,GHP_MAPH,GWH,2021,271.198
MK,GHP_MAPH,GWH,2022,182.306
MK,GHP_MAPH,GWH,2023,248.143
MK,GHP_MAPH,GWH,2024,260.426
MT,GHP_MAPH,GWH,2014,0.0
MT,GHP_MAPH,GWH,2015,0.0
MT,GHP_MAPH,GWH,2016,0.0
MT,GHP_MAPH,GWH,2017,0.0
MT,GHP_MAPH,GWH,2018,0.0
MT,GHP_MAPH,GWH,2019,0.0
MT,GHP_MAPH,GWH,2020,0.0
MT,GHP_MAPH,GWH,2021,0.0
MT,GHP_MAPH,GWH,2022,0.0
MT,GHP_MAPH,GWH,2023,0.0
MT,GHP_MAPH,GWH,2024,0.0
NL,GHP_MAPH,GWH,2014,2194.722
NL,GHP_MAPH,GWH,2015,2531.345
NL,GHP_MAPH,GWH,2016,2543.085
NL,GHP_MAPH,GWH,2017,2420.143
NL,GHP_MAPH,GWH,2018,2794.039
NL,GHP_MAPH,GWH,2019,4008.858
NL,GHP_MAPH,GWH,2020,4459.143
NL,GHP_MAPH,GWH,2021,5040.12
NL,GHP_MAPH,GWH,2022,4429.282
NL,GHP_MAPH,GWH,2023,4762.669
NL,GHP_MAPH,GWH,2024,5655.996
NO,GHP_MAPH,GWH,2014,3345.141
NO,GHP_MAPH,GWH,2015,3874.543
NO,GHP_MAPH,GWH,2016,4223.013
NO,GHP_MAPH,GWH,2017,4250.621
NO,GHP_MAPH,GWH,2018,4516.462
NO,GHP_MAPH,GWH,2019,4451.189
NO,GHP_MAPH,GWH,2020,4071.915
NO,GHP_MAPH,GWH,2021,5359.518
NO,GHP_MAPH,GWH,2022,4928.871
NO,GHP_MAPH,GWH,2023,5555.786
NO,GHP_MAPH,GWH,2024,5575.974
PL,GHP_MAPH,GWH,2014,26267.222
PL,GHP_MAPH,GWH,2015,24878.889
PL,GHP_MAPH,GWH,2016,27122.222
PL,GHP_MAPH,GWH,2017,26925.077
PL,GHP_MAPH,GWH,2018,26619.146
PL,GHP_MAPH,GWH,2019,25520.402
PL,GHP_MAPH,GWH,2020,26090.647
PL,GHP_MAPH,GWH,2021,29342.19
PL,GHP_MAPH,GWH,2022,27581.772
PL,GHP_MAPH,GWH,2023,24054.168
PL,GHP_MAPH,GWH,2024,23325.672
PT,GHP_MAPH,GWH,2014,0.0
PT,GHP_MAPH,GWH,2015,0.0
PT,GHP_MAPH,GWH,2016,0.0
PT,GHP_MAPH,GWH,2017,0.0
PT,GHP_MAPH,GWH,2018,0.0
PT,GHP_MAPH,GWH,2019,0.0
PT,GHP_MAPH,GWH,2020,0.0
PT,GHP_MAPH,GWH,2021,0.0
PT,GHP_MAPH,GWH,2022,0.0
PT,GHP_MAPH,GWH,2023,0.0
PT,GHP_MAPH,GWH,2024,0.0
RO,GHP_MAPH,GWH,2014,2662.222
RO,GHP_MAPH,GWH,2015,2518.056
RO,GHP_MAPH,GWH,2016,2496.667
RO,GHP_MAPH,GWH,2017,3795.458
RO,GHP_MAPH,GWH,2018,4690.136
RO,GHP_MAPH,GWH,2019,3755.639
RO,GHP_MAPH,GWH,2020,3388.231
RO,GHP_MAPH,GWH,2021,3811.607
RO,GHP_MAPH,GWH,2022,3265.078
RO,GHP_MAPH,GWH,2023,4390.082
RO,GHP_MAPH,GWH,2024,4638.284
RS,GHP_MAPH,GWH,2014,5425.556
RS,GHP_MAPH,GWH,2015,6318.889
RS,GHP_MAPH,GWH,2016,6345.0
RS,GHP_MAPH,GWH,2017,6233.112
RS,GHP_MAPH,GWH,2018,5895.052
RS,GHP_MAPH,GWH,2019,5384.339
RS,GHP_MAPH,GWH,2020,6202.312
RS,GHP_MAPH,GWH,2021,6375.347
RS,GHP_MAPH,GWH,2022,5364.262
RS,GHP_MAPH,GWH,2023,5238.085
RS,GHP_MAPH,GWH,2024,5172.519
SE,GHP_MAPH,GWH,2014,15106.944
SE,GHP_MAPH,GWH,2015,15146.111
SE,GHP_MAPH,GWH,2016,15224.167
SE,GHP_MAPH,GWH,2017,14543.056
SE,GHP_MAPH,GWH,2018,14318.056
SE,GHP_MAPH,GWH,2019,14456.111
SE,GHP_MAPH,GWH,2020,13860.0
SE,GHP_MAPH,GWH,2021,16755.0
SE,GHP_MAPH,GWH,2022,15224.167
SE,GHP_MAPH,GWH,2023,25111.944
SE,GHP_MAPH,GWH,2024,24911.111
SI,GHP_MAPH,GWH,2014,502.5
SI,GHP_MAPH,GWH,2015,441.111
SI,GHP_MAPH,GWH,2016,431.389
SI,GHP_MAPH,GWH,2017,523.045
SI,GHP_MAPH,GWH,2018,435.976
SI,GHP_MAPH,GWH,2019,495.43
SI,GHP_MAPH,GWH,2020,506.09
SI,GHP_MAPH,GWH,2021,641.928
SI,GHP_MAPH,GWH,2022,588.523
SI,GHP_MAPH,GWH,2023,671.724
SI,GHP_MAPH,GWH,2024,888.205
SK,GHP_MAPH,GWH,2014,3145.556
SK,GHP_MAPH,GWH,2015,3286.667
SK,GHP_MAPH,GWH,2016,3147.5
SK,GHP_MAPH,GWH,2017,2803.889
SK,GHP_MAPH,GWH,2018,2557.222
SK,GHP_MAPH,GWH,2019,2640.833
SK,GHP_MAPH,GWH,2020,2793.611
SK,GHP_MAPH,GWH,2021,3135.556
SK,GHP_MAPH,GWH,2022,2799.722
SK,GHP_MAPH,GWH,2023,2719.167
SK,GHP_MAPH,GWH,2024,2702.778
TR,GHP_MAPH,GWH,2014,0.0
TR,GHP_MAPH,GWH,2015,0.0
TR,GHP_MAPH,GWH,2016,0.0
TR,GHP_MAPH,GWH,2017,0.0
TR,GHP_MAPH,GWH,2018,0.0
TR,GHP_MAPH,GWH,2019,0.0
TR,GHP_MAPH,GWH,2020,0.0
TR,GHP_MAPH,GWH,2021,0.0
TR,GHP_MAPH,GWH,2022,0.0
TR,GHP_MAPH,GWH,2023,0.0
TR,GHP_MAPH,GWH,2024,0.0
UA,GHP_MAPH,GWH,2014,70158.333
UA,GHP_MAPH,GWH,2015,59745.278
UA,GHP_MAPH,GWH,2016,66169.722
UA,GHP_MAPH,GWH,2017,62057.778
UA,GHP_MAPH,GWH,2018,61500.833
UA,GHP_MAPH,GWH,2019,57313.889
UA,GHP_MAPH,GWH,2020,58681.667
UK,GHP_MAPH,GWH,2014,0.0
UK,GHP_MAPH,GWH,2015,0.0
UK,GHP_MAPH,GWH,2016,0.0
UK,GHP_MAPH,GWH,2017,0.0
UK,GHP_MAPH,GWH,2018,0.0
UK,GHP_MAPH,GWH,2019,0.0
XK,GHP_MAPH,GWH,2014,69.167
XK,GHP_MAPH,GWH,2015,160.833
XK,GHP_MAPH,GWH,2016,220.833
XK,GHP_MAPH,GWH,2017,227.022
XK,GHP_MAPH,GWH,2018,231.224
XK,GHP_MAPH,GWH,2019,238.346
XK,GHP_MAPH,GWH,2020,271.273
XK,GHP_MAPH,GWH,2021,298.881
XK,GHP_MAPH,GWH,2022,290.0
XK,GHP_MAPH,GWH,2023,302.89
XK,GHP_MAPH,GWH,2024,280.335
AL,GHP_MAPH,KTOE,2014,0.0
AL,GHP_MAPH,KTOE,2015,0.0
AL,GHP_MAPH,KTOE,2016,0.0
AL,GHP_MAPH,KTOE,2017,0.0
AL,GHP_MAPH,KTOE,2018,0.0
AL,GHP_MAPH,KTOE,2019,0.0
AL,GHP_MAPH,KTOE,2020,0.0
AL,GHP_MAPH,KTOE,2021,0.0
AL,GHP_MAPH,KTOE,2022,0.0
AL,GHP_MAPH,KTOE,2023,0.0
AL,GHP_MAPH,KTOE,2024,0.0
AT,GHP_MAPH,KTOE,2014,818.392
AT,GHP_MAPH,KTOE,2015,800.299
AT,GHP_MAPH,KTOE,2016,806.02
AT,GHP_MAPH,KTOE,2017,856.628
AT,GHP_MAPH,KTOE,2018,808.567
AT,GHP_MAPH,KTOE,2019,765.97
AT,GHP_MAPH,KTOE,2020,817.031
AT,GHP_MAPH,KTOE,2021,931.306
AT,GHP_MAPH,KTOE,2022,827.448
AT,GHP_MAPH,KTOE,2023,830.905
AT,GHP_MAPH,KTOE,2024,821.534
BA,GHP_MAPH,KTOE,2014,67.426
BA,GHP_MAPH,KTOE,2015,84.48
BA,GHP_MAPH,KTOE,2016,82.545
BA,GHP_MAPH,KTOE,2017,79.392
BA,GHP_MAPH,KTOE,2018,81.494
BA,GHP_MAPH,KTOE,2019,78.843
BA,GHP_MAPH,KTOE,2020,81.972
BA,GHP_MAPH,KTOE,2021,84.91
BA,GHP_MAPH,KTOE,2022,77.458
BA,GHP_MAPH,KTOE,2023,77.505
BA,GHP_MAPH,KTOE,2024,75.642
BE,GHP_MAPH,KTOE,2014,4.653
BE,GHP_MAPH,KTOE,2015,2.453
BE,GHP_MAPH,KTOE,2016,3.442
BE,GHP_MAPH,KTOE,2017,3.38
BE,GHP_MAPH,KTOE,2018,3.936
BE,GHP_MAPH,KTOE,2019,2.854
BE,GHP_MAPH,KTOE,2020,2.923
BE,GHP_MAPH,KTOE,2021,3.616
BE,GHP_MAPH,KTOE,2022,2.828
BE,GHP_MAPH,KTOE,2023,3.141
BE,GHP_MAPH,KTOE,2024,3.654
BG,GHP_MAPH,KTOE,2014,183.983
BG,GHP_MAPH,KTOE,2015,214.412
BG,GHP_MAPH,KTOE,2016,216.824
BG,GHP_MAPH,KTOE,2017,245.973
BG,GHP_MAPH,KTOE,2018,224.192
BG,GHP_MAPH,KTOE,2019,175.381
BG,GHP_MAPH,KTOE,2020,183.188
BG,GHP_MAPH,KTOE,2021,184.976
BG,GHP_MAPH,KTOE,2022,167.408
BG,GHP_MAPH,KTOE,2023,175.601
BG,GHP_MAPH,KTOE,2024,233.8
CY,GHP_MAPH,KTOE,2014,0.0
CY,GHP_MAPH,KTOE,2015,0.0
CY,GHP_MAPH,KTOE,2016,0.0
CY,GHP_MAPH,KTOE,2017,0.0
CY,GHP_MAPH,KTOE,2018,0.0
CY,GHP_MAPH,KTOE,2019,0.0
CY,GHP_MAPH,KTOE,2020,0.0
CY,GHP_MAPH,KTOE,2021,0.0
CY,GHP_MAPH,KTOE,2022,0.0
CY,GHP_MAPH,KTOE,2023,0.0
CY,GHP_MAPH,KTOE,2024,0.0
CZ,GHP_MAPH,KTOE,2014,434.055
CZ,GHP_MAPH,KTOE,2015,437.47
CZ,GHP_MAPH,KTOE,2016,457.605
CZ,GHP_MAPH,KTOE,2017,461.911
CZ,GHP_MAPH,KTOE,2018,435.034
CZ,GHP_MAPH,KTOE,2019,458.968
CZ,GHP_MAPH,KTOE,2020,453.2
CZ,GHP_MAPH,KTOE,2021,483.465
CZ,GHP_MAPH,KTOE,2022,429.649
CZ,GHP_MAPH,KTOE,2023,418.842
CZ,GHP_MAPH,KTOE,2024,439.841
DE,GHP_MAPH,KTOE,2014,2812.96
DE,GHP_MAPH,KTOE,2015,3039.959
DE,GHP_MAPH,KTOE,2016,3019.323
DE,GHP_MAPH,KTOE,2017,3039.41
DE,GHP_MAPH,KTOE,2018,2709.516
DE,GHP_MAPH,KTOE,2019,2570.627
DE,GHP_MAPH,KTOE,2020,2425.623
DE,GHP_MAPH,KTOE,2021,2808.517
DE,GHP_MAPH,KTOE,2022,2637.762
DE,GHP_MAPH,KTOE,2023,2657.495
DE,GHP_MAPH,KTOE,2024,2838.158
DK,GHP_MAPH,KTOE,2014,793.365
DK,GHP_MAPH,KTOE,2015,911.167
DK,GHP_MAPH,KTOE,2016,932.266
DK,GHP_MAPH,KTOE,2017,880.255
DK,GHP_MAPH,KTOE,2018,926.577
DK,GHP_MAPH,KTOE,2019,855.964
DK,GHP_MAPH,KTOE,2020,884.988
DK,GHP_MAPH,KTOE,2021,976.747
DK,GHP_MAPH,KTOE,2022,905.426
DK,GHP_MAPH,KTOE,2023,1009.426
DK,GHP_MAPH,KTOE,2024,1055.334
EE,GHP_MAPH,KTOE,2014,217.708
EE,GHP_MAPH,KTOE,2015,195.089
EE,GHP_MAPH,KTOE,2016,268.567
EE,GHP_MAPH,KTOE,2017,285.074
EE,GHP_MAPH,KTOE,2018,246.537
EE,GHP_MAPH,KTOE,2019,188.583
EE,GHP_MAPH,KTOE,2020,177.122
EE,GHP_MAPH,KTOE,2021,183.431
EE,GHP_MAPH,KTOE,2022,222.443
EE,GHP_MAPH,KTOE,2023,236.133
EE,GHP_MAPH,KTOE,2024,221.731
EL,GHP_MAPH,KTOE,2014,0.0
EL,GHP_MAPH,KTOE,2015,0.0
EL,GHP_MAPH,KTOE,2016,0.0
EL,GHP_MAPH,KTOE,2017,0.0
EL,GHP_MAPH,KTOE,2018,0.0
EL,GHP_MAPH,KTOE,2019,0.0
EL,GHP_MAPH,KTOE,2020,0.0
EL,GHP_MAPH,KTOE,2021,0.0
EL,GHP_MAPH,KTOE,2022,0.0
EL,GHP_MAPH,KTOE,2023,0.0
EL,GHP_MAPH,KTOE,2024,0.0
ES,GHP_MAPH,KTOE,2014,0.0
ES,GHP_MAPH,KTOE,2015,0.0
ES,GHP_MAPH,KTOE,2016,0.0
ES,GHP_MAPH,KTOE,2017,0.0
ES,GHP_MAPH,KTOE,2018,0.0
ES,GHP_MAPH,KTOE,2019,0.0
ES,GHP_MAPH,KTOE,2020,0.0
ES,GHP_MAPH,KTOE,2021,0.0
ES,GHP_MAPH,KTOE,2022,0.0
ES,GHP_MAPH,KTOE,2023,0.0
ES,GHP_MAPH,KTOE,2024,0.0
EU27_2020,GHP_MAPH,KTOE,2014,13104.492
EU27_2020,GHP_MAPH,KTOE,2015,13574.893
EU27_2020,GHP_MAPH,KTOE,2016,14249.491
EU27_2020,GHP_MAPH,KTOE,2017,14786.208
EU27_2020,GHP_MAPH,KTOE,2018,14448.534
EU27_2020,GHP_MAPH,KTOE,2019,14060.916
EU27_2020,GHP_MAPH,KTOE,2020,13943.222
EU27_2020,GHP_MAPH,KTOE,2021,15993.386
EU27_2020,GHP_MAPH,KTOE,2022,14794.675
EU27_2020,GHP_MAPH,KTOE,2023,15903.954
EU27_2020,GHP_MAPH,KTOE,2024,16249.869
FI,GHP_MAPH,KTOE,2014,1315.42
FI,GHP_MAPH,KTOE,2015,1228.384
FI,GHP_MAPH,KTOE,2016,1463.648
FI,GHP_MAPH,KTOE,2017,1457.82
FI,GHP_MAPH,KTOE,2018,1541.607
FI,GHP_MAPH,KTOE,2019,1615.482
FI,GHP_MAPH,KTOE,2020,1652.957
FI,GHP_MAPH,KTOE,2021,1997.516
FI,GHP_MAPH,KTOE,2022,1972.915
FI,GHP_MAPH,KTOE,2023,2274.969
FI,GHP_MAPH,KTOE,2024,2267.304
FR,GHP_MAPH,KTOE,2014,1027.419
FR,GHP_MAPH,KTOE,2015,1170.698
FR,GHP_MAPH,KTOE,2016,1273.171
FR,GHP_MAPH,KTOE,2017,1272.938
FR,GHP_MAPH,KTOE,2018,1298.132
FR,GHP_MAPH,KTOE,2019,1298.454
FR,GHP_MAPH,KTOE,2020,1252.368
FR,GHP_MAPH,KTOE,2021,1476.52
FR,GHP_MAPH,KTOE,2022,1238.989
FR,GHP_MAPH,KTOE,2023,1334.859
FR,GHP_MAPH,KTOE,2024,1390.944
GE,GHP_MAPH,KTOE,2014,0.0
GE,GHP_MAPH,KTOE,2015,0.0
GE,GHP_MAPH,KTOE,2016,0.0
GE,GHP_MAPH,KTOE,2017,0.0
GE,GHP_MAPH,KTOE,2018,0.0
GE,GHP_MAPH,KTOE,2019,0.0
GE,GHP_MAPH,KTOE,2020,0.0
GE,GHP_MAPH,KTOE,2021,0.0
GE,GHP_MAPH,KTOE,2022,0.0
GE,GHP_MAPH,KTOE,2023,0.0
GE,GHP_MAPH,KTOE,2024,0.0
HR,GHP_MAPH,KTOE,2014,50.468
HR,GHP_MAPH,KTOE,2015,54.29
HR,GHP_MAPH,KTOE,2016,55.317
HR,GHP_MAPH,KTOE,2017,42.321
HR,GHP_MAPH,KTOE,2018,41.328
HR,GHP_MAPH,KTOE,2019,39.531
HR,GHP_MAPH,KTOE,2020,39.878
HR,GHP_MAPH,KTOE,2021,42.665
HR,GHP_MAPH,KTOE,2022,37.172
HR,GHP_MAPH,KTOE,2023,35.564
HR,GHP_MAPH,KTOE,2024,36.601
HU,GHP_MAPH,KTOE,2014,558.828
HU,GHP_MAPH,KTOE,2015,685.129
HU,GHP_MAPH,KTOE,2016,655.393
HU,GHP_MAPH,KTOE,2017,675.838
HU,GHP_MAPH,KTOE,2018,624.558
HU,GHP_MAPH,KTOE,2019,592.768
HU,GHP_MAPH,KTOE,2020,585.029
HU,GHP_MAPH,KTOE,2021,600.088
HU,GHP_MAPH,KTOE,2022,535.249
HU,GHP_MAPH,KTOE,2023,503.802
HU,GHP_MAPH,KTOE,2024,482.163
IE,GHP_MAPH,KTOE,2014,0.0
IE,GHP_MAPH,KTOE,2015,0.0
IE,GHP_MAPH,KTOE,2016,0.0
IE,GHP_MAPH,KTOE,2017,0.0
IE,GHP_MAPH,KTOE,2018,0.0
IE,GHP_MAPH,KTOE,2019,0.0
IE,GHP_MAPH,KTOE,2020,0.0
IE,GHP_MAPH,KTOE,2021,0.0
IE,GHP_MAPH,KTOE,2022,0.0
IE,GHP_MAPH,KTOE,2023,0.0
IE,GHP_MAPH,KTOE,2024,0.0
IS,GHP_MAPH,KTOE,2014,414.278
IS,GHP_MAPH,KTOE,2015,471.41
IS,GHP_MAPH,KTOE,2016,462.886
IS,GHP_MAPH,KTOE,2017,480.063
IS,GHP_MAPH,KTOE,2018,562.897
IS,GHP_MAPH,KTOE,2019,581.197
IS,GHP_MAPH,KTOE,2020,598.825
IS,GHP_MAPH,KTOE,2021,614.216
IS,GHP_MAPH,KTOE,2022,722.088
IS,GHP_MAPH,KTOE,2023,756.041
IS,GHP_MAPH,KTOE,2024,777.66
IT,GHP_MAPH,KTOE,2014,83.739
IT,GHP_MAPH,KTOE,2015,89.376
IT,GHP_MAPH,KTOE,2016,97.545
IT,GHP_MAPH,KTOE,2017,323.218
IT,GHP_MAPH,KTOE,2018,356.347
IT,GHP_MAPH,KTOE,2019,346.7
IT,GHP_MAPH,KTOE,2020,368.574
IT,GHP_MAPH,KTOE,2021,384.363
IT,GHP_MAPH,KTOE,2022,364.98
IT,GHP_MAPH,KTOE,2023,352.832
IT,GHP_MAPH,KTOE,2024,376.524
LT,GHP_MAPH,KTOE,2014,377.209
LT,GHP_MAPH,KTOE,2015,424.31
LT,GHP_MAPH,KTOE,2016,472.963
LT,GHP_MAPH,KTOE,2017,493.336
LT,GHP_MAPH,KTOE,2018,478.098
LT,GHP_MAPH,KTOE,2019,432.813
LT,GHP_MAPH,KTOE,2020,361.756
LT,GHP_MAPH,KTOE,2021,455.264
LT,GHP_MAPH,KTOE,2022,415.353
LT,GHP_MAPH,KTOE,2023,401.954
LT,GHP_MAPH,KTOE,2024,375.179
LU,GHP_MAPH,KTOE,2014,4.683
LU,GHP_MAPH,KTOE,2015,5.079
LU,GHP_MAPH,KTOE,2016,6.553
LU,GHP_MAPH,KTOE,2017,8.695
LU,GHP_MAPH,KTOE,2018,8.852
LU,GHP_MAPH,KTOE,2019,9.042
LU,GHP_MAPH,KTOE,2020,8.613
LU,GHP_MAPH,KTOE,2021,11.278
LU,GHP_MAPH,KTOE,2022,11.44
LU,GHP_MAPH,KTOE,2023,9.74
LU,GHP_MAPH,KTOE,2024,9.8
LV,GHP_MAPH,KTOE,2014,132.774
LV,GHP_MAPH,KTOE,2015,120.546
LV,GHP_MAPH,KTOE,2016,138.65
LV,GHP_MAPH,KTOE,2017,353.282
LV,GHP_MAPH,KTOE,2018,324.395
LV,GHP_MAPH,KTOE,2019,333.12
LV,GHP_MAPH,KTOE,2020,336.36
LV,GHP_MAPH,KTOE,2021,404.073
LV,GHP_MAPH,KTOE,2022,392.031
LV,GHP_MAPH,KTOE,2023,352.607
LV,GHP_MAPH,KTOE,2024,355.767
MD,GHP_MAPH,KTOE,2014,40.007
MD,GHP_MAPH,KTOE,2015,43.112
MD,GHP_MAPH,KTOE,2016,47.315
MD,GHP_MAPH,KTOE,2017,41.798
MD,GHP_MAPH,KTOE,2018,43.446
MD,GHP_MAPH,KTOE,2019,36.352
MD,GHP_MAPH,KTOE,2020,34.394
MD,GHP_MAPH,KTOE,2021,36.83
MD,GHP_MAPH,KTOE,2022,30.716
MD,GHP_MAPH,KTOE,2023,28.912
MD,GHP_MAPH,KTOE,2024,33.551
ME,GHP_MAPH,KTOE,2014,0.0
ME,GHP_MAPH,KTOE,2015,0.0
ME,GHP_MAPH,KTOE,2016,0.0
ME,GHP_MAPH,KTOE,2017,0.0
ME,GHP_MAPH,KTOE,2018,0.0
ME,GHP_MAPH,KTOE,2019,0.0
ME,GHP_MAPH,KTOE,2020,0.0
ME,GHP_MAPH,KTOE,2021,0.0
ME,GHP_MAPH,KTOE,2022,0.0
ME,GHP_MAPH,KTOE,2023,0.0
ME,GHP_MAPH,KTOE,2024,0.0
MK,GHP_MAPH,KTOE,2014,37.69
MK,GHP_MAPH,KTOE,2015,41.655
MK,GHP_MAPH,KTOE,2016,27.566
MK,GHP_MAPH,KTOE,2017,26.644
MK,GHP_MAPH,KTOE,2018,23.484
MK,GHP_MAPH,KTOE,2019,26.71
MK,GHP_MAPH,KTOE,2020,26.567
MK,GHP_MAPH,KTOE,2021,23.319
MK,GHP_MAPH,KTOE,2022,15.676
MK,GHP_MAPH,KTOE,2023,21.336
MK,GHP_MAPH,KTOE,2024,22.393
MT,GHP_MAPH,KTOE,2014,0.0
MT,GHP_MAPH,KTOE,2015,0.0
MT,GHP_MAPH,KTOE,2016,0.0
MT,GHP_MAPH,KTOE,2017,0.0
MT,GHP_MAPH,KTOE,2018,0.0
MT,GHP_MAPH,KTOE,2019,0.0
MT,GHP_MAPH,KTOE,2020,0.0
MT,GHP_MAPH,KTOE,2021,0.0
MT,GHP_MAPH,KTOE,2022,0.0
MT,GHP_MAPH,KTOE,2023,0.0
MT,GHP_MAPH,KTOE,2024,0.0
NL,GHP_MAPH,KTOE,2014,188.712
NL,GHP_MAPH,KTOE,2015,217.657
NL,GHP_MAPH,KTOE,2016,218.666
NL,GHP_MAPH,KTOE,2017,208.095
NL,GHP_MAPH,KTOE,2018,240.244
NL,GHP_MAPH,KTOE,2019,344.7
NL,GHP_MAPH,KTOE,2020,383.417
NL,GHP_MAPH,KTOE,2021,433.372
NL,GHP_MAPH,KTOE,2022,380.85
NL,GHP_MAPH,KTOE,2023,409.516
NL,GHP_MAPH,KTOE,2024,486.328
NO,GHP_MAPH,KTOE,2014,287.63
NO,GHP_MAPH,KTOE,2015,333.151
NO,GHP_MAPH,KTOE,2016,363.114
NO,GHP_MAPH,KTOE,2017,365.488
NO,GHP_MAPH,KTOE,2018,388.346
NO,GHP_MAPH,KTOE,2019,382.733
NO,GHP_MAPH,KTOE,2020,350.122
NO,GHP_MAPH,KTOE,2021,460.836
NO,GHP_MAPH,KTOE,2022,423.807
NO,GHP_MAPH,KTOE,2023,477.712
NO,GHP_MAPH,KTOE,2024,479.447
PL,GHP_MAPH,KTOE,2014,2258.575
PL,GHP_MAPH,KTOE,2015,2139.199
PL,GHP_MAPH,KTOE,2016,2332.091
PL,GHP_MAPH,KTOE,2017,2315.14
PL,GHP_MAPH,KTOE,2018,2288.835
PL,GHP_MAPH,KTOE,2019,2194.36
PL,GHP_MAPH,KTOE,2020,2243.392
PL,GHP_MAPH,KTOE,2021,2522.974
PL,GHP_MAPH,KTOE,2022,2371.606
PL,GHP_MAPH,KTOE,2023,2068.286
PL,GHP_MAPH,KTOE,2024,2005.647
PT,GHP_MAPH,KTOE,2014,0.0
PT,GHP_MAPH,KTOE,2015,0.0
PT,GHP_MAPH,KTOE,2016,0.0
PT,GHP_MAPH,KTOE,2017,0.0
PT,GHP_MAPH,KTOE,2018,0.0
PT,GHP_MAPH,KTOE,2019,0.0
PT,GHP_MAPH,KTOE,2020,0.0
PT,GHP_MAPH,KTOE,2021,0.0
PT,GHP_MAPH,KTOE,2022,0.0
PT,GHP_MAPH,KTOE,2023,0.0
PT,GHP_MAPH,KTOE,2024,0.0
RO,GHP_MAPH,KTOE,2014,228.91
RO,GHP_MAPH,KTOE,2015,216.514
RO,GHP_MAPH,KTOE,2016,214.675
RO,GHP_MAPH,KTOE,2017,326.351
RO,GHP_MAPH,KTOE,2018,403.279
RO,GHP_MAPH,KTOE,2019,322.927
RO,GHP_MAPH,KTOE,2020,291.335
RO,GHP_MAPH,KTOE,2021,327.739
RO,GHP_MAPH,KTOE,2022,280.746
RO,GHP_MAPH,KTOE,2023,377.479
RO,GHP_MAPH,KTOE,2024,398.821
RS,GHP_MAPH,KTOE,2014,466.514
RS,GHP_MAPH,KTOE,2015,543.327
RS,GHP_MAPH,KTOE,2016,545.572
RS,GHP_MAPH,KTOE,2017,535.951
RS,GHP_MAPH,KTOE,2018,506.883
RS,GHP_MAPH,KTOE,2019,462.97
RS,GHP_MAPH,KTOE,2020,533.303
RS,GHP_MAPH,KTOE,2021,548.181
RS,GHP_MAPH,KTOE,2022,461.244
RS,GHP_MAPH,KTOE,2023,450.394
RS,GHP_MAPH,KTOE,2024,444.757
SE,GHP_MAPH,KTOE,2014,1298.963
SE,GHP_MAPH,KTOE,2015,1302.331
SE,GHP_MAPH,KTOE,2016,1309.043
SE,GHP_MAPH,KTOE,2017,1250.478
SE,GHP_MAPH,KTOE,2018,1231.131
SE,GHP_MAPH,KTOE,2019,1243.002
SE,GHP_MAPH,KTOE,2020,1191.745
SE,GHP_MAPH,KTOE,2021,1440.671
SE,GHP_MAPH,KTOE,2022,1309.043
SE,GHP_MAPH,KTOE,2023,2159.239
SE,GHP_MAPH,KTOE,2024,2141.97
SI,GHP_MAPH,KTOE,2014,43.207
SI,GHP_MAPH,KTOE,2015,37.929
SI,GHP_MAPH,KTOE,2016,37.093
SI,GHP_MAPH,KTOE,2017,44.974
SI,GHP_MAPH,KTOE,2018,37.487
SI,GHP_MAPH,KTOE,2019,42.599
SI,GHP_MAPH,KTOE,2020,43.516
SI,GHP_MAPH,KTOE,2021,55.196
SI,GHP_MAPH,KTOE,2022,50.604
SI,GHP_MAPH,KTOE,2023,57.758
SI,GHP_MAPH,KTOE,2024,76.372
SK,GHP_MAPH,KTOE,2014,270.469
SK,GHP_MAPH,KTOE,2015,282.602
SK,GHP_MAPH,KTOE,2016,270.636
SK,GHP_MAPH,KTOE,2017,241.091
SK,GHP_MAPH,KTOE,2018,219.882
SK,GHP_MAPH,KTOE,2019,227.071
SK,GHP_MAPH,KTOE,2020,240.207
SK,GHP_MAPH,KTOE,2021,269.609
SK,GHP_MAPH,KTOE,2022,240.733
SK,GHP_MAPH,KTOE,2023,233.806
SK,GHP_MAPH,KTOE,2024,232.397
TR,GHP_MAPH,KTOE,2014,0.0
TR,GHP_MAPH,KTOE,2015,0.0
TR,GHP_MAPH,KTOE,2016,0.0
TR,GHP_MAPH,KTOE,2017,0.0
TR,GHP_MAPH,KTOE,2018,0.0
TR,GHP_MAPH,KTOE,2019,0.0
TR,GHP_MAPH,KTOE,2020,0.0
TR,GHP_MAPH,KTOE,2021,0.0
TR,GHP_MAPH,KTOE,2022,0.0
TR,GHP_MAPH,KTOE,2023,0.0
TR,GHP_MAPH,KTOE,2024,0.0
UA,GHP_MAPH,KTOE,2014,6032.531
UA,GHP_MAPH,KTOE,2015,5137.169
UA,GHP_MAPH,KTOE,2016,5689.572
UA,GHP_MAPH,KTOE,2017,5336.008
UA,GHP_MAPH,KTOE,2018,5288.12
UA,GHP_MAPH,KTOE,2019,4928.107
UA,GHP_MAPH,KTOE,2020,5045.715
UK,GHP_MAPH,KTOE,2014,0.0
UK,GHP_MAPH,KTOE,2015,0.0
UK,GHP_MAPH,KTOE,2016,0.0
UK,GHP_MAPH,KTOE,2017,0.0
UK,GHP_MAPH,KTOE,2018,0.0
UK,GHP_MAPH,KTOE,2019,0.0
XK,GHP_MAPH,KTOE,2014,5.947
XK,GHP_MAPH,KTOE,2015,13.829
XK,GHP_MAPH,KTOE,2016,18.988
XK,GHP_MAPH,KTOE,2017,19.52
XK,GHP_MAPH,KTOE,2018,19.882
XK,GHP_MAPH,KTOE,2019,20.494
XK,GHP_MAPH,KTOE,2020,23.325
XK,GHP_MAPH,KTOE,2021,25.699
XK,GHP_MAPH,KTOE,2022,24.936
XK,GHP_MAPH,KTOE,2023,26.044
XK,GHP_MAPH,KTOE,2024,24.104
AL,GHP_MAPH,TJ,2014,0.0
AL,GHP_MAPH,TJ,2015,0.0
AL,GHP_MAPH,TJ,2016,0.0
AL,GHP_MAPH,TJ,2017,0.0
AL,GHP_MAPH,TJ,2018,0.0
AL,GHP_MAPH,TJ,2019,0.0
AL,GHP_MAPH,TJ,2020,0.0
AL,GHP_MAPH,TJ,2021,0.0
AL,GHP_MAPH,TJ,2022,0.0
AL,GHP_MAPH,TJ,2023,0.0
AL,GHP_MAPH,TJ,2024,0.0
AT,GHP_MAPH,TJ,2014,34264.449
AT,GHP_MAPH,TJ,2015,33506.904
AT,GHP_MAPH,TJ,2016,33746.451
AT,GHP_MAPH,TJ,2017,35865.292
AT,GHP_MAPH,TJ,2018,33853.086
AT,GHP_MAPH,TJ,2019,32069.633
AT,GHP_MAPH,TJ,2020,34207.434
AT,GHP_MAPH,TJ,2021,38991.914
AT,GHP_MAPH,TJ,2022,34643.609
AT,GHP_MAPH,TJ,2023,34788.345
AT,GHP_MAPH,TJ,2024,34395.978
BA,GHP_MAPH,TJ,2014,2823.0
BA,GHP_MAPH,TJ,2015,3537.0
BA,GHP_MAPH,TJ,2016,3456.0
BA,GHP_MAPH,TJ,2017,3324.0
BA,GHP_MAPH,TJ,2018,3412.0
BA,GHP_MAPH,TJ,2019,3301.0
BA,GHP_MAPH,TJ,2020,3432.0
BA,GHP_MAPH,TJ,2021,3555.0
BA,GHP_MAPH,TJ,2022,3243.0
BA,GHP_MAPH,TJ,2023,3245.0
BA,GHP_MAPH,TJ,2024,3167.0
BE,GHP_MAPH,TJ,2014,194.8
BE,GHP_MAPH,TJ,2015,102.7
BE,GHP_MAPH,TJ,2016,144.1
BE,GHP_MAPH,TJ,2017,141.5
BE,GHP_MAPH,TJ,2018,164.8
BE,GHP_MAPH,TJ,2019,119.5
BE,GHP_MAPH,TJ,2020,122.4
BE,GHP_MAPH,TJ,2021,151.4
BE,GHP_MAPH,TJ,2022,118.4
BE,GHP_MAPH,TJ,2023,131.5
BE,GHP_MAPH,TJ,2024,153.0
BG,GHP_MAPH,TJ,2014,7703.0
BG,GHP_MAPH,TJ,2015,8977.0
BG,GHP_MAPH,TJ,2016,9078.0
BG,GHP_MAPH,TJ,2017,10298.393
BG,GHP_MAPH,TJ,2018,9386.457
BG,GHP_MAPH,TJ,2019,7342.838
BG,GHP_MAPH,TJ,2020,7669.719
BG,GHP_MAPH,TJ,2021,7744.585
BG,GHP_MAPH,TJ,2022,7009.02
BG,GHP_MAPH,TJ,2023,7352.061
BG,GHP_MAPH,TJ,2024,9788.724
CY,GHP_MAPH,TJ,2014,0.0
CY,GHP_MAPH,TJ,2015,0.0
CY,GHP_MAPH,TJ,2016,0.0
CY,GHP_MAPH,TJ,2017,0.0
CY,GHP_MAPH,TJ,2018,0.0
CY,GHP_MAPH,TJ,2019,0.0
CY,GHP_MAPH,TJ,2020,0.0
CY,GHP_MAPH,TJ,2021,0.0
CY,GHP_MAPH,TJ,2022,0.0
CY,GHP_MAPH,TJ,2023,0.0
CY,GHP_MAPH,TJ,2024,0.0
CZ,GHP_MAPH,TJ,2014,18173.0
CZ,GHP_MAPH,TJ,2015,18316.0
CZ,GHP_MAPH,TJ,2016,19159.0
CZ,GHP_MAPH,TJ,2017,19339.304
CZ,GHP_MAPH,TJ,2018,18214.023
CZ,GHP_MAPH,TJ,2019,19216.086
CZ,GHP_MAPH,TJ,2020,18974.593
CZ,GHP_MAPH,TJ,2021,20241.732
CZ,GHP_MAPH,TJ,2022,17988.556
CZ,GHP_MAPH,TJ,2023,17536.061
CZ,GHP_MAPH,TJ,2024,18415.257
DE,GHP_MAPH,TJ,2014,117773.0
DE,GHP_MAPH,TJ,2015,127277.0
DE,GHP_MAPH,TJ,2016,126413.0
DE,GHP_MAPH,TJ,2017,127254.0
DE,GHP_MAPH,TJ,2018,113442.0
DE,GHP_MAPH,TJ,2019,107627.0
DE,GHP_MAPH,TJ,2020,101556.0
DE,GHP_MAPH,TJ,2021,117587.0
DE,GHP_MAPH,TJ,2022,110437.814
DE,GHP_MAPH,TJ,2023,111264.0
DE,GHP_MAPH,TJ,2024,118828.0
DK,GHP_MAPH,TJ,2014,33216.624
DK,GHP_MAPH,TJ,2015,38148.752
DK,GHP_MAPH,TJ,2016,39032.115
DK,GHP_MAPH,TJ,2017,36854.506
DK,GHP_MAPH,TJ,2018,38793.918
DK,GHP_MAPH,TJ,2019,35837.52
DK,GHP_MAPH,TJ,2020,37052.673
DK,GHP_MAPH,TJ,2021,40894.423
DK,GHP_MAPH,TJ,2022,37908.372
DK,GHP_MAPH,TJ,2023,42262.648
DK,GHP_MAPH,TJ,2024,44184.741
EE,GHP_MAPH,TJ,2014,9115.0
EE,GHP_MAPH,TJ,2015,8168.0
EE,GHP_MAPH,TJ,2016,11244.371
EE,GHP_MAPH,TJ,2017,11935.479
EE,GHP_MAPH,TJ,2018,10322.0
EE,GHP_MAPH,TJ,2019,7895.585
EE,GHP_MAPH,TJ,2020,7415.74
EE,GHP_MAPH,TJ,2021,7679.891
EE,GHP_MAPH,TJ,2022,9313.255
EE,GHP_MAPH,TJ,2023,9886.419
EE,GHP_MAPH,TJ,2024,9283.43
EL,GHP_MAPH,TJ,2014,0.0
EL,GHP_MAPH,TJ,2015,0.0
EL,GHP_MAPH,TJ,2016,0.0
EL,GHP_MAPH,TJ,2017,0.0
EL,GHP_MAPH,TJ,2018,0.0
EL,GHP_MAPH,TJ,2019,0.0
EL,GHP_MAPH,TJ,2020,0.0
EL,GHP_MAPH,TJ,2021,0.0
EL,GHP_MAPH,TJ,2022,0.0
EL,GHP_MAPH,TJ,2023,0.0
EL,GHP_MAPH,TJ,2024,0.0
ES,GHP_MAPH,TJ,2014,0.0
ES,GHP_MAPH,TJ,2015,0.0
ES,GHP_MAPH,TJ,2016,0.0
ES,GHP_MAPH,TJ,2017,0.0
ES,GHP_MAPH,TJ,2018,0.0
ES,GHP_MAPH,TJ,2019,0.0
ES,GHP_MAPH,TJ,2020,0.0
ES,GHP_MAPH,TJ,2021,0.0
ES,GHP_MAPH,TJ,2022,0.0
ES,GHP_MAPH,TJ,2023,0.0
ES,GHP_MAPH,TJ,2024,0.0
EU27_2020,GHP_MAPH,TJ,2014,548658.933
EU27_2020,GHP_MAPH,TJ,2015,568353.64
EU27_2020,GHP_MAPH,TJ,2016,596597.599
EU27_2020,GHP_MAPH,TJ,2017,619068.908
EU27_2020,GHP_MAPH,TJ,2018,604931.171
EU27_2020,GHP_MAPH,TJ,2019,588702.411
EU27_2020,GHP_MAPH,TJ,2020,583774.913
EU27_2020,GHP_MAPH,TJ,2021,669611.167
EU27_2020,GHP_MAPH,TJ,2022,619423.41
EU27_2020,GHP_MAPH,TJ,2023,665866.759
EU27_2020,GHP_MAPH,TJ,2024,680349.516
FI,GHP_MAPH,TJ,2014,55074.0
FI,GHP_MAPH,TJ,2015,51430.0
FI,GHP_MAPH,TJ,2016,61280.0
FI,GHP_MAPH,TJ,2017,61036.0
FI,GHP_MAPH,TJ,2018,64544.0
FI,GHP_MAPH,TJ,2019,67637.0
FI,GHP_MAPH,TJ,2020,69206.0
FI,GHP_MAPH,TJ,2021,83632.0
FI,GHP_MAPH,TJ,2022,82602.0
FI,GHP_MAPH,TJ,2023,95248.411
FI,GHP_MAPH,TJ,2024,94927.463
FR,GHP_MAPH,TJ,2014,43015.989
FR,GHP_MAPH,TJ,2015,49014.786
FR,GHP_MAPH,TJ,2016,53305.116
FR,GHP_MAPH,TJ,2017,53295.38
FR,GHP_MAPH,TJ,2018,54350.208
FR,GHP_MAPH,TJ,2019,54363.68
FR,GHP_MAPH,TJ,2020,52434.138
FR,GHP_MAPH,TJ,2021,61818.949
FR,GHP_MAPH,TJ,2022,51874.009
FR,GHP_MAPH,TJ,2023,55887.893
FR,GHP_MAPH,TJ,2024,58236.034
GE,GHP_MAPH,TJ,2014,0.0
GE,GHP_MAPH,TJ,2015,0.0
GE,GHP_MAPH,TJ,2016,0.0
GE,GHP_MAPH,TJ,2017,0.0
GE,GHP_MAPH,TJ,2018,0.0
GE,GHP_MAPH,TJ,2019,0.0
GE,GHP_MAPH,TJ,2020,0.0
GE,GHP_MAPH,TJ,2021,0.0
GE,GHP_MAPH,TJ,2022,0.0
GE,GHP_MAPH,TJ,2023,0.0
GE,GHP_MAPH,TJ,2024,0.0
HR,GHP_MAPH,TJ,2014,2113.0
HR,GHP_MAPH,TJ,2015,2273.0
HR,GHP_MAPH,TJ,2016,2316.0
HR,GHP_MAPH,TJ,2017,1771.9
HR,GHP_MAPH,TJ,2018,1730.3
HR,GHP_MAPH,TJ,2019,1655.1
HR,GHP_MAPH,TJ,2020,1669.6
HR,GHP_MAPH,TJ,2021,1786.3
HR,GHP_MAPH,TJ,2022,1556.3
HR,GHP_MAPH,TJ,2023,1489.0
HR,GHP_MAPH,TJ,2024,1532.417
HU,GHP_MAPH,TJ,2014,23397.0
HU,GHP_MAPH,TJ,2015,28685.0
HU,GHP_MAPH,TJ,2016,27440.0
HU,GHP_MAPH,TJ,2017,28296.0
HU,GHP_MAPH,TJ,2018,26149.0
HU,GHP_MAPH,TJ,2019,24818.0
HU,GHP_MAPH,TJ,2020,24494.0
HU,GHP_MAPH,TJ,2021,25124.5
HU,GHP_MAPH,TJ,2022,22409.8
HU,GHP_MAPH,TJ,2023,21093.2
HU,GHP_MAPH,TJ,2024,20187.2
IE,GHP_MAPH,TJ,2014,0.0
IE,GHP_MAPH,TJ,2015,0.0
IE,GHP_MAPH,TJ,2016,0.0
IE,GHP_MAPH,TJ,2017,0.0
IE,GHP_MAPH,TJ,2018,0.0
IE,GHP_MAPH,TJ,2019,0.0
IE,GHP_MAPH,TJ,2020,0.0
IE,GHP_MAPH,TJ,2021,0.0
IE,GHP_MAPH,TJ,2022,0.0
IE,GHP_MAPH,TJ,2023,0.0
IE,GHP_MAPH,TJ,2024,0.0
IS,GHP_MAPH,TJ,2014,17345.0
IS,GHP_MAPH,TJ,2015,19737.0
IS,GHP_MAPH,TJ,2016,19380.1
IS,GHP_MAPH,TJ,2017,20099.289
IS,GHP_MAPH,TJ,2018,23567.389
IS,GHP_MAPH,TJ,2019,24333.555
IS,GHP_MAPH,TJ,2020,25071.591
IS,GHP_MAPH,TJ,2021,25716.008
IS,GHP_MAPH,TJ,2022,30232.393
IS,GHP_MAPH,TJ,2023,31653.916
IS,GHP_MAPH,TJ,2024,32559.089
IT,GHP_MAPH,TJ,2014,3506.0
IT,GHP_MAPH,TJ,2015,3742.0
IT,GHP_MAPH,TJ,2016,4084.0
IT,GHP_MAPH,TJ,2017,13532.499
IT,GHP_MAPH,TJ,2018,14919.524
IT,GHP_MAPH,TJ,2019,14515.649
IT,GHP_MAPH,TJ,2020,15431.474
IT,GHP_MAPH,TJ,2021,16092.501
IT,GHP_MAPH,TJ,2022,15280.969
IT,GHP_MAPH,TJ,2023,14772.387
IT,GHP_MAPH,TJ,2024,15764.319
LT,GHP_MAPH,TJ,2014,15793.0
LT,GHP_MAPH,TJ,2015,17765.0
LT,GHP_MAPH,TJ,2016,19802.0
LT,GHP_MAPH,TJ,2017,20655.0
LT,GHP_MAPH,TJ,2018,20017.0
LT,GHP_MAPH,TJ,2019,18121.0
LT,GHP_MAPH,TJ,2020,15146.0
LT,GHP_MAPH,TJ,2021,19061.0
LT,GHP_MAPH,TJ,2022,17390.0
LT,GHP_MAPH,TJ,2023,16829.0
LT,GHP_MAPH,TJ,2024,15708.0
LU,GHP_MAPH,TJ,2014,196.071
LU,GHP_MAPH,TJ,2015,212.655
LU,GHP_MAPH,TJ,2016,274.341
LU,GHP_MAPH,TJ,2017,364.061
LU,GHP_MAPH,TJ,2018,370.62
LU,GHP_MAPH,TJ,2019,378.571
LU,GHP_MAPH,TJ,2020,360.61
LU,GHP_MAPH,TJ,2021,472.192
LU,GHP_MAPH,TJ,2022,478.972
LU,GHP_MAPH,TJ,2023,407.79
LU,GHP_MAPH,TJ,2024,410.316
LV,GHP_MAPH,TJ,2014,5559.0
LV,GHP_MAPH,TJ,2015,5047.0
LV,GHP_MAPH,TJ,2016,5805.0
LV,GHP_MAPH,TJ,2017,14791.191
LV,GHP_MAPH,TJ,2018,13581.767
LV,GHP_MAPH,TJ,2019,13947.065
LV,GHP_MAPH,TJ,2020,14082.737
LV,GHP_MAPH,TJ,2021,16917.741
LV,GHP_MAPH,TJ,2022,16413.573
LV,GHP_MAPH,TJ,2023,14762.929
LV,GHP_MAPH,TJ,2024,14895.272
MD,GHP_MAPH,TJ,2014,1675.0
MD,GHP_MAPH,TJ,2015,1805.0
MD,GHP_MAPH,TJ,2016,1981.0
MD,GHP_MAPH,TJ,2017,1750.0
MD,GHP_MAPH,TJ,2018,1819.0
MD,GHP_MAPH,TJ,2019,1522.0
MD,GHP_MAPH,TJ,2020,1440.0
MD,GHP_MAPH,TJ,2021,1542.0
MD,GHP_MAPH,TJ,2022,1286.0
MD,GHP_MAPH,TJ,2023,1210.5
MD,GHP_MAPH,TJ,2024,1404.7
ME,GHP_MAPH,TJ,2014,0.0
ME,GHP_MAPH,TJ,2015,0.0
ME,GHP_MAPH,TJ,2016,0.0
ME,GHP_MAPH,TJ,2017,0.0
ME,GHP_MAPH,TJ,2018,0.0
ME,GHP_MAPH,TJ,2019,0.0
ME,GHP_MAPH,TJ,2020,0.0
ME,GHP_MAPH,TJ,2021,0.0
ME,GHP_MAPH,TJ,2022,0.0
ME,GHP_MAPH,TJ,2023,0.0
ME,GHP_MAPH,TJ,2024,0.0
MK,GHP_MAPH,TJ,2014,1578.0
MK,GHP_MAPH,TJ,2015,1744.0
MK,GHP_MAPH,TJ,2016,1154.133
MK,GHP_MAPH,TJ,2017,1115.539
MK,GHP_MAPH,TJ,2018,983.231
MK,GHP_MAPH,TJ,2019,1118.291
MK,GHP_MAPH,TJ,2020,1112.316
MK,GHP_MAPH,TJ,2021,976.311
MK,GHP_MAPH,TJ,2022,656.303
MK,GHP_MAPH,TJ,2023,893.316
MK,GHP_MAPH,TJ,2024,937.532
MT,GHP_MAPH,TJ,2014,0.0
MT,GHP_MAPH,TJ,2015,0.0
MT,GHP_MAPH,TJ,2016,0.0
MT,GHP_MAPH,TJ,2017,0.0
MT,GHP_MAPH,TJ,2018,0.0
MT,GHP_MAPH,TJ,2019,0.0
MT,GHP_MAPH,TJ,2020,0.0
MT,GHP_MAPH,TJ,2021,0.0
MT,GHP_MAPH,TJ,2022,0.0
MT,GHP_MAPH,TJ,2023,0.0
MT,GHP_MAPH,TJ,2024,0.0
NL,GHP_MAPH,TJ,2014,7901.0
NL,GHP_MAPH,TJ,2015,9112.843
NL,GHP_MAPH,TJ,2016,9155.105
NL,GHP_MAPH,TJ,2017,8712.514
NL,GHP_MAPH,TJ,2018,10058.541
NL,GHP_MAPH,TJ,2019,14431.89
NL,GHP_MAPH,TJ,2020,16052.914
NL,GHP_MAPH,TJ,2021,18144.433
NL,GHP_MAPH,TJ,2022,15945.415
NL,GHP_MAPH,TJ,2023,17145.608
NL,GHP_MAPH,TJ,2024,20361.585
NO,GHP_MAPH,TJ,2014,12042.508
NO,GHP_MAPH,TJ,2015,13948.355
NO,GHP_MAPH,TJ,2016,15202.846
NO,GHP_MAPH,TJ,2017,15302.236
NO,GHP_MAPH,TJ,2018,16259.263
NO,GHP_MAPH,TJ,2019,16024.279
NO,GHP_MAPH,TJ,2020,14658.894
NO,GHP_MAPH,TJ,2021,19294.266
NO,GHP_MAPH,TJ,2022,17743.934
NO,GHP_MAPH,TJ,2023,20000.83
NO,GHP_MAPH,TJ,2024,20073.506
PL,GHP_MAPH,TJ,2014,94562.0
PL,GHP_MAPH,TJ,2015,89564.0
PL,GHP_MAPH,TJ,2016,97640.0
PL,GHP_MAPH,TJ,2017,96930.278
PL,GHP_MAPH,TJ,2018,95828.924
PL,GHP_MAPH,TJ,2019,91873.447
PL,GHP_MAPH,TJ,2020,93926.328
PL,GHP_MAPH,TJ,2021,105631.883
PL,GHP_MAPH,TJ,2022,99294.38
PL,GHP_MAPH,TJ,2023,86595.006
PL,GHP_MAPH,TJ,2024,83972.418
PT,GHP_MAPH,TJ,2014,0.0
PT,GHP_MAPH,TJ,2015,0.0
PT,GHP_MAPH,TJ,2016,0.0
PT,GHP_MAPH,TJ,2017,0.0
PT,GHP_MAPH,TJ,2018,0.0
PT,GHP_MAPH,TJ,2019,0.0
PT,GHP_MAPH,TJ,2020,0.0
PT,GHP_MAPH,TJ,2021,0.0
PT,GHP_MAPH,TJ,2022,0.0
PT,GHP_MAPH,TJ,2023,0.0
PT,GHP_MAPH,TJ,2024,0.0
RO,GHP_MAPH,TJ,2014,9584.0
RO,GHP_MAPH,TJ,2015,9065.0
RO,GHP_MAPH,TJ,2016,8988.0
RO,GHP_MAPH,TJ,2017,13663.65
RO,GHP_MAPH,TJ,2018,16884.489
RO,GHP_MAPH,TJ,2019,13520.299
RO,GHP_MAPH,TJ,2020,12197.63
RO,GHP_MAPH,TJ,2021,13721.784
RO,GHP_MAPH,TJ,2022,11754.282
RO,GHP_MAPH,TJ,2023,15804.295
RO,GHP_MAPH,TJ,2024,16697.822
RS,GHP_MAPH,TJ,2014,19532.0
RS,GHP_MAPH,TJ,2015,22748.0
RS,GHP_MAPH,TJ,2016,22842.0
RS,GHP_MAPH,TJ,2017,22439.204
RS,GHP_MAPH,TJ,2018,21222.186
RS,GHP_MAPH,TJ,2019,19383.621
RS,GHP_MAPH,TJ,2020,22328.324
RS,GHP_MAPH,TJ,2021,22951.25
RS,GHP_MAPH,TJ,2022,19311.343
RS,GHP_MAPH,TJ,2023,18857.106
RS,GHP_MAPH,TJ,2024,18621.07
SE,GHP_MAPH,TJ,2014,54385.0
SE,GHP_MAPH,TJ,2015,54526.0
SE,GHP_MAPH,TJ,2016,54807.0
SE,GHP_MAPH,TJ,2017,52355.0
SE,GHP_MAPH,TJ,2018,51545.0
SE,GHP_MAPH,TJ,2019,52042.0
SE,GHP_MAPH,TJ,2020,49896.0
SE,GHP_MAPH,TJ,2021,60318.0
SE,GHP_MAPH,TJ,2022,54807.0
SE,GHP_MAPH,TJ,2023,90403.0
SE,GHP_MAPH,TJ,2024,89680.001
SI,GHP_MAPH,TJ,2014,1809.0
SI,GHP_MAPH,TJ,2015,1588.0
SI,GHP_MAPH,TJ,2016,1553.0
SI,GHP_MAPH,TJ,2017,1882.961
SI,GHP_MAPH,TJ,2018,1569.514
SI,GHP_MAPH,TJ,2019,1783.548
SI,GHP_MAPH,TJ,2020,1821.923
SI,GHP_MAPH,TJ,2021,2310.939
SI,GHP_MAPH,TJ,2022,2118.684
SI,GHP_MAPH,TJ,2023,2418.206
SI,GHP_MAPH,TJ,2024,3197.539
SK,GHP_MAPH,TJ,2014,11324.0
SK,GHP_MAPH,TJ,2015,11832.0
SK,GHP_MAPH,TJ,2016,11331.0
SK,GHP_MAPH,TJ,2017,10094.0
SK,GHP_MAPH,TJ,2018,9206.0
SK,GHP_MAPH,TJ,2019,9507.0
SK,GHP_MAPH,TJ,2020,10057.0
SK,GHP_MAPH,TJ,2021,11288.0
SK,GHP_MAPH,TJ,2022,10079.0
SK,GHP_MAPH,TJ,2023,9789.0
SK,GHP_MAPH,TJ,2024,9730.0
TR,GHP_MAPH,TJ,2014,0.0
TR,GHP_MAPH,TJ,2015,0.0
TR,GHP_MAPH,TJ,2016,0.0
TR,GHP_MAPH,TJ,2017,0.0
TR,GHP_MAPH,TJ,2018,0.0
TR,GHP_MAPH,TJ,2019,0.0
TR,GHP_MAPH,TJ,2020,0.0
TR,GHP_MAPH,TJ,2021,0.0
TR,GHP_MAPH,TJ,2022,0.0
TR,GHP_MAPH,TJ,2023,0.0
TR,GHP_MAPH,TJ,2024,0.0
UA,GHP_MAPH,TJ,2014,252570.0
UA,GHP_MAPH,TJ,2015,215083.0
UA,GHP_MAPH,TJ,2016,238211.0
UA,GHP_MAPH,TJ,2017,223408.0
UA,GHP_MAPH,TJ,2018,221403.0
UA,GHP_MAPH,TJ,2019,206330.0
UA,GHP_MAPH,TJ,2020,211254.0
UK,GHP_MAPH,TJ,2014,0.0
UK,GHP_MAPH,TJ,2015,0.0
UK,GHP_MAPH,TJ,2016,0.0
UK,GHP_MAPH,TJ,2017,0.0
UK,GHP_MAPH,TJ,2018,0.0
UK,GHP_MAPH,TJ,2019,0.0
XK,GHP_MAPH,TJ,2014,249.0
XK,GHP_MAPH,TJ,2015,579.0
XK,GHP_MAPH,TJ,2016,795.0
XK,GHP_MAPH,TJ,2017,817.279
XK,GHP_MAPH,TJ,2018,832.408
XK,GHP_MAPH,TJ,2019,858.045
XK,GHP_MAPH,TJ,2020,976.583
XK,GHP_MAPH,TJ,2021,1075.972
XK,GHP_MAPH,TJ,2022,1044.0
XK,GHP_MAPH,TJ,2023,1090.405
XK,GHP_MAPH,TJ,2024,1009.206
